{"abstracts-retrieval-response": {"item": {"ait:process-info": {"ait:status": {"@state": "update", "@type": "core", "@stage": "S300"}, "ait:date-delivered": {"@day": "06", "@year": "2020", "@timestamp": "2020-01-06T03:33:14.000014-05:00", "@month": "01"}, "ait:date-sort": {"@day": "05", "@year": "2017", "@month": "06"}}, "bibrecord": {"head": {"author-group": {"affiliation": {"country": "Thailand", "@afid": "60028190", "@country": "tha", "city": "Bangkok", "organization": [{"$": "Department of Industrial Engineering"}, {"$": "Chulalongkorn University"}], "affiliation-id": {"@afid": "60028190", "@dptid": "113901686"}, "@dptid": "113901686"}, "author": [{"ce:given-name": "Pisit", "preferred-name": {"ce:given-name": "Pisit", "ce:initials": "P.", "ce:surname": "Jarumaneeroj", "ce:indexed-name": "Jarumaneeroj P."}, "@seq": "1", "ce:initials": "P.", "@_fa": "true", "@type": "auth", "ce:surname": "Jarumaneeroj", "@auid": "57194234407", "ce:indexed-name": "Jarumaneeroj P."}, {"ce:given-name": "Siriwat", "preferred-name": {"ce:given-name": "Siriwat", "ce:initials": "S.", "ce:surname": "Kunaporn", "ce:indexed-name": "Kunaporn S."}, "@seq": "2", "ce:initials": "S.", "@_fa": "true", "@type": "auth", "ce:surname": "Kunaporn", "@auid": "57194648026", "ce:indexed-name": "Kunaporn S."}]}, "citation-title": "A variable neighbourhood search approach for crew transportation problems", "abstracts": "\u00a9 2017 IEEE.Transporting products from the depot to various destinations is a general problem in logistics world. However, complications arise when the objective is changed from transporting goods to transferring people, as both distance-related costs and man-hour loss must be taken into account. This paper presents a Variable Neighbourhood Search (VNS) based heuristic that helps route planners of an oil and gas exploration company identify a set of promising least-cost routes, including the implicit cost of man-hour loss. Such a heuristic is developed based on a combination of several well-known heuristics in a two-phase manner. More specifically, in the first phase, an initial solution is constructed by the least man-hour loss insertion method; then, it is further improved by a series of intra-route and inter-route exchanges in the latter phase - 2-opt is applied for intra-route improvement; lambda-interchange and b-cyclic k-transfer are performed for inter-route improvement. Compared with the actual plan, an improvement on both average travelled distance and man-hour loss reduction is evident, where the magnitude of savings depends on weights assigned to each criterion.", "citation-info": {"author-keywords": {"author-keyword": [{"$": "2-opt", "@xml:lang": "eng"}, {"$": "cyclic transfer algorithm", "@xml:lang": "eng"}, {"$": "lambda-interchange", "@xml:lang": "eng"}, {"$": "variable neighbourhood search", "@xml:lang": "eng"}, {"$": "vehicle routing problem", "@xml:lang": "eng"}]}, "citation-type": {"@code": "cp"}, "citation-language": {"@language": "English", "@xml:lang": "eng"}, "abstract-language": {"@language": "English", "@xml:lang": "eng"}}, "source": {"translated-sourcetitle": {"$": "2017 4th International Conference on Industrial Engineering and Applications, ICIEA 2017", "@xml:lang": "eng"}, "volisspag": {"pagerange": {"@first": "229", "@last": "233"}}, "@type": "p", "isbn": {"@level": "volume", "$": "9781509067749", "@type": "electronic", "@length": "13"}, "additional-srcinfo": {"conferenceinfo": {"confpublication": {"procpartno": "1 of 1"}, "confevent": {"confname": "4th International Conference on Industrial Engineering and Applications, ICIEA 2017", "confsponsors": {"confsponsor": null, "@complete": "n"}, "confnumber": "4", "confcatnumber": "CFP17L08-PRT", "confseriestitle": "International Conference on Industrial Engineering and Applications", "conflocation": {"@country": "jpn", "city": "Nagoya"}, "confcode": "128210", "confdate": {"enddate": {"@day": "23", "@year": "2017", "@month": "04"}, "startdate": {"@day": "21", "@year": "2017", "@month": "04"}}}}}, "sourcetitle": "2017 4th International Conference on Industrial Engineering and Applications, ICIEA 2017", "publicationdate": {"month": "06", "year": "2017", "date-text": {"@xfab-added": "true", "$": "5 June 2017"}, "day": "05"}, "sourcetitle-abbrev": "Int. Conf. Ind. Eng. Appl., ICIEA", "@country": "usa", "issuetitle": "2017 4th International Conference on Industrial Engineering and Applications, ICIEA 2017", "publicationyear": {"@first": "2017"}, "publisher": {"publishername": "Institute of Electrical and Electronics Engineers Inc."}, "article-number": "7939212", "@srcid": "21100820863"}, "enhancement": {"classificationgroup": {"classifications": [{"@type": "ASJC", "classification": [{"$": "1408"}, {"$": "2209"}]}, {"@type": "CPXCLASS", "classification": [{"classification-code": "406.1", "classification-description": "Highway Systems"}, {"classification-code": "512.1.2", "classification-description": "Development Operations"}, {"classification-code": "911", "classification-description": "Cost and Value Engineering; Industrial Economics"}]}, {"@type": "FLXCLASS", "classification": {"classification-code": "79.24", "classification-description": "PETROLEUM ENGINEERING"}}, {"@type": "SUBJABBR", "classification": [{"$": "BUSI"}, {"$": "ENGI"}]}]}}}, "item-info": {"copyright": {"$": "Copyright 2017 Elsevier B.V., All rights reserved.", "@type": "Elsevier"}, "dbcollection": [{"$": "CPX"}, {"$": "SCOPUS"}, {"$": "Scopusbase"}], "history": {"date-created": {"@day": "04", "@year": "2017", "@timestamp": "BST 06:34:42", "@month": "07"}}, "itemidlist": {"itemid": [{"$": "617033162", "@idtype": "PUI"}, {"$": "666365033", "@idtype": "CAR-ID"}, {"$": "20172703875457", "@idtype": "CPX"}, {"$": "85021418321", "@idtype": "SCP"}, {"$": "85021418321", "@idtype": "SGR"}], "ce:doi": "10.1109/IEA.2017.7939212"}}, "tail": {"bibliography": {"@refcount": "14", "reference": [{"ref-fulltext": "L. Caccetta, M. Alameen, and M. Abdul-Niby, \"An Improved Clarke and Wright Algorithm to Solve the Capacitated Vehicle Routing Problem,\" Engineering, Technology & Applied Science Research (ETASR), 3(2), 2013, pp. 413-415.", "@id": "1", "ref-info": {"ref-publicationyear": {"@first": "2013"}, "ref-title": {"ref-titletext": "An improved clarke and wright algorithm to solve the capacitated vehicle routing problem"}, "refd-itemidlist": {"itemid": {"$": "84926672706", "@idtype": "SGR"}}, "ref-volisspag": {"voliss": {"@volume": "3", "@issue": "2"}, "pagerange": {"@first": "413", "@last": "415"}}, "ref-authors": {"author": [{"@seq": "1", "ce:initials": "L.", "@_fa": "true", "ce:surname": "Caccetta", "ce:indexed-name": "Caccetta L."}, {"@seq": "2", "ce:initials": "M.", "@_fa": "true", "ce:surname": "Alameen", "ce:indexed-name": "Alameen M."}, {"@seq": "3", "ce:initials": "M.", "@_fa": "true", "ce:surname": "Abdul-Niby", "ce:indexed-name": "Abdul-Niby M."}]}, "ref-sourcetitle": "Engineering, Technology & Applied Science Research (ETASR)"}}, {"ref-fulltext": "G. Clarke and J.W. Wright, \"Scheduling of Vehicles from a Central Depot to a Number of Delivery Points,\" Operations Research, 12(4), 1964, pp. 568-581.", "@id": "2", "ref-info": {"ref-publicationyear": {"@first": "1964"}, "ref-title": {"ref-titletext": "Scheduling of vehicles from a central depot to a number of delivery points"}, "refd-itemidlist": {"itemid": {"$": "0000419596", "@idtype": "SGR"}}, "ref-volisspag": {"voliss": {"@volume": "12", "@issue": "4"}, "pagerange": {"@first": "568", "@last": "581"}}, "ref-authors": {"author": [{"@seq": "1", "ce:initials": "G.", "@_fa": "true", "ce:surname": "Clarke", "ce:indexed-name": "Clarke G."}, {"@seq": "2", "ce:initials": "J.W.", "@_fa": "true", "ce:surname": "Wright", "ce:indexed-name": "Wright J.W."}]}, "ref-sourcetitle": "Operations Research"}}, {"ref-fulltext": "G.B. Dantzig and J.H. Ramser, \"The Truck Dispatching Problem,\" Management Science, 6(1), Oct. 1959, pp. 80-91.", "@id": "3", "ref-info": {"ref-publicationyear": {"@first": "1959"}, "ref-title": {"ref-titletext": "The truck dispatching problem"}, "refd-itemidlist": {"itemid": {"$": "0001953950", "@idtype": "SGR"}}, "ref-volisspag": {"voliss": {"@volume": "6", "@issue": "1"}, "pagerange": {"@first": "80", "@last": "91"}}, "ref-text": "Oct", "ref-authors": {"author": [{"@seq": "1", "ce:initials": "G.B.", "@_fa": "true", "ce:surname": "Dantzig", "ce:indexed-name": "Dantzig G.B."}, {"@seq": "2", "ce:initials": "J.H.", "@_fa": "true", "ce:surname": "Ramser", "ce:indexed-name": "Ramser J.H."}]}, "ref-sourcetitle": "Management Science"}}, {"ref-fulltext": "V. Francois, Y. Arda, Y. Crama, and G. Laporte, \"Large Neighborhood Search for Multi-Trip Vehicle Routing,\" European Journal of Operational Research, 255(2), 2016, pp. 422-441.", "@id": "4", "ref-info": {"ref-publicationyear": {"@first": "2016"}, "ref-title": {"ref-titletext": "Large neighborhood search for multi-trip vehicle routing"}, "refd-itemidlist": {"itemid": {"$": "84969924840", "@idtype": "SGR"}}, "ref-volisspag": {"voliss": {"@volume": "255", "@issue": "2"}, "pagerange": {"@first": "422", "@last": "441"}}, "ref-authors": {"author": [{"@seq": "1", "ce:initials": "V.", "@_fa": "true", "ce:surname": "Francois", "ce:indexed-name": "Francois V."}, {"@seq": "2", "ce:initials": "Y.", "@_fa": "true", "ce:surname": "Arda", "ce:indexed-name": "Arda Y."}, {"@seq": "3", "ce:initials": "Y.", "@_fa": "true", "ce:surname": "Crama", "ce:indexed-name": "Crama Y."}, {"@seq": "4", "ce:initials": "G.", "@_fa": "true", "ce:surname": "Laporte", "ce:indexed-name": "Laporte G."}]}, "ref-sourcetitle": "European Journal of Operational Research"}}, {"ref-fulltext": "B.E. Gillett and L.R. Miller, \"A Heuristic Algorithm for the Vehicle-Dispatch Problem,\" Operations Research, 22(2), 1974, 340-349.", "@id": "5", "ref-info": {"ref-publicationyear": {"@first": "1974"}, "ref-title": {"ref-titletext": "A heuristic algorithm for the vehicle-dispatch problem"}, "refd-itemidlist": {"itemid": {"$": "0001535867", "@idtype": "SGR"}}, "ref-volisspag": {"voliss": {"@volume": "22", "@issue": "2"}, "pagerange": {"@first": "340", "@last": "349"}}, "ref-authors": {"author": [{"@seq": "1", "ce:initials": "B.E.", "@_fa": "true", "ce:surname": "Gillett", "ce:indexed-name": "Gillett B.E."}, {"@seq": "2", "ce:initials": "L.R.", "@_fa": "true", "ce:surname": "Miller", "ce:indexed-name": "Miller L.R."}]}, "ref-sourcetitle": "Operations Research"}}, {"ref-fulltext": "L. Junqueira and R. Morabito, \"Heuristic Algorithms for a Three-Dimensional Loading Capacitated Vehicle Routing Problem in a Carrier,\" Computer and Industrial Engineering, 88, 2015, pp. 110-130.", "@id": "6", "ref-info": {"ref-publicationyear": {"@first": "2015"}, "ref-title": {"ref-titletext": "Heuristic algorithms for a three-dimensional loading capacitated vehicle routing problem in a carrier"}, "refd-itemidlist": {"itemid": {"$": "84937575512", "@idtype": "SGR"}}, "ref-volisspag": {"voliss": {"@volume": "88"}, "pagerange": {"@first": "110", "@last": "130"}}, "ref-authors": {"author": [{"@seq": "1", "ce:initials": "L.", "@_fa": "true", "ce:surname": "Junqueira", "ce:indexed-name": "Junqueira L."}, {"@seq": "2", "ce:initials": "R.", "@_fa": "true", "ce:surname": "Morabito", "ce:indexed-name": "Morabito R."}]}, "ref-sourcetitle": "Computer and Industrial Engineering"}}, {"ref-fulltext": "L. Junqueira, J.F. Oliveira, M.A. Carravilla, and R. Morabito, \"An Optimization Model for the Vehicle Routing Problem with Practical Three-Dimensional Loading Constraints,\" International Transactions in Operational Research, 20, 2013, pp. 645-666.", "@id": "7", "ref-info": {"ref-publicationyear": {"@first": "2013"}, "ref-title": {"ref-titletext": "An optimization model for the vehicle routing problem with practical three-dimensional loading constraints"}, "refd-itemidlist": {"itemid": {"$": "84880998647", "@idtype": "SGR"}}, "ref-volisspag": {"voliss": {"@volume": "20"}, "pagerange": {"@first": "645", "@last": "666"}}, "ref-authors": {"author": [{"@seq": "1", "ce:initials": "L.", "@_fa": "true", "ce:surname": "Junqueira", "ce:indexed-name": "Junqueira L."}, {"@seq": "2", "ce:initials": "J.F.", "@_fa": "true", "ce:surname": "Oliveira", "ce:indexed-name": "Oliveira J.F."}, {"@seq": "3", "ce:initials": "M.A.", "@_fa": "true", "ce:surname": "Carravilla", "ce:indexed-name": "Carravilla M.A."}, {"@seq": "4", "ce:initials": "R.", "@_fa": "true", "ce:surname": "Morabito", "ce:indexed-name": "Morabito R."}]}, "ref-sourcetitle": "International Transactions in Operational Research"}}, {"ref-fulltext": "G. Laporte, \"The Vehicle Routing Problem: An overview of exact and approximate algorithms,\" European Journal of Operational Research, 59, 1992, pp. 345-358.", "@id": "8", "ref-info": {"ref-publicationyear": {"@first": "1992"}, "ref-title": {"ref-titletext": "The vehicle routing problem: An overview of exact and approximate algorithms"}, "refd-itemidlist": {"itemid": {"$": "0026874435", "@idtype": "SGR"}}, "ref-volisspag": {"voliss": {"@volume": "59"}, "pagerange": {"@first": "345", "@last": "358"}}, "ref-authors": {"author": [{"@seq": "1", "ce:initials": "G.", "@_fa": "true", "ce:surname": "Laporte", "ce:indexed-name": "Laporte G."}]}, "ref-sourcetitle": "European Journal of Operational Research"}}, {"ref-fulltext": "T. Manisri, A. Mungwattana, and G.K. Janssens, \"Algorithm for the Multi-Objective Vehicle Routing Problem with Time Windows,\" The 5th International Congress on Logistics and SCM Systems (ICLS2009), 2003.", "@id": "9", "ref-info": {"ref-publicationyear": {"@first": "2003"}, "ref-title": {"ref-titletext": "Algorithm for the multi-objective vehicle routing problem with time windows"}, "refd-itemidlist": {"itemid": {"$": "85021443295", "@idtype": "SGR"}}, "ref-authors": {"author": [{"@seq": "1", "ce:initials": "T.", "@_fa": "true", "ce:surname": "Manisri", "ce:indexed-name": "Manisri T."}, {"@seq": "2", "ce:initials": "A.", "@_fa": "true", "ce:surname": "Mungwattana", "ce:indexed-name": "Mungwattana A."}, {"@seq": "3", "ce:initials": "G.K.", "@_fa": "true", "ce:surname": "Janssens", "ce:indexed-name": "Janssens G.K."}]}, "ref-sourcetitle": "The 5th International Congress on Logistics and SCM Systems (ICLS2009)"}}, {"ref-fulltext": "M.M. Solomon, \"Algorithms for Vehicle Routing and Scheduling Problems with Time Window Constraints,\" Operations Research, 35(2), 1987, pp. 254-265.", "@id": "10", "ref-info": {"ref-publicationyear": {"@first": "1987"}, "ref-title": {"ref-titletext": "Algorithms for Vehicle Routing and Scheduling Problems with Time Window Constraints"}, "refd-itemidlist": {"itemid": {"$": "0023313252", "@idtype": "SGR"}}, "ref-volisspag": {"voliss": {"@volume": "35", "@issue": "2"}, "pagerange": {"@first": "254", "@last": "265"}}, "ref-authors": {"author": [{"@seq": "1", "ce:initials": "M.M.", "@_fa": "true", "ce:surname": "Solomon", "ce:indexed-name": "Solomon M.M."}]}, "ref-sourcetitle": "Operations Research"}}, {"ref-fulltext": "J.F. Sze, S. Salhi, and N. Wassan, \"A Hybridization of Adaptive Variable Neighborhood Search and Large Neighborhood Search: Application to the Vehicle Routing Problem,\" Expert Systems with Applications, 65, 2016, pp. 283-397.", "@id": "11", "ref-info": {"ref-publicationyear": {"@first": "2016"}, "ref-title": {"ref-titletext": "A hybridization of adaptive variable neighborhood search and large neighborhood search: Application to the vehicle routing problem"}, "refd-itemidlist": {"itemid": {"$": "84985993278", "@idtype": "SGR"}}, "ref-volisspag": {"voliss": {"@volume": "65"}, "pagerange": {"@first": "283", "@last": "397"}}, "ref-authors": {"author": [{"@seq": "1", "ce:initials": "J.F.", "@_fa": "true", "ce:surname": "Sze", "ce:indexed-name": "Sze J.F."}, {"@seq": "2", "ce:initials": "S.", "@_fa": "true", "ce:surname": "Salhi", "ce:indexed-name": "Salhi S."}, {"@seq": "3", "ce:initials": "N.", "@_fa": "true", "ce:surname": "Wassan", "ce:indexed-name": "Wassan N."}]}, "ref-sourcetitle": "Expert Systems with Applications"}}, {"ref-fulltext": "K.C. Tan, L.H. Lee, Q.L. Zhu, and K. Ou, \"Heuristic Methods for Vehicle Routing Problem with Time Windows,\" Artificial Intelligence in Engineering, 15, 2001, pp. 281-295.", "@id": "12", "ref-info": {"ref-publicationyear": {"@first": "2001"}, "ref-title": {"ref-titletext": "Heuristic methods for vehicle routing problem with time windows"}, "refd-itemidlist": {"itemid": {"$": "0035385364", "@idtype": "SGR"}}, "ref-volisspag": {"voliss": {"@volume": "15"}, "pagerange": {"@first": "281", "@last": "295"}}, "ref-authors": {"author": [{"@seq": "1", "ce:initials": "K.C.", "@_fa": "true", "ce:surname": "Tan", "ce:indexed-name": "Tan K.C."}, {"@seq": "2", "ce:initials": "L.H.", "@_fa": "true", "ce:surname": "Lee", "ce:indexed-name": "Lee L.H."}, {"@seq": "3", "ce:initials": "Q.L.", "@_fa": "true", "ce:surname": "Zhu", "ce:indexed-name": "Zhu Q.L."}, {"@seq": "4", "ce:initials": "K.", "@_fa": "true", "ce:surname": "Ou", "ce:indexed-name": "Ou K."}]}, "ref-sourcetitle": "Artificial Intelligence in Engineering"}}, {"ref-fulltext": "P.M. Thompson and H.N. Psaraftis, \"Cyclic Transfer Algorithm for Multivehicle Routing and Scheduling Problems,\" Operations Research, 41(5), 1993, pp. 935-946.", "@id": "13", "ref-info": {"ref-publicationyear": {"@first": "1993"}, "ref-title": {"ref-titletext": "Cyclic transfer algorithm for multivehicle routing and scheduling problems"}, "refd-itemidlist": {"itemid": {"$": "0027667558", "@idtype": "SGR"}}, "ref-volisspag": {"voliss": {"@volume": "41", "@issue": "5"}, "pagerange": {"@first": "935", "@last": "946"}}, "ref-authors": {"author": [{"@seq": "1", "ce:initials": "P.M.", "@_fa": "true", "ce:surname": "Thompson", "ce:indexed-name": "Thompson P.M."}, {"@seq": "2", "ce:initials": "H.N.", "@_fa": "true", "ce:surname": "Psaraftis", "ce:indexed-name": "Psaraftis H.N."}]}, "ref-sourcetitle": "Operations Research"}}, {"ref-fulltext": "Z. Wang, Y. Li, and X. Hu, \"A Heuristics Approach and a Tabu Search for the Heterogeneous Multi-Type Fleet Vehicle Routing Problem with Time Window and an Incompatible Loading Constraint,\" Computers and Industrial Engineering, 89, 2015, pp. 162-176.", "@id": "14", "ref-info": {"ref-publicationyear": {"@first": "2015"}, "ref-title": {"ref-titletext": "A heuristics approach and a tabu search for the heterogeneous multi-type fleet vehicle routing problem with time window and an incompatible loading constraint"}, "refd-itemidlist": {"itemid": {"$": "84946567286", "@idtype": "SGR"}}, "ref-volisspag": {"voliss": {"@volume": "89"}, "pagerange": {"@first": "162", "@last": "176"}}, "ref-authors": {"author": [{"@seq": "1", "ce:initials": "Z.", "@_fa": "true", "ce:surname": "Wang", "ce:indexed-name": "Wang Z."}, {"@seq": "2", "ce:initials": "Y.", "@_fa": "true", "ce:surname": "Li", "ce:indexed-name": "Li Y."}, {"@seq": "3", "ce:initials": "X.", "@_fa": "true", "ce:surname": "Hu", "ce:indexed-name": "Hu X."}]}, "ref-sourcetitle": "Computers and Industrial Engineering"}}]}}}}, "affiliation": {"affiliation-city": "Bangkok", "@id": "60028190", "affilname": "Chulalongkorn University", "@href": "https://api.elsevier.com/content/affiliation/affiliation_id/60028190", "affiliation-country": "Thailand"}, "coredata": {"srctype": "p", "eid": "2-s2.0-85021418321", "dc:description": "Transporting products from the depot to various destinations is a general problem in logistics world. However, complications arise when the objective is changed from transporting goods to transferring people, as both distance-related costs and man-hour loss must be taken into account. This paper presents a Variable Neighbourhood Search (VNS) based heuristic that helps route planners of an oil and gas exploration company identify a set of promising least-cost routes, including the implicit cost of man-hour loss. Such a heuristic is developed based on a combination of several well-known heuristics in a two-phase manner. More specifically, in the first phase, an initial solution is constructed by the least man-hour loss insertion method; then, it is further improved by a series of intra-route and inter-route exchanges in the latter phase - 2-opt is applied for intra-route improvement; lambda-interchange and b-cyclic k-transfer are performed for inter-route improvement. Compared with the actual plan, an improvement on both average travelled distance and man-hour loss reduction is evident, where the magnitude of savings depends on weights assigned to each criterion.", "prism:coverDate": "2017-06-05", "prism:aggregationType": "Conference Proceeding", "prism:url": "https://api.elsevier.com/content/abstract/scopus_id/85021418321", "dc:creator": {"author": [{"ce:given-name": "Pisit", "preferred-name": {"ce:given-name": "Pisit", "ce:initials": "P.", "ce:surname": "Jarumaneeroj", "ce:indexed-name": "Jarumaneeroj P."}, "@seq": "1", "ce:initials": "P.", "@_fa": "true", "affiliation": {"@id": "60028190", "@href": "https://api.elsevier.com/content/affiliation/affiliation_id/60028190"}, "ce:surname": "Jarumaneeroj", "@auid": "57194234407", "author-url": "https://api.elsevier.com/content/author/author_id/57194234407", "ce:indexed-name": "Jarumaneeroj P."}]}, "link": [{"@_fa": "true", "@rel": "self", "@href": "https://api.elsevier.com/content/abstract/scopus_id/85021418321"}, {"@_fa": "true", "@rel": "scopus", "@href": "https://www.scopus.com/inward/record.uri?partnerID=HzOxMe3b&scp=85021418321&origin=inward"}, {"@_fa": "true", "@rel": "scopus-citedby", "@href": "https://www.scopus.com/inward/citedby.uri?partnerID=HzOxMe3b&scp=85021418321&origin=inward"}], "prism:isbn": "9781509067749", "source-id": "21100820863", "citedby-count": "2", "subtype": "cp", "dc:title": "A variable neighbourhood search approach for crew transportation problems", "openaccess": "0", "publishercopyright": "\u00a9 2017 IEEE.", "article-number": "7939212", "subtypeDescription": "Conference Paper", "prism:publicationName": "2017 4th International Conference on Industrial Engineering and Applications, ICIEA 2017", "prism:pageRange": "229-233", "prism:endingPage": "233", "openaccessFlag": "false", "prism:doi": "10.1109/IEA.2017.7939212", "prism:startingPage": "229", "dc:identifier": "SCOPUS_ID:85021418321", "dc:publisher": "Institute of Electrical and Electronics Engineers Inc."}, "idxterms": {"mainterm": [{"$": "2-opt", "@weight": "b", "@candidate": "n"}, {"$": "Crew transportation", "@weight": "b", "@candidate": "n"}, {"$": "Initial solution", "@weight": "b", "@candidate": "n"}, {"$": "Insertion methods", "@weight": "b", "@candidate": "n"}, {"$": "Least cost routes", "@weight": "b", "@candidate": "n"}, {"$": "Oil and gas exploration", "@weight": "b", "@candidate": "n"}, {"$": "Variable neighbourhood search", "@weight": "b", "@candidate": "n"}, {"$": "Vehicle Routing Problems", "@weight": "b", "@candidate": "n"}]}, "language": {"@xml:lang": "eng"}, "authkeywords": {"author-keyword": [{"@_fa": "true", "$": "2-opt"}, {"@_fa": "true", "$": "cyclic transfer algorithm"}, {"@_fa": "true", "$": "lambda-interchange"}, {"@_fa": "true", "$": "variable neighbourhood search"}, {"@_fa": "true", "$": "vehicle routing problem"}]}, "subject-areas": {"subject-area": [{"@_fa": "true", "$": "Strategy and Management", "@code": "1408", "@abbrev": "BUSI"}, {"@_fa": "true", "$": "Industrial and Manufacturing Engineering", "@code": "2209", "@abbrev": "ENGI"}]}, "authors": {"author": [{"ce:given-name": "Pisit", "preferred-name": {"ce:given-name": "Pisit", "ce:initials": "P.", "ce:surname": "Jarumaneeroj", "ce:indexed-name": "Jarumaneeroj P."}, "@seq": "1", "ce:initials": "P.", "@_fa": "true", "affiliation": {"@id": "60028190", "@href": "https://api.elsevier.com/content/affiliation/affiliation_id/60028190"}, "ce:surname": "Jarumaneeroj", "@auid": "57194234407", "author-url": "https://api.elsevier.com/content/author/author_id/57194234407", "ce:indexed-name": "Jarumaneeroj P."}, {"ce:given-name": "Siriwat", "preferred-name": {"ce:given-name": "Siriwat", "ce:initials": "S.", "ce:surname": "Kunaporn", "ce:indexed-name": "Kunaporn S."}, "@seq": "2", "ce:initials": "S.", "@_fa": "true", "affiliation": {"@id": "60028190", "@href": "https://api.elsevier.com/content/affiliation/affiliation_id/60028190"}, "ce:surname": "Kunaporn", "@auid": "57194648026", "author-url": "https://api.elsevier.com/content/author/author_id/57194648026", "ce:indexed-name": "Kunaporn S."}]}}}