{"abstracts-retrieval-response": {"item": {"ait:process-info": {"ait:status": {"@state": "update", "@type": "core", "@stage": "S300"}, "ait:date-delivered": {"@day": "25", "@year": "2024", "@timestamp": "2024-01-25T17:08:12.000012-05:00", "@month": "01"}, "ait:date-sort": {"@day": "01", "@year": "2017", "@month": "06"}}, "xocs:meta": {"xocs:funding-list": {"@pui-match": "primary", "@has-funding-info": "1", "xocs:funding-addon-generated-timestamp": "2019-07-02T21:41:21.476Z", "xocs:funding-addon-type": "http://vtw.elsevier.com/data/voc/AddOnTypes/50.7/car"}}, "bibrecord": {"head": {"author-group": [{"affiliation": {"country": "United States", "postal-code": "99163", "@afid": "60160236", "@country": "usa", "city": "Pullman", "organization": [{"$": "School of Electrical Engineering and Computer Science"}, {"$": "Washington State University"}], "affiliation-id": [{"@afid": "60160236"}, {"@afid": "60018208"}], "state": "WA", "ce:source-text": "School of Electrical Engineering and Computer Science, Washington State University, Pullman, WA 99163, USA"}, "author": [{"ce:given-name": "Anamika", "preferred-name": {"ce:given-name": "Anamika", "ce:initials": "A.", "ce:surname": "Dubey", "ce:indexed-name": "Dubey A."}, "@seq": "1", "ce:initials": "A.", "@date-locked": "2019-09-19T06:53:48.113", "@_fa": "true", "@type": "auth", "ce:surname": "Dubey", "@auid": "55512080600", "ce:indexed-name": "Dubey A."}]}, {"affiliation": {"country": "Thailand", "postal-code": "10330", "@afid": "60028190", "@country": "tha", "city": "Bangkok", "organization": [{"$": "Department of Electrical Engineering"}, {"$": "Chulalongkorn University"}], "affiliation-id": {"@afid": "60028190", "@dptid": "113845132"}, "ce:source-text": "Department of Electrical Engineering, Chulalongkorn University, Bangkok 10330, Thailand", "@dptid": "113845132"}, "author": [{"ce:given-name": "Pisitpol", "preferred-name": {"ce:given-name": "Pisitpol", "ce:initials": "P.", "ce:surname": "Chirapongsananurak", "ce:indexed-name": "Chirapongsananurak P."}, "@seq": "2", "ce:initials": "P.", "@_fa": "true", "@type": "auth", "ce:surname": "Chirapongsananurak", "@auid": "36185160400", "ce:indexed-name": "Chirapongsananurak P."}]}, {"affiliation": {"country": "United States", "postal-code": "78712", "@afid": "60150401", "@country": "usa", "city": "Austin", "organization": [{"$": "Department of Electrical and Computer Engineering"}, {"$": "The University of Texas at Austin"}], "affiliation-id": [{"@afid": "60150401"}, {"@afid": "60013372"}], "state": "TX", "ce:source-text": "Department of Electrical and Computer Engineering, The University of Texas at Austin, Austin, TX 78712, USA"}, "author": [{"ce:given-name": "Surya", "preferred-name": {"ce:given-name": "Surya", "ce:initials": "S.", "ce:surname": "Santoso", "ce:indexed-name": "Santoso S."}, "@seq": "3", "ce:initials": "S.", "@_fa": "true", "@type": "auth", "ce:surname": "Santoso", "@auid": "55512476900", "ce:indexed-name": "Santoso S."}]}], "citation-title": "A framework for stacked-benefit analysis of distribution-level energy storage deployment", "abstracts": "\u00a9 2017 by the authors. Licensee MDPI, Basel, Switzerland.This paper presents a planning framework for integrating energy storage (ES) systems into the distribution system. An ES system is deployed to simultaneously provide multiple benefits, also known as stacked-benefits, for the feeder. The primary and secondary application scenarios for the feeder are identified. The proposed ES deployment approach includes the following steps: (1) size the ES system for primary application; (2) identify optimal ES locations based on both primary and secondary application scenarios; (3) calculate the ES accommodation capacity for each potential location; and (4) develop control methods for ES units and conduct grid impact analysis to demonstrate ES applications. For the selected feeder, the primary application for ES deployment is to provide the N-1 contingency requirement. During normal operating conditions, ES is programmed for multiple secondary applications: voltage management and ancillary services by frequency regulation. A probabilistic approach is presented to obtain the optimal ES size for providing the N-1 contingency requirement. Optimal ES locations are obtained based on secondary application scenarios. Real and reactive power control methods are developed to demonstrate the viability of deploying an ES system for simultaneously providing multiple applications. The simulation results show that ES can successfully provide the stacked-benefits for the distribution circuit. The proposed framework is generic and can be employed for the ES integration analysis of any feeder, with different sets of primary and secondary applications.", "correspondence": {"affiliation": {"country": "United States", "postal-code": "99163", "@country": "usa", "city": "Pullman", "organization": [{"$": "School of Electrical Engineering and Computer Science"}, {"$": "Washington State University"}], "state": "WA", "ce:source-text": "School of Electrical Engineering and Computer Science, Washington State University, Pullman, WA 99163, USA"}, "person": {"ce:given-name": "Anamika", "ce:initials": "A.", "ce:surname": "Dubey", "ce:indexed-name": "Dubey A."}}, "citation-info": {"author-keywords": {"author-keyword": [{"$": "Distributed energy resources (DERs)", "@xml:lang": "eng"}, {"$": "Energy storage (ES)", "@xml:lang": "eng"}, {"$": "Photovoltaic system (PV)", "@xml:lang": "eng"}, {"$": "Power distribution system", "@xml:lang": "eng"}, {"$": "Smart grid", "@xml:lang": "eng"}]}, "citation-type": {"@code": "ar"}, "citation-language": {"@language": "English", "@xml:lang": "eng"}, "abstract-language": {"@language": "English", "@xml:lang": "eng"}}, "source": {"website": {"ce:e-address": {"$": "https://www.mdpi.com/2411-5134/2/2/6/pdf", "@type": "email"}}, "translated-sourcetitle": {"@xml:lang": "eng"}, "volisspag": {"voliss": {"@volume": "2", "@issue": "2"}}, "@type": "j", "sourcetitle": "Inventions", "publicationdate": {"month": "06", "year": "2017", "date-text": "June 2017", "day": "01"}, "sourcetitle-abbrev": "Inventions", "@country": "che", "issn": {"$": "24115134", "@type": "electronic"}, "publicationyear": {"@first": "2017"}, "publisher": {"publishername": "MDPI Multidisciplinary Digital Publishing Institute", "ce:e-address": {"$": "support@mdpi.com", "@type": "email"}}, "article-number": "6", "@srcid": "21100913562"}, "enhancement": {"classificationgroup": {"classifications": [{"@type": "ASJC", "classification": "2200"}, {"@type": "SUBJABBR", "classification": "ENGI"}]}}}, "item-info": {"copyright": {"$": "Copyright 2019 Elsevier B.V., All rights reserved.", "@type": "Elsevier"}, "dbcollection": [{"$": "REAXYSCAR"}, {"$": "SCOPUS"}, {"$": "Scopusbase"}], "history": {"date-created": {"@day": "02", "@year": "2019", "@timestamp": "BST 06:12:25", "@month": "07"}}, "itemidlist": {"itemid": [{"$": "628310090", "@idtype": "PUI"}, {"$": "918320280", "@idtype": "CAR-ID"}, {"$": "20191243867", "@idtype": "REAXYSCAR"}, {"$": "20191851977", "@idtype": "SCOPUS"}, {"$": "85066010054", "@idtype": "SCP"}, {"$": "85066010054", "@idtype": "SGR"}], "ce:doi": "10.3390/inventions2020006"}}, "tail": {"bibliography": {"@refcount": "33", "reference": [{"ref-fulltext": "Ipakchi, A.; Albuyeh, F. Grid of the future. IEEE Power Energy Mag. 2009, 7, 52\u201362. [CrossRef]", "@id": "1", "ref-info": {"ref-publicationyear": {"@first": "2009"}, "ref-title": {"ref-titletext": "Grid of the future"}, "refd-itemidlist": {"itemid": {"$": "61449182711", "@idtype": "SGR"}}, "ref-volisspag": {"voliss": {"@volume": "7"}, "pagerange": {"@first": "52", "@last": "62"}}, "ref-authors": {"author": [{"@seq": "1", "ce:initials": "A.", "@_fa": "true", "ce:surname": "Ipakchi", "ce:indexed-name": "Ipakchi A."}, {"@seq": "2", "ce:initials": "F.", "@_fa": "true", "ce:surname": "Albuyeh", "ce:indexed-name": "Albuyeh F."}]}, "ref-sourcetitle": "IEEE Power Energy Mag"}, "ce:source-text": "Ipakchi, A.; Albuyeh, F. Grid of the future. IEEE Power Energy Mag. 2009, 7, 52\u201362. [CrossRef]"}, {"ref-fulltext": "Pe\u00e7as Lopesa, J.A.; Hatziargyrioub, N.; Mutalec, J.; Djapicc, P.; Jenkinsc, N. Integrating distributed generation into electric power systems: A review of drivers, challenges and opportunities. Electr. Power Syst. Res. (Elsevier) 2007, 77, 1189\u20131203. [CrossRef]", "@id": "2", "ref-info": {"ref-publicationyear": {"@first": "2007"}, "ref-title": {"ref-titletext": "Integrating distributed generation into electric power systems: A review of drivers, challenges and opportunities"}, "refd-itemidlist": {"itemid": {"$": "34247502153", "@idtype": "SGR"}}, "ref-volisspag": {"voliss": {"@volume": "77"}, "pagerange": {"@first": "1189", "@last": "1203"}}, "ref-authors": {"author": [{"@seq": "1", "ce:initials": "J.A.", "@_fa": "true", "ce:surname": "Pe\u00e7as Lopesa", "ce:indexed-name": "Pecas Lopesa J.A."}, {"@seq": "2", "ce:initials": "N.", "@_fa": "true", "ce:surname": "Hatziargyrioub", "ce:indexed-name": "Hatziargyrioub N."}, {"@seq": "3", "ce:initials": "J.", "@_fa": "true", "ce:surname": "Mutalec", "ce:indexed-name": "Mutalec J."}, {"@seq": "4", "ce:initials": "P.", "@_fa": "true", "ce:surname": "Djapicc", "ce:indexed-name": "Djapicc P."}, {"@seq": "5", "ce:initials": "N.", "@_fa": "true", "ce:surname": "Jenkinsc", "ce:indexed-name": "Jenkinsc N."}]}, "ref-sourcetitle": "Electr. Power Syst. Res. (Elsevier)"}, "ce:source-text": "Pe\u00e7as Lopesa, J.A.; Hatziargyrioub, N.; Mutalec, J.; Djapicc, P.; Jenkinsc, N. Integrating distributed generation into electric power systems: A review of drivers, challenges and opportunities. Electr. Power Syst. Res. (Elsevier) 2007, 77, 1189\u20131203. [CrossRef]"}, {"ref-fulltext": "Executive Office of the President. National Science and Technology Council. In A Policy Framework for the 21st Century Grid: A Progress Report. Available online: https://obamawhitehouse.archives.gov/sites/default/files/microsites/ostp/2013_nstc_grid.pdf (accessed on 24th February 2017).", "@id": "3", "ref-info": {"ref-website": {"ce:e-address": {"$": "https://obamawhitehouse.archives.gov/sites/default/files/microsites/ostp/2013_nstc_grid.pdf", "@type": "email"}}, "refd-itemidlist": {"itemid": {"$": "84892837298", "@idtype": "SGR"}}, "ref-text": "A Policy Framework for the 21st Century Grid: A Progress Report. Available online:, accessed on 24th February 2017", "ref-authors": {"collaboration": {"@seq": "1", "ce:text": "Executive Office of the President.", "ce:indexed-name": "Executive Office of the President."}}, "ref-sourcetitle": "National Science and Technology Council"}, "ce:source-text": "Executive Office of the President. National Science and Technology Council. In A Policy Framework for the 21st Century Grid: A Progress Report. Available online: https://obamawhitehouse.archives.gov/sites/default/files/microsites/ostp/2013_nstc_grid.pdf (accessed on 24th February 2017)."}, {"ref-fulltext": "U.S. Department of Energy. The American Recovery and Reinvestment Act Smart Grid Highlights. Available online: https://energy.gov/sites/prod/files/2014/12/f19/SGIG-SGDP-Highlights-October2014. pdf (accessed on 24th February 2017).", "@id": "4", "ref-info": {"ref-website": {"ce:e-address": {"$": "https://energy.gov/sites/prod/files/2014/12/f19/SGIG-SGDP-Highlights-October2014.pdf", "@type": "email"}}, "refd-itemidlist": {"itemid": {"$": "85068074604", "@idtype": "SGR"}}, "ref-text": "accessed on 24th February 2017", "ref-authors": {"collaboration": {"@seq": "1", "ce:text": "U.S. Department of Energy", "ce:indexed-name": "U.S. Department of Energy"}}, "ref-sourcetitle": "The American Recovery and Reinvestment Act Smart Grid Highlights"}, "ce:source-text": "U.S. Department of Energy. The American Recovery and Reinvestment Act Smart Grid Highlights. Available online: https://energy.gov/sites/prod/files/2014/12/f19/SGIG-SGDP-Highlights-October2014. pdf (accessed on 24th February 2017)."}, {"ref-fulltext": "U.S. Department of Energy, Office of Energy Efficiency & Renewable Energy. Vehicle Technologies Program Multi-Year Program Plan (2011\u20132015). Available online: http://large.stanford.edu/courses/2011/ph240/zhong1/docs/vt_mypp_2011-2015.pdf (accessed on 24th February 2017).", "@id": "5", "ref-info": {"ref-website": {"ce:e-address": {"$": "http://large.stanford.edu/courses/2011/ph240/zhong1/docs/vt_mypp_2011-2015.pdf", "@type": "email"}}, "refd-itemidlist": {"itemid": {"$": "84897136811", "@idtype": "SGR"}}, "ref-text": "Vehicle Technologies Program Multi-Year Program Plan (2011\u20132015). Available online, accessed on 24th February 2017", "ref-authors": {"collaboration": {"@seq": "1", "ce:text": "U.S. Department of Energy", "ce:indexed-name": "U.S. Department of Energy"}}, "ref-sourcetitle": "Office of Energy Efficiency & Renewable Energy"}, "ce:source-text": "U.S. Department of Energy, Office of Energy Efficiency & Renewable Energy. Vehicle Technologies Program Multi-Year Program Plan (2011\u20132015). Available online: http://large.stanford.edu/courses/2011/ph240/zhong1/docs/vt_mypp_2011-2015.pdf (accessed on 24th February 2017)."}, {"ref-fulltext": "Katiraei, F.; Aguero, J.R. Solar PV integration challenges. IEEE Power Energy Mag. 2011, 9, 62\u201371. [CrossRef]", "@id": "6", "ref-info": {"ref-publicationyear": {"@first": "2011"}, "ref-title": {"ref-titletext": "Solar PV integration challenges"}, "refd-itemidlist": {"itemid": {"$": "79955570314", "@idtype": "SGR"}}, "ref-volisspag": {"voliss": {"@volume": "9"}, "pagerange": {"@first": "62", "@last": "71"}}, "ref-authors": {"author": [{"@seq": "1", "ce:initials": "F.", "@_fa": "true", "ce:surname": "Katiraei", "ce:indexed-name": "Katiraei F."}, {"@seq": "2", "ce:initials": "J.R.", "@_fa": "true", "ce:surname": "Aguero", "ce:indexed-name": "Aguero J.R."}]}, "ref-sourcetitle": "IEEE Power Energy Mag"}, "ce:source-text": "Katiraei, F.; Aguero, J.R. Solar PV integration challenges. IEEE Power Energy Mag. 2011, 9, 62\u201371. [CrossRef]"}, {"ref-fulltext": "Erdman, W. Secondary Network Distribution Systems Background and Issues Related to the Interconnection of Distributed Resources; National Renewable Energy Laboratory: Golden, CO, USA, 2005.", "@id": "7", "ref-info": {"ref-publicationyear": {"@first": "2005"}, "refd-itemidlist": {"itemid": {"$": "78650091851", "@idtype": "SGR"}}, "ref-text": "National Renewable Energy Laboratory: Golden, CO, USA", "ref-authors": {"author": [{"@seq": "1", "ce:initials": "W.", "@_fa": "true", "ce:surname": "Erdman", "ce:indexed-name": "Erdman W."}]}, "ref-sourcetitle": "Secondary Network Distribution Systems Background and Issues Related to the Interconnection of Distributed Resources"}, "ce:source-text": "Erdman, W. Secondary Network Distribution Systems Background and Issues Related to the Interconnection of Distributed Resources; National Renewable Energy Laboratory: Golden, CO, USA, 2005."}, {"ref-fulltext": "Dubey, A.; Santoso, S. Electric vehicle charging on residential distribution systems: Impacts and mitigations. IEEE Access 2015, 3, 1871\u20131893. [CrossRef]", "@id": "8", "ref-info": {"ref-publicationyear": {"@first": "2015"}, "ref-title": {"ref-titletext": "Electric vehicle charging on residential distribution systems: Impacts and mitigations"}, "refd-itemidlist": {"itemid": {"$": "84959856027", "@idtype": "SGR"}}, "ref-volisspag": {"voliss": {"@volume": "3"}, "pagerange": {"@first": "1871", "@last": "1893"}}, "ref-authors": {"author": [{"@seq": "1", "ce:initials": "A.", "@_fa": "true", "ce:surname": "Dubey", "ce:indexed-name": "Dubey A."}, {"@seq": "2", "ce:initials": "S.", "@_fa": "true", "ce:surname": "Santoso", "ce:indexed-name": "Santoso S."}]}, "ref-sourcetitle": "IEEE Access"}, "ce:source-text": "Dubey, A.; Santoso, S. Electric vehicle charging on residential distribution systems: Impacts and mitigations. IEEE Access 2015, 3, 1871\u20131893. [CrossRef]"}, {"ref-fulltext": "Brown, R.E. Impact of smart grid on distribution system design. In Proceedings of the IEEE Power and Energy Society General Meeting\u2014Conversion and Delivery of Electrical Energy in the 21st Century, Pittsburgh, PA, USA, 20\u201324 July 2008.", "@id": "9", "ref-info": {"ref-publicationyear": {"@first": "2008"}, "ref-title": {"ref-titletext": "Impact of smart grid on distribution system design"}, "refd-itemidlist": {"itemid": {"$": "52349119897", "@idtype": "SGR"}}, "ref-text": "Pittsburgh, PA, USA, 20\u201324 July", "ref-authors": {"author": [{"@seq": "1", "ce:initials": "R.E.", "@_fa": "true", "ce:surname": "Brown", "ce:indexed-name": "Brown R.E."}]}, "ref-sourcetitle": "Proceedings of the IEEE Power and Energy Society General Meeting\u2014Conversion and Delivery of Electrical Energy in the 21St Century"}, "ce:source-text": "Brown, R.E. Impact of smart grid on distribution system design. In Proceedings of the IEEE Power and Energy Society General Meeting\u2014Conversion and Delivery of Electrical Energy in the 21st Century, Pittsburgh, PA, USA, 20\u201324 July 2008."}, {"ref-fulltext": "California Energy Commission and KEMA Inc. Research Evaluation of Wind Generation, Solar Generation, and Storage Impact on the California Grid. CEC PIER Final Project Report, CEC-500\u20132010. 2010. Available online: http://www.energy.ca.gov/2010publications/CEC-500-2010-010/CEC-500-2010-010.PDF (accessed on 24th February 2017).", "@id": "10", "ref-info": {"ref-publicationyear": {"@first": "2010"}, "ref-website": {"ce:e-address": {"$": "http://www.energy.ca.gov/2010publications/CEC-500-2010-010/CEC-500-2010-010.PDF", "@type": "email"}}, "refd-itemidlist": {"itemid": {"$": "84867923705", "@idtype": "SGR"}}, "ref-text": "CEC-500\u20132010, Available online, accessed on 24th February 2017", "ref-authors": {"collaboration": {"@seq": "1", "ce:text": "California Energy Commission and KEMA Inc", "ce:indexed-name": "California Energy Commission and KEMA Inc"}}, "ref-sourcetitle": "Research Evaluation of Wind Generation, Solar Generation, and Storage Impact on the California Grid. CEC PIER Final Project Report"}, "ce:source-text": "California Energy Commission and KEMA Inc. Research Evaluation of Wind Generation, Solar Generation, and Storage Impact on the California Grid. CEC PIER Final Project Report, CEC-500\u20132010. 2010. Available online: http://www.energy.ca.gov/2010publications/CEC-500-2010-010/CEC-500-2010-010.PDF (accessed on 24th February 2017)."}, {"ref-fulltext": "Rittershausen, J.; McDonagh, M. Moving Energy Storage from Concept to Reality; Southern California Edison: Rosemead, CA, USA, 2011.", "@id": "11", "ref-info": {"ref-publicationyear": {"@first": "2011"}, "refd-itemidlist": {"itemid": {"$": "84930974457", "@idtype": "SGR"}}, "ref-text": "Southern California Edison: Rosemead, CA, USA", "ref-authors": {"author": [{"@seq": "1", "ce:initials": "J.", "@_fa": "true", "ce:surname": "Rittershausen", "ce:indexed-name": "Rittershausen J."}, {"@seq": "2", "ce:initials": "M.", "@_fa": "true", "ce:surname": "McDonagh", "ce:indexed-name": "McDonagh M."}]}, "ref-sourcetitle": "Moving Energy Storage from Concept to Reality"}, "ce:source-text": "Rittershausen, J.; McDonagh, M. Moving Energy Storage from Concept to Reality; Southern California Edison: Rosemead, CA, USA, 2011."}, {"ref-fulltext": "Eyer, J.; Corey, G. Energy Storage for the Electricity Grid: Benefits and Market Potential Assessment Guide; SAND2010-0815; Sandia National Laboratories: Albuquerqu, NM, USA, 2010.", "@id": "12", "ref-info": {"ref-publicationyear": {"@first": "2010"}, "refd-itemidlist": {"itemid": {"$": "78650054901", "@idtype": "SGR"}}, "ref-text": "Sandia National Laboratories: Albuquerqu, NM, USA", "ref-authors": {"author": [{"@seq": "1", "ce:initials": "J.", "@_fa": "true", "ce:surname": "Eyer", "ce:indexed-name": "Eyer J."}, {"@seq": "2", "ce:initials": "G.", "@_fa": "true", "ce:surname": "Corey", "ce:indexed-name": "Corey G."}]}, "ref-sourcetitle": "Energy Storage for the Electricity Grid: Benefits and Market Potential Assessment Guide; SAND2010-0815"}, "ce:source-text": "Eyer, J.; Corey, G. Energy Storage for the Electricity Grid: Benefits and Market Potential Assessment Guide; SAND2010-0815; Sandia National Laboratories: Albuquerqu, NM, USA, 2010."}, {"ref-fulltext": "Abrams, A.; Fioravanti, R.; Harrison, J.; Katzenstein, W.; Kleinberg, M.; Lahiri, S.; Vartanian, C. Energy Storage Cost Effectiveness Methodology and Preliminary Results; California Energy Commission: Sacramento, CA, USA, 2013.", "@id": "13", "ref-info": {"ref-publicationyear": {"@first": "2013"}, "refd-itemidlist": {"itemid": {"$": "84909635686", "@idtype": "SGR"}}, "ref-text": "California Energy Commission: Sacramento, CA, USA", "ref-authors": {"author": [{"@seq": "1", "ce:initials": "A.", "@_fa": "true", "ce:surname": "Abrams", "ce:indexed-name": "Abrams A."}, {"@seq": "2", "ce:initials": "R.", "@_fa": "true", "ce:surname": "Fioravanti", "ce:indexed-name": "Fioravanti R."}, {"@seq": "3", "ce:initials": "J.", "@_fa": "true", "ce:surname": "Harrison", "ce:indexed-name": "Harrison J."}, {"@seq": "4", "ce:initials": "W.", "@_fa": "true", "ce:surname": "Katzenstein", "ce:indexed-name": "Katzenstein W."}, {"@seq": "5", "ce:initials": "M.", "@_fa": "true", "ce:surname": "Kleinberg", "ce:indexed-name": "Kleinberg M."}, {"@seq": "6", "ce:initials": "S.", "@_fa": "true", "ce:surname": "Lahiri", "ce:indexed-name": "Lahiri S."}, {"@seq": "7", "ce:initials": "C.", "@_fa": "true", "ce:surname": "Vartanian", "ce:indexed-name": "Vartanian C."}]}, "ref-sourcetitle": "Energy Storage Cost Effectiveness Methodology and Preliminary Results"}, "ce:source-text": "Abrams, A.; Fioravanti, R.; Harrison, J.; Katzenstein, W.; Kleinberg, M.; Lahiri, S.; Vartanian, C. Energy Storage Cost Effectiveness Methodology and Preliminary Results; California Energy Commission: Sacramento, CA, USA, 2013."}, {"ref-fulltext": "Chen, C.; Duan, S.; Cai, T.; Liu, B. Optimal allocation and economic analysis of energy storage system in microgrids. IEEE Trans. Power Electron. 2011, 26, 2762\u20132773. [CrossRef]", "@id": "14", "ref-info": {"ref-publicationyear": {"@first": "2011"}, "ref-title": {"ref-titletext": "Optimal allocation and economic analysis of energy storage system in microgrids"}, "refd-itemidlist": {"itemid": {"$": "80053618733", "@idtype": "SGR"}}, "ref-volisspag": {"voliss": {"@volume": "26"}, "pagerange": {"@first": "2762", "@last": "2773"}}, "ref-authors": {"author": [{"@seq": "1", "ce:initials": "C.", "@_fa": "true", "ce:surname": "Chen", "ce:indexed-name": "Chen C."}, {"@seq": "2", "ce:initials": "S.", "@_fa": "true", "ce:surname": "Duan", "ce:indexed-name": "Duan S."}, {"@seq": "3", "ce:initials": "T.", "@_fa": "true", "ce:surname": "Cai", "ce:indexed-name": "Cai T."}, {"@seq": "4", "ce:initials": "B.", "@_fa": "true", "ce:surname": "Liu", "ce:indexed-name": "Liu B."}]}, "ref-sourcetitle": "IEEE Trans. Power Electron."}, "ce:source-text": "Chen, C.; Duan, S.; Cai, T.; Liu, B. Optimal allocation and economic analysis of energy storage system in microgrids. IEEE Trans. Power Electron. 2011, 26, 2762\u20132773. [CrossRef]"}, {"ref-fulltext": "Xu, X.; Bishop, M.; Oikarinen, D.G.; Hao, C. Application and modeling of battery energy storage in power systems. CSEE J. Power Energy Syst. 2016, 2, 82\u201390. [CrossRef]", "@id": "15", "ref-info": {"ref-publicationyear": {"@first": "2016"}, "ref-title": {"ref-titletext": "Application and modeling of battery energy storage in power systems"}, "refd-itemidlist": {"itemid": {"$": "84992682470", "@idtype": "SGR"}}, "ref-volisspag": {"voliss": {"@volume": "2"}, "pagerange": {"@first": "82", "@last": "90"}}, "ref-authors": {"author": [{"@seq": "1", "ce:initials": "X.", "@_fa": "true", "ce:surname": "Xu", "ce:indexed-name": "Xu X."}, {"@seq": "2", "ce:initials": "M.", "@_fa": "true", "ce:surname": "Bishop", "ce:indexed-name": "Bishop M."}, {"@seq": "3", "ce:initials": "D.G.", "@_fa": "true", "ce:surname": "Oikarinen", "ce:indexed-name": "Oikarinen D.G."}, {"@seq": "4", "ce:initials": "C.", "@_fa": "true", "ce:surname": "Hao", "ce:indexed-name": "Hao C."}]}, "ref-sourcetitle": "CSEE J. Power Energy Syst."}, "ce:source-text": "Xu, X.; Bishop, M.; Oikarinen, D.G.; Hao, C. Application and modeling of battery energy storage in power systems. CSEE J. Power Energy Syst. 2016, 2, 82\u201390. [CrossRef]"}, {"ref-fulltext": "Atwa, Y.M.; El-Saadany, E.F. Optimal allocation of ESS in distribution systems with a high penetration of wind energy. IEEE Trans. Power Syst. 2010, 25, 1815\u20131822. [CrossRef]", "@id": "16", "ref-info": {"ref-publicationyear": {"@first": "2010"}, "ref-title": {"ref-titletext": "Optimal allocation of ESS in distribution systems with a high penetration of wind energy"}, "refd-itemidlist": {"itemid": {"$": "77958502188", "@idtype": "SGR"}}, "ref-volisspag": {"voliss": {"@volume": "25"}, "pagerange": {"@first": "1815", "@last": "1822"}}, "ref-authors": {"author": [{"@seq": "1", "ce:initials": "Y.M.", "@_fa": "true", "ce:surname": "Atwa", "ce:indexed-name": "Atwa Y.M."}, {"@seq": "2", "ce:initials": "E.F.", "@_fa": "true", "ce:surname": "El-Saadany", "ce:indexed-name": "El-Saadany E.F."}]}, "ref-sourcetitle": "IEEE Trans. Power Syst."}, "ce:source-text": "Atwa, Y.M.; El-Saadany, E.F. Optimal allocation of ESS in distribution systems with a high penetration of wind energy. IEEE Trans. Power Syst. 2010, 25, 1815\u20131822. [CrossRef]"}, {"ref-fulltext": "Barton, J.P.; Infield, D.G. Energy storage and its use with intermittent renewable energy. IEEE Trans. Energy Convers. 2004, 19, 441\u2013448. [CrossRef]", "@id": "17", "ref-info": {"ref-publicationyear": {"@first": "2004"}, "ref-title": {"ref-titletext": "Energy storage and its use with intermittent renewable energy"}, "refd-itemidlist": {"itemid": {"$": "2942628880", "@idtype": "SGR"}}, "ref-volisspag": {"voliss": {"@volume": "19"}, "pagerange": {"@first": "441", "@last": "448"}}, "ref-authors": {"author": [{"@seq": "1", "ce:initials": "J.P.", "@_fa": "true", "ce:surname": "Barton", "ce:indexed-name": "Barton J.P."}, {"@seq": "2", "ce:initials": "D.G.", "@_fa": "true", "ce:surname": "Infield", "ce:indexed-name": "Infield D.G."}]}, "ref-sourcetitle": "IEEE Trans. Energy Convers."}, "ce:source-text": "Barton, J.P.; Infield, D.G. Energy storage and its use with intermittent renewable energy. IEEE Trans. Energy Convers. 2004, 19, 441\u2013448. [CrossRef]"}, {"ref-fulltext": "Hill, C.A.; Such, M.C.; Chen, D.; Gonzalez, J.; Grady, W.M. Battery energy storage for enabling integration of distributed solar power generation. IEEE Trans. Smart Grid 2012, 3, 850\u2013857. [CrossRef]", "@id": "18", "ref-info": {"ref-publicationyear": {"@first": "2012"}, "ref-title": {"ref-titletext": "Battery energy storage for enabling integration of distributed solar power generation"}, "refd-itemidlist": {"itemid": {"$": "84861852647", "@idtype": "SGR"}}, "ref-volisspag": {"voliss": {"@volume": "3"}, "pagerange": {"@first": "850", "@last": "857"}}, "ref-authors": {"author": [{"@seq": "1", "ce:initials": "C.A.", "@_fa": "true", "ce:surname": "Hill", "ce:indexed-name": "Hill C.A."}, {"@seq": "2", "ce:initials": "M.C.", "@_fa": "true", "ce:surname": "Such", "ce:indexed-name": "Such M.C."}, {"@seq": "3", "ce:initials": "D.", "@_fa": "true", "ce:surname": "Chen", "ce:indexed-name": "Chen D."}, {"@seq": "4", "ce:initials": "J.", "@_fa": "true", "ce:surname": "Gonzalez", "ce:indexed-name": "Gonzalez J."}, {"@seq": "5", "ce:initials": "W.M.", "@_fa": "true", "ce:surname": "Grady", "ce:indexed-name": "Grady W.M."}]}, "ref-sourcetitle": "IEEE Trans. Smart Grid"}, "ce:source-text": "Hill, C.A.; Such, M.C.; Chen, D.; Gonzalez, J.; Grady, W.M. Battery energy storage for enabling integration of distributed solar power generation. IEEE Trans. Smart Grid 2012, 3, 850\u2013857. [CrossRef]"}, {"ref-fulltext": "Wang, G.; Ciobotaru, M.; Agelidis, V.G. Power management for improved dispatch of utility-scale PV plants. IEEE Trans. Power Syst. 2016, 31, 2297\u20132306. [CrossRef]", "@id": "19", "ref-info": {"ref-publicationyear": {"@first": "2016"}, "ref-title": {"ref-titletext": "Power management for improved dispatch of utility-scale PV plants"}, "refd-itemidlist": {"itemid": {"$": "84939166470", "@idtype": "SGR"}}, "ref-volisspag": {"voliss": {"@volume": "31"}, "pagerange": {"@first": "2297", "@last": "2306"}}, "ref-authors": {"author": [{"@seq": "1", "ce:initials": "G.", "@_fa": "true", "ce:surname": "Wang", "ce:indexed-name": "Wang G."}, {"@seq": "2", "ce:initials": "M.", "@_fa": "true", "ce:surname": "Ciobotaru", "ce:indexed-name": "Ciobotaru M."}, {"@seq": "3", "ce:initials": "V.G.", "@_fa": "true", "ce:surname": "Agelidis", "ce:indexed-name": "Agelidis V.G."}]}, "ref-sourcetitle": "IEEE Trans. Power Syst."}, "ce:source-text": "Wang, G.; Ciobotaru, M.; Agelidis, V.G. Power management for improved dispatch of utility-scale PV plants. IEEE Trans. Power Syst. 2016, 31, 2297\u20132306. [CrossRef]"}, {"ref-fulltext": "Bass, R.B.; Carr, J.; Aguilar, J.; Whitener, K. Determining the power and energy capacities of a battery energy storage system to accommodate high photovoltaic penetration on a distribution feeder. IEEE Power Energy Technol. Syst. J. 2016, 3, 119\u2013127. [CrossRef]", "@id": "20", "ref-info": {"ref-publicationyear": {"@first": "2016"}, "ref-title": {"ref-titletext": "Determining the power and energy capacities of a battery energy storage system to accommodate high photovoltaic penetration on a distribution feeder"}, "refd-itemidlist": {"itemid": {"$": "85019762780", "@idtype": "SGR"}}, "ref-volisspag": {"voliss": {"@volume": "3"}, "pagerange": {"@first": "119", "@last": "127"}}, "ref-authors": {"author": [{"@seq": "1", "ce:initials": "R.B.", "@_fa": "true", "ce:surname": "Bass", "ce:indexed-name": "Bass R.B."}, {"@seq": "2", "ce:initials": "J.", "@_fa": "true", "ce:surname": "Carr", "ce:indexed-name": "Carr J."}, {"@seq": "3", "ce:initials": "J.", "@_fa": "true", "ce:surname": "Aguilar", "ce:indexed-name": "Aguilar J."}, {"@seq": "4", "ce:initials": "K.", "@_fa": "true", "ce:surname": "Whitener", "ce:indexed-name": "Whitener K."}]}, "ref-sourcetitle": "IEEE Power Energy Technol. Syst. J."}, "ce:source-text": "Bass, R.B.; Carr, J.; Aguilar, J.; Whitener, K. Determining the power and energy capacities of a battery energy storage system to accommodate high photovoltaic penetration on a distribution feeder. IEEE Power Energy Technol. Syst. J. 2016, 3, 119\u2013127. [CrossRef]"}, {"ref-fulltext": "Yang, Y.; Li, H.; Aichhorn, A.; Zheng, J.; Greenleaf, M. Sizing strategy of distributed battery storage system with high penetration of photovoltaic for voltage regulation and peak load shaving. IEEE Trans. Smart Grid 2014, 5, 982\u2013991. [CrossRef]", "@id": "21", "ref-info": {"ref-publicationyear": {"@first": "2014"}, "ref-title": {"ref-titletext": "Sizing strategy of distributed battery storage system with high penetration of photovoltaic for voltage regulation and peak load shaving"}, "refd-itemidlist": {"itemid": {"$": "84897631898", "@idtype": "SGR"}}, "ref-volisspag": {"voliss": {"@volume": "5"}, "pagerange": {"@first": "982", "@last": "991"}}, "ref-authors": {"author": [{"@seq": "1", "ce:initials": "Y.", "@_fa": "true", "ce:surname": "Yang", "ce:indexed-name": "Yang Y."}, {"@seq": "2", "ce:initials": "H.", "@_fa": "true", "ce:surname": "Li", "ce:indexed-name": "Li H."}, {"@seq": "3", "ce:initials": "A.", "@_fa": "true", "ce:surname": "Aichhorn", "ce:indexed-name": "Aichhorn A."}, {"@seq": "4", "ce:initials": "J.", "@_fa": "true", "ce:surname": "Zheng", "ce:indexed-name": "Zheng J."}, {"@seq": "5", "ce:initials": "M.", "@_fa": "true", "ce:surname": "Greenleaf", "ce:indexed-name": "Greenleaf M."}]}, "ref-sourcetitle": "IEEE Trans. Smart Grid"}, "ce:source-text": "Yang, Y.; Li, H.; Aichhorn, A.; Zheng, J.; Greenleaf, M. Sizing strategy of distributed battery storage system with high penetration of photovoltaic for voltage regulation and peak load shaving. IEEE Trans. Smart Grid 2014, 5, 982\u2013991. [CrossRef]"}, {"ref-fulltext": "Gantz, J.M.; Amin, S.M.; Giacomoni, A.M. Optimal mix and placement of energy storage systems in power distribution networks for reduced outage costs. In Proceedings of the IEEE Energy Conversion Congress and Exposition, Raleigh, NC, USA, 15\u201320 September 2012; pp. 2447\u20132453.", "@id": "22", "ref-info": {"ref-title": {"ref-titletext": "Optimal mix and placement of energy storage systems in power distribution networks for reduced outage costs"}, "refd-itemidlist": {"itemid": {"$": "84870897936", "@idtype": "SGR"}}, "ref-volisspag": {"pagerange": {"@first": "2447", "@last": "2453"}}, "ref-text": "Raleigh, NC, USA, 15\u201320 September 2012", "ref-authors": {"author": [{"@seq": "1", "ce:initials": "J.M.", "@_fa": "true", "ce:surname": "Gantz", "ce:indexed-name": "Gantz J.M."}, {"@seq": "2", "ce:initials": "S.M.", "@_fa": "true", "ce:surname": "Amin", "ce:indexed-name": "Amin S.M."}, {"@seq": "3", "ce:initials": "A.M.", "@_fa": "true", "ce:surname": "Giacomoni", "ce:indexed-name": "Giacomoni A.M."}]}, "ref-sourcetitle": "Proceedings of the IEEE Energy Conversion Congress and Exposition"}, "ce:source-text": "Gantz, J.M.; Amin, S.M.; Giacomoni, A.M. Optimal mix and placement of energy storage systems in power distribution networks for reduced outage costs. In Proceedings of the IEEE Energy Conversion Congress and Exposition, Raleigh, NC, USA, 15\u201320 September 2012; pp. 2447\u20132453."}, {"ref-fulltext": "Wang, Y.; Tan, K.T.; Peng, X.Y.; So, P.L. Coordinated control of distributed energy-storage systems for voltage regulation in distribution networks. IEEE Trans. Power Deliv. 2016, 31, 1132\u20131141. [CrossRef]", "@id": "23", "ref-info": {"ref-publicationyear": {"@first": "2016"}, "ref-title": {"ref-titletext": "Coordinated control of distributed energy-storage systems for voltage regulation in distribution networks"}, "refd-itemidlist": {"itemid": {"$": "84971393443", "@idtype": "SGR"}}, "ref-volisspag": {"voliss": {"@volume": "31"}, "pagerange": {"@first": "1132", "@last": "1141"}}, "ref-authors": {"author": [{"@seq": "1", "ce:initials": "Y.", "@_fa": "true", "ce:surname": "Wang", "ce:indexed-name": "Wang Y."}, {"@seq": "2", "ce:initials": "K.T.", "@_fa": "true", "ce:surname": "Tan", "ce:indexed-name": "Tan K.T."}, {"@seq": "3", "ce:initials": "X.Y.", "@_fa": "true", "ce:surname": "Peng", "ce:indexed-name": "Peng X.Y."}, {"@seq": "4", "ce:initials": "P.L.", "@_fa": "true", "ce:surname": "So", "ce:indexed-name": "So P.L."}]}, "ref-sourcetitle": "IEEE Trans. Power Deliv."}, "ce:source-text": "Wang, Y.; Tan, K.T.; Peng, X.Y.; So, P.L. Coordinated control of distributed energy-storage systems for voltage regulation in distribution networks. IEEE Trans. Power Deliv. 2016, 31, 1132\u20131141. [CrossRef]"}, {"ref-fulltext": "Han, Y.; Young, P.M.; Jain, A.; Zimmerle, D. Robust control for microgrid frequency deviation reduction with attached storage system. IEEE Trans. Smart Grid 2015, 6, 557\u2013565. [CrossRef]", "@id": "24", "ref-info": {"ref-publicationyear": {"@first": "2015"}, "ref-title": {"ref-titletext": "Robust control for microgrid frequency deviation reduction with attached storage system"}, "refd-itemidlist": {"itemid": {"$": "85027955703", "@idtype": "SGR"}}, "ref-volisspag": {"voliss": {"@volume": "6"}, "pagerange": {"@first": "557", "@last": "565"}}, "ref-authors": {"author": [{"@seq": "1", "ce:initials": "Y.", "@_fa": "true", "ce:surname": "Han", "ce:indexed-name": "Han Y."}, {"@seq": "2", "ce:initials": "P.M.", "@_fa": "true", "ce:surname": "Young", "ce:indexed-name": "Young P.M."}, {"@seq": "3", "ce:initials": "A.", "@_fa": "true", "ce:surname": "Jain", "ce:indexed-name": "Jain A."}, {"@seq": "4", "ce:initials": "D.", "@_fa": "true", "ce:surname": "Zimmerle", "ce:indexed-name": "Zimmerle D."}]}, "ref-sourcetitle": "IEEE Trans. Smart Grid"}, "ce:source-text": "Han, Y.; Young, P.M.; Jain, A.; Zimmerle, D. Robust control for microgrid frequency deviation reduction with attached storage system. IEEE Trans. Smart Grid 2015, 6, 557\u2013565. [CrossRef]"}, {"ref-fulltext": "Kim, Y.; Del-Rosario-Calaf, G.; Norford, L.K. Analysis and experimental implementation of grid frequency regulation using behind-the-meter batteries compensating for fast load demand variations. IEEE Trans. Power Syst. 2017, 32, 484\u2013498. [CrossRef]", "@id": "25", "ref-info": {"ref-publicationyear": {"@first": "2017"}, "ref-title": {"ref-titletext": "Analysis and experimental implementation of grid frequency regulation using behind-the-meter batteries compensating for fast load demand variations"}, "refd-itemidlist": {"itemid": {"$": "85008646198", "@idtype": "SGR"}}, "ref-volisspag": {"voliss": {"@volume": "32"}, "pagerange": {"@first": "484", "@last": "498"}}, "ref-authors": {"author": [{"@seq": "1", "ce:initials": "Y.", "@_fa": "true", "ce:surname": "Kim", "ce:indexed-name": "Kim Y."}, {"@seq": "2", "ce:initials": "G.", "@_fa": "true", "ce:surname": "Del-Rosario-calaf", "ce:indexed-name": "Del-Rosario-calaf G."}, {"@seq": "3", "ce:initials": "L.K.", "@_fa": "true", "ce:surname": "Norford", "ce:indexed-name": "Norford L.K."}]}, "ref-sourcetitle": "IEEE Trans. Power Syst."}, "ce:source-text": "Kim, Y.; Del-Rosario-Calaf, G.; Norford, L.K. Analysis and experimental implementation of grid frequency regulation using behind-the-meter batteries compensating for fast load demand variations. IEEE Trans. Power Syst. 2017, 32, 484\u2013498. [CrossRef]"}, {"ref-fulltext": "U.S. Department of Energy. Grid Energy Storage. Available online: http://www.sandia.gov/ess/docs/other/Grid_Energy_Storage_Dec_2013.pdf (accessed on 24th February 2017).", "@id": "26", "ref-info": {"ref-website": {"ce:e-address": {"$": "http://www.sandia.gov/ess/docs/other/Grid_Energy_Storage_Dec_2013.pdf", "@type": "email"}}, "refd-itemidlist": {"itemid": {"$": "84904662793", "@idtype": "SGR"}}, "ref-text": "accessed on 24th February 2017", "ref-authors": {"collaboration": {"@seq": "1", "ce:text": "U.S. Department of Energy", "ce:indexed-name": "U.S. Department of Energy"}}, "ref-sourcetitle": "Grid Energy Storage"}, "ce:source-text": "U.S. Department of Energy. Grid Energy Storage. Available online: http://www.sandia.gov/ess/docs/other/Grid_Energy_Storage_Dec_2013.pdf (accessed on 24th February 2017)."}, {"ref-fulltext": "Bender, D.; Byrne, R.; Borneo, D. ARRA Energy Storage Demonstration Projects: Lessons Learned and Recommendations; SAND2015-5242; Sandia National Laboratories: Albuquerque, NM, USA, 2015.", "@id": "27", "ref-info": {"ref-publicationyear": {"@first": "2015"}, "refd-itemidlist": {"itemid": {"$": "85002483656", "@idtype": "SGR"}}, "ref-text": "Sandia National Laboratories: Albuquerque, NM, USA", "ref-authors": {"author": [{"@seq": "1", "ce:initials": "D.", "@_fa": "true", "ce:surname": "Bender", "ce:indexed-name": "Bender D."}, {"@seq": "2", "ce:initials": "R.", "@_fa": "true", "ce:surname": "Byrne", "ce:indexed-name": "Byrne R."}, {"@seq": "3", "ce:initials": "D.", "@_fa": "true", "ce:surname": "Borneo", "ce:indexed-name": "Borneo D."}]}, "ref-sourcetitle": "ARRA Energy Storage Demonstration Projects: Lessons Learned and Recommendations; SAND2015-5242"}, "ce:source-text": "Bender, D.; Byrne, R.; Borneo, D. ARRA Energy Storage Demonstration Projects: Lessons Learned and Recommendations; SAND2015-5242; Sandia National Laboratories: Albuquerque, NM, USA, 2015."}, {"ref-fulltext": "Dugan, R.C. The Open Distribution System Simulator\u2122 (OpenDSS), Reference Guide; Electric Power Research Institute, Inc.: Palo Alto, CA, USA, 2012.", "@id": "28", "ref-info": {"ref-publicationyear": {"@first": "2012"}, "refd-itemidlist": {"itemid": {"$": "79958794153", "@idtype": "SGR"}}, "ref-text": "Electric Power Research Institute, Inc.: Palo Alto, CA, USA", "ref-authors": {"author": [{"@seq": "1", "ce:initials": "R.C.", "@_fa": "true", "ce:surname": "Dugan", "ce:indexed-name": "Dugan R.C."}]}, "ref-sourcetitle": "The Open Distribution System Simulator\u2122 (Opendss), Reference Guide"}, "ce:source-text": "Dugan, R.C. The Open Distribution System Simulator\u2122 (OpenDSS), Reference Guide; Electric Power Research Institute, Inc.: Palo Alto, CA, USA, 2012."}, {"ref-fulltext": "Smart Grid Resource Center. Electric Power Research Institute. Available online: http://smartgrid.epri. com/SimulationTool.aspx (accessed on 24th February 2017).", "@id": "29", "ref-info": {"ref-website": {"ce:e-address": {"$": "http://smartgrid.epri.com/SimulationTool.aspx", "@type": "email"}}, "refd-itemidlist": {"itemid": {"$": "84890864826", "@idtype": "SGR"}}, "ref-text": "accessed on 24th February 2017", "ref-authors": {"collaboration": {"@seq": "1", "ce:text": "Smart Grid Resource Center", "ce:indexed-name": "Smart Grid Resource Center"}}, "ref-sourcetitle": "Electric Power Research Institute"}, "ce:source-text": "Smart Grid Resource Center. Electric Power Research Institute. Available online: http://smartgrid.epri. com/SimulationTool.aspx (accessed on 24th February 2017)."}, {"ref-fulltext": "Reno, M.J.; Coogan, K. Grid Integrated Distributed PV (GridPV) Version 2; SAND2014-20141; Sandia National Laboratories: Albuquerque, NM, USA, 2014.", "@id": "30", "ref-info": {"ref-publicationyear": {"@first": "2014"}, "refd-itemidlist": {"itemid": {"$": "84931270570", "@idtype": "SGR"}}, "ref-text": "Sandia National Laboratories: Albuquerque, NM, USA", "ref-authors": {"author": [{"@seq": "1", "ce:initials": "M.J.", "@_fa": "true", "ce:surname": "Reno", "ce:indexed-name": "Reno M.J."}, {"@seq": "2", "ce:initials": "K.", "@_fa": "true", "ce:surname": "Coogan", "ce:indexed-name": "Coogan K."}]}, "ref-sourcetitle": "Grid Integrated Distributed PV (Gridpv) Version 2; SAND2014-20141"}, "ce:source-text": "Reno, M.J.; Coogan, K. Grid Integrated Distributed PV (GridPV) Version 2; SAND2014-20141; Sandia National Laboratories: Albuquerque, NM, USA, 2014."}, {"ref-fulltext": "Chirapongsananurak, P.; Dubey, A.; Jothibasu, S.; Santoso, S.; Maitra, A. Stacked benefit applications of energy storage systems in distribution circuits. In Proceedings of the IEEE PES General Meeting, Chicago, IL, USA, 16-20 July 2017. accepted.", "@id": "31", "ref-info": {"ref-title": {"ref-titletext": "Stacked benefit applications of energy storage systems in distribution circuits"}, "refd-itemidlist": {"itemid": {"$": "85068026282", "@idtype": "SGR"}}, "ref-text": "Chicago, IL, USA, 16-20 July 2017. accepted", "ref-authors": {"author": [{"@seq": "1", "ce:initials": "P.", "@_fa": "true", "ce:surname": "Chirapongsananurak", "ce:indexed-name": "Chirapongsananurak P."}, {"@seq": "2", "ce:initials": "A.", "@_fa": "true", "ce:surname": "Dubey", "ce:indexed-name": "Dubey A."}, {"@seq": "3", "ce:initials": "S.", "@_fa": "true", "ce:surname": "Jothibasu", "ce:indexed-name": "Jothibasu S."}, {"@seq": "4", "ce:initials": "S.", "@_fa": "true", "ce:surname": "Santoso", "ce:indexed-name": "Santoso S."}, {"@seq": "5", "ce:initials": "A.", "@_fa": "true", "ce:surname": "Maitra", "ce:indexed-name": "Maitra A."}]}, "ref-sourcetitle": "Proceedings of the IEEE PES General Meeting"}, "ce:source-text": "Chirapongsananurak, P.; Dubey, A.; Jothibasu, S.; Santoso, S.; Maitra, A. Stacked benefit applications of energy storage systems in distribution circuits. In Proceedings of the IEEE PES General Meeting, Chicago, IL, USA, 16-20 July 2017. accepted."}, {"ref-fulltext": "Ancillary Services. PJM. Available online: http://www.pjm.com/markets-and-operations/ancillary-services.aspx (accessed on 24th February 2017).", "@id": "32", "ref-info": {"ref-website": {"ce:e-address": {"$": "http://www.pjm.com/markets-and-operations/ancillary-services.aspx", "@type": "email"}}, "refd-itemidlist": {"itemid": {"$": "85068093942", "@idtype": "SGR"}}, "ref-text": "accessed on 24th February 2017", "ref-authors": {"collaboration": {"@seq": "1", "ce:text": "Ancillary Services", "ce:indexed-name": "Ancillary Services"}}, "ref-sourcetitle": "PJM"}, "ce:source-text": "Ancillary Services. PJM. Available online: http://www.pjm.com/markets-and-operations/ancillary-services.aspx (accessed on 24th February 2017)."}, {"ref-fulltext": "American National Standard for Electric Power Systems and Equipment\u2014Voltage Ratings (60 Hz); ANSI C84.1-2011; National Electrical Manufacturers Association: Rosslyn, VA, USA, 2011.", "@id": "33", "ref-info": {"ref-publicationyear": {"@first": "2011"}, "refd-itemidlist": {"itemid": {"$": "85068067108", "@idtype": "SGR"}}, "ref-text": "National Electrical Manufacturers Association: Rosslyn, VA, USA", "ref-authors": {"collaboration": {"@seq": "1", "ce:text": "American National Standard for Electric Power Systems and Equipment\u2014Voltage Ratings (60 Hz)", "ce:indexed-name": "American National Standard for Electric Power Systems and Equipment-Voltage Ratings (60 Hz)"}}, "ref-sourcetitle": "ANSI C84.1-2011"}, "ce:source-text": "American National Standard for Electric Power Systems and Equipment\u2014Voltage Ratings (60 Hz); ANSI C84.1-2011; National Electrical Manufacturers Association: Rosslyn, VA, USA, 2011."}]}}}}, "affiliation": [{"affiliation-city": "Pullman", "@id": "60160236", "affilname": "Voiland College of Engineering and Architecture", "@href": "https://api.elsevier.com/content/affiliation/affiliation_id/60160236", "affiliation-country": "United States"}, {"affiliation-city": "Austin", "@id": "60150401", "affilname": "Cockrell School of Engineering", "@href": "https://api.elsevier.com/content/affiliation/affiliation_id/60150401", "affiliation-country": "United States"}, {"affiliation-city": "Bangkok", "@id": "60028190", "affilname": "Chulalongkorn University", "@href": "https://api.elsevier.com/content/affiliation/affiliation_id/60028190", "affiliation-country": "Thailand"}], "coredata": {"srctype": "j", "prism:issueIdentifier": "2", "eid": "2-s2.0-85066010054", "dc:description": "This paper presents a planning framework for integrating energy storage (ES) systems into the distribution system. An ES system is deployed to simultaneously provide multiple benefits, also known as stacked-benefits, for the feeder. The primary and secondary application scenarios for the feeder are identified. The proposed ES deployment approach includes the following steps: (1) size the ES system for primary application; (2) identify optimal ES locations based on both primary and secondary application scenarios; (3) calculate the ES accommodation capacity for each potential location; and (4) develop control methods for ES units and conduct grid impact analysis to demonstrate ES applications. For the selected feeder, the primary application for ES deployment is to provide the N-1 contingency requirement. During normal operating conditions, ES is programmed for multiple secondary applications: voltage management and ancillary services by frequency regulation. A probabilistic approach is presented to obtain the optimal ES size for providing the N-1 contingency requirement. Optimal ES locations are obtained based on secondary application scenarios. Real and reactive power control methods are developed to demonstrate the viability of deploying an ES system for simultaneously providing multiple applications. The simulation results show that ES can successfully provide the stacked-benefits for the distribution circuit. The proposed framework is generic and can be employed for the ES integration analysis of any feeder, with different sets of primary and secondary applications.", "prism:coverDate": "2017-06-01", "prism:aggregationType": "Journal", "prism:url": "https://api.elsevier.com/content/abstract/scopus_id/85066010054", "subtypeDescription": "Article", "dc:creator": {"author": [{"ce:given-name": "Anamika", "preferred-name": {"ce:given-name": "Anamika", "ce:initials": "A.", "ce:surname": "Dubey", "ce:indexed-name": "Dubey A."}, "@seq": "1", "ce:initials": "A.", "@_fa": "true", "affiliation": {"@id": "60160236", "@href": "https://api.elsevier.com/content/affiliation/affiliation_id/60160236"}, "ce:surname": "Dubey", "@auid": "55512080600", "author-url": "https://api.elsevier.com/content/author/author_id/55512080600", "ce:indexed-name": "Dubey A."}]}, "link": [{"@_fa": "true", "@rel": "self", "@href": "https://api.elsevier.com/content/abstract/scopus_id/85066010054"}, {"@_fa": "true", "@rel": "scopus", "@href": "https://www.scopus.com/inward/record.uri?partnerID=HzOxMe3b&scp=85066010054&origin=inward"}, {"@_fa": "true", "@rel": "scopus-citedby", "@href": "https://www.scopus.com/inward/citedby.uri?partnerID=HzOxMe3b&scp=85066010054&origin=inward"}], "prism:publicationName": "Inventions", "source-id": "21100913562", "citedby-count": "3", "prism:volume": "2", "subtype": "ar", "dc:title": "A framework for stacked-benefit analysis of distribution-level energy storage deployment", "openaccess": "1", "openaccessFlag": "true", "prism:doi": "10.3390/inventions2020006", "prism:issn": "24115134", "publishercopyright": "\u00a9 2017 by the authors. Licensee MDPI, Basel, Switzerland.", "article-number": "6", "dc:identifier": "SCOPUS_ID:85066010054", "dc:publisher": "MDPI Multidisciplinary Digital Publishing Institutesupport@mdpi.com"}, "idxterms": null, "language": {"@xml:lang": "eng"}, "authkeywords": {"author-keyword": [{"@_fa": "true", "$": "Distributed energy resources (DERs)"}, {"@_fa": "true", "$": "Energy storage (ES)"}, {"@_fa": "true", "$": "Photovoltaic system (PV)"}, {"@_fa": "true", "$": "Power distribution system"}, {"@_fa": "true", "$": "Smart grid"}]}, "subject-areas": {"subject-area": [{"@_fa": "true", "$": "Engineering (all)", "@code": "2200", "@abbrev": "ENGI"}]}, "authors": {"author": [{"ce:given-name": "Anamika", "preferred-name": {"ce:given-name": "Anamika", "ce:initials": "A.", "ce:surname": "Dubey", "ce:indexed-name": "Dubey A."}, "@seq": "1", "ce:initials": "A.", "@_fa": "true", "affiliation": {"@id": "60160236", "@href": "https://api.elsevier.com/content/affiliation/affiliation_id/60160236"}, "ce:surname": "Dubey", "@auid": "55512080600", "author-url": "https://api.elsevier.com/content/author/author_id/55512080600", "ce:indexed-name": "Dubey A."}, {"ce:given-name": "Pisitpol", "preferred-name": {"ce:given-name": "Pisitpol", "ce:initials": "P.", "ce:surname": "Chirapongsananurak", "ce:indexed-name": "Chirapongsananurak P."}, "@seq": "2", "ce:initials": "P.", "@_fa": "true", "affiliation": {"@id": "60028190", "@href": "https://api.elsevier.com/content/affiliation/affiliation_id/60028190"}, "ce:surname": "Chirapongsananurak", "@auid": "36185160400", "author-url": "https://api.elsevier.com/content/author/author_id/36185160400", "ce:indexed-name": "Chirapongsananurak P."}, {"ce:given-name": "Surya", "preferred-name": {"ce:given-name": "Surya", "ce:initials": "S.", "ce:surname": "Santoso", "ce:indexed-name": "Santoso S."}, "@seq": "3", "ce:initials": "S.", "@_fa": "true", "affiliation": {"@id": "60150401", "@href": "https://api.elsevier.com/content/affiliation/affiliation_id/60150401"}, "ce:surname": "Santoso", "@auid": "55512476900", "author-url": "https://api.elsevier.com/content/author/author_id/55512476900", "ce:indexed-name": "Santoso S."}]}}}