{"abstracts-retrieval-response": {"item": {"ait:process-info": {"ait:status": {"@state": "update", "@type": "core", "@stage": "S300"}, "ait:date-delivered": {"@day": "23", "@timestamp": "2021-02-23T14:29:42.000042-05:00", "@year": "2021", "@month": "02"}, "ait:date-sort": {"@day": "01", "@year": "2017", "@month": "12"}}, "xocs:meta": {"xocs:funding-list": {"@pui-match": "primary", "@has-funding-info": "1", "xocs:funding": [{"xocs:funding-agency-matched-string": "Thammasat University Research Fund"}, {"xocs:funding-agency-matched-string": "TU", "xocs:funding-agency-acronym": "TU", "xocs:funding-agency": "Thammasat University", "xocs:funding-id": "2/10/2560", "xocs:funding-agency-id": "http://data.elsevier.com/vocabulary/SciValFunders/501100005790", "xocs:funding-agency-country": "http://sws.geonames.org/1605651/"}], "xocs:funding-addon-generated-timestamp": "2021-05-08T12:36:53.923683Z", "xocs:funding-text": "The authors gratefully acknowledge the financial support provided by the Thammasat University Research Fund under the TU Research Scholar, Contract No. ( 2/10/2560 ). The authors gratefully acknowledge the Center of Scientific Equipment for Advanced Research, Thammasat University (TU-CSEAR) for the SEM analysis.", "xocs:funding-addon-type": "http://vtw.elsevier.com/data/voc/AddOnTypes/50.7/aggregated-refined"}}, "bibrecord": {"head": {"author-group": [{"affiliation": {"country": "Thailand", "@afid": "60012521", "@country": "tha", "city": "Patumtani", "organization": [{"$": "Materials and Textile Technology"}, {"$": "Faculty of Science and Technology"}, {"$": "Thammasat University"}], "affiliation-id": {"@afid": "60012521", "@dptid": "118509309"}, "@dptid": "118509309"}, "author": [{"preferred-name": {"ce:given-name": "L.", "ce:initials": "L.", "ce:surname": "Sakwises", "ce:indexed-name": "Sakwises L."}, "@seq": "1", "ce:initials": "L.", "@_fa": "true", "@type": "auth", "ce:surname": "Sakwises", "@auid": "57194228789", "ce:indexed-name": "Sakwises L."}, {"preferred-name": {"ce:given-name": "S.", "ce:initials": "S.", "ce:surname": "Ummartyotin", "ce:indexed-name": "Ummartyotin S."}, "@seq": "3", "ce:initials": "S.", "@date-locked": "2019-04-09T14:57:40.909", "@_fa": "true", "@type": "auth", "ce:surname": "Ummartyotin", "@auid": "42361690900", "ce:indexed-name": "Ummartyotin S."}]}, {"affiliation": {"country": "Thailand", "address-part": "Soi Chula 12, Phayathai Road, Patumwan", "postal-code": "10330", "@afid": "60091507", "@country": "tha", "city": "Bangkok", "organization": [{"$": "Metallurgy and Materials Science Research Institute"}, {"$": "Chulalongkorn University"}], "affiliation-id": [{"@afid": "60091507"}, {"@afid": "60028190"}]}, "author": [{"preferred-name": {"ce:given-name": "N.", "ce:initials": "N.", "ce:surname": "Rodthongkum", "ce:indexed-name": "Rodthongkum N."}, "@seq": "2", "ce:initials": "N.", "@_fa": "true", "@type": "auth", "ce:surname": "Rodthongkum", "@auid": "26649099800", "ce:indexed-name": "Rodthongkum N."}]}], "citation-title": "SnO2- and bacterial-cellulose nanofiber-based composites as a novel platform for nickel-ion detection", "abstracts": "\u00a9 2017 Elsevier B.V.A SnO2- and bacterial-cellulose nanofiber composite was successfully prepared and used as a novel platform for Ni2 + adsorption and electrochemical detection. The as-prepared composite was characterized using X-ray diffraction, thermogravimetric analysis, scanning electron microscopy, X-ray energy dispersive spectroscopy, and atomic force microscopy techniques to evaluate its physico-chemical properties. The results show that SnO2 particles were inserted into the bacterial-cellulose surface. The obtained composite was thermally stable up to 300 \u00b0C. The bacterial cellulose acted as a nano-fibril network, and had a uniform level of roughness. In addition, the SnO2- and bacterial-cellulose composite was applied with regard to Ni2 + adsorption in an acidic solution. The results obtained indicate that the SnO2- and bacterial-cellulose-based composite could potentially be used as a new platform for Ni2 + adsorption with regard to direct electrochemical detection.", "correspondence": {"affiliation": {"country": "Thailand", "@country": "tha", "city": "Patumtani", "organization": [{"$": "Materials and Textile Technology"}, {"$": "Faculty of Science and Technology"}, {"$": "Thammasat University"}]}, "person": {"ce:initials": "S.", "ce:surname": "Ummartyotin", "ce:indexed-name": "Ummartyotin S."}}, "citation-info": {"author-keywords": {"author-keyword": [{"$": "Bacterial nanofibers", "@xml:lang": "eng"}, {"$": "Composite", "@xml:lang": "eng"}, {"$": "Ni2 +adsorption", "@xml:lang": "eng"}, {"$": "SnO2", "@xml:lang": "eng"}]}, "citation-type": {"@code": "ar"}, "citation-language": {"@language": "English", "@xml:lang": "eng"}, "abstract-language": {"@language": "English", "@xml:lang": "eng"}}, "source": {"codencode": "JMLID", "sourcetitle-abbrev": "J Mol Liq", "@country": "nld", "translated-sourcetitle": {"$": "Journal of Molecular Liquids", "@xml:lang": "eng"}, "issn": {"$": "01677322", "@type": "print"}, "volisspag": {"voliss": {"@volume": "248"}, "pagerange": {"@first": "246", "@last": "252"}}, "@type": "j", "publicationyear": {"@first": "2017"}, "publisher": {"publishername": "Elsevier B.V."}, "sourcetitle": "Journal of Molecular Liquids", "@srcid": "26965", "publicationdate": {"month": "12", "year": "2017", "date-text": "December 2017", "day": "01"}}, "enhancement": {"classificationgroup": {"classifications": [{"@type": "CPXCLASS", "classification": [{"classification-code": "548.1", "classification-description": "Nickel"}, {"classification-code": "741.3", "classification-description": "Optical Devices and Systems"}, {"classification-code": "761", "classification-description": "Nanotechnology"}, {"classification-code": "801", "classification-description": "Chemistry"}, {"classification-code": "802.3", "classification-description": "Chemical Operations"}, {"classification-code": "811.3", "classification-description": "Cellulose, Lignin and Derivatives"}, {"classification-code": "933", "classification-description": "Solid State Physics"}, {"classification-code": "951", "classification-description": "Materials Science"}]}, {"@type": "FLXCLASS", "classification": {"classification-code": "902", "classification-description": "FLUIDEX; Related Topics"}}, {"@type": "ASJC", "classification": [{"$": "2504"}, {"$": "3107"}, {"$": "3104"}, {"$": "1607"}, {"$": "1606"}, {"$": "2505"}]}, {"@type": "SUBJABBR", "classification": [{"$": "MATE"}, {"$": "PHYS"}, {"$": "CHEM"}]}]}}, "grantlist": {"@complete": "y", "grant-text": {"$": "The authors gratefully acknowledge the financial support provided by the Thammasat University Research Fund under the TU Research Scholar, Contract No. (2/10/2560). The authors gratefully acknowledge the Center of Scientific Equipment for Advanced Research, Thammasat University (TU-CSEAR) for the SEM analysis.", "@xml:lang": "eng"}, "grant": {"grant-id": "2/10/2560", "grant-acronym": "TU", "grant-agency": {"@iso-code": "tha", "$": "Thammasat University"}, "grant-agency-id": "501100005790"}}}, "item-info": {"copyright": {"$": "Copyright 2018 Elsevier B.V., All rights reserved.", "@type": "Elsevier"}, "dbcollection": [{"$": "CHEM"}, {"$": "CPX"}, {"$": "REAXYS"}, {"$": "REAXYSCAR"}, {"$": "SCOPUS"}, {"$": "Scopusbase"}], "history": {"date-created": {"@day": "16", "@timestamp": "BST 12:53:15", "@year": "2018", "@month": "03"}}, "itemidlist": {"itemid": [{"$": "618790421", "@idtype": "PUI"}, {"$": "748273199", "@idtype": "CAR-ID"}, {"$": "2017212069", "@idtype": "CHEM"}, {"$": "20174304293986", "@idtype": "CPX"}, {"$": "2017230739", "@idtype": "REAXYS"}, {"$": "20171841724", "@idtype": "REAXYSCAR"}, {"$": "20170731054", "@idtype": "SCOPUS"}, {"$": "85031791462", "@idtype": "SCP"}, {"$": "85031791462", "@idtype": "SGR"}], "ce:pii": "S0167732217338461", "ce:doi": "10.1016/j.molliq.2017.10.047"}}, "tail": {"bibliography": {"@refcount": "43", "reference": [{"ref-fulltext": "Ullah, H., et al. Advances in biomedical and pharmaceutical applications of functional bacterial cellulose-based nanocomposites. Carbohydr. Polym. 150 (2016), 330\u2013352.", "@id": "1", "ref-info": {"ref-publicationyear": {"@first": "2016"}, "ref-title": {"ref-titletext": "Advances in biomedical and pharmaceutical applications of functional bacterial cellulose-based nanocomposites"}, "refd-itemidlist": {"itemid": [{"$": "bb0005", "@idtype": "FRAGMENTID"}, {"$": "84971441773", "@idtype": "SGR"}]}, "ref-volisspag": {"voliss": {"@volume": "150"}, "pagerange": {"@first": "330", "@last": "352"}}, "ref-authors": {"author": [{"@seq": "1", "ce:initials": "H.", "@_fa": "true", "ce:surname": "Ullah", "ce:indexed-name": "Ullah H."}], "et-al": null}, "ref-sourcetitle": "Carbohydr. Polym."}}, {"ref-fulltext": "Khalid, A., et al. Bacterial cellulose-zinc oxide nanocomposites as a novel dressing system for burn wounds. Carbohydr. Polym. 164 (2017), 214\u2013221.", "@id": "2", "ref-info": {"ref-publicationyear": {"@first": "2017"}, "ref-title": {"ref-titletext": "Bacterial cellulose-zinc oxide nanocomposites as a novel dressing system for burn wounds"}, "refd-itemidlist": {"itemid": [{"$": "bb0010", "@idtype": "FRAGMENTID"}, {"$": "85011688983", "@idtype": "SGR"}]}, "ref-volisspag": {"voliss": {"@volume": "164"}, "pagerange": {"@first": "214", "@last": "221"}}, "ref-authors": {"author": [{"@seq": "1", "ce:initials": "A.", "@_fa": "true", "ce:surname": "Khalid", "ce:indexed-name": "Khalid A."}], "et-al": null}, "ref-sourcetitle": "Carbohydr. Polym."}}, {"ref-fulltext": "Hao, X., et al. Bacterial-cellulose-derived interconnected meso-microporous carbon nanofiber networks as binder-free electrodes for high-performance supercapacitors. J. Power Sources 352 (2017), 34\u201341.", "@id": "3", "ref-info": {"ref-publicationyear": {"@first": "2017"}, "ref-title": {"ref-titletext": "Bacterial-cellulose-derived interconnected meso-microporous carbon nanofiber networks as binder-free electrodes for high-performance supercapacitors"}, "refd-itemidlist": {"itemid": [{"$": "bb0015", "@idtype": "FRAGMENTID"}, {"$": "85016240171", "@idtype": "SGR"}]}, "ref-volisspag": {"voliss": {"@volume": "352"}, "pagerange": {"@first": "34", "@last": "41"}}, "ref-authors": {"author": [{"@seq": "1", "ce:initials": "X.", "@_fa": "true", "ce:surname": "Hao", "ce:indexed-name": "Hao X."}], "et-al": null}, "ref-sourcetitle": "J. Power Sources"}}, {"ref-fulltext": "Jasim, A., et al. Fabrication of bacterial cellulose/polyaniline/single-walled carbon nanotubes membrane for potential application as biosensor. Carbohydr. Polym. 163 (2017), 62\u201369.", "@id": "4", "ref-info": {"ref-publicationyear": {"@first": "2017"}, "ref-title": {"ref-titletext": "Fabrication of bacterial cellulose/polyaniline/single-walled carbon nanotubes membrane for potential application as biosensor"}, "refd-itemidlist": {"itemid": [{"$": "bb0020", "@idtype": "FRAGMENTID"}, {"$": "85009933582", "@idtype": "SGR"}]}, "ref-volisspag": {"voliss": {"@volume": "163"}, "pagerange": {"@first": "62", "@last": "69"}}, "ref-authors": {"author": [{"@seq": "1", "ce:initials": "A.", "@_fa": "true", "ce:surname": "Jasim", "ce:indexed-name": "Jasim A."}], "et-al": null}, "ref-sourcetitle": "Carbohydr. Polym."}}, {"ref-fulltext": "Lay, M., et al. High electrical and electrochemical properties in bacterial cellulose/polypyrrole membranes. Eur. Polym. J. 91 (2017), 1\u20139.", "@id": "5", "ref-info": {"ref-publicationyear": {"@first": "2017"}, "ref-title": {"ref-titletext": "High electrical and electrochemical properties in bacterial cellulose/polypyrrole membranes"}, "refd-itemidlist": {"itemid": [{"$": "bb0025", "@idtype": "FRAGMENTID"}, {"$": "85016429448", "@idtype": "SGR"}]}, "ref-volisspag": {"voliss": {"@volume": "91"}, "pagerange": {"@first": "1", "@last": "9"}}, "ref-authors": {"author": [{"@seq": "1", "ce:initials": "M.", "@_fa": "true", "ce:surname": "Lay", "ce:indexed-name": "Lay M."}], "et-al": null}, "ref-sourcetitle": "Eur. Polym. J."}}, {"ref-fulltext": "Li, E., et al. Flexible N-doped active carbon/bacterial cellulose paper for supercapacitor electrode with high areal performance. Synth. Met. 226 (2017), 104\u2013112.", "@id": "6", "ref-info": {"ref-publicationyear": {"@first": "2017"}, "ref-title": {"ref-titletext": "Flexible N-doped active carbon/bacterial cellulose paper for supercapacitor electrode with high areal performance"}, "refd-itemidlist": {"itemid": [{"$": "bb0030", "@idtype": "FRAGMENTID"}, {"$": "85013070495", "@idtype": "SGR"}]}, "ref-volisspag": {"voliss": {"@volume": "226"}, "pagerange": {"@first": "104", "@last": "112"}}, "ref-authors": {"author": [{"@seq": "1", "ce:initials": "E.", "@_fa": "true", "ce:surname": "Li", "ce:indexed-name": "Li E."}], "et-al": null}, "ref-sourcetitle": "Synth. Met."}}, {"ref-fulltext": "Tabarsa, T., et al. Preparation and characterization of reinforced papers using nano bacterial cellulose. Int. J. Biol. Macromol. 101 (2017), 334\u2013340.", "@id": "7", "ref-info": {"ref-publicationyear": {"@first": "2017"}, "ref-title": {"ref-titletext": "Preparation and characterization of reinforced papers using nano bacterial cellulose"}, "refd-itemidlist": {"itemid": [{"$": "bb0035", "@idtype": "FRAGMENTID"}, {"$": "85016152916", "@idtype": "SGR"}]}, "ref-volisspag": {"voliss": {"@volume": "101"}, "pagerange": {"@first": "334", "@last": "340"}}, "ref-authors": {"author": [{"@seq": "1", "ce:initials": "T.", "@_fa": "true", "ce:surname": "Tabarsa", "ce:indexed-name": "Tabarsa T."}], "et-al": null}, "ref-sourcetitle": "Int. J. Biol. Macromol."}}, {"ref-fulltext": "Miyajima, N., et al. A simple synthesis method to produce metal oxide loaded carbon paper using bacterial cellulose gel and characterization of its electrochemical behavior in an aqueous electrolyte. J. Phys. Chem. Solids 91 (2016), 122\u2013127.", "@id": "8", "ref-info": {"ref-publicationyear": {"@first": "2016"}, "ref-title": {"ref-titletext": "A simple synthesis method to produce metal oxide loaded carbon paper using bacterial cellulose gel and characterization of its electrochemical behavior in an aqueous electrolyte"}, "refd-itemidlist": {"itemid": [{"$": "bb0040", "@idtype": "FRAGMENTID"}, {"$": "84961354134", "@idtype": "SGR"}]}, "ref-volisspag": {"voliss": {"@volume": "91"}, "pagerange": {"@first": "122", "@last": "127"}}, "ref-authors": {"author": [{"@seq": "1", "ce:initials": "N.", "@_fa": "true", "ce:surname": "Miyajima", "ce:indexed-name": "Miyajima N."}], "et-al": null}, "ref-sourcetitle": "J. Phys. Chem. Solids"}}, {"ref-fulltext": "Hsieh, Y.C., et al. An estimation of the Young's modulus of bacterial cellulose filaments. Cellulose 15:4 (2008), 507\u2013513.", "@id": "9", "ref-info": {"ref-publicationyear": {"@first": "2008"}, "ref-title": {"ref-titletext": "An estimation of the Young's modulus of bacterial cellulose filaments"}, "refd-itemidlist": {"itemid": [{"$": "bb0045", "@idtype": "FRAGMENTID"}, {"$": "45949091582", "@idtype": "SGR"}]}, "ref-volisspag": {"voliss": {"@volume": "15", "@issue": "4"}, "pagerange": {"@first": "507", "@last": "513"}}, "ref-authors": {"author": [{"@seq": "1", "ce:initials": "Y.C.", "@_fa": "true", "ce:surname": "Hsieh", "ce:indexed-name": "Hsieh Y.C."}], "et-al": null}, "ref-sourcetitle": "Cellulose"}}, {"ref-fulltext": "Czaja, W., Romanovicz, D., Brown, R.M., Structural investigations of microbial cellulose produced in stationary and agitated culture. Cellulose 11 (2004), 403\u2013411.", "@id": "10", "ref-info": {"ref-publicationyear": {"@first": "2004"}, "ref-title": {"ref-titletext": "Structural investigations of microbial cellulose produced in stationary and agitated culture"}, "refd-itemidlist": {"itemid": [{"$": "bb0050", "@idtype": "FRAGMENTID"}, {"$": "24644473504", "@idtype": "SGR"}]}, "ref-volisspag": {"voliss": {"@volume": "11"}, "pagerange": {"@first": "403", "@last": "411"}}, "ref-authors": {"author": [{"@seq": "1", "ce:initials": "W.", "@_fa": "true", "ce:surname": "Czaja", "ce:indexed-name": "Czaja W."}, {"@seq": "2", "ce:initials": "D.", "@_fa": "true", "ce:surname": "Romanovicz", "ce:indexed-name": "Romanovicz D."}, {"@seq": "3", "ce:initials": "R.M.", "@_fa": "true", "ce:surname": "Brown", "ce:indexed-name": "Brown R.M."}]}, "ref-sourcetitle": "Cellulose"}}, {"ref-fulltext": "Watanabe, K., et al. Structural features and properties of bacterial cellulose produced in agitated culture. Cellulose 5:3 (1998), 187\u2013200.", "@id": "11", "ref-info": {"ref-publicationyear": {"@first": "1998"}, "ref-title": {"ref-titletext": "Structural features and properties of bacterial cellulose produced in agitated culture"}, "refd-itemidlist": {"itemid": [{"$": "bb0055", "@idtype": "FRAGMENTID"}, {"$": "0032162623", "@idtype": "SGR"}]}, "ref-volisspag": {"voliss": {"@volume": "5", "@issue": "3"}, "pagerange": {"@first": "187", "@last": "200"}}, "ref-authors": {"author": [{"@seq": "1", "ce:initials": "K.", "@_fa": "true", "ce:surname": "Watanabe", "ce:indexed-name": "Watanabe K."}], "et-al": null}, "ref-sourcetitle": "Cellulose"}}, {"ref-fulltext": "Kim, D.Y., Nishiyama, Y., Kuga, S., Surface acetylation of bacterial cellulose. Cellulose 9:3\u20134 (2002), 361\u2013367.", "@id": "12", "ref-info": {"ref-publicationyear": {"@first": "2002"}, "ref-title": {"ref-titletext": "Surface acetylation of bacterial cellulose"}, "refd-itemidlist": {"itemid": [{"$": "bb0060", "@idtype": "FRAGMENTID"}, {"$": "0036764920", "@idtype": "SGR"}]}, "ref-volisspag": {"voliss": {"@volume": "9", "@issue": "3-4"}, "pagerange": {"@first": "361", "@last": "367"}}, "ref-authors": {"author": [{"@seq": "1", "ce:initials": "D.Y.", "@_fa": "true", "ce:surname": "Kim", "ce:indexed-name": "Kim D.Y."}, {"@seq": "2", "ce:initials": "Y.", "@_fa": "true", "ce:surname": "Nishiyama", "ce:indexed-name": "Nishiyama Y."}, {"@seq": "3", "ce:initials": "S.", "@_fa": "true", "ce:surname": "Kuga", "ce:indexed-name": "Kuga S."}]}, "ref-sourcetitle": "Cellulose"}}, {"ref-fulltext": "Wang, P., et al. Development of a paper-based, inexpensive, and disposable electrochemical sensing platform for nitrite detection. Electrochem. Commun. 81 (2017), 74\u201378.", "@id": "13", "ref-info": {"ref-publicationyear": {"@first": "2017"}, "ref-title": {"ref-titletext": "Development of a paper-based, inexpensive, and disposable electrochemical sensing platform for nitrite detection"}, "refd-itemidlist": {"itemid": [{"$": "bb0065", "@idtype": "FRAGMENTID"}, {"$": "85020740200", "@idtype": "SGR"}]}, "ref-volisspag": {"voliss": {"@volume": "81"}, "pagerange": {"@first": "74", "@last": "78"}}, "ref-authors": {"author": [{"@seq": "1", "ce:initials": "P.", "@_fa": "true", "ce:surname": "Wang", "ce:indexed-name": "Wang P."}], "et-al": null}, "ref-sourcetitle": "Electrochem. Commun."}}, {"ref-fulltext": "Cinti, S., et al. A paper-based nanomodified electrochemical biosensor for ethanol detection in beers. Anal. Chim. Acta 960 (2017), 123\u2013130.", "@id": "14", "ref-info": {"ref-publicationyear": {"@first": "2017"}, "ref-title": {"ref-titletext": "A paper-based nanomodified electrochemical biosensor for ethanol detection in beers"}, "refd-itemidlist": {"itemid": [{"$": "bb0070", "@idtype": "FRAGMENTID"}, {"$": "85011277640", "@idtype": "SGR"}]}, "ref-volisspag": {"voliss": {"@volume": "960"}, "pagerange": {"@first": "123", "@last": "130"}}, "ref-authors": {"author": [{"@seq": "1", "ce:initials": "S.", "@_fa": "true", "ce:surname": "Cinti", "ce:indexed-name": "Cinti S."}], "et-al": null}, "ref-sourcetitle": "Anal. Chim. Acta"}}, {"ref-fulltext": "Hasanpour, F., et al. Template synthesis of maghemite nanoparticle in carboxymethyl cellulose and its application for electrochemical cabergoline sensing. Mater. Sci. Eng. C 76 (2017), 88\u201393.", "@id": "15", "ref-info": {"ref-publicationyear": {"@first": "2017"}, "ref-title": {"ref-titletext": "Template synthesis of maghemite nanoparticle in carboxymethyl cellulose and its application for electrochemical cabergoline sensing"}, "refd-itemidlist": {"itemid": [{"$": "bb0075", "@idtype": "FRAGMENTID"}, {"$": "85014414546", "@idtype": "SGR"}]}, "ref-volisspag": {"voliss": {"@volume": "76"}, "pagerange": {"@first": "88", "@last": "93"}}, "ref-authors": {"author": [{"@seq": "1", "ce:initials": "F.", "@_fa": "true", "ce:surname": "Hasanpour", "ce:indexed-name": "Hasanpour F."}], "et-al": null}, "ref-sourcetitle": "Mater. Sci. Eng. C"}}, {"ref-fulltext": "d'Halluin, M., et al. Chemically modified cellulose filter paper for heavy metal remediation in water. ACS Sustain. Chem. Eng. 5:2 (2017), 1965\u20131973.", "@id": "16", "ref-info": {"ref-publicationyear": {"@first": "2017"}, "ref-title": {"ref-titletext": "Chemically modified cellulose filter paper for heavy metal remediation in water"}, "refd-itemidlist": {"itemid": [{"$": "bb0080", "@idtype": "FRAGMENTID"}, {"$": "85011838799", "@idtype": "SGR"}]}, "ref-volisspag": {"voliss": {"@volume": "5", "@issue": "2"}, "pagerange": {"@first": "1965", "@last": "1973"}}, "ref-authors": {"author": [{"@seq": "1", "ce:initials": "M.", "@_fa": "true", "ce:surname": "d'Halluin", "ce:indexed-name": "d'Halluin M."}], "et-al": null}, "ref-sourcetitle": "ACS Sustain. Chem. Eng."}}, {"ref-fulltext": "Wang, J., et al. Polyethylenimine coated bacterial cellulose nanofiber membrane and application as adsorbent and catalyst. J. Colloid Interface Sci. 440 (2015), 32\u201338.", "@id": "17", "ref-info": {"ref-publicationyear": {"@first": "2015"}, "ref-title": {"ref-titletext": "Polyethylenimine coated bacterial cellulose nanofiber membrane and application as adsorbent and catalyst"}, "refd-itemidlist": {"itemid": [{"$": "bb0085", "@idtype": "FRAGMENTID"}, {"$": "84910015366", "@idtype": "SGR"}]}, "ref-volisspag": {"voliss": {"@volume": "440"}, "pagerange": {"@first": "32", "@last": "38"}}, "ref-authors": {"author": [{"@seq": "1", "ce:initials": "J.", "@_fa": "true", "ce:surname": "Wang", "ce:indexed-name": "Wang J."}], "et-al": null}, "ref-sourcetitle": "J. Colloid Interface Sci."}}, {"ref-fulltext": "Luo, S., et al. Layer-by-layer strategy for adsorption capacity fattening of endophytic bacterial biomass for highly effective removal of heavy metals. Chem. Eng. J. 239 (2014), 312\u2013321.", "@id": "18", "ref-info": {"ref-publicationyear": {"@first": "2014"}, "ref-title": {"ref-titletext": "Layer-by-layer strategy for adsorption capacity fattening of endophytic bacterial biomass for highly effective removal of heavy metals"}, "refd-itemidlist": {"itemid": [{"$": "bb0090", "@idtype": "FRAGMENTID"}, {"$": "84890041781", "@idtype": "SGR"}]}, "ref-volisspag": {"voliss": {"@volume": "239"}, "pagerange": {"@first": "312", "@last": "321"}}, "ref-authors": {"author": [{"@seq": "1", "ce:initials": "S.", "@_fa": "true", "ce:surname": "Luo", "ce:indexed-name": "Luo S."}], "et-al": null}, "ref-sourcetitle": "Chem. Eng. J."}}, {"ref-fulltext": "Oshima, T., et al. Preparation of phosphorylated bacterial cellulose as an adsorbent for metal ions. React. Funct. Polym. 68:1 (2008), 376\u2013383.", "@id": "19", "ref-info": {"ref-publicationyear": {"@first": "2008"}, "ref-title": {"ref-titletext": "Preparation of phosphorylated bacterial cellulose as an adsorbent for metal ions"}, "refd-itemidlist": {"itemid": [{"$": "bb0095", "@idtype": "FRAGMENTID"}, {"$": "36849052502", "@idtype": "SGR"}]}, "ref-volisspag": {"voliss": {"@volume": "68", "@issue": "1"}, "pagerange": {"@first": "376", "@last": "383"}}, "ref-authors": {"author": [{"@seq": "1", "ce:initials": "T.", "@_fa": "true", "ce:surname": "Oshima", "ce:indexed-name": "Oshima T."}], "et-al": null}, "ref-sourcetitle": "React. Funct. Polym."}}, {"ref-fulltext": "Lv, P., et al. Self-assembly of nitrogen-doped carbon dots anchored on bacterial cellulose and their application in iron ion detection. Carbohydr. Polym. 172 (2017), 93\u2013101.", "@id": "20", "ref-info": {"ref-publicationyear": {"@first": "2017"}, "ref-title": {"ref-titletext": "Self-assembly of nitrogen-doped carbon dots anchored on bacterial cellulose and their application in iron ion detection"}, "refd-itemidlist": {"itemid": [{"$": "bb0100", "@idtype": "FRAGMENTID"}, {"$": "85019379176", "@idtype": "SGR"}]}, "ref-volisspag": {"voliss": {"@volume": "172"}, "pagerange": {"@first": "93", "@last": "101"}}, "ref-authors": {"author": [{"@seq": "1", "ce:initials": "P.", "@_fa": "true", "ce:surname": "Lv", "ce:indexed-name": "Lv P."}], "et-al": null}, "ref-sourcetitle": "Carbohydr. Polym."}}, {"ref-fulltext": "Terzi, F., et al. Amperometric paper sensor based on Cu nanoparticles for the determination of carbohydrates. Sensors Actuators B Chem. 245 (2017), 352\u2013358.", "@id": "21", "ref-info": {"ref-publicationyear": {"@first": "2017"}, "ref-title": {"ref-titletext": "Amperometric paper sensor based on Cu nanoparticles for the determination of carbohydrates"}, "refd-itemidlist": {"itemid": [{"$": "bb0105", "@idtype": "FRAGMENTID"}, {"$": "85012302329", "@idtype": "SGR"}]}, "ref-volisspag": {"voliss": {"@volume": "245"}, "pagerange": {"@first": "352", "@last": "358"}}, "ref-authors": {"author": [{"@seq": "1", "ce:initials": "F.", "@_fa": "true", "ce:surname": "Terzi", "ce:indexed-name": "Terzi F."}], "et-al": null}, "ref-sourcetitle": "Sensors Actuators B Chem."}}, {"ref-fulltext": "Wang, Q.-X., et al. Dual lanthanide-doped complexes: the development of a time-resolved ratiometric fluorescent probe for anthrax biomarker and a paper-based visual sensor. Biosens. Bioelectron. 94 (2017), 388\u2013393.", "@id": "22", "ref-info": {"ref-publicationyear": {"@first": "2017"}, "ref-title": {"ref-titletext": "Dual lanthanide-doped complexes: the development of a time-resolved ratiometric fluorescent probe for anthrax biomarker and a paper-based visual sensor"}, "refd-itemidlist": {"itemid": [{"$": "bb0110", "@idtype": "FRAGMENTID"}, {"$": "85015678685", "@idtype": "SGR"}]}, "ref-volisspag": {"voliss": {"@volume": "94"}, "pagerange": {"@first": "388", "@last": "393"}}, "ref-authors": {"author": [{"@seq": "1", "ce:initials": "Q.-X.", "@_fa": "true", "ce:surname": "Wang", "ce:indexed-name": "Wang Q.-X."}], "et-al": null}, "ref-sourcetitle": "Biosens. Bioelectron."}}, {"ref-fulltext": "Kong, Q., et al. A novel microfluidic paper-based colorimetric sensor based on molecularly imprinted polymer membranes for highly selective and sensitive detection of bisphenol A. Sensors Actuators B Chem. 243 (2017), 130\u2013136.", "@id": "23", "ref-info": {"ref-publicationyear": {"@first": "2017"}, "ref-title": {"ref-titletext": "A novel microfluidic paper-based colorimetric sensor based on molecularly imprinted polymer membranes for highly selective and sensitive detection of bisphenol A"}, "refd-itemidlist": {"itemid": [{"$": "bb0115", "@idtype": "FRAGMENTID"}, {"$": "84999700143", "@idtype": "SGR"}]}, "ref-volisspag": {"voliss": {"@volume": "243"}, "pagerange": {"@first": "130", "@last": "136"}}, "ref-authors": {"author": [{"@seq": "1", "ce:initials": "Q.", "@_fa": "true", "ce:surname": "Kong", "ce:indexed-name": "Kong Q."}], "et-al": null}, "ref-sourcetitle": "Sensors Actuators B Chem."}}, {"ref-fulltext": "Amor-Guti\u00e9rrez, O., et al. Paper-based maskless enzymatic sensor for glucose determination combining ink and wire electrodes. Biosens. Bioelectron. 93 (2017), 40\u201345.", "@id": "24", "ref-info": {"ref-publicationyear": {"@first": "2017"}, "ref-title": {"ref-titletext": "Paper-based maskless enzymatic sensor for glucose determination combining ink and wire electrodes"}, "refd-itemidlist": {"itemid": [{"$": "bb0120", "@idtype": "FRAGMENTID"}, {"$": "85006757850", "@idtype": "SGR"}]}, "ref-volisspag": {"voliss": {"@volume": "93"}, "pagerange": {"@first": "40", "@last": "45"}}, "ref-authors": {"author": [{"@seq": "1", "ce:initials": "O.", "@_fa": "true", "ce:surname": "Amor-Guti\u00e9rrez", "ce:indexed-name": "Amor-Gutierrez O."}], "et-al": null}, "ref-sourcetitle": "Biosens. Bioelectron."}}, {"ref-fulltext": "Luo, M., et al. A paper-based plasma-assisted cataluminescence sensor for ethylene detection. Sensors Actuators B Chem. 240 (2017), 132\u2013141.", "@id": "25", "ref-info": {"ref-publicationyear": {"@first": "2017"}, "ref-title": {"ref-titletext": "A paper-based plasma-assisted cataluminescence sensor for ethylene detection"}, "refd-itemidlist": {"itemid": [{"$": "bb0125", "@idtype": "FRAGMENTID"}, {"$": "84989942511", "@idtype": "SGR"}]}, "ref-volisspag": {"voliss": {"@volume": "240"}, "pagerange": {"@first": "132", "@last": "141"}}, "ref-authors": {"author": [{"@seq": "1", "ce:initials": "M.", "@_fa": "true", "ce:surname": "Luo", "ce:indexed-name": "Luo M."}], "et-al": null}, "ref-sourcetitle": "Sensors Actuators B Chem."}}, {"ref-fulltext": "Qin, D., et al. Three-dimensional carbon nanofiber derived from bacterial cellulose for use in a Nafion matrix on a glassy carbon electrode for simultaneous voltammetric determination of trace levels of Cd(II) and Pb(II). Microchim. Acta 184:8 (2017), 2759\u20132766.", "@id": "26", "ref-info": {"ref-publicationyear": {"@first": "2017"}, "ref-title": {"ref-titletext": "Three-dimensional carbon nanofiber derived from bacterial cellulose for use in a Nafion matrix on a glassy carbon electrode for simultaneous voltammetric determination of trace levels of Cd(II) and Pb(II)"}, "refd-itemidlist": {"itemid": [{"$": "bb0130", "@idtype": "FRAGMENTID"}, {"$": "85018997626", "@idtype": "SGR"}]}, "ref-volisspag": {"voliss": {"@volume": "184", "@issue": "8"}, "pagerange": {"@first": "2759", "@last": "2766"}}, "ref-authors": {"author": [{"@seq": "1", "ce:initials": "D.", "@_fa": "true", "ce:surname": "Qin", "ce:indexed-name": "Qin D."}], "et-al": null}, "ref-sourcetitle": "Microchim. Acta"}}, {"ref-fulltext": "Meng, F., et al. Facile preparation of N-doped carbon nanofiber aerogels from bacterial cellulose as an efficient oxygen reduction reaction electrocatalyst. Chin. J. Catal. 35:6 (2014), 877\u2013883.", "@id": "27", "ref-info": {"ref-publicationyear": {"@first": "2014"}, "ref-title": {"ref-titletext": "Facile preparation of N-doped carbon nanofiber aerogels from bacterial cellulose as an efficient oxygen reduction reaction electrocatalyst"}, "refd-itemidlist": {"itemid": [{"$": "bb0135", "@idtype": "FRAGMENTID"}, {"$": "84902519248", "@idtype": "SGR"}]}, "ref-volisspag": {"voliss": {"@volume": "35", "@issue": "6"}, "pagerange": {"@first": "877", "@last": "883"}}, "ref-authors": {"author": [{"@seq": "1", "ce:initials": "F.", "@_fa": "true", "ce:surname": "Meng", "ce:indexed-name": "Meng F."}], "et-al": null}, "ref-sourcetitle": "Chin. J. Catal."}}, {"ref-fulltext": "Promphet, N., et al. An electrochemical sensor based on graphene/polyaniline/polystyrene nanoporous fibers modified electrode for simultaneous determination of lead and cadmium. Sensors Actuators B Chem.(Part A), 2015, 526\u2013534.", "@id": "28", "ref-info": {"ref-publicationyear": {"@first": "2015"}, "ref-title": {"ref-titletext": "An electrochemical sensor based on graphene/polyaniline/polystyrene nanoporous fibers modified electrode for simultaneous determination of lead and cadmium"}, "refd-itemidlist": {"itemid": [{"$": "bb0140", "@idtype": "FRAGMENTID"}, {"$": "84914106854", "@idtype": "SGR"}]}, "ref-volisspag": {"pagerange": {"@first": "526", "@last": "534"}}, "ref-authors": {"author": [{"@seq": "1", "ce:initials": "N.", "@_fa": "true", "ce:surname": "Promphet", "ce:indexed-name": "Promphet N."}], "et-al": null}, "ref-sourcetitle": "Sensors Actuators B Chem."}}, {"ref-fulltext": "Ruecha, N., et al. Sensitive electrochemical sensor using a graphene-polyaniline nanocomposite for simultaneous detection of Zn(II), Cd(II), and Pb(II). Anal. Chim. Acta 874 (2015), 40\u201348.", "@id": "29", "ref-info": {"ref-publicationyear": {"@first": "2015"}, "ref-title": {"ref-titletext": "Sensitive electrochemical sensor using a graphene-polyaniline nanocomposite for simultaneous detection of Zn(II), Cd(II), and Pb(II)"}, "refd-itemidlist": {"itemid": [{"$": "bb0145", "@idtype": "FRAGMENTID"}, {"$": "84928213784", "@idtype": "SGR"}]}, "ref-volisspag": {"voliss": {"@volume": "874"}, "pagerange": {"@first": "40", "@last": "48"}}, "ref-authors": {"author": [{"@seq": "1", "ce:initials": "N.", "@_fa": "true", "ce:surname": "Ruecha", "ce:indexed-name": "Ruecha N."}], "et-al": null}, "ref-sourcetitle": "Anal. Chim. Acta"}}, {"ref-fulltext": "Sakwises, L., et al. Effect of Mn-substituted SnO2particle toward photocatalytic degradation of methylene blue dye. Res. Phys. 7 (2017), 1751\u20131759.", "@id": "30", "ref-info": {"ref-publicationyear": {"@first": "2017"}, "ref-title": {"ref-titletext": "Effect of Mn-substituted SnO2particle toward photocatalytic degradation of methylene blue dye"}, "refd-itemidlist": {"itemid": [{"$": "bb0150", "@idtype": "FRAGMENTID"}, {"$": "85019362141", "@idtype": "SGR"}]}, "ref-volisspag": {"voliss": {"@volume": "7"}, "pagerange": {"@first": "1751", "@last": "1759"}}, "ref-authors": {"author": [{"@seq": "1", "ce:initials": "L.", "@_fa": "true", "ce:surname": "Sakwises", "ce:indexed-name": "Sakwises L."}], "et-al": null}, "ref-sourcetitle": "Res. Phys."}}, {"ref-fulltext": "Wang, T., et al. Enhanced photoelectric gas sensing performance of SnO2flower-like nanorods modified with polyoxometalate for detection of volatile organic compound at room temperature. Sensors Actuators B Chem. 246 (2017), 769\u2013775.", "@id": "31", "ref-info": {"ref-publicationyear": {"@first": "2017"}, "ref-title": {"ref-titletext": "Enhanced photoelectric gas sensing performance of SnO2flower-like nanorods modified with polyoxometalate for detection of volatile organic compound at room temperature"}, "refd-itemidlist": {"itemid": [{"$": "bb0155", "@idtype": "FRAGMENTID"}, {"$": "85014192933", "@idtype": "SGR"}]}, "ref-volisspag": {"voliss": {"@volume": "246"}, "pagerange": {"@first": "769", "@last": "775"}}, "ref-authors": {"author": [{"@seq": "1", "ce:initials": "T.", "@_fa": "true", "ce:surname": "Wang", "ce:indexed-name": "Wang T."}], "et-al": null}, "ref-sourcetitle": "Sensors Actuators B Chem."}}, {"ref-fulltext": "Gao, F., et al. Facile synthesis of flower-like hierarchical architecture of SnO2nanoarrays. J. Alloys Compd. 703 (2017), 354\u2013360.", "@id": "32", "ref-info": {"ref-publicationyear": {"@first": "2017"}, "ref-title": {"ref-titletext": "Facile synthesis of flower-like hierarchical architecture of SnO2nanoarrays"}, "refd-itemidlist": {"itemid": [{"$": "bb0160", "@idtype": "FRAGMENTID"}, {"$": "85011633100", "@idtype": "SGR"}]}, "ref-volisspag": {"voliss": {"@volume": "703"}, "pagerange": {"@first": "354", "@last": "360"}}, "ref-authors": {"author": [{"@seq": "1", "ce:initials": "F.", "@_fa": "true", "ce:surname": "Gao", "ce:indexed-name": "Gao F."}], "et-al": null}, "ref-sourcetitle": "J. Alloys Compd."}}, {"ref-fulltext": "Hou, C.-C., et al. Facile, low temperature synthesis of SnO2/reduced graphene oxide nanocomposite as anode material for lithium-ion batteries. Appl. Surf. Sci. 413 (2017), 160\u2013168.", "@id": "33", "ref-info": {"ref-publicationyear": {"@first": "2017"}, "ref-title": {"ref-titletext": "Facile, low temperature synthesis of SnO2/reduced graphene oxide nanocomposite as anode material for lithium-ion batteries"}, "refd-itemidlist": {"itemid": [{"$": "bb0165", "@idtype": "FRAGMENTID"}, {"$": "85017437044", "@idtype": "SGR"}]}, "ref-volisspag": {"voliss": {"@volume": "413"}, "pagerange": {"@first": "160", "@last": "168"}}, "ref-authors": {"author": [{"@seq": "1", "ce:initials": "C.-C.", "@_fa": "true", "ce:surname": "Hou", "ce:indexed-name": "Hou C.-C."}], "et-al": null}, "ref-sourcetitle": "Appl. Surf. Sci."}}, {"ref-fulltext": "Li, X., et al. Rational design of Sn/SnO2/porous carbon nanocomposites as anode materials for sodium-ion batteries. Appl. Surf. Sci. 412 (2017), 170\u2013176.", "@id": "34", "ref-info": {"ref-publicationyear": {"@first": "2017"}, "ref-title": {"ref-titletext": "Rational design of Sn/SnO2/porous carbon nanocomposites as anode materials for sodium-ion batteries"}, "refd-itemidlist": {"itemid": [{"$": "bb0170", "@idtype": "FRAGMENTID"}, {"$": "85017013835", "@idtype": "SGR"}]}, "ref-volisspag": {"voliss": {"@volume": "412"}, "pagerange": {"@first": "170", "@last": "176"}}, "ref-authors": {"author": [{"@seq": "1", "ce:initials": "X.", "@_fa": "true", "ce:surname": "Li", "ce:indexed-name": "Li X."}], "et-al": null}, "ref-sourcetitle": "Appl. Surf. Sci."}}, {"ref-fulltext": "Lian, X., et al. Synthesis of Ce-doped SnO2nanoparticles and their acetone gas sensing properties. Appl. Surf. Sci. 407 (2017), 447\u2013455.", "@id": "35", "ref-info": {"ref-publicationyear": {"@first": "2017"}, "ref-title": {"ref-titletext": "Synthesis of Ce-doped SnO2nanoparticles and their acetone gas sensing properties"}, "refd-itemidlist": {"itemid": [{"$": "bb0175", "@idtype": "FRAGMENTID"}, {"$": "85014444189", "@idtype": "SGR"}]}, "ref-volisspag": {"voliss": {"@volume": "407"}, "pagerange": {"@first": "447", "@last": "455"}}, "ref-authors": {"author": [{"@seq": "1", "ce:initials": "X.", "@_fa": "true", "ce:surname": "Lian", "ce:indexed-name": "Lian X."}], "et-al": null}, "ref-sourcetitle": "Appl. Surf. Sci."}}, {"ref-fulltext": "Juntaro, J., Environmentally Friendly Hierarchical Composites, in Department of Chemical Engineering and Chemical Technology. 2009, University of London, UK.", "@id": "36", "ref-info": {"ref-publicationyear": {"@first": "2009"}, "ref-title": {"ref-titletext": "Environmentally Friendly Hierarchical Composites, in Department of Chemical Engineering and Chemical Technology"}, "refd-itemidlist": {"itemid": [{"$": "bb0180", "@idtype": "FRAGMENTID"}, {"$": "84887378066", "@idtype": "SGR"}]}, "ref-text": "University of London UK", "ref-authors": {"author": [{"@seq": "1", "ce:initials": "J.", "@_fa": "true", "ce:surname": "Juntaro", "ce:indexed-name": "Juntaro J."}]}}}, {"ref-fulltext": "Ummartyotin, S., et al. Development of transparent bacterial cellulose nanocomposite film as substrate for flexible organic light emitting diode (OLED) display. Ind. Crop. Prod. 35 (2012), 92\u201397.", "@id": "37", "ref-info": {"ref-publicationyear": {"@first": "2012"}, "ref-title": {"ref-titletext": "Development of transparent bacterial cellulose nanocomposite film as substrate for flexible organic light emitting diode (OLED) display"}, "refd-itemidlist": {"itemid": [{"$": "bb0185", "@idtype": "FRAGMENTID"}, {"$": "80051930804", "@idtype": "SGR"}]}, "ref-volisspag": {"voliss": {"@volume": "35"}, "pagerange": {"@first": "92", "@last": "97"}}, "ref-authors": {"author": [{"@seq": "1", "ce:initials": "S.", "@_fa": "true", "ce:surname": "Ummartyotin", "ce:indexed-name": "Ummartyotin S."}], "et-al": null}, "ref-sourcetitle": "Ind. Crop. Prod."}}, {"ref-fulltext": "Naushad, M., et al. Synthesis and characterization of a new starch/SnO2nanocomposite for efficient adsorption of toxic Hg2 +metal ion. Chem. Eng. J. 300 (2016), 306\u2013316.", "@id": "38", "ref-info": {"ref-publicationyear": {"@first": "2016"}, "ref-title": {"ref-titletext": "Synthesis and characterization of a new starch/SnO2nanocomposite for efficient adsorption of toxic Hg2 +metal ion"}, "refd-itemidlist": {"itemid": [{"$": "bb0190", "@idtype": "FRAGMENTID"}, {"$": "84964938511", "@idtype": "SGR"}]}, "ref-volisspag": {"voliss": {"@volume": "300"}, "pagerange": {"@first": "306", "@last": "316"}}, "ref-authors": {"author": [{"@seq": "1", "ce:initials": "M.", "@_fa": "true", "ce:surname": "Naushad", "ce:indexed-name": "Naushad M."}], "et-al": null}, "ref-sourcetitle": "Chem. Eng. J."}}, {"ref-fulltext": "Baniasad, A., Ghorbani, M., Thermal stability enhancement of modified carboxymethyl cellulose films using SnO2nanoparticles. Int. J. Biol. Macromol. 86 (2016), 901\u2013906.", "@id": "39", "ref-info": {"ref-publicationyear": {"@first": "2016"}, "ref-title": {"ref-titletext": "Thermal stability enhancement of modified carboxymethyl cellulose films using SnO2nanoparticles"}, "refd-itemidlist": {"itemid": [{"$": "bb0195", "@idtype": "FRAGMENTID"}, {"$": "84958279169", "@idtype": "SGR"}]}, "ref-volisspag": {"voliss": {"@volume": "86"}, "pagerange": {"@first": "901", "@last": "906"}}, "ref-authors": {"author": [{"@seq": "1", "ce:initials": "A.", "@_fa": "true", "ce:surname": "Baniasad", "ce:indexed-name": "Baniasad A."}, {"@seq": "2", "ce:initials": "M.", "@_fa": "true", "ce:surname": "Ghorbani", "ce:indexed-name": "Ghorbani M."}]}, "ref-sourcetitle": "Int. J. Biol. Macromol."}}, {"ref-fulltext": "Ibrahim, A.A., et al. Utilization of carboxymethyl cellulose based on bean hulls as chelating agent. Synthesis, characterization and biological activity. Carbohydr. Polym. 83:1 (2011), 94\u2013115.", "@id": "40", "ref-info": {"ref-publicationyear": {"@first": "2011"}, "ref-title": {"ref-titletext": "Utilization of carboxymethyl cellulose based on bean hulls as chelating agent. Synthesis, characterization and biological activity"}, "refd-itemidlist": {"itemid": [{"$": "bb0200", "@idtype": "FRAGMENTID"}, {"$": "77957306661", "@idtype": "SGR"}]}, "ref-volisspag": {"voliss": {"@volume": "83", "@issue": "1"}, "pagerange": {"@first": "94", "@last": "115"}}, "ref-authors": {"author": [{"@seq": "1", "ce:initials": "A.A.", "@_fa": "true", "ce:surname": "Ibrahim", "ce:indexed-name": "Ibrahim A.A."}], "et-al": null}, "ref-sourcetitle": "Carbohydr. Polym."}}, {"ref-fulltext": "O-Rak, K., et al. Development of bacterial cellulose and poly(vinylidene fluoride) binary blend system: structure and properties. Chem. Eng. J. 237 (2014), 396\u2013402.", "@id": "41", "ref-info": {"ref-publicationyear": {"@first": "2014"}, "ref-title": {"ref-titletext": "Development of bacterial cellulose and poly(vinylidene fluoride) binary blend system: structure and properties"}, "refd-itemidlist": {"itemid": [{"$": "bb0205", "@idtype": "FRAGMENTID"}, {"$": "84887341974", "@idtype": "SGR"}]}, "ref-volisspag": {"voliss": {"@volume": "237"}, "pagerange": {"@first": "396", "@last": "402"}}, "ref-authors": {"author": [{"@seq": "1", "ce:initials": "K.", "@_fa": "true", "ce:surname": "O-Rak", "ce:indexed-name": "O-Rak K."}], "et-al": null}, "ref-sourcetitle": "Chem. Eng. J."}}, {"ref-fulltext": "Sanchis, M.J., et al. Monitoring molecular dynamics of bacterial cellulose composites reinforced with graphene oxide by carboxymethyl cellulose addition. Carbohydr. Polym. 157 (2017), 353\u2013360.", "@id": "42", "ref-info": {"ref-publicationyear": {"@first": "2017"}, "ref-title": {"ref-titletext": "Monitoring molecular dynamics of bacterial cellulose composites reinforced with graphene oxide by carboxymethyl cellulose addition"}, "refd-itemidlist": {"itemid": [{"$": "bb0210", "@idtype": "FRAGMENTID"}, {"$": "84990852265", "@idtype": "SGR"}]}, "ref-volisspag": {"voliss": {"@volume": "157"}, "pagerange": {"@first": "353", "@last": "360"}}, "ref-authors": {"author": [{"@seq": "1", "ce:initials": "M.J.", "@_fa": "true", "ce:surname": "Sanchis", "ce:indexed-name": "Sanchis M.J."}], "et-al": null}, "ref-sourcetitle": "Carbohydr. Polym."}}, {"ref-fulltext": "Ummartyotin, S., Manuspiya, H., A critical review on cellulose: from fundamental to an approach on sensor technology. Renew. Sust. Energ. Rev. 41 (2015), 402\u2013412.", "@id": "43", "ref-info": {"ref-publicationyear": {"@first": "2015"}, "ref-title": {"ref-titletext": "A critical review on cellulose: from fundamental to an approach on sensor technology"}, "refd-itemidlist": {"itemid": [{"$": "bb0215", "@idtype": "FRAGMENTID"}, {"$": "84907646423", "@idtype": "SGR"}]}, "ref-volisspag": {"voliss": {"@volume": "41"}, "pagerange": {"@first": "402", "@last": "412"}}, "ref-authors": {"author": [{"@seq": "1", "ce:initials": "S.", "@_fa": "true", "ce:surname": "Ummartyotin", "ce:indexed-name": "Ummartyotin S."}, {"@seq": "2", "ce:initials": "H.", "@_fa": "true", "ce:surname": "Manuspiya", "ce:indexed-name": "Manuspiya H."}]}, "ref-sourcetitle": "Renew. Sust. Energ. Rev."}}]}}}}, "affiliation": [{"affiliation-city": "Bangkok", "@id": "60091507", "affilname": "Metallurgy and Materials Research Institute Chulalongkorn University", "@href": "https://api.elsevier.com/content/affiliation/affiliation_id/60091507", "affiliation-country": "Thailand"}, {"affiliation-city": "Pathum Thani", "@id": "60012521", "affilname": "Thammasat University", "@href": "https://api.elsevier.com/content/affiliation/affiliation_id/60012521", "affiliation-country": "Thailand"}], "coredata": {"srctype": "j", "eid": "2-s2.0-85031791462", "dc:description": "A SnO2- and bacterial-cellulose nanofiber composite was successfully prepared and used as a novel platform for Ni2 + adsorption and electrochemical detection. The as-prepared composite was characterized using X-ray diffraction, thermogravimetric analysis, scanning electron microscopy, X-ray energy dispersive spectroscopy, and atomic force microscopy techniques to evaluate its physico-chemical properties. The results show that SnO2 particles were inserted into the bacterial-cellulose surface. The obtained composite was thermally stable up to 300 \u00b0C. The bacterial cellulose acted as a nano-fibril network, and had a uniform level of roughness. In addition, the SnO2- and bacterial-cellulose composite was applied with regard to Ni2 + adsorption in an acidic solution. The results obtained indicate that the SnO2- and bacterial-cellulose-based composite could potentially be used as a new platform for Ni2 + adsorption with regard to direct electrochemical detection.", "prism:coverDate": "2017-12-01", "prism:aggregationType": "Journal", "prism:url": "https://api.elsevier.com/content/abstract/scopus_id/85031791462", "dc:creator": {"author": [{"preferred-name": {"ce:given-name": "L.", "ce:initials": "L.", "ce:surname": "Sakwises", "ce:indexed-name": "Sakwises L."}, "@seq": "1", "ce:initials": "L.", "@_fa": "true", "affiliation": {"@id": "60012521", "@href": "https://api.elsevier.com/content/affiliation/affiliation_id/60012521"}, "ce:surname": "Sakwises", "@auid": "57194228789", "author-url": "https://api.elsevier.com/content/author/author_id/57194228789", "ce:indexed-name": "Sakwises L."}]}, "link": [{"@_fa": "true", "@rel": "self", "@href": "https://api.elsevier.com/content/abstract/scopus_id/85031791462"}, {"@_fa": "true", "@rel": "scopus", "@href": "https://www.scopus.com/inward/record.uri?partnerID=HzOxMe3b&scp=85031791462&origin=inward"}, {"@_fa": "true", "@rel": "scopus-citedby", "@href": "https://www.scopus.com/inward/citedby.uri?partnerID=HzOxMe3b&scp=85031791462&origin=inward"}], "source-id": "26965", "pii": "S0167732217338461", "citedby-count": "21", "prism:volume": "248", "subtype": "ar", "dc:title": "SnO2- and bacterial-cellulose nanofiber-based composites as a novel platform for nickel-ion detection", "openaccess": "0", "prism:issn": "01677322", "publishercopyright": "\u00a9 2017 Elsevier B.V.", "subtypeDescription": "Article", "prism:publicationName": "Journal of Molecular Liquids", "prism:pageRange": "246-252", "prism:endingPage": "252", "openaccessFlag": "false", "prism:doi": "10.1016/j.molliq.2017.10.047", "prism:startingPage": "246", "dc:identifier": "SCOPUS_ID:85031791462", "dc:publisher": "Elsevier B.V."}, "idxterms": {"mainterm": [{"$": "Acidic solutions", "@weight": "b", "@candidate": "n"}, {"$": "Bacterial cellulose", "@weight": "b", "@candidate": "n"}, {"$": "Bacterial nanofibers", "@weight": "b", "@candidate": "n"}, {"$": "ELectrochemical detection", "@weight": "b", "@candidate": "n"}, {"$": "Physicochemical property", "@weight": "b", "@candidate": "n"}, {"$": "SnO2", "@weight": "b", "@candidate": "n"}, {"$": "Thermally stable", "@weight": "b", "@candidate": "n"}, {"$": "X-ray energy dispersive spectroscopy", "@weight": "b", "@candidate": "n"}]}, "language": {"@xml:lang": "eng"}, "authkeywords": {"author-keyword": [{"@_fa": "true", "$": "Bacterial nanofibers"}, {"@_fa": "true", "$": "Composite"}, {"@_fa": "true", "$": "Ni2 + adsorption"}, {"@_fa": "true", "$": "SnO2"}]}, "subject-areas": {"subject-area": [{"@_fa": "true", "$": "Electronic, Optical and Magnetic Materials", "@code": "2504", "@abbrev": "MATE"}, {"@_fa": "true", "$": "Atomic and Molecular Physics, and Optics", "@code": "3107", "@abbrev": "PHYS"}, {"@_fa": "true", "$": "Condensed Matter Physics", "@code": "3104", "@abbrev": "PHYS"}, {"@_fa": "true", "$": "Spectroscopy", "@code": "1607", "@abbrev": "CHEM"}, {"@_fa": "true", "$": "Physical and Theoretical Chemistry", "@code": "1606", "@abbrev": "CHEM"}, {"@_fa": "true", "$": "Materials Chemistry", "@code": "2505", "@abbrev": "MATE"}]}, "authors": {"author": [{"preferred-name": {"ce:given-name": "L.", "ce:initials": "L.", "ce:surname": "Sakwises", "ce:indexed-name": "Sakwises L."}, "@seq": "1", "ce:initials": "L.", "@_fa": "true", "affiliation": {"@id": "60012521", "@href": "https://api.elsevier.com/content/affiliation/affiliation_id/60012521"}, "ce:surname": "Sakwises", "@auid": "57194228789", "author-url": "https://api.elsevier.com/content/author/author_id/57194228789", "ce:indexed-name": "Sakwises L."}, {"preferred-name": {"ce:given-name": "N.", "ce:initials": "N.", "ce:surname": "Rodthongkum", "ce:indexed-name": "Rodthongkum N."}, "@seq": "2", "ce:initials": "N.", "@_fa": "true", "affiliation": {"@id": "60091507", "@href": "https://api.elsevier.com/content/affiliation/affiliation_id/60091507"}, "ce:surname": "Rodthongkum", "@auid": "26649099800", "author-url": "https://api.elsevier.com/content/author/author_id/26649099800", "ce:indexed-name": "Rodthongkum N."}, {"preferred-name": {"ce:given-name": "S.", "ce:initials": "S.", "ce:surname": "Ummartyotin", "ce:indexed-name": "Ummartyotin S."}, "@seq": "3", "ce:initials": "S.", "@_fa": "true", "affiliation": {"@id": "60012521", "@href": "https://api.elsevier.com/content/affiliation/affiliation_id/60012521"}, "ce:surname": "Ummartyotin", "@auid": "42361690900", "author-url": "https://api.elsevier.com/content/author/author_id/42361690900", "ce:indexed-name": "Ummartyotin S."}]}}}