{"abstracts-retrieval-response": {"item": {"ait:process-info": {"ait:status": {"@state": "update", "@type": "core", "@stage": "S300"}, "ait:date-delivered": {"@day": "31", "@timestamp": "2023-03-31T05:18:26.000026-04:00", "@year": "2023", "@month": "03"}, "ait:date-sort": {"@day": "01", "@year": "2017", "@month": "12"}}, "xocs:meta": {"xocs:funding-list": {"@pui-match": "primary", "@has-funding-info": "1", "xocs:funding": [{"xocs:funding-agency-matched-string": "Jadavpur University", "xocs:funding-agency-acronym": "JU", "xocs:funding-agency": "Jadavpur University", "xocs:funding-id": "F.30-31/2016 (SA-II", "xocs:funding-agency-id": "http://data.elsevier.com/vocabulary/SciValFunders/100009589", "xocs:funding-agency-country": "http://sws.geonames.org/1269750/"}, {"xocs:funding-agency-matched-string": "UGC", "xocs:funding-agency-acronym": "UGC", "xocs:funding-agency": "University Grants Committee", "xocs:funding-agency-id": "http://data.elsevier.com/vocabulary/SciValFunders/501100001839", "xocs:funding-agency-country": "http://sws.geonames.org/1819730/"}], "xocs:funding-addon-generated-timestamp": "2021-05-29T10:43:53.572Z", "xocs:funding-text": "This project is partially supported by the CMATER research laboratory of the Computer Science and Engineering Department, Jadavpur University, India, PURSE-II and UPE-II project and Research Award (F.30-31/2016 (SA-II)) by UGC, Government of India.", "xocs:funding-addon-type": "http://vtw.elsevier.com/data/voc/AddOnTypes/50.7/aggregated-refined"}}, "bibrecord": {"head": {"author-group": [{"affiliation": {"country": "India", "@afid": "60020825", "@country": "ind", "organization": [{"$": "Department of Computer Science & Engineering"}, {"$": "Jadavpur University"}], "affiliation-id": {"@afid": "60020825", "@dptid": "113010219"}, "@dptid": "113010219"}, "author": [{"ce:given-name": "Anupam", "preferred-name": {"ce:given-name": "Anupam", "ce:initials": "A.", "ce:surname": "Banerjee", "ce:indexed-name": "Banerjee A."}, "@seq": "1", "ce:initials": "A.", "@date-locked": "2023-03-30T15:21:23.680", "@_fa": "true", "@type": "auth", "ce:surname": "Banerjee", "@auid": "7402886036", "ce:indexed-name": "Banerjee A."}, {"ce:given-name": "Subhadip", "preferred-name": {"ce:given-name": "Subhadip", "ce:initials": "S.", "ce:surname": "Basu", "ce:indexed-name": "Basu S."}, "@seq": "5", "ce:initials": "S.", "@_fa": "true", "@type": "auth", "ce:surname": "Basu", "@auid": "13607785400", "@orcid": "0000-0003-1780-0461", "ce:indexed-name": "Basu S."}, {"ce:given-name": "Mita", "preferred-name": {"ce:given-name": "Mita", "ce:initials": "M.", "ce:surname": "Nasipuri", "ce:indexed-name": "Nasipuri M."}, "@seq": "6", "ce:initials": "M.", "@_fa": "true", "@type": "auth", "ce:surname": "Nasipuri", "@auid": "6603420429", "ce:indexed-name": "Nasipuri M."}]}, {"affiliation": {"country": "Thailand", "@afid": "60028190", "@country": "tha", "city": "Bangkok", "organization": [{"$": "Program in Biotechnology"}, {"$": "Faculty of Science"}, {"$": "Chulalongkorn University"}], "affiliation-id": {"@afid": "60028190", "@dptid": "104425843"}, "@dptid": "104425843"}, "author": [{"ce:given-name": "Priti", "preferred-name": {"ce:given-name": "Priti", "ce:initials": "P.", "ce:surname": "Das", "ce:indexed-name": "Das P."}, "@seq": "2", "ce:initials": "P.", "@_fa": "true", "@type": "auth", "ce:surname": "Das", "@auid": "57195614729", "ce:indexed-name": "Das P."}, {"ce:given-name": "Orachorn", "preferred-name": {"ce:given-name": "Orachorn", "ce:initials": "O.", "ce:surname": "Mekkerdchoo", "ce:indexed-name": "Mekkerdchoo O."}, "@seq": "3", "ce:initials": "O.", "@_fa": "true", "@type": "auth", "ce:surname": "Mekkerdchoo", "@auid": "55608474000", "ce:indexed-name": "Mekkerdchoo O."}]}, {"affiliation": {"country": "Thailand", "@afid": "60028190", "@country": "tha", "organization": [{"$": "Department of Food Technology"}, {"$": "Faculty of Science"}, {"$": "Chulalongkorn University"}], "affiliation-id": {"@afid": "60028190", "@dptid": "113891982"}, "state": "Bangkok", "@dptid": "113891982"}, "author": [{"ce:given-name": "Chaleeda", "preferred-name": {"ce:given-name": "Chaleeda", "ce:initials": "C.", "ce:surname": "Borompichaichartkul", "ce:indexed-name": "Borompichaichartkul C."}, "@seq": "4", "ce:initials": "C.", "@_fa": "true", "@type": "auth", "ce:surname": "Borompichaichartkul", "@auid": "8242484100", "ce:indexed-name": "Borompichaichartkul C."}]}, {"affiliation": {"country": "Australia", "@afid": "60028333", "@country": "aus", "city": "Sydney", "organization": [{"$": "School of Chemical Engineering"}, {"$": "The University of New South Wales"}], "affiliation-id": {"@afid": "60028333", "@dptid": "113724120"}, "@dptid": "113724120"}, "author": [{"ce:given-name": "Georges", "preferred-name": {"ce:given-name": "Georges", "ce:initials": "G.", "ce:surname": "Srzednicki", "ce:indexed-name": "Srzednicki G."}, "@seq": "7", "ce:initials": "G.", "@_fa": "true", "@type": "auth", "ce:surname": "Srzednicki", "@auid": "55949009900", "ce:indexed-name": "Srzednicki G."}]}, {"affiliation": {"country": "Thailand", "@afid": "60021543", "@country": "tha", "city": "Bangkok", "organization": [{"$": "Program in Industrial Fermentation Technology"}, {"$": "Faculty of Agro-Industry"}, {"$": "King Mongkut's Institute of Technology Ladkrabang"}], "affiliation-id": {"@afid": "60021543", "@dptid": "119852088"}, "@dptid": "119852088"}, "author": [{"ce:given-name": "Orachorn", "preferred-name": {"ce:given-name": "Orachorn", "ce:initials": "O.", "ce:surname": "Mekkerdchoo", "ce:indexed-name": "Mekkerdchoo O."}, "@seq": "3", "ce:initials": "O.", "@_fa": "true", "@type": "auth", "ce:surname": "Mekkerdchoo", "@auid": "55608474000", "ce:indexed-name": "Mekkerdchoo O."}]}], "citation-title": "A soft computing tool for species classification and prediction of glucomannan content in Amorphophallus genus", "abstracts": "\u00a9 2017 WILEY-VCH Verlag GmbH & Co. KGaA, WeinheimThe proposed work aims at designing a classification system for automatic identification of A. muelleri species, grown as a potential cash crop in many Asian countries, from the DNA fingerprints of Amorphophallus genus. Four sets of 48 DNA fingerprints belonging to 37 species of the Amorphophallus genus, developed with the help of four different primers are considered for the experiment, with an objective to identify only the fingerprints of the species of interest. A second experimental setup deals with the automatic classification of species containing high amounts of glucomannan from the same set of DNA fingerprints of the Amorphophallus genus. For each set of 48 DNA fingerprints generated with a specific primer, the DNA fingerprints are preprocessed to extract a 42 dimensional feature vector which is used to generate a k-Nearest Neighbor based classifier based on the Leave One Out Cross Validation protocol. Final classification based on outputs from individual classifiers constructed with respect to the four different primers is performed according to a n-star consensus strategy. The n-star consensus predicts species A. muelleri with cent per cent accuracy while it predicts species containing glucomannan with a more modest accuracy of 81.25%.", "correspondence": {"affiliation": {"country": "India", "@country": "ind", "organization": [{"$": "Department of Computer Science & Engineering"}, {"$": "Jadavpur University"}]}, "person": {"ce:given-name": "Subhadip", "ce:initials": "S.", "ce:surname": "Basu", "ce:indexed-name": "Basu S."}}, "citation-info": {"author-keywords": {"author-keyword": [{"$": "Amorphophallus genus", "@xml:lang": "eng"}, {"$": "Glucomannan", "@xml:lang": "eng"}, {"$": "k-NN classification", "@xml:lang": "eng"}, {"$": "Species classification", "@xml:lang": "eng"}]}, "citation-type": {"@code": "ar"}, "citation-language": {"@language": "English", "@xml:lang": "eng"}, "abstract-language": {"@language": "English", "@xml:lang": "eng"}}, "source": {"website": {"ce:e-address": {"$": "http://onlinelibrary.wiley.com/journal/10.1002/(ISSN)1618-2863", "@type": "email"}}, "translated-sourcetitle": {"$": "Engineering in Life Sciences", "@xml:lang": "eng"}, "volisspag": {"voliss": {"@volume": "17", "@issue": "12"}, "pagerange": {"@first": "1254", "@last": "1263"}}, "@type": "j", "sourcetitle": "Engineering in Life Sciences", "publicationdate": {"month": "12", "year": "2017", "date-text": "December 2017", "day": "01"}, "codencode": "ELSNA", "sourcetitle-abbrev": "Eng. Life Sci.", "@country": "deu", "issn": [{"$": "16182863", "@type": "electronic"}, {"$": "16180240", "@type": "print"}], "publicationyear": {"@first": "2017"}, "publisher": {"publishername": "Wiley-VCH Verlag", "ce:e-address": {"$": "info@wiley-vch.de", "@type": "email"}}, "@srcid": "15608"}, "enhancement": {"classificationgroup": {"classifications": [{"@type": "CABSCLASS", "classification": [{"classification-code": "92.1.6", "classification-description": "PLANT SCIENCE; BIOCHEMISTRY; Secondary Products"}, {"classification-code": "92.16", "classification-description": "PLANT SCIENCE; TECHNIQUES"}, {"classification-code": "92.9.1.4", "classification-description": "PLANT SCIENCE; BIOTECHNOLOGY; Biotechnology and Bioengineering; Production of useful compounds"}]}, {"@type": "EMCLASS", "classification": {"classification-code": "29", "classification-description": "Clinical and Experimental Biochemistry"}}, {"@type": "GEOCLASS", "classification": {"classification-code": "73.11", "classification-description": "GENERAL THEORY AND METHODS"}}, {"@type": "ASJC", "classification": [{"$": "1305"}, {"$": "2305"}, {"$": "1502"}]}, {"@type": "SUBJABBR", "classification": [{"$": "BIOC"}, {"$": "ENVI"}, {"$": "CENG"}]}]}, "chemicalgroup": {"chemicals": {"@source": "esbd", "chemical": [{"cas-registry-number": "9007-49-2", "chemical-name": "DNA"}, {"cas-registry-number": [{"$": "51395-96-1"}, {"$": "9036-88-8"}], "chemical-name": "mannan"}]}}}, "grantlist": {"@complete": "y", "grant-text": {"$": "This project is partially supported by the CMATER research laboratory of the Computer Science and Engineering Department, Jadavpur University, India, PURSE-II and UPE-II project and Research Award (F.30-31/2016 (SA-II)) by UGC, Government of India.", "@xml:lang": "eng"}, "grant": {"grant-id": "F.30-31/2016", "grant-acronym": "UGC", "grant-agency": {"@iso-code": "ind", "$": "University Grants Commission"}, "grant-agency-id": "501100001501"}}}, "item-info": {"copyright": {"$": "Copyright 2017 Elsevier B.V., All rights reserved.", "@type": "Elsevier"}, "dbcollection": [{"$": "CABS"}, {"$": "CPX"}, {"$": "EMBASE"}, {"$": "EMBIO"}, {"$": "FLX"}, {"$": "GEO"}, {"$": "REAXYSCAR"}, {"$": "SCOPUS"}, {"$": "Scopusbase"}], "history": {"date-created": {"@day": "12", "@timestamp": "BST 15:35:32", "@year": "2017", "@month": "12"}}, "itemidlist": {"itemid": [{"$": "618271338", "@idtype": "PUI"}, {"$": "2017288203", "@idtype": "CABS"}, {"$": "694233899", "@idtype": "CAR-ID"}, {"$": "20173704164374", "@idtype": "CPX"}, {"$": "20170648934", "@idtype": "EMBASE"}, {"$": "2017202088", "@idtype": "EMBIO"}, {"$": "1303735", "@idtype": "FLX"}, {"$": "5231496", "@idtype": "GEO"}, {"$": "20171628927", "@idtype": "REAXYSCAR"}, {"$": "20170439307", "@idtype": "SCOPUS"}, {"$": "85029208129", "@idtype": "SCP"}, {"$": "85029208129", "@idtype": "SGR"}], "ce:doi": "10.1002/elsc.201700040"}}, "tail": {"bibliography": {"@refcount": "34", "reference": [{"ref-fulltext": "McPherSon, S., Hetterscheid, W. L. A., Amorphophallus in the wild and in cultivation. The Plantsman Magazine, Royal Horticul. Soc. 2011, 10, 90\u201397.", "@id": "1", "ref-info": {"ref-publicationyear": {"@first": "2011"}, "ref-title": {"ref-titletext": "Amorphophallus in the wild and in cultivation"}, "refd-itemidlist": {"itemid": [{"$": "elsc1056-cit-0001", "@idtype": "FRAGMENTID"}, {"$": "85036513626", "@idtype": "SGR"}]}, "ref-volisspag": {"voliss": {"@volume": "10"}, "pagerange": {"@first": "90", "@last": "97"}}, "ref-authors": {"author": [{"@seq": "1", "ce:initials": "S.", "@_fa": "true", "ce:surname": "McPherSon", "ce:indexed-name": "McPherSon S."}, {"@seq": "2", "ce:initials": "W.L.A.", "@_fa": "true", "ce:surname": "Hetterscheid", "ce:indexed-name": "Hetterscheid W.L.A."}]}, "ref-sourcetitle": "The Plantsman Magazine, Royal Horticul. Soc."}}, {"ref-fulltext": "Hetterscheid, W., Ittenbach, S., Everything you always wanted to know about Amorphophallus, but were afraid to stick your nose into. Aroideana 1996, 19, 7\u2013131.", "@id": "2", "ref-info": {"ref-publicationyear": {"@first": "1996"}, "ref-title": {"ref-titletext": "Everything you always wanted to know about Amorphophallus, but were afraid to stick your nose into"}, "refd-itemidlist": {"itemid": [{"$": "elsc1056-cit-0002", "@idtype": "FRAGMENTID"}, {"$": "0002393238", "@idtype": "SGR"}]}, "ref-volisspag": {"voliss": {"@volume": "19"}, "pagerange": {"@first": "7", "@last": "131"}}, "ref-authors": {"author": [{"@seq": "1", "ce:initials": "W.", "@_fa": "true", "ce:surname": "Hetterscheid", "ce:indexed-name": "Hetterscheid W."}, {"@seq": "2", "ce:initials": "S.", "@_fa": "true", "ce:surname": "Ittenbach", "ce:indexed-name": "Ittenbach S."}]}, "ref-sourcetitle": "Aroideana"}}, {"ref-fulltext": "Hetterscheid, W. L. A., New species from SE Asia. Aroideana/Journal Int. Aroid Soc., 2006, 29, 53\u201379.", "@id": "3", "ref-info": {"ref-publicationyear": {"@first": "2006"}, "ref-title": {"ref-titletext": "New species from SE Asia"}, "refd-itemidlist": {"itemid": [{"$": "elsc1056-cit-0003", "@idtype": "FRAGMENTID"}, {"$": "84969501252", "@idtype": "SGR"}]}, "ref-volisspag": {"voliss": {"@volume": "29"}, "pagerange": {"@first": "53", "@last": "79"}}, "ref-authors": {"author": [{"@seq": "1", "ce:initials": "W.L.A.", "@_fa": "true", "ce:surname": "Hetterscheid", "ce:indexed-name": "Hetterscheid W.L.A."}]}, "ref-sourcetitle": "Aroideana/Journal Int. Aroid Soc."}}, {"ref-fulltext": "Sedayu, A., Eurlings, M. C., Gravendeel, B., Hetterscheid, W. L., Morphological character evolution of Amorphophallus (Araceae) based on a combined phylogenetic analysis of trnL, rbcL and LEAFY second intron sequences. Bot. Stud. 2010, 51, 473\u2013490.", "@id": "4", "ref-info": {"ref-publicationyear": {"@first": "2010"}, "ref-title": {"ref-titletext": "Morphological character evolution of Amorphophallus (Araceae) based on a combined phylogenetic analysis of trnL, rbcL and LEAFY second intron sequences"}, "refd-itemidlist": {"itemid": [{"$": "elsc1056-cit-0004", "@idtype": "FRAGMENTID"}, {"$": "78650591673", "@idtype": "SGR"}]}, "ref-volisspag": {"voliss": {"@volume": "51"}, "pagerange": {"@first": "473", "@last": "490"}}, "ref-authors": {"author": [{"@seq": "1", "ce:initials": "A.", "@_fa": "true", "ce:surname": "Sedayu", "ce:indexed-name": "Sedayu A."}, {"@seq": "2", "ce:initials": "M.C.", "@_fa": "true", "ce:surname": "Eurlings", "ce:indexed-name": "Eurlings M.C."}, {"@seq": "3", "ce:initials": "B.", "@_fa": "true", "ce:surname": "Gravendeel", "ce:indexed-name": "Gravendeel B."}, {"@seq": "4", "ce:initials": "W.L.", "@_fa": "true", "ce:surname": "Hetterscheid", "ce:indexed-name": "Hetterscheid W.L."}]}, "ref-sourcetitle": "Bot. Stud."}}, {"ref-fulltext": "Hetterscheid, W., Claudel, C., Flottbek, B. K., A new miniature Amorphophallus (Araceae) from Eastern Thailand. Aroideana 2012, 35, 47\u201350.", "@id": "5", "ref-info": {"ref-publicationyear": {"@first": "2012"}, "ref-title": {"ref-titletext": "A new miniature Amorphophallus (Araceae) from Eastern Thailand"}, "refd-itemidlist": {"itemid": [{"$": "elsc1056-cit-0005", "@idtype": "FRAGMENTID"}, {"$": "85036532905", "@idtype": "SGR"}]}, "ref-volisspag": {"voliss": {"@volume": "35"}, "pagerange": {"@first": "47", "@last": "50"}}, "ref-authors": {"author": [{"@seq": "1", "ce:initials": "W.", "@_fa": "true", "ce:surname": "Hetterscheid", "ce:indexed-name": "Hetterscheid W."}, {"@seq": "2", "ce:initials": "C.", "@_fa": "true", "ce:surname": "Claudel", "ce:indexed-name": "Claudel C."}, {"@seq": "3", "ce:initials": "B.K.", "@_fa": "true", "ce:surname": "Flottbek", "ce:indexed-name": "Flottbek B.K."}]}, "ref-sourcetitle": "Aroideana"}}, {"ref-fulltext": "Giordano, C., Karyological and Palynological Observations on Amorphophallus titanum (Becc.) Becc. ex Arcangeli (Araceae). Caryologia 1999, 52, 65\u201373.", "@id": "6", "ref-info": {"ref-publicationyear": {"@first": "1999"}, "ref-title": {"ref-titletext": "Karyological and Palynological Observations on Amorphophallus titanum (Becc.) Becc. ex Arcangeli (Araceae)"}, "refd-itemidlist": {"itemid": [{"$": "elsc1056-cit-0006", "@idtype": "FRAGMENTID"}, {"$": "0039604273", "@idtype": "SGR"}]}, "ref-volisspag": {"voliss": {"@volume": "52"}, "pagerange": {"@first": "65", "@last": "73"}}, "ref-authors": {"author": [{"@seq": "1", "ce:initials": "C.", "@_fa": "true", "ce:surname": "Giordano", "ce:indexed-name": "Giordano C."}]}, "ref-sourcetitle": "Caryologia"}}, {"ref-fulltext": "Punekar, S. A., Kumaran, K. P. N., Pollen morphology and pollination ecology of Amorphophallus species from North Western Ghats and Konkan region of India. Flora-Morphology, Distrib. Funct. Ecol. Plants 2010, 205, 326\u2013336.", "@id": "7", "ref-info": {"ref-publicationyear": {"@first": "2010"}, "ref-title": {"ref-titletext": "Pollen morphology and pollination ecology of Amorphophallus species from North Western Ghats and Konkan region of India"}, "refd-itemidlist": {"itemid": [{"$": "elsc1056-cit-0007", "@idtype": "FRAGMENTID"}, {"$": "77951206006", "@idtype": "SGR"}]}, "ref-volisspag": {"voliss": {"@volume": "205"}, "pagerange": {"@first": "326", "@last": "336"}}, "ref-authors": {"author": [{"@seq": "1", "ce:initials": "S.A.", "@_fa": "true", "ce:surname": "Punekar", "ce:indexed-name": "Punekar S.A."}, {"@seq": "2", "ce:initials": "K.P.N.", "@_fa": "true", "ce:surname": "Kumaran", "ce:indexed-name": "Kumaran K.P.N."}]}, "ref-sourcetitle": "Flora-Morphology, Distrib. Funct. Ecol. Plants"}}, {"ref-fulltext": "Kite, G. C., Hetterschieid, W. L. A., Inflorescence odours of Amorphophallus and Pseudodracontium (Araceae). Phytochemistry 1997, 46, 71\u201375,", "@id": "8", "ref-info": {"ref-publicationyear": {"@first": "1997"}, "ref-title": {"ref-titletext": "Inflorescence odours of Amorphophallus and Pseudodracontium (Araceae)"}, "refd-itemidlist": {"itemid": [{"$": "elsc1056-cit-0008", "@idtype": "FRAGMENTID"}, {"$": "0030864106", "@idtype": "SGR"}]}, "ref-volisspag": {"voliss": {"@volume": "46"}, "pagerange": {"@first": "71", "@last": "75"}}, "ref-authors": {"author": [{"@seq": "1", "ce:initials": "G.C.", "@_fa": "true", "ce:surname": "Kite", "ce:indexed-name": "Kite G.C."}, {"@seq": "2", "ce:initials": "W.L.A.", "@_fa": "true", "ce:surname": "Hetterschieid", "ce:indexed-name": "Hetterschieid W.L.A."}]}, "ref-sourcetitle": "Phytochemistry"}}, {"ref-fulltext": "Kite, G. C., Hetterscheid, W. L. A., Lewis, M. J., Boyce, P. C. et al., Inflorescence odours and pollinators of Arum and Amorphophallus (Araceae). Reprod. Biol. 1998, 295\u2013315.", "@id": "9", "ref-info": {"ref-publicationyear": {"@first": "1998"}, "ref-title": {"ref-titletext": "Inflorescence odours and pollinators of Arum and Amorphophallus (Araceae)"}, "refd-itemidlist": {"itemid": [{"$": "elsc1056-cit-0009", "@idtype": "FRAGMENTID"}, {"$": "0002005682", "@idtype": "SGR"}]}, "ref-volisspag": {"pagerange": {"@first": "295", "@last": "315"}}, "ref-authors": {"author": [{"@seq": "1", "ce:initials": "G.C.", "@_fa": "true", "ce:surname": "Kite", "ce:indexed-name": "Kite G.C."}, {"@seq": "2", "ce:initials": "W.L.A.", "@_fa": "true", "ce:surname": "Hetterscheid", "ce:indexed-name": "Hetterscheid W.L.A."}, {"@seq": "3", "ce:initials": "M.J.", "@_fa": "true", "ce:surname": "Lewis", "ce:indexed-name": "Lewis M.J."}, {"@seq": "4", "ce:initials": "P.C.", "@_fa": "true", "ce:surname": "Boyce", "ce:indexed-name": "Boyce P.C."}], "et-al": null}, "ref-sourcetitle": "Reprod. Biol."}}, {"ref-fulltext": "Grob, G. B. J., Gravendeel, B., Eurlings, M. C. M., Hetterscheid, W. L. A., Phylogeny of the tribe Thomsonieae (Araceae) based on chloroplast matK and trnL intron sequences. Syst. Bot. 2002, 27, 453\u2013467.", "@id": "10", "ref-info": {"ref-publicationyear": {"@first": "2002"}, "ref-title": {"ref-titletext": "Phylogeny of the tribe Thomsonieae (Araceae) based on chloroplast matK and trnL intron sequences"}, "refd-itemidlist": {"itemid": [{"$": "elsc1056-cit-0010", "@idtype": "FRAGMENTID"}, {"$": "0036655915", "@idtype": "SGR"}]}, "ref-volisspag": {"voliss": {"@volume": "27"}, "pagerange": {"@first": "453", "@last": "467"}}, "ref-authors": {"author": [{"@seq": "1", "ce:initials": "G.B.J.", "@_fa": "true", "ce:surname": "Grob", "ce:indexed-name": "Grob G.B.J."}, {"@seq": "2", "ce:initials": "B.", "@_fa": "true", "ce:surname": "Gravendeel", "ce:indexed-name": "Gravendeel B."}, {"@seq": "3", "ce:initials": "M.C.M.", "@_fa": "true", "ce:surname": "Eurlings", "ce:indexed-name": "Eurlings M.C.M."}, {"@seq": "4", "ce:initials": "W.L.A.", "@_fa": "true", "ce:surname": "Hetterscheid", "ce:indexed-name": "Hetterscheid W.L.A."}]}, "ref-sourcetitle": "Syst. Bot."}}, {"ref-fulltext": "Song, J., Yao, H., Li, Y., Li, X. et al., Authentication of the family Polygonaceae in Chinese pharmacopoeia by DNA barcoding technique. J. Ethnopharmacol. 2009, 124, 434\u2013439.", "@id": "11", "ref-info": {"ref-publicationyear": {"@first": "2009"}, "ref-title": {"ref-titletext": "Authentication of the family Polygonaceae in Chinese pharmacopoeia by DNA barcoding technique"}, "refd-itemidlist": {"itemid": [{"$": "elsc1056-cit-0011", "@idtype": "FRAGMENTID"}, {"$": "67650676738", "@idtype": "SGR"}]}, "ref-volisspag": {"voliss": {"@volume": "124"}, "pagerange": {"@first": "434", "@last": "439"}}, "ref-authors": {"author": [{"@seq": "1", "ce:initials": "J.", "@_fa": "true", "ce:surname": "Song", "ce:indexed-name": "Song J."}, {"@seq": "2", "ce:initials": "H.", "@_fa": "true", "ce:surname": "Yao", "ce:indexed-name": "Yao H."}, {"@seq": "3", "ce:initials": "Y.", "@_fa": "true", "ce:surname": "Li", "ce:indexed-name": "Li Y."}, {"@seq": "4", "ce:initials": "X.", "@_fa": "true", "ce:surname": "Li", "ce:indexed-name": "Li X."}], "et-al": null}, "ref-sourcetitle": "J. Ethnopharmacol."}}, {"ref-fulltext": "Kumar, L. S., DNA markers in plant improvement: An overview. Biotechnol. Adv. 1999, 17, 143\u2013182.", "@id": "12", "ref-info": {"ref-publicationyear": {"@first": "1999"}, "ref-title": {"ref-titletext": "DNA markers in plant improvement: An overview"}, "refd-itemidlist": {"itemid": [{"$": "elsc1056-cit-0012", "@idtype": "FRAGMENTID"}, {"$": "0033198981", "@idtype": "SGR"}]}, "ref-volisspag": {"voliss": {"@volume": "17"}, "pagerange": {"@first": "143", "@last": "182"}}, "ref-authors": {"author": [{"@seq": "1", "ce:initials": "L.S.", "@_fa": "true", "ce:surname": "Kumar", "ce:indexed-name": "Kumar L.S."}]}, "ref-sourcetitle": "Biotechnol. Adv."}}, {"ref-fulltext": "Dixon, R. A., Bouton, J. H., Narasimhamoorthy, B., Saha, M., Beyond structural genomics for plant science. Adv. Agron. 2007, 95, 77\u2013161.", "@id": "13", "ref-info": {"ref-publicationyear": {"@first": "2007"}, "ref-title": {"ref-titletext": "Beyond structural genomics for plant science"}, "refd-itemidlist": {"itemid": [{"$": "elsc1056-cit-0013", "@idtype": "FRAGMENTID"}, {"$": "34548503409", "@idtype": "SGR"}]}, "ref-volisspag": {"voliss": {"@volume": "95"}, "pagerange": {"@first": "77", "@last": "161"}}, "ref-authors": {"author": [{"@seq": "1", "ce:initials": "R.A.", "@_fa": "true", "ce:surname": "Dixon", "ce:indexed-name": "Dixon R.A."}, {"@seq": "2", "ce:initials": "J.H.", "@_fa": "true", "ce:surname": "Bouton", "ce:indexed-name": "Bouton J.H."}, {"@seq": "3", "ce:initials": "B.", "@_fa": "true", "ce:surname": "Narasimhamoorthy", "ce:indexed-name": "Narasimhamoorthy B."}, {"@seq": "4", "ce:initials": "M.", "@_fa": "true", "ce:surname": "Saha", "ce:indexed-name": "Saha M."}]}, "ref-sourcetitle": "Adv. Agron."}}, {"ref-fulltext": "Sharma, A., Namdeo, A. G., Mahadik, K., Molecular Markers: New Prospects in Plant Genome Analysis. Pharmacogn. Rev. 2008, 2, 23\u201334.", "@id": "14", "ref-info": {"ref-publicationyear": {"@first": "2008"}, "ref-title": {"ref-titletext": "Molecular Markers: New Prospects in Plant Genome Analysis"}, "refd-itemidlist": {"itemid": [{"$": "elsc1056-cit-0014", "@idtype": "FRAGMENTID"}, {"$": "77953067217", "@idtype": "SGR"}]}, "ref-volisspag": {"voliss": {"@volume": "2"}, "pagerange": {"@first": "23", "@last": "34"}}, "ref-authors": {"author": [{"@seq": "1", "ce:initials": "A.", "@_fa": "true", "ce:surname": "Sharma", "ce:indexed-name": "Sharma A."}, {"@seq": "2", "ce:initials": "A.G.", "@_fa": "true", "ce:surname": "Namdeo", "ce:indexed-name": "Namdeo A.G."}, {"@seq": "3", "ce:initials": "K.", "@_fa": "true", "ce:surname": "Mahadik", "ce:indexed-name": "Mahadik K."}]}, "ref-sourcetitle": "Pharmacogn. Rev."}}, {"ref-fulltext": "Khan, S., Mirza, K. J., Al-Qurainy, F., Abdin, M. Z., Authentication of the medicinal plant Senna angustifolia by RAPD profiling. Saudi J. Biol. Sci. 2011, 18, 287\u2013292.", "@id": "15", "ref-info": {"ref-publicationyear": {"@first": "2011"}, "ref-title": {"ref-titletext": "Authentication of the medicinal plant Senna angustifolia by RAPD profiling"}, "refd-itemidlist": {"itemid": [{"$": "elsc1056-cit-0015", "@idtype": "FRAGMENTID"}, {"$": "79957691038", "@idtype": "SGR"}]}, "ref-volisspag": {"voliss": {"@volume": "18"}, "pagerange": {"@first": "287", "@last": "292"}}, "ref-authors": {"author": [{"@seq": "1", "ce:initials": "S.", "@_fa": "true", "ce:surname": "Khan", "ce:indexed-name": "Khan S."}, {"@seq": "2", "ce:initials": "K.J.", "@_fa": "true", "ce:surname": "Mirza", "ce:indexed-name": "Mirza K.J."}, {"@seq": "3", "ce:initials": "F.", "@_fa": "true", "ce:surname": "Al-Qurainy", "ce:indexed-name": "Al-Qurainy F."}, {"@seq": "4", "ce:initials": "M.Z.", "@_fa": "true", "ce:surname": "Abdin", "ce:indexed-name": "Abdin M.Z."}]}, "ref-sourcetitle": "Saudi J. Biol. Sci."}}, {"ref-fulltext": "Wenbing, C., Chunlin, L., Jianfu, Z., Study on genetic diversity of RAPD markers in Amorphophallus. J. Agric. Biotechnol. 2001, 4, 24.", "@id": "16", "ref-info": {"ref-publicationyear": {"@first": "2001"}, "ref-title": {"ref-titletext": "Study on genetic diversity of RAPD markers in Amorphophallus"}, "refd-itemidlist": {"itemid": [{"$": "elsc1056-cit-0016", "@idtype": "FRAGMENTID"}, {"$": "84887409486", "@idtype": "SGR"}]}, "ref-volisspag": {"voliss": {"@volume": "4"}, "pagerange": {"@first": "24"}}, "ref-authors": {"author": [{"@seq": "1", "ce:initials": "C.", "@_fa": "true", "ce:surname": "Wenbing", "ce:indexed-name": "Wenbing C."}, {"@seq": "2", "ce:initials": "L.", "@_fa": "true", "ce:surname": "Chunlin", "ce:indexed-name": "Chunlin L."}, {"@seq": "3", "ce:initials": "Z.", "@_fa": "true", "ce:surname": "Jianfu", "ce:indexed-name": "Jianfu Z."}]}, "ref-sourcetitle": "J. Agric. Biotechnol."}}, {"ref-fulltext": "Venkatachalam, L., Sreedhar, R. V., Bhagyalakshmi, N., The use of genetic markers for detecting DNA polymorphism, genotype identification and phylogenetic relationships among banana cultivars. Mol. Phylogenet. Evol. 2008, 47, 974\u2013985.", "@id": "17", "ref-info": {"ref-publicationyear": {"@first": "2008"}, "ref-title": {"ref-titletext": "The use of genetic markers for detecting DNA polymorphism, genotype identification and phylogenetic relationships among banana cultivars"}, "refd-itemidlist": {"itemid": [{"$": "elsc1056-cit-0017", "@idtype": "FRAGMENTID"}, {"$": "43949084328", "@idtype": "SGR"}]}, "ref-volisspag": {"voliss": {"@volume": "47"}, "pagerange": {"@first": "974", "@last": "985"}}, "ref-authors": {"author": [{"@seq": "1", "ce:initials": "L.", "@_fa": "true", "ce:surname": "Venkatachalam", "ce:indexed-name": "Venkatachalam L."}, {"@seq": "2", "ce:initials": "R.V.", "@_fa": "true", "ce:surname": "Sreedhar", "ce:indexed-name": "Sreedhar R.V."}, {"@seq": "3", "ce:initials": "N.", "@_fa": "true", "ce:surname": "Bhagyalakshmi", "ce:indexed-name": "Bhagyalakshmi N."}]}, "ref-sourcetitle": "Mol. Phylogenet. Evol."}}, {"ref-fulltext": "Daud, S. K., Zaidi, N. S. M., Fadzillah, N., Mahmood, M., The use of LP-RAPD for assessing genetic relatedness among selected banana cultivars. Pertanika J. Trop. Agric. Sci. 2006, 29, 25\u201334.", "@id": "18", "ref-info": {"ref-publicationyear": {"@first": "2006"}, "ref-title": {"ref-titletext": "The use of LP-RAPD for assessing genetic relatedness among selected banana cultivars"}, "refd-itemidlist": {"itemid": [{"$": "elsc1056-cit-0018", "@idtype": "FRAGMENTID"}, {"$": "85036576652", "@idtype": "SGR"}]}, "ref-volisspag": {"voliss": {"@volume": "29"}, "pagerange": {"@first": "25", "@last": "34"}}, "ref-authors": {"author": [{"@seq": "1", "ce:initials": "S.K.", "@_fa": "true", "ce:surname": "Daud", "ce:indexed-name": "Daud S.K."}, {"@seq": "2", "ce:initials": "N.S.M.", "@_fa": "true", "ce:surname": "Zaidi", "ce:indexed-name": "Zaidi N.S.M."}, {"@seq": "3", "ce:initials": "N.", "@_fa": "true", "ce:surname": "Fadzillah", "ce:indexed-name": "Fadzillah N."}, {"@seq": "4", "ce:initials": "M.", "@_fa": "true", "ce:surname": "Mahmood", "ce:indexed-name": "Mahmood M."}]}, "ref-sourcetitle": "Pertanika J. Trop. Agric. Sci."}}, {"ref-fulltext": "Williams, J. G. K., Kubelik, A. R., Livak, K. J., Rafalski, J. A. et al., DNA polymorphisms amplified by arbitrary primers are useful as genetic markers. Nucleic Acids Res. 1990, 18, 6531\u20136535.", "@id": "19", "ref-info": {"ref-publicationyear": {"@first": "1990"}, "ref-title": {"ref-titletext": "DNA polymorphisms amplified by arbitrary primers are useful as genetic markers"}, "refd-itemidlist": {"itemid": [{"$": "elsc1056-cit-0019", "@idtype": "FRAGMENTID"}, {"$": "0025008570", "@idtype": "SGR"}]}, "ref-volisspag": {"voliss": {"@volume": "18"}, "pagerange": {"@first": "6531", "@last": "6535"}}, "ref-authors": {"author": [{"@seq": "1", "ce:initials": "J.G.K.", "@_fa": "true", "ce:surname": "Williams", "ce:indexed-name": "Williams J.G.K."}, {"@seq": "2", "ce:initials": "A.R.", "@_fa": "true", "ce:surname": "Kubelik", "ce:indexed-name": "Kubelik A.R."}, {"@seq": "3", "ce:initials": "K.J.", "@_fa": "true", "ce:surname": "Livak", "ce:indexed-name": "Livak K.J."}, {"@seq": "4", "ce:initials": "J.A.", "@_fa": "true", "ce:surname": "Rafalski", "ce:indexed-name": "Rafalski J.A."}], "et-al": null}, "ref-sourcetitle": "Nucleic Acids Res."}}, {"ref-fulltext": "Bardakci, F., Random amplified polymorphic DNA (RAPD) markers. Turkish J. Biol. 2001, 25, 185\u2013196.", "@id": "20", "ref-info": {"ref-publicationyear": {"@first": "2001"}, "ref-title": {"ref-titletext": "Random amplified polymorphic DNA (RAPD) markers"}, "refd-itemidlist": {"itemid": [{"$": "elsc1056-cit-0020", "@idtype": "FRAGMENTID"}, {"$": "26244458584", "@idtype": "SGR"}]}, "ref-volisspag": {"voliss": {"@volume": "25"}, "pagerange": {"@first": "185", "@last": "196"}}, "ref-authors": {"author": [{"@seq": "1", "ce:initials": "F.", "@_fa": "true", "ce:surname": "Bardakci", "ce:indexed-name": "Bardakci F."}]}, "ref-sourcetitle": "Turkish J. Biol."}}, {"ref-fulltext": "Li, J. J., Pei, G. L., Pang, H. X., Bilderbeck, A. et al., A new method for RAPD primers selection based on primer bias in nucleotide sequence data. J. Biotechnol. 2006, 126, 415\u2013423.", "@id": "21", "ref-info": {"ref-publicationyear": {"@first": "2006"}, "ref-title": {"ref-titletext": "A new method for RAPD primers selection based on primer bias in nucleotide sequence data"}, "refd-itemidlist": {"itemid": [{"$": "elsc1056-cit-0021", "@idtype": "FRAGMENTID"}, {"$": "33751004099", "@idtype": "SGR"}]}, "ref-volisspag": {"voliss": {"@volume": "126"}, "pagerange": {"@first": "415", "@last": "423"}}, "ref-authors": {"author": [{"@seq": "1", "ce:initials": "J.J.", "@_fa": "true", "ce:surname": "Li", "ce:indexed-name": "Li J.J."}, {"@seq": "2", "ce:initials": "G.L.", "@_fa": "true", "ce:surname": "Pei", "ce:indexed-name": "Pei G.L."}, {"@seq": "3", "ce:initials": "H.X.", "@_fa": "true", "ce:surname": "Pang", "ce:indexed-name": "Pang H.X."}, {"@seq": "4", "ce:initials": "A.", "@_fa": "true", "ce:surname": "Bilderbeck", "ce:indexed-name": "Bilderbeck A."}], "et-al": null}, "ref-sourcetitle": "J. Biotechnol."}}, {"ref-fulltext": "Chen, H.-L., Cheng, H.-C., Wu, W.-T., Liu, Y. J. et al., Supplementation of konjac glucomannan into a low-fiber Chinese diet promoted bowel movement and improved colonic ecology in constipated adults: a placebo-controlled, diet-controlled trial. J. Am. Coll. Nutr. 2008, 27, 102\u2013108.", "@id": "22", "ref-info": {"ref-publicationyear": {"@first": "2008"}, "ref-title": {"ref-titletext": "Supplementation of konjac glucomannan into a low-fiber Chinese diet promoted bowel movement and improved colonic ecology in constipated adults: a placebo-controlled, diet-controlled trial"}, "refd-itemidlist": {"itemid": [{"$": "elsc1056-cit-0022", "@idtype": "FRAGMENTID"}, {"$": "42649130376", "@idtype": "SGR"}]}, "ref-volisspag": {"voliss": {"@volume": "27"}, "pagerange": {"@first": "102", "@last": "108"}}, "ref-authors": {"author": [{"@seq": "1", "ce:initials": "H.-L.", "@_fa": "true", "ce:surname": "Chen", "ce:indexed-name": "Chen H.-L."}, {"@seq": "2", "ce:initials": "H.-C.", "@_fa": "true", "ce:surname": "Cheng", "ce:indexed-name": "Cheng H.-C."}, {"@seq": "3", "ce:initials": "W.-T.", "@_fa": "true", "ce:surname": "Wu", "ce:indexed-name": "Wu W.-T."}, {"@seq": "4", "ce:initials": "Y.J.", "@_fa": "true", "ce:surname": "Liu", "ce:indexed-name": "Liu Y.J."}], "et-al": null}, "ref-sourcetitle": "J. Am. Coll. Nutr."}}, {"ref-fulltext": "Walsh, D. E., Yaghoubian, V., Behforooz, A., Effect of glucomannan on obese patients: a clinical study. Int. J. Obes 1984, 8, 289\u2013293.", "@id": "23", "ref-info": {"ref-publicationyear": {"@first": "1984"}, "ref-title": {"ref-titletext": "Effect of glucomannan on obese patients: a clinical study"}, "refd-itemidlist": {"itemid": [{"$": "elsc1056-cit-0023", "@idtype": "FRAGMENTID"}, {"$": "0021231730", "@idtype": "SGR"}]}, "ref-volisspag": {"voliss": {"@volume": "8"}, "pagerange": {"@first": "289", "@last": "293"}}, "ref-authors": {"author": [{"@seq": "1", "ce:initials": "D.E.", "@_fa": "true", "ce:surname": "Walsh", "ce:indexed-name": "Walsh D.E."}, {"@seq": "2", "ce:initials": "V.", "@_fa": "true", "ce:surname": "Yaghoubian", "ce:indexed-name": "Yaghoubian V."}, {"@seq": "3", "ce:initials": "A.", "@_fa": "true", "ce:surname": "Behforooz", "ce:indexed-name": "Behforooz A."}]}, "ref-sourcetitle": "Int. J. Obes"}}, {"ref-fulltext": "Banerjee, A., Basu, S., Mekkerdchoo, O., Nasipuri, M. et al., Automatic classification of A. paeoniifolius species from DNA fingerprints of Amorphophalus genus, in Communications, Devices and Intelligent Systems (CODIS), 2012 International Conference on, 2012, 580\u2013583.", "@id": "24", "ref-info": {"ref-publicationyear": {"@first": "2012"}, "refd-itemidlist": {"itemid": [{"$": "elsc1056-cit-0024", "@idtype": "FRAGMENTID"}, {"$": "84874417794", "@idtype": "SGR"}]}, "ref-volisspag": {"pagerange": {"@first": "580", "@last": "583"}}, "ref-text": "in Communications, Devices and Intelligent Systems (CODIS), 2012 International Conference on", "ref-authors": {"author": [{"@seq": "1", "ce:initials": "A.", "@_fa": "true", "ce:surname": "Banerjee", "ce:indexed-name": "Banerjee A."}, {"@seq": "2", "ce:initials": "S.", "@_fa": "true", "ce:surname": "Basu", "ce:indexed-name": "Basu S."}, {"@seq": "3", "ce:initials": "O.", "@_fa": "true", "ce:surname": "Mekkerdchoo", "ce:indexed-name": "Mekkerdchoo O."}, {"@seq": "4", "ce:initials": "M.", "@_fa": "true", "ce:surname": "Nasipuri", "ce:indexed-name": "Nasipuri M."}], "et-al": null}, "ref-sourcetitle": "Automatic classification of A. paeoniifolius species from DNA fingerprints of Amorphophalus genus"}}, {"ref-fulltext": "G. Study, ChokenamchaiS. 2003 Genetic study and variety improvement of elephant yams (Amorphophallus sp.) by colchicine. K. U. Department of Genetics.", "@id": "25", "ref-info": {"ref-publicationyear": {"@first": "2003"}, "refd-itemidlist": {"itemid": [{"$": "elsc1056-cit-0025", "@idtype": "FRAGMENTID"}, {"$": "85036531616", "@idtype": "SGR"}]}, "ref-authors": {"author": [{"@seq": "1", "ce:initials": "G.", "@_fa": "true", "ce:surname": "Study", "ce:indexed-name": "Study G."}, {"@seq": "2", "ce:initials": "S.", "@_fa": "true", "ce:surname": "Chokenamchai", "ce:indexed-name": "Chokenamchai S."}]}, "ref-sourcetitle": "Genetic study and variety improvement of elephant yams (Amorphophallus sp.) by colchicine"}}, {"ref-fulltext": "Poerba, Y. S., Martanti, D., Genetic variability of Amorphophallus muelleri Blume in Java based on Random Amplified Polymorphic DNA. Biodiversitas J. Biol. Div. 2008, 9, 245\u2013249.", "@id": "26", "ref-info": {"ref-publicationyear": {"@first": "2008"}, "ref-title": {"ref-titletext": "Genetic variability of Amorphophallus muelleri Blume in Java based on Random Amplified Polymorphic DNA"}, "refd-itemidlist": {"itemid": [{"$": "elsc1056-cit-0026", "@idtype": "FRAGMENTID"}, {"$": "84877058982", "@idtype": "SGR"}]}, "ref-volisspag": {"voliss": {"@volume": "9"}, "pagerange": {"@first": "245", "@last": "249"}}, "ref-authors": {"author": [{"@seq": "1", "ce:initials": "Y.S.", "@_fa": "true", "ce:surname": "Poerba", "ce:indexed-name": "Poerba Y.S."}, {"@seq": "2", "ce:initials": "D.", "@_fa": "true", "ce:surname": "Martanti", "ce:indexed-name": "Martanti D."}]}, "ref-sourcetitle": "Biodiversitas J. Biol. Div."}}, {"ref-fulltext": "Banerjee, A., Basu, S., Mekkerdchoo, O., Srzednicki, G. et al., Automatic Classification of A. muelleri Species from DNA Fingerprints of Amorphophallus Genus, in Proceedings of International Symposium on Agri-Foods for Health and Wealth (AFHW2013), 2014, 101\u2013107.", "@id": "27", "ref-info": {"ref-publicationyear": {"@first": "2014"}, "refd-itemidlist": {"itemid": [{"$": "elsc1056-cit-0027", "@idtype": "FRAGMENTID"}, {"$": "85036587789", "@idtype": "SGR"}]}, "ref-volisspag": {"pagerange": {"@first": "101", "@last": "107"}}, "ref-authors": {"author": [{"@seq": "1", "ce:initials": "A.", "@_fa": "true", "ce:surname": "Banerjee", "ce:indexed-name": "Banerjee A."}, {"@seq": "2", "ce:initials": "S.", "@_fa": "true", "ce:surname": "Basu", "ce:indexed-name": "Basu S."}, {"@seq": "3", "ce:initials": "O.", "@_fa": "true", "ce:surname": "Mekkerdchoo", "ce:indexed-name": "Mekkerdchoo O."}, {"@seq": "4", "ce:initials": "G.", "@_fa": "true", "ce:surname": "Srzednicki", "ce:indexed-name": "Srzednicki G."}], "et-al": null}, "ref-sourcetitle": "Automatic Classification of A. muelleri Species from DNA Fingerprints of Amorphophallus Genus, in Proceedings of International Symposium on Agri-Foods for Health and Wealth (AFHW2013)"}}, {"ref-fulltext": "Chokenamchai, S., Genetic study and variety improvement of elephant yams (Amorphophallus sp.) by colchicine (Masters Thesis). Kasetsart University, Bangkok, Thailand, 2003.", "@id": "28", "ref-info": {"ref-publicationyear": {"@first": "2003"}, "refd-itemidlist": {"itemid": [{"$": "elsc1056-cit-0028", "@idtype": "FRAGMENTID"}, {"$": "85036572175", "@idtype": "SGR"}]}, "ref-text": "Kasetsart University, Bangkok, Thailand", "ref-authors": {"author": [{"@seq": "1", "ce:initials": "S.", "@_fa": "true", "ce:surname": "Chokenamchai", "ce:indexed-name": "Chokenamchai S."}]}, "ref-sourcetitle": "Genetic study and variety improvement of elephant yams (Amorphophallus sp.) by colchicine (Masters Thesis)"}}, {"ref-fulltext": "Mulyono, D., Jinn, H. S. J. H.S., A study of finger vein biometric for personal identification. Int. Symp. Biometrics Secur. Technol. 2008, 1\u20138.", "@id": "29", "ref-info": {"ref-publicationyear": {"@first": "2008"}, "ref-title": {"ref-titletext": "A study of finger vein biometric for personal identification"}, "refd-itemidlist": {"itemid": [{"$": "elsc1056-cit-0029", "@idtype": "FRAGMENTID"}, {"$": "51249088860", "@idtype": "SGR"}]}, "ref-volisspag": {"pagerange": {"@first": "1", "@last": "8"}}, "ref-authors": {"author": [{"@seq": "1", "ce:initials": "D.", "@_fa": "true", "ce:surname": "Mulyono", "ce:indexed-name": "Mulyono D."}, {"@seq": "2", "ce:initials": "H.S.J.H.S.", "@_fa": "true", "ce:surname": "Jinn", "ce:indexed-name": "Jinn H.S.J.H.S."}]}, "ref-sourcetitle": "Int. Symp. Biometrics Secur. Technol."}}, {"ref-fulltext": "Zuiderveld, K., Contrast limited adaptive histogram equalization, in Graphics gems IV, 1994, 474\u2013485.", "@id": "30", "ref-info": {"ref-publicationyear": {"@first": "1994"}, "ref-title": {"ref-titletext": "Contrast limited adaptive histogram equalization"}, "refd-itemidlist": {"itemid": [{"$": "elsc1056-cit-0030", "@idtype": "FRAGMENTID"}, {"$": "0012934579", "@idtype": "SGR"}]}, "ref-volisspag": {"pagerange": {"@first": "474", "@last": "485"}}, "ref-text": "in", "ref-authors": {"author": [{"@seq": "1", "ce:initials": "K.", "@_fa": "true", "ce:surname": "Zuiderveld", "ce:indexed-name": "Zuiderveld K."}]}, "ref-sourcetitle": "Graphics gems IV"}}, {"ref-fulltext": "Altman, N. S., An introduction to kernel and nearest-neighbor nonparametric regression. Am. Stat. 1992, 46, 75\u2013185.", "@id": "31", "ref-info": {"ref-publicationyear": {"@first": "1992"}, "ref-title": {"ref-titletext": "An introduction to kernel and nearest-neighbor nonparametric regression"}, "refd-itemidlist": {"itemid": [{"$": "elsc1056-cit-0031", "@idtype": "FRAGMENTID"}, {"$": "0000581356", "@idtype": "SGR"}]}, "ref-volisspag": {"voliss": {"@volume": "46"}, "pagerange": {"@first": "75", "@last": "185"}}, "ref-authors": {"author": [{"@seq": "1", "ce:initials": "N.S.", "@_fa": "true", "ce:surname": "Altman", "ce:indexed-name": "Altman N.S."}]}, "ref-sourcetitle": "Am. Stat."}}, {"ref-fulltext": "Plewczynski, D., Basu, S., Saha, I., AMS 4.0: consensus prediction of post-translational modifications in protein sequences. Amino Acids 2012, 43, 573\u2013582.", "@id": "32", "ref-info": {"ref-publicationyear": {"@first": "2012"}, "ref-title": {"ref-titletext": "AMS 4.0: consensus prediction of post-translational modifications in protein sequences"}, "refd-itemidlist": {"itemid": [{"$": "elsc1056-cit-0032", "@idtype": "FRAGMENTID"}, {"$": "84864743678", "@idtype": "SGR"}]}, "ref-volisspag": {"voliss": {"@volume": "43"}, "pagerange": {"@first": "573", "@last": "582"}}, "ref-authors": {"author": [{"@seq": "1", "ce:initials": "D.", "@_fa": "true", "ce:surname": "Plewczynski", "ce:indexed-name": "Plewczynski D."}, {"@seq": "2", "ce:initials": "S.", "@_fa": "true", "ce:surname": "Basu", "ce:indexed-name": "Basu S."}, {"@seq": "3", "ce:initials": "I.", "@_fa": "true", "ce:surname": "Saha", "ce:indexed-name": "Saha I."}]}, "ref-sourcetitle": "Amino Acids"}}, {"ref-fulltext": "Chatterjee, P., Basu, S., Kundu, M., Nasipuri, M. et al., PSP_MCSVM: brainstorming consensus prediction of protein secondary structures using two-stage multiclass support vector machines. J. Mol. Model 2011, 17, 2191\u20132201.", "@id": "33", "ref-info": {"ref-publicationyear": {"@first": "2011"}, "ref-title": {"ref-titletext": "PSP_MCSVM: brainstorming consensus prediction of protein secondary structures using two-stage multiclass support vector machines"}, "refd-itemidlist": {"itemid": [{"$": "elsc1056-cit-0033", "@idtype": "FRAGMENTID"}, {"$": "80255137540", "@idtype": "SGR"}]}, "ref-volisspag": {"voliss": {"@volume": "17"}, "pagerange": {"@first": "2191", "@last": "2201"}}, "ref-authors": {"author": [{"@seq": "1", "ce:initials": "P.", "@_fa": "true", "ce:surname": "Chatterjee", "ce:indexed-name": "Chatterjee P."}, {"@seq": "2", "ce:initials": "S.", "@_fa": "true", "ce:surname": "Basu", "ce:indexed-name": "Basu S."}, {"@seq": "3", "ce:initials": "M.", "@_fa": "true", "ce:surname": "Kundu", "ce:indexed-name": "Kundu M."}, {"@seq": "4", "ce:initials": "M.", "@_fa": "true", "ce:surname": "Nasipuri", "ce:indexed-name": "Nasipuri M."}], "et-al": null}, "ref-sourcetitle": "J. Mol. Model"}}, {"ref-fulltext": "Chatterjee, P., Basu, S., Kundu, M., Nasipuri, M. et al., Improving Prediction of Interdomain Linkers in Protein Sequences Using a Consensus Approach, in Proceedings of the International Conference on Information Systems Design and Intelligent Applications 2012 (INDIA 2012) held in Visakhapatnam, India, January 2012, 2012, 111\u2013118.", "@id": "34", "ref-info": {"ref-publicationyear": {"@first": "2012"}, "refd-itemidlist": {"itemid": [{"$": "elsc1056-cit-0034", "@idtype": "FRAGMENTID"}, {"$": "84880370864", "@idtype": "SGR"}]}, "ref-volisspag": {"pagerange": {"@first": "111", "@last": "118"}}, "ref-authors": {"author": [{"@seq": "1", "ce:initials": "P.", "@_fa": "true", "ce:surname": "Chatterjee", "ce:indexed-name": "Chatterjee P."}, {"@seq": "2", "ce:initials": "S.", "@_fa": "true", "ce:surname": "Basu", "ce:indexed-name": "Basu S."}, {"@seq": "3", "ce:initials": "M.", "@_fa": "true", "ce:surname": "Kundu", "ce:indexed-name": "Kundu M."}, {"@seq": "4", "ce:initials": "M.", "@_fa": "true", "ce:surname": "Nasipuri", "ce:indexed-name": "Nasipuri M."}], "et-al": null}, "ref-sourcetitle": "Improving Prediction of Interdomain Linkers in Protein Sequences Using a Consensus Approach, in Proceedings of the International Conference on Information Systems Design and Intelligent Applications 2012 (INDIA 2012) held in Visakhapatnam, India, January 2012"}}]}}}}, "affiliation": [{"affiliation-city": "Bangkok", "@id": "60028190", "affilname": "Chulalongkorn University", "@href": "https://api.elsevier.com/content/affiliation/affiliation_id/60028190", "affiliation-country": "Thailand"}, {"affiliation-city": "Sydney", "@id": "60028333", "affilname": "UNSW Sydney", "@href": "https://api.elsevier.com/content/affiliation/affiliation_id/60028333", "affiliation-country": "Australia"}, {"affiliation-city": "Bangkok", "@id": "60021543", "affilname": "King Mongkut's Institute of Technology Ladkrabang", "@href": "https://api.elsevier.com/content/affiliation/affiliation_id/60021543", "affiliation-country": "Thailand"}, {"affiliation-city": "Kolkata", "@id": "60020825", "affilname": "Jadavpur University", "@href": "https://api.elsevier.com/content/affiliation/affiliation_id/60020825", "affiliation-country": "India"}], "coredata": {"srctype": "j", "eid": "2-s2.0-85029208129", "dc:description": "The proposed work aims at designing a classification system for automatic identification of A. muelleri species, grown as a potential cash crop in many Asian countries, from the DNA fingerprints of Amorphophallus genus. Four sets of 48 DNA fingerprints belonging to 37 species of the Amorphophallus genus, developed with the help of four different primers are considered for the experiment, with an objective to identify only the fingerprints of the species of interest. A second experimental setup deals with the automatic classification of species containing high amounts of glucomannan from the same set of DNA fingerprints of the Amorphophallus genus. For each set of 48 DNA fingerprints generated with a specific primer, the DNA fingerprints are preprocessed to extract a 42 dimensional feature vector which is used to generate a k-Nearest Neighbor based classifier based on the Leave One Out Cross Validation protocol. Final classification based on outputs from individual classifiers constructed with respect to the four different primers is performed according to a n-star consensus strategy. The n-star consensus predicts species A. muelleri with cent per cent accuracy while it predicts species containing glucomannan with a more modest accuracy of 81.25%.", "prism:coverDate": "2017-12-01", "prism:aggregationType": "Journal", "prism:url": "https://api.elsevier.com/content/abstract/scopus_id/85029208129", "dc:creator": {"author": [{"ce:given-name": "Anupam", "preferred-name": {"ce:given-name": "Anupam", "ce:initials": "A.", "ce:surname": "Banerjee", "ce:indexed-name": "Banerjee A."}, "@seq": "1", "ce:initials": "A.", "@_fa": "true", "affiliation": {"@id": "60020825", "@href": "https://api.elsevier.com/content/affiliation/affiliation_id/60020825"}, "ce:surname": "Banerjee", "@auid": "7402886036", "author-url": "https://api.elsevier.com/content/author/author_id/7402886036", "ce:indexed-name": "Banerjee A."}]}, "link": [{"@_fa": "true", "@rel": "self", "@href": "https://api.elsevier.com/content/abstract/scopus_id/85029208129"}, {"@_fa": "true", "@rel": "scopus", "@href": "https://www.scopus.com/inward/record.uri?partnerID=HzOxMe3b&scp=85029208129&origin=inward"}, {"@_fa": "true", "@rel": "scopus-citedby", "@href": "https://www.scopus.com/inward/citedby.uri?partnerID=HzOxMe3b&scp=85029208129&origin=inward"}], "source-id": "15608", "citedby-count": "1", "prism:volume": "17", "subtype": "ar", "dc:title": "A soft computing tool for species classification and prediction of glucomannan content in Amorphophallus genus", "openaccess": "1", "prism:issn": "16182863 16180240", "publishercopyright": "\u00a9 2017 WILEY-VCH Verlag GmbH & Co. KGaA, Weinheim", "prism:issueIdentifier": "12", "subtypeDescription": "Article", "prism:publicationName": "Engineering in Life Sciences", "prism:pageRange": "1254-1263", "prism:endingPage": "1263", "openaccessFlag": "true", "prism:doi": "10.1002/elsc.201700040", "prism:startingPage": "1254", "dc:identifier": "SCOPUS_ID:85029208129", "dc:publisher": "Wiley-VCH Verlaginfo@wiley-vch.de"}, "idxterms": {"mainterm": [{"$": "Amorphophallus genus", "@weight": "b", "@candidate": "n"}, {"$": "Automatic classification", "@weight": "b", "@candidate": "n"}, {"$": "Automatic identification", "@weight": "b", "@candidate": "n"}, {"$": "Glucomannan", "@weight": "b", "@candidate": "n"}, {"$": "Individual classifiers", "@weight": "b", "@candidate": "n"}, {"$": "K-NN classifications", "@weight": "b", "@candidate": "n"}, {"$": "Leave-one-out cross validations", "@weight": "b", "@candidate": "n"}, {"$": "Species classification", "@weight": "b", "@candidate": "n"}]}, "language": {"@xml:lang": "eng"}, "authkeywords": {"author-keyword": [{"@_fa": "true", "$": "Amorphophallus genus"}, {"@_fa": "true", "$": "Glucomannan"}, {"@_fa": "true", "$": "k-NN classification"}, {"@_fa": "true", "$": "Species classification"}]}, "subject-areas": {"subject-area": [{"@_fa": "true", "$": "Biotechnology", "@code": "1305", "@abbrev": "BIOC"}, {"@_fa": "true", "$": "Environmental Engineering", "@code": "2305", "@abbrev": "ENVI"}, {"@_fa": "true", "$": "Bioengineering", "@code": "1502", "@abbrev": "CENG"}]}, "authors": {"author": [{"ce:given-name": "Anupam", "preferred-name": {"ce:given-name": "Anupam", "ce:initials": "A.", "ce:surname": "Banerjee", "ce:indexed-name": "Banerjee A."}, "@seq": "1", "ce:initials": "A.", "@_fa": "true", "affiliation": {"@id": "60020825", "@href": "https://api.elsevier.com/content/affiliation/affiliation_id/60020825"}, "ce:surname": "Banerjee", "@auid": "7402886036", "author-url": "https://api.elsevier.com/content/author/author_id/7402886036", "ce:indexed-name": "Banerjee A."}, {"ce:given-name": "Priti", "preferred-name": {"ce:given-name": "Priti", "ce:initials": "P.", "ce:surname": "Das", "ce:indexed-name": "Das P."}, "@seq": "2", "ce:initials": "P.", "@_fa": "true", "affiliation": {"@id": "60028190", "@href": "https://api.elsevier.com/content/affiliation/affiliation_id/60028190"}, "ce:surname": "Das", "@auid": "57195614729", "author-url": "https://api.elsevier.com/content/author/author_id/57195614729", "ce:indexed-name": "Das P."}, {"ce:given-name": "Orachorn", "preferred-name": {"ce:given-name": "Orachorn", "ce:initials": "O.", "ce:surname": "Mekkerdchoo", "ce:indexed-name": "Mekkerdchoo O."}, "@seq": "3", "ce:initials": "O.", "@_fa": "true", "affiliation": [{"@id": "60028190", "@href": "https://api.elsevier.com/content/affiliation/affiliation_id/60028190"}, {"@id": "60021543", "@href": "https://api.elsevier.com/content/affiliation/affiliation_id/60021543"}], "ce:surname": "Mekkerdchoo", "@auid": "55608474000", "author-url": "https://api.elsevier.com/content/author/author_id/55608474000", "ce:indexed-name": "Mekkerdchoo O."}, {"ce:given-name": "Chaleeda", "preferred-name": {"ce:given-name": "Chaleeda", "ce:initials": "C.", "ce:surname": "Borompichaichartkul", "ce:indexed-name": "Borompichaichartkul C."}, "@seq": "4", "ce:initials": "C.", "@_fa": "true", "affiliation": {"@id": "60028190", "@href": "https://api.elsevier.com/content/affiliation/affiliation_id/60028190"}, "ce:surname": "Borompichaichartkul", "@auid": "8242484100", "author-url": "https://api.elsevier.com/content/author/author_id/8242484100", "ce:indexed-name": "Borompichaichartkul C."}, {"ce:given-name": "Subhadip", "preferred-name": {"ce:given-name": "Subhadip", "ce:initials": "S.", "ce:surname": "Basu", "ce:indexed-name": "Basu S."}, "@seq": "5", "ce:initials": "S.", "@_fa": "true", "affiliation": {"@id": "60020825", "@href": "https://api.elsevier.com/content/affiliation/affiliation_id/60020825"}, "ce:surname": "Basu", "@auid": "13607785400", "author-url": "https://api.elsevier.com/content/author/author_id/13607785400", "ce:indexed-name": "Basu S."}, {"ce:given-name": "Mita", "preferred-name": {"ce:given-name": "Mita", "ce:initials": "M.", "ce:surname": "Nasipuri", "ce:indexed-name": "Nasipuri M."}, "@seq": "6", "ce:initials": "M.", "@_fa": "true", "affiliation": {"@id": "60020825", "@href": "https://api.elsevier.com/content/affiliation/affiliation_id/60020825"}, "ce:surname": "Nasipuri", "@auid": "6603420429", "author-url": "https://api.elsevier.com/content/author/author_id/6603420429", "ce:indexed-name": "Nasipuri M."}, {"ce:given-name": "Georges", "preferred-name": {"ce:given-name": "Georges", "ce:initials": "G.", "ce:surname": "Srzednicki", "ce:indexed-name": "Srzednicki G."}, "@seq": "7", "ce:initials": "G.", "@_fa": "true", "affiliation": {"@id": "60028333", "@href": "https://api.elsevier.com/content/affiliation/affiliation_id/60028333"}, "ce:surname": "Srzednicki", "@auid": "55949009900", "author-url": "https://api.elsevier.com/content/author/author_id/55949009900", "ce:indexed-name": "Srzednicki G."}]}}}