{"abstracts-retrieval-response": {"item": {"ait:process-info": {"ait:status": {"@state": "update", "@type": "core", "@stage": "S300"}, "ait:date-delivered": {"@day": "13", "@year": "2020", "@timestamp": "2020-01-13T04:41:10.000010-05:00", "@month": "01"}, "ait:date-sort": {"@day": "01", "@year": "2017", "@month": "12"}}, "xocs:meta": {"xocs:funding-list": {"@pui-match": "primary", "@has-funding-info": "1", "xocs:funding": [{"xocs:funding-agency-matched-string": "National Institutes of Health", "xocs:funding-agency-acronym": "NIH", "xocs:funding-agency": "National Institutes of Health", "xocs:funding-agency-id": "http://data.elsevier.com/vocabulary/SciValFunders/100000002", "xocs:funding-agency-country": "http://sws.geonames.org/6252001/"}, {"xocs:funding-agency-acronym": "NHLBI", "xocs:funding-agency": "National Heart, Lung, and Blood Institute", "xocs:funding-id": "ZICHL005907", "xocs:funding-agency-id": "http://data.elsevier.com/vocabulary/SciValFunders/100000050", "xocs:funding-agency-country": "http://sws.geonames.org/6252001"}, {"xocs:funding-agency-matched-string": "National Cancer Institute", "xocs:funding-agency-acronym": "NCI", "xocs:funding-agency": "National Cancer Institute", "xocs:funding-agency-id": "http://data.elsevier.com/vocabulary/SciValFunders/100000054", "xocs:funding-agency-country": "http://sws.geonames.org/6252001/"}], "xocs:funding-addon-generated-timestamp": "2024-01-31T04:22:06.796826Z", "xocs:funding-text": "We thank Dr. Ji Luo for the cancer-related gene shRNA library and Dr. Jonathan Ashwell for cIAP1\u2212/\u2212 and cIAP2H570A MEFs. We thank Ross Lake for his expertise in confocal imaging. This research was supported by the Intramural Research Program of the Center for Cancer Research, National Cancer Institute, National Institutes of Health.", "xocs:funding-addon-type": "http://vtw.elsevier.com/data/voc/AddOnTypes/50.7/aggregated-refined"}}, "bibrecord": {"head": {"author-group": [{"affiliation": {"country": "United States", "address-part": "37 Convent Drive", "postal-code": "20892", "@afid": "60013409", "@country": "usa", "city": "Bethesda", "organization": [{"$": "Center for Cancer Research"}, {"$": "National Cancer Institute"}], "affiliation-id": {"@afid": "60013409"}, "state": "MD"}, "author": [{"ce:given-name": "Qing", "preferred-name": {"ce:given-name": "Qing", "ce:initials": "Q.", "ce:surname": "Xu", "ce:indexed-name": "Xu Q."}, "@seq": "1", "ce:initials": "Q.", "@_fa": "true", "@type": "auth", "ce:surname": "Xu", "@auid": "57191198530", "ce:indexed-name": "Xu Q."}, {"ce:given-name": "Siriporn", "preferred-name": {"ce:given-name": "Siriporn", "ce:initials": "S.", "ce:surname": "Jitkaew", "ce:indexed-name": "Jitkaew S."}, "@seq": "2", "ce:initials": "S.", "@date-locked": "2019-12-13T06:53:58.909", "@_fa": "true", "@type": "auth", "ce:surname": "Jitkaew", "@auid": "26040777200", "ce:indexed-name": "Jitkaew S."}, {"ce:given-name": "Swati", "preferred-name": {"ce:given-name": "Swati", "ce:initials": "S.", "ce:surname": "Choksi", "ce:indexed-name": "Choksi S."}, "@seq": "3", "ce:initials": "S.", "@_fa": "true", "@type": "auth", "ce:surname": "Choksi", "@auid": "6701734856", "ce:indexed-name": "Choksi S."}, {"ce:given-name": "Chamila", "preferred-name": {"ce:given-name": "Chamila", "ce:initials": "C.", "ce:surname": "Kadigamuwa", "ce:indexed-name": "Kadigamuwa C."}, "@seq": "4", "ce:initials": "C.", "@_fa": "true", "@type": "auth", "ce:surname": "Kadigamuwa", "@auid": "56780323200", "ce:indexed-name": "Kadigamuwa C."}, {"ce:given-name": "Jianhui", "preferred-name": {"ce:given-name": "Jianhui", "ce:initials": "J.", "ce:surname": "Qu", "ce:indexed-name": "Qu J."}, "@seq": "5", "ce:initials": "J.", "@_fa": "true", "@type": "auth", "ce:surname": "Qu", "@auid": "57191196135", "ce:indexed-name": "Qu J."}, {"ce:given-name": "Moran", "preferred-name": {"ce:given-name": "Moran", "ce:initials": "M.", "ce:surname": "Choe", "ce:indexed-name": "Choe M."}, "@seq": "6", "ce:initials": "M.", "@_fa": "true", "@type": "auth", "ce:surname": "Choe", "@auid": "57191196442", "ce:indexed-name": "Choe M."}, {"ce:given-name": "Jonathan", "preferred-name": {"ce:given-name": "Jonathan", "ce:initials": "J.", "ce:surname": "Jang", "ce:indexed-name": "Jang J."}, "@seq": "7", "ce:initials": "J.", "@_fa": "true", "@type": "auth", "ce:surname": "Jang", "@auid": "57191201236", "ce:indexed-name": "Jang J."}, {"ce:given-name": "Zheng-Gang", "preferred-name": {"ce:given-name": "Zheng Gang", "ce:initials": "Z.G.", "ce:surname": "Liu", "ce:indexed-name": "Liu Z."}, "@seq": "9", "ce:initials": "Z.-G.", "@_fa": "true", "@type": "auth", "ce:surname": "Liu", "@auid": "7406673849", "ce:indexed-name": "Liu Z.-G."}]}, {"affiliation": {"country": "Thailand", "postal-code": "10330", "@afid": "60028190", "@country": "tha", "city": "Bangkok", "organization": [{"$": "Faculty of Allied Health Sciences"}, {"$": "Department of Clinical Chemistry"}, {"$": "Chulalongkorn University"}], "affiliation-id": {"@afid": "60028190", "@dptid": "108127358"}, "@dptid": "108127358"}, "author": [{"ce:given-name": "Siriporn", "preferred-name": {"ce:given-name": "Siriporn", "ce:initials": "S.", "ce:surname": "Jitkaew", "ce:indexed-name": "Jitkaew S."}, "@seq": "2", "ce:initials": "S.", "@date-locked": "2019-12-13T06:53:58.909", "@_fa": "true", "@type": "auth", "ce:surname": "Jitkaew", "@auid": "26040777200", "ce:indexed-name": "Jitkaew S."}]}, {"affiliation": {"country": "United States", "address-part": "37 Convent Drive", "postal-code": "20892", "@afid": "60005281", "@country": "usa", "city": "Bethesda", "organization": [{"$": "National Heart Lung and Blood Institute"}, {"$": "National Institutes of Health"}], "affiliation-id": [{"@afid": "60005281"}, {"@afid": "60006577"}], "state": "MD"}, "author": [{"ce:given-name": "Chengyu", "preferred-name": {"ce:given-name": "Chengyu", "ce:initials": "C.", "ce:surname": "Liu", "ce:indexed-name": "Liu C."}, "@seq": "8", "ce:initials": "C.", "@_fa": "true", "@type": "auth", "ce:surname": "Liu", "@auid": "36064356600", "ce:indexed-name": "Liu C."}]}], "citation-title": "The cytoplasmic nuclear receptor RAR\u03b3 controls RIP1 initiated cell death when cIAP activity is inhibited", "abstracts": "\u00a9 2017 The Author(s).Tumor necrosis factor (TNF) has a critical role in diverse cellular events including inflammation, apoptosis and necroptosis through different signaling complexes. However, little is known about how the transition from inflammatory signaling to the engagement of death pathways is modulated. Here we report that the cytoplasmic retinoic acid receptor gamma (RAR\u03b3) controls receptor-interacting protein kinase 1 (RIP1)-initiated cell death when cellular inhibitor of apoptosis (cIAP) activity is blocked. Through screening a short hairpin RNA library, we found that RAR\u03b3 was essential for TNF-induced RIP1-initiated apoptosis and necroptosis. Our data suggests that RAR\u03b3 initiates the formation of death signaling complexes by mediating RIP1 dissociation from TNF receptor 1. We demonstrate that RAR\u03b3 is released from the nucleus to orchestrate the formation of the cytosolic death complexes. In addition, we demonstrate that RAR\u03b3 has a similar role in TNF-induced necroptosis in vivo. Thus, our study suggests that nuclear receptor RAR\u03b3 provides a key checkpoint for the transition from life to death.", "correspondence": {"affiliation": {"country": "United States", "address-part": "37 Convent Drive", "postal-code": "20892", "@country": "usa", "city": "Bethesda", "organization": [{"$": "Center for Cancer Research"}, {"$": "National Cancer Institute"}], "state": "MD"}, "person": {"ce:given-name": "Zheng-Gang", "ce:initials": "Z.-G.", "ce:surname": "Liu", "ce:indexed-name": "Liu Z.-G."}}, "citation-info": {"citation-type": {"@code": "ar"}, "citation-language": {"@language": "English", "@xml:lang": "eng"}, "abstract-language": {"@language": "English", "@xml:lang": "eng"}}, "source": {"website": {"ce:e-address": {"$": "http://www.nature.com/ncomms/index.html", "@type": "email"}}, "translated-sourcetitle": {"$": "Nature Communications", "@xml:lang": "eng"}, "volisspag": {"voliss": {"@volume": "8", "@issue": "1"}}, "@type": "j", "sourcetitle": "Nature Communications", "publicationdate": {"month": "12", "year": "2017", "date-text": {"@xfab-added": "true", "$": "1 December 2017"}, "day": "01"}, "sourcetitle-abbrev": "Nat. Commun.", "@country": "gbr", "issn": {"$": "20411723", "@type": "electronic"}, "publicationyear": {"@first": "2017"}, "publisher": {"affiliation": {"address-part": "Houndmills", "postal-code": "RG21 6XS", "@country": "gbr", "city": "Basingstoke, Hampshire"}, "publishername": "Nature Publishing Group"}, "article-number": "425", "@srcid": "19700182758"}, "enhancement": {"classificationgroup": {"classifications": [{"@type": "EMCLASS", "classification": {"classification-code": "29", "classification-description": "Clinical and Experimental Biochemistry"}}, {"@type": "GEOCLASS", "classification": {"classification-code": "901", "classification-description": "Geobase; Related Topics"}}, {"@type": "ASJC", "classification": [{"$": "1600"}, {"$": "1300"}, {"$": "3100"}]}, {"@type": "SUBJABBR", "classification": [{"$": "CHEM"}, {"$": "BIOC"}, {"$": "PHYS"}]}]}, "chemicalgroup": {"chemicals": [{"@source": "esbd", "chemical": [{"enzyme-commission-number": "EC 3.4.22.61", "chemical-name": "caspase 8"}, {"cas-registry-number": "391972-52-4", "chemical-name": "Fas associated death domain protein"}, {"cas-registry-number": "9026-43-1", "enzyme-commission-number": "EC 2.7.1.37", "chemical-name": "protein kinase"}, {"cas-registry-number": [{"$": "129203-93-6"}, {"$": "184595-01-5"}], "chemical-name": "tumor necrosis factor receptor"}]}, {"@source": "nlm", "chemical": [{"chemical-name": "AGFG1 protein, human"}, {"chemical-name": "Inhibitor of Apoptosis Proteins"}, {"chemical-name": "Nuclear Pore Complex Proteins"}, {"chemical-name": "Receptors, Retinoic Acid"}, {"chemical-name": "Receptors, Tumor Necrosis Factor"}, {"chemical-name": "retinoic acid receptor gamma"}, {"chemical-name": "RNA-Binding Proteins"}, {"chemical-name": "TNF Receptor-Associated Death Domain Protein"}, {"chemical-name": "Tumor Necrosis Factor-alpha"}]}]}}, "grantlist": {"@complete": "y", "grant-text": {"$": "This research was supported by the Intramural Research Program of the Center for Cancer Research, National Cancer Institute, National Institutes of Health.", "@xml:lang": "eng"}, "grant": [{"grant-acronym": "NCI", "grant-agency": {"@iso-code": "usa", "$": "National Cancer Institute"}, "grant-agency-id": "100000054"}, {"grant-acronym": "NIH", "grant-agency": {"@iso-code": "usa", "$": "National Institutes of Health"}, "grant-agency-id": "100000002"}]}}, "item-info": {"copyright": {"$": "Copyright 2018 Elsevier B.V., All rights reserved.", "@type": "Elsevier"}, "dbcollection": [{"$": "EMBASE"}, {"$": "EMBIO"}, {"$": "GEO"}, {"$": "MEDL"}, {"$": "REAXYSCAR"}, {"$": "RMC"}, {"$": "SCOPUS"}, {"$": "Scopusbase"}], "history": {"date-created": {"@day": "11", "@year": "2018", "@timestamp": "BST 16:03:56", "@month": "01"}}, "itemidlist": {"itemid": [{"$": "618116171", "@idtype": "PUI"}, {"$": "678044199", "@idtype": "CAR-ID"}, {"$": "20170631811", "@idtype": "EMBASE"}, {"$": "2017191227", "@idtype": "EMBIO"}, {"$": "5227113", "@idtype": "GEO"}, {"$": "28871172", "@idtype": "MEDL"}, {"$": "20171581050", "@idtype": "REAXYSCAR"}, {"$": "2017254798", "@idtype": "RMC"}, {"$": "20170375114", "@idtype": "SCOPUS"}, {"$": "85028746772", "@idtype": "SCP"}, {"$": "85028746772", "@idtype": "SGR"}, {"$": "620152141", "@idtype": "PUIsecondary"}], "ce:doi": "10.1038/s41467-017-00496-6"}}, "tail": {"bibliography": {"@refcount": "48", "reference": [{"ref-fulltext": "Chen, G. & Goeddel, D. V. TNF-R1 signaling: A beautiful pathway. Science 296, 1634-1635 (2002).", "@id": "1", "ref-info": {"ref-publicationyear": {"@first": "2002"}, "ref-title": {"ref-titletext": "TNF-R1 signaling: A beautiful pathway"}, "refd-itemidlist": {"itemid": {"$": "0037204948", "@idtype": "SGR"}}, "ref-volisspag": {"voliss": {"@volume": "296"}, "pagerange": {"@first": "1634", "@last": "1635"}}, "ref-authors": {"author": [{"@seq": "1", "ce:initials": "G.", "@_fa": "true", "ce:surname": "Chen", "ce:indexed-name": "Chen G."}, {"@seq": "2", "ce:initials": "D.V.", "@_fa": "true", "ce:surname": "Goeddel", "ce:indexed-name": "Goeddel D.V."}]}, "ref-sourcetitle": "Science"}}, {"ref-fulltext": "Wajant, H., Pfizenmaier, K. & Scheurich, P. Tumor necrosis factor signaling. Cell Death Differ. 10, 45-65 (2003).", "@id": "2", "ref-info": {"ref-publicationyear": {"@first": "2003"}, "ref-title": {"ref-titletext": "Tumor necrosis factor signaling"}, "refd-itemidlist": {"itemid": {"$": "0037276438", "@idtype": "SGR"}}, "ref-volisspag": {"voliss": {"@volume": "10"}, "pagerange": {"@first": "45", "@last": "65"}}, "ref-authors": {"author": [{"@seq": "1", "ce:initials": "H.", "@_fa": "true", "ce:surname": "Wajant", "ce:indexed-name": "Wajant H."}, {"@seq": "2", "ce:initials": "K.", "@_fa": "true", "ce:surname": "Pfizenmaier", "ce:indexed-name": "Pfizenmaier K."}, {"@seq": "3", "ce:initials": "P.", "@_fa": "true", "ce:surname": "Scheurich", "ce:indexed-name": "Scheurich P."}]}, "ref-sourcetitle": "Cell Death Differ."}}, {"ref-fulltext": "Brenner, D., Blaser, H. & Mak, T. W. Regulation of tumour necrosis factor signalling: live or let die. Nat. Rev. Immunol. 15, 362-374 (2015).", "@id": "3", "ref-info": {"ref-publicationyear": {"@first": "2015"}, "ref-title": {"ref-titletext": "Regulation of tumour necrosis factor signalling: Live or let die"}, "refd-itemidlist": {"itemid": {"$": "84929875491", "@idtype": "SGR"}}, "ref-volisspag": {"voliss": {"@volume": "15"}, "pagerange": {"@first": "362", "@last": "374"}}, "ref-authors": {"author": [{"@seq": "1", "ce:initials": "D.", "@_fa": "true", "ce:surname": "Brenner", "ce:indexed-name": "Brenner D."}, {"@seq": "2", "ce:initials": "H.", "@_fa": "true", "ce:surname": "Blaser", "ce:indexed-name": "Blaser H."}, {"@seq": "3", "ce:initials": "T.W.", "@_fa": "true", "ce:surname": "Mak", "ce:indexed-name": "Mak T.W."}]}, "ref-sourcetitle": "Nat. Rev. Immunol."}}, {"ref-fulltext": "Ofengeim, D. & Yuan, J. Regulation of RIP1 kinase signalling at the crossroads of inflammation and cell death. Nat. Rev. Mol. Cell. Biol. 14, 727-736 (2013).", "@id": "4", "ref-info": {"ref-publicationyear": {"@first": "2013"}, "ref-title": {"ref-titletext": "Regulation of RIP1 kinase signalling at the crossroads of inflammation and cell death"}, "refd-itemidlist": {"itemid": {"$": "84886305117", "@idtype": "SGR"}}, "ref-volisspag": {"voliss": {"@volume": "14"}, "pagerange": {"@first": "727", "@last": "736"}}, "ref-authors": {"author": [{"@seq": "1", "ce:initials": "D.", "@_fa": "true", "ce:surname": "Ofengeim", "ce:indexed-name": "Ofengeim D."}, {"@seq": "2", "ce:initials": "J.", "@_fa": "true", "ce:surname": "Yuan", "ce:indexed-name": "Yuan J."}]}, "ref-sourcetitle": "Nat. Rev. Mol. Cell. Biol."}}, {"ref-fulltext": "Vandenabeele, P., Galluzzi, L., Vanden Berghe, T. & Kroemer, G. Molecular mechanisms of necroptosis: An ordered cellular explosion. Nat. Rev. Mol. Cell. Biol. 11, 700-714 (2010).", "@id": "5", "ref-info": {"ref-publicationyear": {"@first": "2010"}, "ref-title": {"ref-titletext": "Molecular mechanisms of necroptosis: An ordered cellular explosion"}, "refd-itemidlist": {"itemid": {"$": "77957105977", "@idtype": "SGR"}}, "ref-volisspag": {"voliss": {"@volume": "11"}, "pagerange": {"@first": "700", "@last": "714"}}, "ref-authors": {"author": [{"@seq": "1", "ce:initials": "P.", "@_fa": "true", "ce:surname": "Vandenabeele", "ce:indexed-name": "Vandenabeele P."}, {"@seq": "2", "ce:initials": "L.", "@_fa": "true", "ce:surname": "Galluzzi", "ce:indexed-name": "Galluzzi L."}, {"@seq": "3", "ce:initials": "T.", "@_fa": "true", "ce:surname": "Vanden Berghe", "ce:indexed-name": "Vanden Berghe T."}, {"@seq": "4", "ce:initials": "G.", "@_fa": "true", "ce:surname": "Kroemer", "ce:indexed-name": "Kroemer G."}]}, "ref-sourcetitle": "Nat. Rev. Mol. Cell. Biol."}}, {"ref-fulltext": "Micheau, O. & Tschopp, J. Induction of TNF receptor I-mediated apoptosis via two sequential signaling complexes. Cell 114, 181-190 (2003).", "@id": "6", "ref-info": {"ref-publicationyear": {"@first": "2003"}, "ref-title": {"ref-titletext": "Induction of TNF receptor I-mediated apoptosis via two sequential signaling complexes"}, "refd-itemidlist": {"itemid": {"$": "0041853690", "@idtype": "SGR"}}, "ref-volisspag": {"voliss": {"@volume": "114"}, "pagerange": {"@first": "181", "@last": "190"}}, "ref-authors": {"author": [{"@seq": "1", "ce:initials": "O.", "@_fa": "true", "ce:surname": "Micheau", "ce:indexed-name": "Micheau O."}, {"@seq": "2", "ce:initials": "J.", "@_fa": "true", "ce:surname": "Tschopp", "ce:indexed-name": "Tschopp J."}]}, "ref-sourcetitle": "Cell"}}, {"ref-fulltext": "Cho, Y. S. et al. Phosphorylation-driven assembly of the RIP1-RIP3 complex regulates programmed necrosis and virus-induced inflammation. Cell 137, 1112-1123 (2009).", "@id": "7", "ref-info": {"ref-publicationyear": {"@first": "2009"}, "ref-title": {"ref-titletext": "Phosphorylation-driven assembly of the RIP1-RIP3 complex regulates programmed necrosis and virus-induced inflammation"}, "refd-itemidlist": {"itemid": {"$": "66449133280", "@idtype": "SGR"}}, "ref-volisspag": {"voliss": {"@volume": "137"}, "pagerange": {"@first": "1112", "@last": "1123"}}, "ref-authors": {"author": [{"@seq": "1", "ce:initials": "Y.S.", "@_fa": "true", "ce:surname": "Cho", "ce:indexed-name": "Cho Y.S."}], "et-al": null}, "ref-sourcetitle": "Cell"}}, {"ref-fulltext": "He, S. et al. Receptor interacting protein kinase-3 determines cellular necrotic response to TNF-Alpha. Cell 137, 1100-1111 (2009).", "@id": "8", "ref-info": {"ref-publicationyear": {"@first": "2009"}, "ref-title": {"ref-titletext": "Receptor interacting protein kinase-3 determines cellular necrotic response to TNF-Alpha"}, "refd-itemidlist": {"itemid": {"$": "66749183275", "@idtype": "SGR"}}, "ref-volisspag": {"voliss": {"@volume": "137"}, "pagerange": {"@first": "1100", "@last": "1111"}}, "ref-authors": {"author": [{"@seq": "1", "ce:initials": "S.", "@_fa": "true", "ce:surname": "He", "ce:indexed-name": "He S."}], "et-al": null}, "ref-sourcetitle": "Cell"}}, {"ref-fulltext": "Zhang, D. W. et al. RIP3, an energy metabolism regulator that switches TNF-induced cell death from apoptosis to necrosis. Science 325, 332-336 (2009).", "@id": "9", "ref-info": {"ref-publicationyear": {"@first": "2009"}, "ref-title": {"ref-titletext": "RIP3, an energy metabolism regulator that switches TNF-induced cell death from apoptosis to necrosis"}, "refd-itemidlist": {"itemid": {"$": "67650812332", "@idtype": "SGR"}}, "ref-volisspag": {"voliss": {"@volume": "325"}, "pagerange": {"@first": "332", "@last": "336"}}, "ref-authors": {"author": [{"@seq": "1", "ce:initials": "D.W.", "@_fa": "true", "ce:surname": "Zhang", "ce:indexed-name": "Zhang D.W."}], "et-al": null}, "ref-sourcetitle": "Science"}}, {"ref-fulltext": "Sun, L. et al. Mixed lineage kinase domain-like protein mediates necrosis signaling downstream of RIP3 kinase. Cell 148, 213-227 (2012).", "@id": "10", "ref-info": {"ref-publicationyear": {"@first": "2012"}, "ref-title": {"ref-titletext": "Mixed lineage kinase domain-like protein mediates necrosis signaling downstream of RIP3 kinase"}, "refd-itemidlist": {"itemid": {"$": "84862907788", "@idtype": "SGR"}}, "ref-volisspag": {"voliss": {"@volume": "148"}, "pagerange": {"@first": "213", "@last": "227"}}, "ref-authors": {"author": [{"@seq": "1", "ce:initials": "L.", "@_fa": "true", "ce:surname": "Sun", "ce:indexed-name": "Sun L."}], "et-al": null}, "ref-sourcetitle": "Cell"}}, {"ref-fulltext": "Zhao, J. et al. Mixed lineage kinase domain-like is a key receptor interacting protein 3 downstream component of TNF-induced necrosis. Proc. Natl Acad. Sci. USA 109, 5322-5327 (2012).", "@id": "11", "ref-info": {"ref-publicationyear": {"@first": "2012"}, "ref-title": {"ref-titletext": "Mixed lineage kinase domain-like is a key receptor interacting protein 3 downstream component of TNF-induced necrosis"}, "refd-itemidlist": {"itemid": {"$": "84859467770", "@idtype": "SGR"}}, "ref-volisspag": {"voliss": {"@volume": "109"}, "pagerange": {"@first": "5322", "@last": "5327"}}, "ref-authors": {"author": [{"@seq": "1", "ce:initials": "J.", "@_fa": "true", "ce:surname": "Zhao", "ce:indexed-name": "Zhao J."}], "et-al": null}, "ref-sourcetitle": "Proc. Natl Acad. Sci. USA"}}, {"ref-fulltext": "Cai, Z. et al. Plasma membrane translocation of trimerized MLKL protein is required for TNF-induced necroptosis. Nat. Cell Biol. 16, 55-65 (2014).", "@id": "12", "ref-info": {"ref-publicationyear": {"@first": "2014"}, "ref-title": {"ref-titletext": "Plasma membrane translocation of trimerized MLKL protein is required for TNF-induced necroptosis"}, "refd-itemidlist": {"itemid": {"$": "84891343566", "@idtype": "SGR"}}, "ref-volisspag": {"voliss": {"@volume": "16"}, "pagerange": {"@first": "55", "@last": "65"}}, "ref-authors": {"author": [{"@seq": "1", "ce:initials": "Z.", "@_fa": "true", "ce:surname": "Cai", "ce:indexed-name": "Cai Z."}], "et-al": null}, "ref-sourcetitle": "Nat. Cell Biol."}}, {"ref-fulltext": "Boatright, K. M. et al. A unified model for apical caspase activation. Mol. Cell 11, 529-541 (2003).", "@id": "13", "ref-info": {"ref-publicationyear": {"@first": "2003"}, "ref-title": {"ref-titletext": "A unified model for apical caspase activation"}, "refd-itemidlist": {"itemid": {"$": "0037291871", "@idtype": "SGR"}}, "ref-volisspag": {"voliss": {"@volume": "11"}, "pagerange": {"@first": "529", "@last": "541"}}, "ref-authors": {"author": [{"@seq": "1", "ce:initials": "K.M.", "@_fa": "true", "ce:surname": "Boatright", "ce:indexed-name": "Boatright K.M."}], "et-al": null}, "ref-sourcetitle": "Mol. Cell"}}, {"ref-fulltext": "Kaiser, W. J. et al. RIP3 mediates the embryonic lethality of caspase-8-deficient mice. Nature 471, 368-372 (2011).", "@id": "14", "ref-info": {"ref-publicationyear": {"@first": "2011"}, "ref-title": {"ref-titletext": "RIP3 mediates the embryonic lethality of caspase-8-deficient mice"}, "refd-itemidlist": {"itemid": {"$": "79952811804", "@idtype": "SGR"}}, "ref-volisspag": {"voliss": {"@volume": "471"}, "pagerange": {"@first": "368", "@last": "372"}}, "ref-authors": {"author": [{"@seq": "1", "ce:initials": "W.J.", "@_fa": "true", "ce:surname": "Kaiser", "ce:indexed-name": "Kaiser W.J."}], "et-al": null}, "ref-sourcetitle": "Nature"}}, {"ref-fulltext": "Oberst, A. et al. Catalytic activity of the caspase-8-FLIP(L) complex inhibits RIPK3-dependent necrosis. Nature 471, 363-367 (2011).", "@id": "15", "ref-info": {"ref-publicationyear": {"@first": "2011"}, "ref-title": {"ref-titletext": "Catalytic activity of the caspase-8-FLIP(L) complex inhibits RIPK3-dependent necrosis"}, "refd-itemidlist": {"itemid": {"$": "79952810024", "@idtype": "SGR"}}, "ref-volisspag": {"voliss": {"@volume": "471"}, "pagerange": {"@first": "363", "@last": "367"}}, "ref-authors": {"author": [{"@seq": "1", "ce:initials": "A.", "@_fa": "true", "ce:surname": "Oberst", "ce:indexed-name": "Oberst A."}], "et-al": null}, "ref-sourcetitle": "Nature"}}, {"ref-fulltext": "Welz, P. S. et al. FADD prevents RIP3-mediated epithelial cell necrosis and chronic intestinal inflammation. Nature 477, 330-334 (2011).", "@id": "16", "ref-info": {"ref-publicationyear": {"@first": "2011"}, "ref-title": {"ref-titletext": "FADD prevents RIP3-mediated epithelial cell necrosis and chronic intestinal inflammation"}, "refd-itemidlist": {"itemid": {"$": "80052850704", "@idtype": "SGR"}}, "ref-volisspag": {"voliss": {"@volume": "477"}, "pagerange": {"@first": "330", "@last": "334"}}, "ref-authors": {"author": [{"@seq": "1", "ce:initials": "P.S.", "@_fa": "true", "ce:surname": "Welz", "ce:indexed-name": "Welz P.S."}], "et-al": null}, "ref-sourcetitle": "Nature"}}, {"ref-fulltext": "Zhang, H. et al. Functional complementation between FADD and RIP1 in embryos and lymphocytes. Nature 471, 373-376 (2011).", "@id": "17", "ref-info": {"ref-publicationyear": {"@first": "2011"}, "ref-title": {"ref-titletext": "Functional complementation between FADD and RIP1 in embryos and lymphocytes"}, "refd-itemidlist": {"itemid": {"$": "79952780505", "@idtype": "SGR"}}, "ref-volisspag": {"voliss": {"@volume": "471"}, "pagerange": {"@first": "373", "@last": "376"}}, "ref-authors": {"author": [{"@seq": "1", "ce:initials": "H.", "@_fa": "true", "ce:surname": "Zhang", "ce:indexed-name": "Zhang H."}], "et-al": null}, "ref-sourcetitle": "Nature"}}, {"ref-fulltext": "Dannappel, M. et al. RIPK1 maintains epithelial homeostasis by inhibiting apoptosis and necroptosis. Nature 513, 90-94 (2014).", "@id": "18", "ref-info": {"ref-publicationyear": {"@first": "2014"}, "ref-title": {"ref-titletext": "RIPK1 maintains epithelial homeostasis by inhibiting apoptosis and necroptosis"}, "refd-itemidlist": {"itemid": {"$": "84907210946", "@idtype": "SGR"}}, "ref-volisspag": {"voliss": {"@volume": "513"}, "pagerange": {"@first": "90", "@last": "94"}}, "ref-authors": {"author": [{"@seq": "1", "ce:initials": "M.", "@_fa": "true", "ce:surname": "Dannappel", "ce:indexed-name": "Dannappel M."}], "et-al": null}, "ref-sourcetitle": "Nature"}}, {"ref-fulltext": "Dillon, C. P. et al. RIPK1 blocks early postnatal lethality mediated by caspase-8 and RIPK3. Cell 157, 1189-1202 (2014).", "@id": "19", "ref-info": {"ref-publicationyear": {"@first": "2014"}, "ref-title": {"ref-titletext": "RIPK1 blocks early postnatal lethality mediated by caspase-8 and RIPK3"}, "refd-itemidlist": {"itemid": {"$": "84901386193", "@idtype": "SGR"}}, "ref-volisspag": {"voliss": {"@volume": "157"}, "pagerange": {"@first": "1189", "@last": "1202"}}, "ref-authors": {"author": [{"@seq": "1", "ce:initials": "C.P.", "@_fa": "true", "ce:surname": "Dillon", "ce:indexed-name": "Dillon C.P."}], "et-al": null}, "ref-sourcetitle": "Cell"}}, {"ref-fulltext": "Rickard, J. A. et al. RIPK1 regulates RIPK3-MLKL-driven systemic inflammation and emergency hematopoiesis. Cell 157, 1175-1188 (2014).", "@id": "20", "ref-info": {"ref-publicationyear": {"@first": "2014"}, "ref-title": {"ref-titletext": "RIPK1 regulates RIPK3-MLKL-driven systemic inflammation and emergency hematopoiesis"}, "refd-itemidlist": {"itemid": {"$": "84901422731", "@idtype": "SGR"}}, "ref-volisspag": {"voliss": {"@volume": "157"}, "pagerange": {"@first": "1175", "@last": "1188"}}, "ref-authors": {"author": [{"@seq": "1", "ce:initials": "J.A.", "@_fa": "true", "ce:surname": "Rickard", "ce:indexed-name": "Rickard J.A."}], "et-al": null}, "ref-sourcetitle": "Cell"}}, {"ref-fulltext": "Liu, Z. G., Hsu, H., Goeddel, D. V. & Karin, M. Dissection of TNF receptor 1 effector functions: JNK activation is not linked to apoptosis while NF-kappaB activation prevents cell death. Cell 87, 565-576 (1996).", "@id": "21", "ref-info": {"ref-publicationyear": {"@first": "1996"}, "ref-title": {"ref-titletext": "Dissection of TNF receptor 1 effector functions: JNK activation is not linked to apoptosis while NF-kappaB activation prevents cell death"}, "refd-itemidlist": {"itemid": {"$": "0030298294", "@idtype": "SGR"}}, "ref-volisspag": {"voliss": {"@volume": "87"}, "pagerange": {"@first": "565", "@last": "576"}}, "ref-authors": {"author": [{"@seq": "1", "ce:initials": "Z.G.", "@_fa": "true", "ce:surname": "Liu", "ce:indexed-name": "Liu Z.G."}, {"@seq": "2", "ce:initials": "H.", "@_fa": "true", "ce:surname": "Hsu", "ce:indexed-name": "Hsu H."}, {"@seq": "3", "ce:initials": "D.V.", "@_fa": "true", "ce:surname": "Goeddel", "ce:indexed-name": "Goeddel D.V."}, {"@seq": "4", "ce:initials": "M.", "@_fa": "true", "ce:surname": "Karin", "ce:indexed-name": "Karin M."}]}, "ref-sourcetitle": "Cell"}}, {"ref-fulltext": "Wang, L., Du, F. & Wang, X. TNF-Alpha induces two distinct caspase-8 activation pathways. Cell 133, 693-703 (2008).", "@id": "22", "ref-info": {"ref-publicationyear": {"@first": "2008"}, "ref-title": {"ref-titletext": "TNF-Alpha induces two distinct caspase-8 activation pathways"}, "refd-itemidlist": {"itemid": {"$": "43049152912", "@idtype": "SGR"}}, "ref-volisspag": {"voliss": {"@volume": "133"}, "pagerange": {"@first": "693", "@last": "703"}}, "ref-authors": {"author": [{"@seq": "1", "ce:initials": "L.", "@_fa": "true", "ce:surname": "Wang", "ce:indexed-name": "Wang L."}, {"@seq": "2", "ce:initials": "F.", "@_fa": "true", "ce:surname": "Du", "ce:indexed-name": "Du F."}, {"@seq": "3", "ce:initials": "X.", "@_fa": "true", "ce:surname": "Wang", "ce:indexed-name": "Wang X."}]}, "ref-sourcetitle": "Cell"}}, {"ref-fulltext": "Weinlich, R., Dillon, C. P. & Green, D. R. Ripped to death. Trends Cell Biol. 21, 630-637 (2011).", "@id": "23", "ref-info": {"ref-publicationyear": {"@first": "2011"}, "ref-title": {"ref-titletext": "Ripped to death"}, "refd-itemidlist": {"itemid": {"$": "80755128526", "@idtype": "SGR"}}, "ref-volisspag": {"voliss": {"@volume": "21"}, "pagerange": {"@first": "630", "@last": "637"}}, "ref-authors": {"author": [{"@seq": "1", "ce:initials": "R.", "@_fa": "true", "ce:surname": "Weinlich", "ce:indexed-name": "Weinlich R."}, {"@seq": "2", "ce:initials": "C.P.", "@_fa": "true", "ce:surname": "Dillon", "ce:indexed-name": "Dillon C.P."}, {"@seq": "3", "ce:initials": "D.R.", "@_fa": "true", "ce:surname": "Green", "ce:indexed-name": "Green D.R."}]}, "ref-sourcetitle": "Trends Cell Biol."}}, {"ref-fulltext": "Vercammen, D. et al. Dual signaling of the Fas receptor: initiation of both apoptotic and necrotic cell death pathways. J. Exp. Med. 188, 919-930 (1998).", "@id": "24", "ref-info": {"ref-publicationyear": {"@first": "1998"}, "ref-title": {"ref-titletext": "Dual signaling of the Fas receptor: Initiation of both apoptotic and necrotic cell death pathways"}, "refd-itemidlist": {"itemid": {"$": "0032494143", "@idtype": "SGR"}}, "ref-volisspag": {"voliss": {"@volume": "188"}, "pagerange": {"@first": "919", "@last": "930"}}, "ref-authors": {"author": [{"@seq": "1", "ce:initials": "D.", "@_fa": "true", "ce:surname": "Vercammen", "ce:indexed-name": "Vercammen D."}], "et-al": null}, "ref-sourcetitle": "J. Exp. Med."}}, {"ref-fulltext": "Li, L. et al. A small molecule Smac mimic potentiates TRAIL-and TNFalpha-mediated cell death. Science 305, 1471-1474 (2004).", "@id": "25", "ref-info": {"ref-publicationyear": {"@first": "2004"}, "ref-title": {"ref-titletext": "A small molecule Smac mimic potentiates TRAIL-and TNFalpha-mediated cell death"}, "refd-itemidlist": {"itemid": {"$": "4444243683", "@idtype": "SGR"}}, "ref-volisspag": {"voliss": {"@volume": "305"}, "pagerange": {"@first": "1471", "@last": "1474"}}, "ref-authors": {"author": [{"@seq": "1", "ce:initials": "L.", "@_fa": "true", "ce:surname": "Li", "ce:indexed-name": "Li L."}], "et-al": null}, "ref-sourcetitle": "Science"}}, {"ref-fulltext": "Stanger, B. Z., Leder, P., Lee, T. H., Kim, E. & Seed, B. RIP: A novel protein containing a death domain that interacts with Fas/APO-1 (CD95) in yeast and causes cell death. Cell 81, 513-523 (1995).", "@id": "26", "ref-info": {"ref-publicationyear": {"@first": "1995"}, "ref-title": {"ref-titletext": "RIP: A novel protein containing a death domain that interacts with Fas/APO-1 (CD95) in yeast and causes cell death"}, "refd-itemidlist": {"itemid": {"$": "0029054725", "@idtype": "SGR"}}, "ref-volisspag": {"voliss": {"@volume": "81"}, "pagerange": {"@first": "513", "@last": "523"}}, "ref-authors": {"author": [{"@seq": "1", "ce:initials": "B.Z.", "@_fa": "true", "ce:surname": "Stanger", "ce:indexed-name": "Stanger B.Z."}, {"@seq": "2", "ce:initials": "P.", "@_fa": "true", "ce:surname": "Leder", "ce:indexed-name": "Leder P."}, {"@seq": "3", "ce:initials": "T.H.", "@_fa": "true", "ce:surname": "Lee", "ce:indexed-name": "Lee T.H."}, {"@seq": "4", "ce:initials": "E.", "@_fa": "true", "ce:surname": "Kim", "ce:indexed-name": "Kim E."}, {"@seq": "5", "ce:initials": "B.", "@_fa": "true", "ce:surname": "Seed", "ce:indexed-name": "Seed B."}]}, "ref-sourcetitle": "Cell"}}, {"ref-fulltext": "Holler, N. et al. Fas triggers an alternative, caspase-8-independent cell death pathway using the kinase RIP as effector molecule. Nat. Immunol. 1, 489-495 (2000).", "@id": "27", "ref-info": {"ref-publicationyear": {"@first": "2000"}, "ref-title": {"ref-titletext": "Fas triggers an alternative, caspase-8-independent cell death pathway using the kinase RIP as effector molecule"}, "refd-itemidlist": {"itemid": {"$": "5944233768", "@idtype": "SGR"}}, "ref-volisspag": {"voliss": {"@volume": "1"}, "pagerange": {"@first": "489", "@last": "495"}}, "ref-authors": {"author": [{"@seq": "1", "ce:initials": "N.", "@_fa": "true", "ce:surname": "Holler", "ce:indexed-name": "Holler N."}], "et-al": null}, "ref-sourcetitle": "Nat. Immunol."}}, {"ref-fulltext": "O'Donnell, M. A. et al. Caspase 8 inhibits programmed necrosis by processing CYLD. Nat. Cell Biol. 13, 1437-1442 (2011).", "@id": "28", "ref-info": {"ref-publicationyear": {"@first": "2011"}, "ref-title": {"ref-titletext": "Caspase 8 inhibits programmed necrosis by processing CYLD"}, "refd-itemidlist": {"itemid": {"$": "84856160569", "@idtype": "SGR"}}, "ref-volisspag": {"voliss": {"@volume": "13"}, "pagerange": {"@first": "1437", "@last": "1442"}}, "ref-authors": {"author": [{"@seq": "1", "ce:initials": "M.A.", "@_fa": "true", "ce:surname": "O'Donnell", "ce:indexed-name": "O'Donnell M.A."}], "et-al": null}, "ref-sourcetitle": "Nat. Cell Biol."}}, {"ref-fulltext": "Kastner, P., Mark, M. & Chambon, P. Nonsteroid nuclear receptors: what are genetic studies telling us about their role in real life? Cell 83, 859-869 (1995).", "@id": "29", "ref-info": {"ref-publicationyear": {"@first": "1995"}, "ref-title": {"ref-titletext": "Nonsteroid nuclear receptors: What are genetic studies telling us about their role in real life?"}, "refd-itemidlist": {"itemid": {"$": "0029584593", "@idtype": "SGR"}}, "ref-volisspag": {"voliss": {"@volume": "83"}, "pagerange": {"@first": "859", "@last": "869"}}, "ref-authors": {"author": [{"@seq": "1", "ce:initials": "P.", "@_fa": "true", "ce:surname": "Kastner", "ce:indexed-name": "Kastner P."}, {"@seq": "2", "ce:initials": "M.", "@_fa": "true", "ce:surname": "Mark", "ce:indexed-name": "Mark M."}, {"@seq": "3", "ce:initials": "P.", "@_fa": "true", "ce:surname": "Chambon", "ce:indexed-name": "Chambon P."}]}, "ref-sourcetitle": "Cell"}}, {"ref-fulltext": "De Luca, L. M. Retinoids and their receptors in differentiation, embryogenesis, and neoplasia. FASEB J 5, 2924-2933 (1991).", "@id": "30", "ref-info": {"ref-publicationyear": {"@first": "1991"}, "ref-title": {"ref-titletext": "Retinoids and their receptors in differentiation, embryogenesis, and neoplasia"}, "refd-itemidlist": {"itemid": {"$": "0025880967", "@idtype": "SGR"}}, "ref-volisspag": {"voliss": {"@volume": "5"}, "pagerange": {"@first": "2924", "@last": "2933"}}, "ref-authors": {"author": [{"@seq": "1", "ce:initials": "L.M.", "@_fa": "true", "ce:surname": "De Luca", "ce:indexed-name": "De Luca L.M."}]}, "ref-sourcetitle": "FASEB J"}}, {"ref-fulltext": "Marill, J., Idres, N., Capron, C. C., Nguyen, E. & Chabot, G. G. Retinoic acid metabolism and mechanism of action: A review. Curr. Drug Metab. 4, 1-10 (2003).", "@id": "31", "ref-info": {"ref-publicationyear": {"@first": "2003"}, "ref-title": {"ref-titletext": "Retinoic acid metabolism and mechanism of action: A review"}, "refd-itemidlist": {"itemid": {"$": "0037303259", "@idtype": "SGR"}}, "ref-volisspag": {"voliss": {"@volume": "4"}, "pagerange": {"@first": "1", "@last": "10"}}, "ref-authors": {"author": [{"@seq": "1", "ce:initials": "J.", "@_fa": "true", "ce:surname": "Marill", "ce:indexed-name": "Marill J."}, {"@seq": "2", "ce:initials": "N.", "@_fa": "true", "ce:surname": "Idres", "ce:indexed-name": "Idres N."}, {"@seq": "3", "ce:initials": "C.C.", "@_fa": "true", "ce:surname": "Capron", "ce:indexed-name": "Capron C.C."}, {"@seq": "4", "ce:initials": "E.", "@_fa": "true", "ce:surname": "Nguyen", "ce:indexed-name": "Nguyen E."}, {"@seq": "5", "ce:initials": "G.G.", "@_fa": "true", "ce:surname": "Chabot", "ce:indexed-name": "Chabot G.G."}]}, "ref-sourcetitle": "Curr. Drug Metab."}}, {"ref-fulltext": "Han, Y. H. et al. A unique cytoplasmic localization of retinoic acid receptor-gamma and its regulations. J. Biol. Chem. 284, 18503-18514 (2009).", "@id": "32", "ref-info": {"ref-publicationyear": {"@first": "2009"}, "ref-title": {"ref-titletext": "A unique cytoplasmic localization of retinoic acid receptor-gamma and its regulations"}, "refd-itemidlist": {"itemid": {"$": "67650561187", "@idtype": "SGR"}}, "ref-volisspag": {"voliss": {"@volume": "284"}, "pagerange": {"@first": "18503", "@last": "18514"}}, "ref-authors": {"author": [{"@seq": "1", "ce:initials": "Y.H.", "@_fa": "true", "ce:surname": "Han", "ce:indexed-name": "Han Y.H."}], "et-al": null}, "ref-sourcetitle": "J. Biol. Chem."}}, {"ref-fulltext": "Schlabach, M. R. et al. Cancer proliferation gene discovery through functional genomics. Science 319, 620-624 (2008).", "@id": "33", "ref-info": {"ref-publicationyear": {"@first": "2008"}, "ref-title": {"ref-titletext": "Cancer proliferation gene discovery through functional genomics"}, "refd-itemidlist": {"itemid": {"$": "38849098442", "@idtype": "SGR"}}, "ref-volisspag": {"voliss": {"@volume": "319"}, "pagerange": {"@first": "620", "@last": "624"}}, "ref-authors": {"author": [{"@seq": "1", "ce:initials": "M.R.", "@_fa": "true", "ce:surname": "Schlabach", "ce:indexed-name": "Schlabach M.R."}], "et-al": null}, "ref-sourcetitle": "Science"}}, {"ref-fulltext": "Lohnes, D. et al. Function of retinoic acid receptor gamma in the mouse. Cell 73, 643-658 (1993).", "@id": "34", "ref-info": {"ref-publicationyear": {"@first": "1993"}, "ref-title": {"ref-titletext": "Function of retinoic acid receptor gamma in the mouse"}, "refd-itemidlist": {"itemid": {"$": "0027231485", "@idtype": "SGR"}}, "ref-volisspag": {"voliss": {"@volume": "73"}, "pagerange": {"@first": "643", "@last": "658"}}, "ref-authors": {"author": [{"@seq": "1", "ce:initials": "D.", "@_fa": "true", "ce:surname": "Lohnes", "ce:indexed-name": "Lohnes D."}], "et-al": null}, "ref-sourcetitle": "Cell"}}, {"ref-fulltext": "Zelent, A., Guidez, F., Melnick, A., Waxman, S. & Licht, J. D. Translocations of the RARalpha gene in acute promyelocytic leukemia. Oncogene. 20, 7186-7203 (2001).", "@id": "35", "ref-info": {"ref-publicationyear": {"@first": "2001"}, "ref-title": {"ref-titletext": "Translocations of the RARalpha gene in acute promyelocytic leukemia"}, "refd-itemidlist": {"itemid": {"$": "0035969115", "@idtype": "SGR"}}, "ref-volisspag": {"voliss": {"@volume": "20"}, "pagerange": {"@first": "7186", "@last": "7203"}}, "ref-authors": {"author": [{"@seq": "1", "ce:initials": "A.", "@_fa": "true", "ce:surname": "Zelent", "ce:indexed-name": "Zelent A."}, {"@seq": "2", "ce:initials": "F.", "@_fa": "true", "ce:surname": "Guidez", "ce:indexed-name": "Guidez F."}, {"@seq": "3", "ce:initials": "A.", "@_fa": "true", "ce:surname": "Melnick", "ce:indexed-name": "Melnick A."}, {"@seq": "4", "ce:initials": "S.", "@_fa": "true", "ce:surname": "Waxman", "ce:indexed-name": "Waxman S."}, {"@seq": "5", "ce:initials": "J.D.", "@_fa": "true", "ce:surname": "Licht", "ce:indexed-name": "Licht J.D."}]}, "ref-sourcetitle": "Oncogene."}}, {"ref-fulltext": "Vercammen, D. et al. Inhibition of caspases increases the sensitivity of L929 cells to necrosis mediated by tumor necrosis factor. J. Exp. Med. 187, 1477-1485 (1998).", "@id": "36", "ref-info": {"ref-publicationyear": {"@first": "1998"}, "ref-title": {"ref-titletext": "Inhibition of caspases increases the sensitivity of L929 cells to necrosis mediated by tumor necrosis factor"}, "refd-itemidlist": {"itemid": {"$": "0032482169", "@idtype": "SGR"}}, "ref-volisspag": {"voliss": {"@volume": "187"}, "pagerange": {"@first": "1477", "@last": "1485"}}, "ref-authors": {"author": [{"@seq": "1", "ce:initials": "D.", "@_fa": "true", "ce:surname": "Vercammen", "ce:indexed-name": "Vercammen D."}], "et-al": null}, "ref-sourcetitle": "J. Exp. Med."}}, {"ref-fulltext": "Giardino Torchia, M. L. et al. c-IAP ubiquitin protein ligase activity is required for 4-1BB signaling and CD8(+) memory T-cell survival. Eur. J. Immunol. 45, 2672-2682 (2015).", "@id": "37", "ref-info": {"ref-publicationyear": {"@first": "2015"}, "ref-title": {"ref-titletext": "C-IAP ubiquitin protein ligase activity is required for 4-1BB signaling and CD8(+) memory T-cell survival"}, "refd-itemidlist": {"itemid": {"$": "84940962244", "@idtype": "SGR"}}, "ref-volisspag": {"voliss": {"@volume": "45"}, "pagerange": {"@first": "2672", "@last": "2682"}}, "ref-authors": {"author": [{"@seq": "1", "ce:initials": "M.L.", "@_fa": "true", "ce:surname": "Giardino Torchia", "ce:indexed-name": "Giardino Torchia M.L."}], "et-al": null}, "ref-sourcetitle": "Eur. J. Immunol."}}, {"ref-fulltext": "Han, J., Zhong, C. Q. & Zhang, D. W. Programmed necrosis: backup to and competitor with apoptosis in the immune system. Nat. Immunol. 12, 1143-1149 (2011).", "@id": "38", "ref-info": {"ref-publicationyear": {"@first": "2011"}, "ref-title": {"ref-titletext": "Programmed necrosis: Backup to and competitor with apoptosis in the immune system"}, "refd-itemidlist": {"itemid": {"$": "81255195542", "@idtype": "SGR"}}, "ref-volisspag": {"voliss": {"@volume": "12"}, "pagerange": {"@first": "1143", "@last": "1149"}}, "ref-authors": {"author": [{"@seq": "1", "ce:initials": "J.", "@_fa": "true", "ce:surname": "Han", "ce:indexed-name": "Han J."}, {"@seq": "2", "ce:initials": "C.Q.", "@_fa": "true", "ce:surname": "Zhong", "ce:indexed-name": "Zhong C.Q."}, {"@seq": "3", "ce:initials": "D.W.", "@_fa": "true", "ce:surname": "Zhang", "ce:indexed-name": "Zhang D.W."}]}, "ref-sourcetitle": "Nat. Immunol."}}, {"ref-fulltext": "Schutze, S. et al. Inhibition of receptor internalization by monodansylcadaverine selectively blocks p55 tumor necrosis factor receptor death domain signaling. J. Biol. Chem. 274, 10203-10212 (1999).", "@id": "39", "ref-info": {"ref-publicationyear": {"@first": "1999"}, "ref-title": {"ref-titletext": "Inhibition of receptor internalization by monodansylcadaverine selectively blocks p55 tumor necrosis factor receptor death domain signaling"}, "refd-itemidlist": {"itemid": {"$": "0033538073", "@idtype": "SGR"}}, "ref-volisspag": {"voliss": {"@volume": "274"}, "pagerange": {"@first": "10203", "@last": "10212"}}, "ref-authors": {"author": [{"@seq": "1", "ce:initials": "S.", "@_fa": "true", "ce:surname": "Schutze", "ce:indexed-name": "Schutze S."}], "et-al": null}, "ref-sourcetitle": "J. Biol. Chem."}}, {"ref-fulltext": "Schneider-Brachert, W. et al. Compartmentalization of TNF receptor 1 signaling: internalized TNF receptosomes as death signaling vesicles. Immunity. 21, 415-428 (2004).", "@id": "40", "ref-info": {"ref-publicationyear": {"@first": "2004"}, "ref-title": {"ref-titletext": "Compartmentalization of TNF receptor 1 signaling: Internalized TNF receptosomes as death signaling vesicles"}, "refd-itemidlist": {"itemid": {"$": "4444341939", "@idtype": "SGR"}}, "ref-volisspag": {"voliss": {"@volume": "21"}, "pagerange": {"@first": "415", "@last": "428"}}, "ref-authors": {"author": [{"@seq": "1", "ce:initials": "W.", "@_fa": "true", "ce:surname": "Schneider-Brachert", "ce:indexed-name": "Schneider-Brachert W."}], "et-al": null}, "ref-sourcetitle": "Immunity."}}, {"ref-fulltext": "Look, J. et al. Marked resistance of RAR gamma-deficient mice to the toxic effects of retinoic acid. Am. J. Physiol. 269, E91-E98 (1995).", "@id": "41", "ref-info": {"ref-publicationyear": {"@first": "1995"}, "ref-title": {"ref-titletext": "Marked resistance of RAR gamma-deficient mice to the toxic effects of retinoic acid"}, "refd-itemidlist": {"itemid": {"$": "0028798339", "@idtype": "SGR"}}, "ref-volisspag": {"voliss": {"@volume": "269"}, "pagerange": {"@first": "E91", "@last": "E98"}}, "ref-authors": {"author": [{"@seq": "1", "ce:initials": "J.", "@_fa": "true", "ce:surname": "Look", "ce:indexed-name": "Look J."}], "et-al": null}, "ref-sourcetitle": "Am. J. Physiol."}}, {"ref-fulltext": "Subbarayan, V. et al. Limited specificity and large overlap of the functions of the mouse RAR gamma 1 and RAR gamma 2 isoforms. Mech. Dev. 66, 131-142 (1997).", "@id": "42", "ref-info": {"ref-publicationyear": {"@first": "1997"}, "ref-title": {"ref-titletext": "Limited specificity and large overlap of the functions of the mouse RAR gamma 1 and RAR gamma 2 isoforms"}, "refd-itemidlist": {"itemid": {"$": "0030930611", "@idtype": "SGR"}}, "ref-volisspag": {"voliss": {"@volume": "66"}, "pagerange": {"@first": "131", "@last": "142"}}, "ref-authors": {"author": [{"@seq": "1", "ce:initials": "V.", "@_fa": "true", "ce:surname": "Subbarayan", "ce:indexed-name": "Subbarayan V."}], "et-al": null}, "ref-sourcetitle": "Mech. Dev."}}, {"ref-fulltext": "Chapellier, B. et al. A conditional floxed (loxP-flanked) allele for the retinoic acid receptor gamma (RARgamma) gene. Genesis 32, 95-98 (2002).", "@id": "43", "ref-info": {"ref-publicationyear": {"@first": "2002"}, "ref-title": {"ref-titletext": "A conditional floxed (loxP-flanked) allele for the retinoic acid receptor gamma (RARgamma) gene"}, "refd-itemidlist": {"itemid": {"$": "0036195098", "@idtype": "SGR"}}, "ref-volisspag": {"voliss": {"@volume": "32"}, "pagerange": {"@first": "95", "@last": "98"}}, "ref-authors": {"author": [{"@seq": "1", "ce:initials": "B.", "@_fa": "true", "ce:surname": "Chapellier", "ce:indexed-name": "Chapellier B."}], "et-al": null}, "ref-sourcetitle": "Genesis"}}, {"ref-fulltext": "Wang, H. et al. One-step generation of mice carrying mutations in multiple genes by CRISPR/Cas-mediated genome engineering. Cell 153, 910-918 (2013).", "@id": "44", "ref-info": {"ref-publicationyear": {"@first": "2013"}, "ref-title": {"ref-titletext": "One-step generation of mice carrying mutations in multiple genes by CRISPR/Cas-mediated genome engineering"}, "refd-itemidlist": {"itemid": {"$": "84877707375", "@idtype": "SGR"}}, "ref-volisspag": {"voliss": {"@volume": "153"}, "pagerange": {"@first": "910", "@last": "918"}}, "ref-authors": {"author": [{"@seq": "1", "ce:initials": "H.", "@_fa": "true", "ce:surname": "Wang", "ce:indexed-name": "Wang H."}], "et-al": null}, "ref-sourcetitle": "Cell"}}, {"ref-fulltext": "Duprez, L. et al. RIP kinase-dependent necrosis drives lethal systemic inflammatory response syndrome. Immunity 35, 908-918 (2011).", "@id": "45", "ref-info": {"ref-publicationyear": {"@first": "2011"}, "ref-title": {"ref-titletext": "RIP kinase-dependent necrosis drives lethal systemic inflammatory response syndrome"}, "refd-itemidlist": {"itemid": {"$": "84255162797", "@idtype": "SGR"}}, "ref-volisspag": {"voliss": {"@volume": "35"}, "pagerange": {"@first": "908", "@last": "918"}}, "ref-authors": {"author": [{"@seq": "1", "ce:initials": "L.", "@_fa": "true", "ce:surname": "Duprez", "ce:indexed-name": "Duprez L."}], "et-al": null}, "ref-sourcetitle": "Immunity"}}, {"ref-fulltext": "Decker K. & Keppler D. Galactosamine hepatitis: key role of the nucleotide deficiency period in the pathogenesis of cell injury and cell death. Rev. Physiol. Biochem. Pharmacol. 71, 77-106 (1974).", "@id": "46", "ref-info": {"ref-publicationyear": {"@first": "1974"}, "ref-title": {"ref-titletext": "Galactosamine hepatitis: Key role of the nucleotide deficiency period in the pathogenesis of cell injury and cell death"}, "refd-itemidlist": {"itemid": {"$": "0016180377", "@idtype": "SGR"}}, "ref-volisspag": {"voliss": {"@volume": "71"}, "pagerange": {"@first": "77", "@last": "106"}}, "ref-authors": {"author": [{"@seq": "1", "ce:initials": "K.", "@_fa": "true", "ce:surname": "Decker", "ce:indexed-name": "Decker K."}, {"@seq": "2", "ce:initials": "D.", "@_fa": "true", "ce:surname": "Keppler", "ce:indexed-name": "Keppler D."}], "et-al": null}, "ref-sourcetitle": "Rev. Physiol. Biochem. Pharmacol."}}, {"ref-fulltext": "Pobezinskaya, Y. L. et al. The function of TRADD in signaling through tumor necrosis factor receptor 1 and TRIF-dependent Toll-like receptors. Nat. Immunol. 9, 1047-1054 (2008).", "@id": "47", "ref-info": {"ref-publicationyear": {"@first": "2008"}, "ref-title": {"ref-titletext": "The function of TRADD in signaling through tumor necrosis factor receptor 1 and TRIF-dependent Toll-like receptors"}, "refd-itemidlist": {"itemid": {"$": "50149089360", "@idtype": "SGR"}}, "ref-volisspag": {"voliss": {"@volume": "9"}, "pagerange": {"@first": "1047", "@last": "1054"}}, "ref-authors": {"author": [{"@seq": "1", "ce:initials": "Y.L.", "@_fa": "true", "ce:surname": "Pobezinskaya", "ce:indexed-name": "Pobezinskaya Y.L."}], "et-al": null}, "ref-sourcetitle": "Nat. Immunol."}}, {"ref-fulltext": "Kumari, S. et al. Sharpin prevents skin inflammation by inhibiting TNFR1-induced keratinocyte apoptosis. Elife 3, e03422 (2014).", "@id": "48", "ref-info": {"ref-publicationyear": {"@first": "2014"}, "ref-title": {"ref-titletext": "Sharpin prevents skin inflammation by inhibiting TNFR1-induced keratinocyte apoptosis"}, "refd-itemidlist": {"itemid": {"$": "84924401688", "@idtype": "SGR"}}, "ref-volisspag": {"voliss": {"@volume": "3"}, "pagerange": {"@first": "e03422"}}, "ref-authors": {"author": [{"@seq": "1", "ce:initials": "S.", "@_fa": "true", "ce:surname": "Kumari", "ce:indexed-name": "Kumari S."}], "et-al": null}, "ref-sourcetitle": "Elife."}}]}}}}, "affiliation": [{"affiliation-city": "Bangkok", "@id": "60028190", "affilname": "Chulalongkorn University", "@href": "https://api.elsevier.com/content/affiliation/affiliation_id/60028190", "affiliation-country": "Thailand"}, {"affiliation-city": "Rockville", "@id": "60013409", "affilname": "National Cancer Institute (NCI)", "@href": "https://api.elsevier.com/content/affiliation/affiliation_id/60013409", "affiliation-country": "United States"}, {"affiliation-city": "Bethesda", "@id": "60005281", "affilname": "National Heart, Lung, and Blood Institute (NHLBI)", "@href": "https://api.elsevier.com/content/affiliation/affiliation_id/60005281", "affiliation-country": "United States"}], "coredata": {"srctype": "j", "eid": "2-s2.0-85028746772", "dc:description": "Tumor necrosis factor (TNF) has a critical role in diverse cellular events including inflammation, apoptosis and necroptosis through different signaling complexes. However, little is known about how the transition from inflammatory signaling to the engagement of death pathways is modulated. Here we report that the cytoplasmic retinoic acid receptor gamma (RAR\u03b3) controls receptor-interacting protein kinase 1 (RIP1)-initiated cell death when cellular inhibitor of apoptosis (cIAP) activity is blocked. Through screening a short hairpin RNA library, we found that RAR\u03b3 was essential for TNF-induced RIP1-initiated apoptosis and necroptosis. Our data suggests that RAR\u03b3 initiates the formation of death signaling complexes by mediating RIP1 dissociation from TNF receptor 1. We demonstrate that RAR\u03b3 is released from the nucleus to orchestrate the formation of the cytosolic death complexes. In addition, we demonstrate that RAR\u03b3 has a similar role in TNF-induced necroptosis in vivo. Thus, our study suggests that nuclear receptor RAR\u03b3 provides a key checkpoint for the transition from life to death.", "pubmed-id": "28871172", "prism:coverDate": "2017-12-01", "prism:aggregationType": "Journal", "prism:url": "https://api.elsevier.com/content/abstract/scopus_id/85028746772", "dc:creator": {"author": [{"ce:given-name": "Qing", "preferred-name": {"ce:given-name": "Qing", "ce:initials": "Q.", "ce:surname": "Xu", "ce:indexed-name": "Xu Q."}, "@seq": "1", "ce:initials": "Q.", "@_fa": "true", "affiliation": {"@id": "60013409", "@href": "https://api.elsevier.com/content/affiliation/affiliation_id/60013409"}, "ce:surname": "Xu", "@auid": "57191198530", "author-url": "https://api.elsevier.com/content/author/author_id/57191198530", "ce:indexed-name": "Xu Q."}]}, "link": [{"@_fa": "true", "@rel": "self", "@href": "https://api.elsevier.com/content/abstract/scopus_id/85028746772"}, {"@_fa": "true", "@rel": "scopus", "@href": "https://www.scopus.com/inward/record.uri?partnerID=HzOxMe3b&scp=85028746772&origin=inward"}, {"@_fa": "true", "@rel": "scopus-citedby", "@href": "https://www.scopus.com/inward/citedby.uri?partnerID=HzOxMe3b&scp=85028746772&origin=inward"}], "source-id": "19700182758", "citedby-count": "37", "prism:volume": "8", "subtype": "ar", "dc:title": "The cytoplasmic nuclear receptor RAR\u03b3 controls RIP1 initiated cell death when cIAP activity is inhibited", "openaccess": "1", "prism:issn": "20411723", "publishercopyright": "\u00a9 2017 The Author(s).", "article-number": "425", "prism:issueIdentifier": "1", "subtypeDescription": "Article", "prism:publicationName": "Nature Communications", "openaccessFlag": "true", "prism:doi": "10.1038/s41467-017-00496-6", "dc:identifier": "SCOPUS_ID:85028746772", "dc:publisher": "Nature Publishing GroupHoundmillsBasingstoke, HampshireRG21 6XS"}, "idxterms": {"mainterm": [{"$": "Animals", "@weight": "b", "@candidate": "n"}, {"$": "Apoptosis", "@weight": "b", "@candidate": "n"}, {"$": "Cell Line", "@weight": "b", "@candidate": "n"}, {"$": "Cell Nucleus", "@weight": "b", "@candidate": "n"}, {"$": "Cytoprotection", "@weight": "b", "@candidate": "n"}, {"$": "Cytosol", "@weight": "b", "@candidate": "n"}, {"$": "Inhibitor of Apoptosis Proteins", "@weight": "b", "@candidate": "n"}, {"$": "Mice, Knockout", "@weight": "b", "@candidate": "n"}, {"$": "Models, Biological", "@weight": "b", "@candidate": "n"}, {"$": "Nuclear Pore Complex Proteins", "@weight": "b", "@candidate": "n"}, {"$": "Receptors, Retinoic Acid", "@weight": "b", "@candidate": "n"}, {"$": "Receptors, Tumor Necrosis Factor", "@weight": "b", "@candidate": "n"}, {"$": "RNA-Binding Proteins", "@weight": "b", "@candidate": "n"}, {"$": "TNF Receptor-Associated Death Domain Protein", "@weight": "b", "@candidate": "n"}, {"$": "Tumor Necrosis Factor-alpha", "@weight": "b", "@candidate": "n"}]}, "language": {"@xml:lang": "eng"}, "authkeywords": null, "subject-areas": {"subject-area": [{"@_fa": "true", "$": "Chemistry (all)", "@code": "1600", "@abbrev": "CHEM"}, {"@_fa": "true", "$": "Biochemistry, Genetics and Molecular Biology (all)", "@code": "1300", "@abbrev": "BIOC"}, {"@_fa": "true", "$": "Physics and Astronomy (all)", "@code": "3100", "@abbrev": "PHYS"}]}, "authors": {"author": [{"ce:given-name": "Qing", "preferred-name": {"ce:given-name": "Qing", "ce:initials": "Q.", "ce:surname": "Xu", "ce:indexed-name": "Xu Q."}, "@seq": "1", "ce:initials": "Q.", "@_fa": "true", "affiliation": {"@id": "60013409", "@href": "https://api.elsevier.com/content/affiliation/affiliation_id/60013409"}, "ce:surname": "Xu", "@auid": "57191198530", "author-url": "https://api.elsevier.com/content/author/author_id/57191198530", "ce:indexed-name": "Xu Q."}, {"ce:given-name": "Siriporn", "preferred-name": {"ce:given-name": "Siriporn", "ce:initials": "S.", "ce:surname": "Jitkaew", "ce:indexed-name": "Jitkaew S."}, "@seq": "2", "ce:initials": "S.", "@_fa": "true", "affiliation": [{"@id": "60013409", "@href": "https://api.elsevier.com/content/affiliation/affiliation_id/60013409"}, {"@id": "60028190", "@href": "https://api.elsevier.com/content/affiliation/affiliation_id/60028190"}], "ce:surname": "Jitkaew", "@auid": "26040777200", "author-url": "https://api.elsevier.com/content/author/author_id/26040777200", "ce:indexed-name": "Jitkaew S."}, {"ce:given-name": "Swati", "preferred-name": {"ce:given-name": "Swati", "ce:initials": "S.", "ce:surname": "Choksi", "ce:indexed-name": "Choksi S."}, "@seq": "3", "ce:initials": "S.", "@_fa": "true", "affiliation": {"@id": "60013409", "@href": "https://api.elsevier.com/content/affiliation/affiliation_id/60013409"}, "ce:surname": "Choksi", "@auid": "6701734856", "author-url": "https://api.elsevier.com/content/author/author_id/6701734856", "ce:indexed-name": "Choksi S."}, {"ce:given-name": "Chamila", "preferred-name": {"ce:given-name": "Chamila", "ce:initials": "C.", "ce:surname": "Kadigamuwa", "ce:indexed-name": "Kadigamuwa C."}, "@seq": "4", "ce:initials": "C.", "@_fa": "true", "affiliation": {"@id": "60013409", "@href": "https://api.elsevier.com/content/affiliation/affiliation_id/60013409"}, "ce:surname": "Kadigamuwa", "@auid": "56780323200", "author-url": "https://api.elsevier.com/content/author/author_id/56780323200", "ce:indexed-name": "Kadigamuwa C."}, {"ce:given-name": "Jianhui", "preferred-name": {"ce:given-name": "Jianhui", "ce:initials": "J.", "ce:surname": "Qu", "ce:indexed-name": "Qu J."}, "@seq": "5", "ce:initials": "J.", "@_fa": "true", "affiliation": {"@id": "60013409", "@href": "https://api.elsevier.com/content/affiliation/affiliation_id/60013409"}, "ce:surname": "Qu", "@auid": "57191196135", "author-url": "https://api.elsevier.com/content/author/author_id/57191196135", "ce:indexed-name": "Qu J."}, {"ce:given-name": "Moran", "preferred-name": {"ce:given-name": "Moran", "ce:initials": "M.", "ce:surname": "Choe", "ce:indexed-name": "Choe M."}, "@seq": "6", "ce:initials": "M.", "@_fa": "true", "affiliation": {"@id": "60013409", "@href": "https://api.elsevier.com/content/affiliation/affiliation_id/60013409"}, "ce:surname": "Choe", "@auid": "57191196442", "author-url": "https://api.elsevier.com/content/author/author_id/57191196442", "ce:indexed-name": "Choe M."}, {"ce:given-name": "Jonathan", "preferred-name": {"ce:given-name": "Jonathan", "ce:initials": "J.", "ce:surname": "Jang", "ce:indexed-name": "Jang J."}, "@seq": "7", "ce:initials": "J.", "@_fa": "true", "affiliation": {"@id": "60013409", "@href": "https://api.elsevier.com/content/affiliation/affiliation_id/60013409"}, "ce:surname": "Jang", "@auid": "57191201236", "author-url": "https://api.elsevier.com/content/author/author_id/57191201236", "ce:indexed-name": "Jang J."}, {"ce:given-name": "Chengyu", "preferred-name": {"ce:given-name": "Chengyu", "ce:initials": "C.", "ce:surname": "Liu", "ce:indexed-name": "Liu C."}, "@seq": "8", "ce:initials": "C.", "@_fa": "true", "affiliation": {"@id": "60005281", "@href": "https://api.elsevier.com/content/affiliation/affiliation_id/60005281"}, "ce:surname": "Liu", "@auid": "36064356600", "author-url": "https://api.elsevier.com/content/author/author_id/36064356600", "ce:indexed-name": "Liu C."}, {"ce:given-name": "Zheng-Gang", "preferred-name": {"ce:given-name": "Zheng Gang", "ce:initials": "Z.G.", "ce:surname": "Liu", "ce:indexed-name": "Liu Z."}, "@seq": "9", "ce:initials": "Z.-G.", "@_fa": "true", "affiliation": {"@id": "60013409", "@href": "https://api.elsevier.com/content/affiliation/affiliation_id/60013409"}, "ce:surname": "Liu", "@auid": "7406673849", "author-url": "https://api.elsevier.com/content/author/author_id/7406673849", "ce:indexed-name": "Liu Z.-G."}]}}}