{"abstracts-retrieval-response": {"item": {"ait:process-info": {"ait:status": {"@state": "update", "@type": "core", "@stage": "S300"}, "ait:date-delivered": {"@day": "17", "@timestamp": "2021-09-17T21:57:19.000019-04:00", "@year": "2021", "@month": "09"}, "ait:date-sort": {"@day": "01", "@year": "2017", "@month": "12"}}, "bibrecord": {"head": {"author-group": [{"affiliation": {"country": "Thailand", "@afid": "60021944", "@country": "tha", "organization": [{"$": "Dermatology Unit"}, {"$": "Veterinary Teaching Hospital"}, {"$": "Faculty of Veterinary Medicine"}, {"$": "Kasetsart Universit"}], "affiliation-id": {"@afid": "60021944", "@dptid": "119979340"}, "@dptid": "119979340"}, "author": [{"preferred-name": {"ce:given-name": "L.", "ce:initials": "L.", "ce:surname": "Larsuprom", "ce:indexed-name": "Larsuprom L."}, "@seq": "1", "ce:initials": "L.", "@_fa": "true", "@type": "auth", "ce:surname": "Larsuprom", "@auid": "57103569100", "ce:indexed-name": "Larsuprom L."}, {"preferred-name": {"ce:given-name": "L.", "ce:initials": "L.", "ce:surname": "Duangkaew", "ce:indexed-name": "Duangkaew L."}, "@seq": "2", "ce:initials": "L.", "@_fa": "true", "@type": "auth", "ce:surname": "Duangkaew", "@auid": "57192922955", "ce:indexed-name": "Duangkaew L."}]}, {"affiliation": {"country": "Thailand", "address-part": "50 Ngamwongwan Road, Chatuchak", "postal-code": "10900", "@afid": "60021944", "@country": "tha", "city": "Bangkok", "organization": [{"$": "Department of Pathology"}, {"$": "Faculty of Veterinary Medicine"}, {"$": "Kasetsart University"}], "affiliation-id": {"@afid": "60021944", "@dptid": "104123274"}, "@dptid": "104123274"}, "author": [{"preferred-name": {"ce:given-name": "C.", "ce:initials": "C.", "ce:surname": "Kasorndorkbua", "ce:indexed-name": "Kasorndorkbua C."}, "@seq": "3", "ce:initials": "C.", "@_fa": "true", "@type": "auth", "ce:surname": "Kasorndorkbua", "@auid": "6507059271", "ce:indexed-name": "Kasorndorkbua C."}]}, {"affiliation": {"country": "Taiwan", "@afid": "113766802", "@country": "twn", "city": "Taipei", "organization": {"$": "Asian Veterinary Specialist Referral Center"}, "affiliation-id": {"@afid": "113766802"}}, "author": [{"preferred-name": {"ce:given-name": "C.", "ce:initials": "C.", "ce:surname": "Chen", "ce:indexed-name": "Chen C."}, "@seq": "4", "ce:initials": "C.", "@_fa": "true", "@type": "auth", "ce:surname": "Chen", "@auid": "55808941300", "ce:indexed-name": "Chen C."}]}, {"affiliation": {"country": "Thailand", "@afid": "60028190", "@country": "tha", "city": "Bangkok", "organization": [{"$": "Department of Microbiology"}, {"$": "Faculty of Medicine"}, {"$": "Chulalongkorn University"}], "affiliation-id": {"@afid": "60028190", "@dptid": "110210256"}, "@dptid": "110210256"}, "author": [{"preferred-name": {"ce:given-name": "A.", "ce:initials": "A.", "ce:surname": "Chindamporn", "ce:indexed-name": "Chindamporn A."}, "@seq": "5", "ce:initials": "A.", "@_fa": "true", "@type": "auth", "ce:surname": "Chindamporn", "@auid": "6507375101", "ce:indexed-name": "Chindamporn A."}, {"preferred-name": {"ce:given-name": "N.", "ce:initials": "N.", "ce:surname": "Worasilchai", "ce:indexed-name": "Worasilchai N."}, "@seq": "6", "ce:initials": "N.", "@_fa": "true", "@type": "auth", "ce:surname": "Worasilchai", "@auid": "56384470400", "ce:indexed-name": "Worasilchai N."}]}], "citation-title": "Feline cutaneous histoplasmosis: The first case report from Thailand", "abstracts": "\u00a9 2017 The AuthorsA 2-year-old, neutered female domestic shorthaired cat presented with a history of multiple papules and nodules on pinnae, nodules on the nose, and chronic wound at the lateral surface of left radial area for four months. Skin biopsy demonstrated moderate numbers of small, oval-to-round, single-walled yeasts inside the macrophages. In addition, PCR confirmed the sequence of Histoplasma capsulatum. This is the first case report of feline cutaneous histoplasmosis in Thailand.", "citation-info": {"author-keywords": {"author-keyword": [{"$": "Cutaneous", "@xml:lang": "eng"}, {"$": "Feline", "@xml:lang": "eng"}, {"$": "Histoplasmosis", "@xml:lang": "eng"}, {"$": "Thailand", "@xml:lang": "eng"}]}, "citation-type": {"@code": "ar"}, "citation-language": {"@language": "English", "@xml:lang": "eng"}, "abstract-language": {"@language": "English", "@xml:lang": "eng"}}, "source": {"sourcetitle-abbrev": "Med. Mycol. Case Rep.", "website": {"ce:e-address": {"$": "http://www.journals.elsevier.com/medical-mycology-case-reports/", "@type": "email"}}, "@country": "nld", "translated-sourcetitle": {"$": "Medical Mycology Case Reports", "@xml:lang": "eng"}, "issn": {"$": "22117539", "@type": "print"}, "volisspag": {"voliss": {"@volume": "18"}, "pagerange": {"@first": "28", "@last": "30"}}, "@type": "j", "publicationyear": {"@first": "2017"}, "publisher": {"publishername": "Elsevier B.V."}, "sourcetitle": "Medical Mycology Case Reports", "@srcid": "21100211340", "publicationdate": {"month": "12", "year": "2017", "date-text": "December 2017", "day": "01"}}, "enhancement": {"classificationgroup": {"classifications": [{"@type": "EMCLASS", "classification": [{"classification-code": "37", "classification-description": "Drug Literature Index"}, {"classification-code": "4", "classification-description": "Microbiology: Bacteriology, Mycology, Parasitology and Virology"}, {"classification-code": "5", "classification-description": "General Pathology and Pathological Anatomy"}]}, {"@type": "ASJC", "classification": [{"$": "2404"}, {"$": "2725"}]}, {"@type": "SUBJABBR", "classification": [{"$": "IMMU"}, {"$": "MEDI"}]}]}, "chemicalgroup": {"chemicals": {"@source": "esbd", "chemical": [{"cas-registry-number": "86386-73-4", "chemical-name": "fluconazole"}, {"cas-registry-number": "84625-61-6", "chemical-name": "itraconazole"}]}}, "sequencebanks": {"sequencebank": {"@name": "GENBANK", "@complete": "y", "sequence-number": {"$": "KY434018", "@type": "submitted"}}}}}, "item-info": {"copyright": {"$": "Copyright 2017 Elsevier B.V., All rights reserved.", "@type": "Elsevier"}, "dbcollection": [{"$": "EMBASE"}, {"$": "NURSNG"}, {"$": "REAXYSCAR"}, {"$": "RMC"}, {"$": "SCOPUS"}, {"$": "Scopusbase"}], "history": {"date-created": {"@day": "10", "@timestamp": "BST 08:16:40", "@year": "2017", "@month": "08"}}, "itemidlist": {"itemid": [{"$": "617618397", "@idtype": "PUI"}, {"$": "667006406", "@idtype": "CAR-ID"}, {"$": "20170559745", "@idtype": "EMBASE"}, {"$": "2017270714", "@idtype": "NURSNG"}, {"$": "20171393912", "@idtype": "REAXYSCAR"}, {"$": "2017224010", "@idtype": "RMC"}, {"$": "20170124639", "@idtype": "SCOPUS"}, {"$": "85026749282", "@idtype": "SCP"}, {"$": "85026749282", "@idtype": "SGR"}], "ce:pii": "S2211753917300416", "ce:doi": "10.1016/j.mmcr.2017.07.008"}}, "tail": {"bibliography": {"@refcount": "14", "reference": [{"ref-fulltext": "Olson, G.A., Wowk, B.J., Oral lesions of histoplasmosis in a dog. Vet. Med. Small Anim. Clin. 76 (1981), 1449\u20131451.", "@id": "1", "ref-info": {"ref-publicationyear": {"@first": "1981"}, "ref-title": {"ref-titletext": "Oral lesions of histoplasmosis in a dog"}, "refd-itemidlist": {"itemid": [{"$": "bib1", "@idtype": "FRAGMENTID"}, {"$": "0019629079", "@idtype": "SGR"}]}, "ref-volisspag": {"voliss": {"@volume": "76"}, "pagerange": {"@first": "1449", "@last": "1451"}}, "ref-authors": {"author": [{"@seq": "1", "ce:initials": "G.A.", "@_fa": "true", "ce:surname": "Olson", "ce:indexed-name": "Olson G.A."}, {"@seq": "2", "ce:initials": "B.J.", "@_fa": "true", "ce:surname": "Wowk", "ce:indexed-name": "Wowk B.J."}]}, "ref-sourcetitle": "Vet. Med. Small Anim. Clin."}}, {"ref-fulltext": "Wolf, A.M., Histoplasmosis in Greene CE, Infectious Diseases of the Dog and Cat. 2nd ed., 1998, WB Saunders, Philadelphia, PA, 378\u2013383.", "@id": "2", "ref-info": {"ref-publicationyear": {"@first": "1998"}, "ref-title": {"ref-titletext": "Histoplasmosis in Greene CE, Infectious Diseases of the Dog and Cat"}, "refd-itemidlist": {"itemid": [{"$": "bib2", "@idtype": "FRAGMENTID"}, {"$": "85026762383", "@idtype": "SGR"}]}, "ref-volisspag": {"pagerange": {"@first": "378", "@last": "383"}}, "ref-text": "2nd ed. WB Saunders Philadelphia, PA", "ref-authors": {"author": [{"@seq": "1", "ce:initials": "A.M.", "@_fa": "true", "ce:surname": "Wolf", "ce:indexed-name": "Wolf A.M."}]}}}, {"ref-fulltext": "Stark, D.R., Primary gastrointestinal histoplasmosis in a cat. J. Am. Anim. Hosp. Assoc. 18 (1982), 154\u2013156.", "@id": "3", "ref-info": {"ref-publicationyear": {"@first": "1982"}, "ref-title": {"ref-titletext": "Primary gastrointestinal histoplasmosis in a cat"}, "refd-itemidlist": {"itemid": [{"$": "bib3", "@idtype": "FRAGMENTID"}, {"$": "0020053619", "@idtype": "SGR"}]}, "ref-volisspag": {"voliss": {"@volume": "18"}, "pagerange": {"@first": "154", "@last": "156"}}, "ref-authors": {"author": [{"@seq": "1", "ce:initials": "D.R.", "@_fa": "true", "ce:surname": "Stark", "ce:indexed-name": "Stark D.R."}]}, "ref-sourcetitle": "J. Am. Anim. Hosp. Assoc."}}, {"ref-fulltext": "Taboada, J., Grooters, A.M., Systemic mycoses. Ettinger, S.J., Feldman, E.C., (eds.), 6th ed. Textbook of Veterinary Internal Medicine, 1, 2005, Elsevier Saunders, St. Louis, MO, 671\u2013690.", "@id": "4", "ref-info": {"ref-publicationyear": {"@first": "2005"}, "ref-title": {"ref-titletext": "Systemic mycoses"}, "refd-itemidlist": {"itemid": [{"$": "bib4", "@idtype": "FRAGMENTID"}, {"$": "27544481057", "@idtype": "SGR"}]}, "ref-volisspag": {"voliss": {"@volume": "1"}, "pagerange": {"@first": "671", "@last": "690"}}, "ref-text": "S.J. Ettinger E.C. Feldman 6th ed. Elsevier Saunders St. Louis, MO", "ref-authors": {"author": [{"@seq": "1", "ce:initials": "J.", "@_fa": "true", "ce:surname": "Taboada", "ce:indexed-name": "Taboada J."}, {"@seq": "2", "ce:initials": "A.M.", "@_fa": "true", "ce:surname": "Grooters", "ce:indexed-name": "Grooters A.M."}]}, "ref-sourcetitle": "Textbook of Veterinary Internal Medicine"}}, {"ref-fulltext": "Davies, C., Troy, G.C., Deep mycotic infections in cats. J. Am. Anim. Hosp. Assoc. 32 (1996), 380\u2013391.", "@id": "5", "ref-info": {"ref-publicationyear": {"@first": "1996"}, "ref-title": {"ref-titletext": "Deep mycotic infections in cats"}, "refd-itemidlist": {"itemid": [{"$": "bib5", "@idtype": "FRAGMENTID"}, {"$": "0029833402", "@idtype": "SGR"}]}, "ref-volisspag": {"voliss": {"@volume": "32"}, "pagerange": {"@first": "380", "@last": "391"}}, "ref-authors": {"author": [{"@seq": "1", "ce:initials": "C.", "@_fa": "true", "ce:surname": "Davies", "ce:indexed-name": "Davies C."}, {"@seq": "2", "ce:initials": "G.C.", "@_fa": "true", "ce:surname": "Troy", "ce:indexed-name": "Troy G.C."}]}, "ref-sourcetitle": "J. Am. Anim. Hosp. Assoc."}}, {"ref-fulltext": "Kauffman, C.A., Histoplasmosis. Dismukes, W.E., Pappas, P.G., Sobel, J.D., (eds.) Clinical Mycology, 2003, Oxford University Press, Oxford, UK, 285\u2013298.", "@id": "6", "ref-info": {"ref-publicationyear": {"@first": "2003"}, "ref-title": {"ref-titletext": "Histoplasmosis"}, "refd-itemidlist": {"itemid": [{"$": "bib6", "@idtype": "FRAGMENTID"}, {"$": "24944490741", "@idtype": "SGR"}]}, "ref-volisspag": {"pagerange": {"@first": "285", "@last": "298"}}, "ref-text": "W.E. Dismukes P.G. Pappas J.D. Sobel Oxford University Press Oxford, UK", "ref-authors": {"author": [{"@seq": "1", "ce:initials": "C.A.", "@_fa": "true", "ce:surname": "Kauffman", "ce:indexed-name": "Kauffman C.A."}]}, "ref-sourcetitle": "Clinical Mycology"}}, {"ref-fulltext": "Norkaew, T., Ohno, H., Sriburee, P., Tanabe, K., Tharavichitkul, P., Takarn, P., Puengchan, T., Bumrungsri, S., Miyazaki, Y., Detection of environmental sources of Histoplasma capsulatum in Chiang Mai, Thailand, by nested PCR. Mycopathologia 176 (2013), 395\u2013402.", "@id": "7", "ref-info": {"ref-publicationyear": {"@first": "2013"}, "ref-title": {"ref-titletext": "Detection of environmental sources of Histoplasma capsulatum in Chiang Mai, Thailand, by nested PCR"}, "refd-itemidlist": {"itemid": [{"$": "bib7", "@idtype": "FRAGMENTID"}, {"$": "84888850381", "@idtype": "SGR"}]}, "ref-volisspag": {"voliss": {"@volume": "176"}, "pagerange": {"@first": "395", "@last": "402"}}, "ref-authors": {"author": [{"@seq": "1", "ce:initials": "T.", "@_fa": "true", "ce:surname": "Norkaew", "ce:indexed-name": "Norkaew T."}, {"@seq": "2", "ce:initials": "H.", "@_fa": "true", "ce:surname": "Ohno", "ce:indexed-name": "Ohno H."}, {"@seq": "3", "ce:initials": "P.", "@_fa": "true", "ce:surname": "Sriburee", "ce:indexed-name": "Sriburee P."}, {"@seq": "4", "ce:initials": "K.", "@_fa": "true", "ce:surname": "Tanabe", "ce:indexed-name": "Tanabe K."}, {"@seq": "5", "ce:initials": "P.", "@_fa": "true", "ce:surname": "Tharavichitkul", "ce:indexed-name": "Tharavichitkul P."}, {"@seq": "6", "ce:initials": "P.", "@_fa": "true", "ce:surname": "Takarn", "ce:indexed-name": "Takarn P."}, {"@seq": "7", "ce:initials": "T.", "@_fa": "true", "ce:surname": "Puengchan", "ce:indexed-name": "Puengchan T."}, {"@seq": "8", "ce:initials": "S.", "@_fa": "true", "ce:surname": "Bumrungsri", "ce:indexed-name": "Bumrungsri S."}, {"@seq": "9", "ce:initials": "Y.", "@_fa": "true", "ce:surname": "Miyazaki", "ce:indexed-name": "Miyazaki Y."}]}, "ref-sourcetitle": "Mycopathologia"}}, {"ref-fulltext": "Wheat, J., Endemic mycoses in AIDS, a clinical review. Clin. Microbiol. Rev. 8 (1995), 146\u2013159.", "@id": "8", "ref-info": {"ref-publicationyear": {"@first": "1995"}, "ref-title": {"ref-titletext": "Endemic mycoses in AIDS, a clinical review"}, "refd-itemidlist": {"itemid": [{"$": "bib8", "@idtype": "FRAGMENTID"}, {"$": "0028851045", "@idtype": "SGR"}]}, "ref-volisspag": {"voliss": {"@volume": "8"}, "pagerange": {"@first": "146", "@last": "159"}}, "ref-authors": {"author": [{"@seq": "1", "ce:initials": "J.", "@_fa": "true", "ce:surname": "Wheat", "ce:indexed-name": "Wheat J."}]}, "ref-sourcetitle": "Clin. Microbiol. Rev."}}, {"ref-fulltext": "Nina, M.F., Claude, F., Michel, M., Paula, G., Katia, R., Sylvia, W., A case in Europe of feline histoplasmosis apparently limited to the skin. Vet. Dermatol., 24, 2013, 635 (e158).", "@id": "9", "ref-info": {"ref-publicationyear": {"@first": "2013"}, "ref-title": {"ref-titletext": "A case in Europe of feline histoplasmosis apparently limited to the skin"}, "refd-itemidlist": {"itemid": [{"$": "bib9", "@idtype": "FRAGMENTID"}, {"$": "84888072786", "@idtype": "SGR"}]}, "ref-volisspag": {"voliss": {"@volume": "24"}, "pagerange": {"@first": "635"}}, "ref-text": "(e158)", "ref-authors": {"author": [{"@seq": "1", "ce:initials": "M.F.", "@_fa": "true", "ce:surname": "Nina", "ce:indexed-name": "Nina M.F."}, {"@seq": "2", "ce:initials": "F.", "@_fa": "true", "ce:surname": "Claude", "ce:indexed-name": "Claude F."}, {"@seq": "3", "ce:initials": "M.", "@_fa": "true", "ce:surname": "Michel", "ce:indexed-name": "Michel M."}, {"@seq": "4", "ce:initials": "G.", "@_fa": "true", "ce:surname": "Paula", "ce:indexed-name": "Paula G."}, {"@seq": "5", "ce:initials": "R.", "@_fa": "true", "ce:surname": "Katia", "ce:indexed-name": "Katia R."}, {"@seq": "6", "ce:initials": "W.", "@_fa": "true", "ce:surname": "Sylvia", "ce:indexed-name": "Sylvia W."}]}, "ref-sourcetitle": "Vet. Dermatol."}}, {"ref-fulltext": "Cano, M.V., Hajjeh, R.A., The epidemiology of histoplasmosis, a review. Semin. Respir. Infect. 16 (2001), 109\u2013118.", "@id": "10", "ref-info": {"ref-publicationyear": {"@first": "2001"}, "ref-title": {"ref-titletext": "The epidemiology of histoplasmosis, a review"}, "refd-itemidlist": {"itemid": [{"$": "bib10", "@idtype": "FRAGMENTID"}, {"$": "0034953642", "@idtype": "SGR"}]}, "ref-volisspag": {"voliss": {"@volume": "16"}, "pagerange": {"@first": "109", "@last": "118"}}, "ref-authors": {"author": [{"@seq": "1", "ce:initials": "M.V.", "@_fa": "true", "ce:surname": "Cano", "ce:indexed-name": "Cano M.V."}, {"@seq": "2", "ce:initials": "R.A.", "@_fa": "true", "ce:surname": "Hajjeh", "ce:indexed-name": "Hajjeh R.A."}]}, "ref-sourcetitle": "Semin. Respir. Infect."}}, {"ref-fulltext": "Ueda, Y., Sano, A., Tamura, M., et al. Diagnosis of histoplasmosis by detection of the internal transcribed spacer region of fungal rRNA gene from a paraffin-embedded skin sample from a dog in Japan. Vet. Microbiol. 94 (2003), 219\u2013224.", "@id": "11", "ref-info": {"ref-publicationyear": {"@first": "2003"}, "ref-title": {"ref-titletext": "Diagnosis of histoplasmosis by detection of the internal transcribed spacer region of fungal rRNA gene from a paraffin-embedded skin sample from a dog in Japan"}, "refd-itemidlist": {"itemid": [{"$": "bib11", "@idtype": "FRAGMENTID"}, {"$": "0037502425", "@idtype": "SGR"}]}, "ref-volisspag": {"voliss": {"@volume": "94"}, "pagerange": {"@first": "219", "@last": "224"}}, "ref-authors": {"author": [{"@seq": "1", "ce:initials": "Y.", "@_fa": "true", "ce:surname": "Ueda", "ce:indexed-name": "Ueda Y."}, {"@seq": "2", "ce:initials": "A.", "@_fa": "true", "ce:surname": "Sano", "ce:indexed-name": "Sano A."}, {"@seq": "3", "ce:initials": "M.", "@_fa": "true", "ce:surname": "Tamura", "ce:indexed-name": "Tamura M."}], "et-al": null}, "ref-sourcetitle": "Vet. Microbiol."}}, {"ref-fulltext": "Sano, A., Miyaji, M., Canine histoplasmosis in Japan. Nippon Ishinkin Gakkai Zasshi 44 (2003), 239\u2013243.", "@id": "12", "ref-info": {"ref-publicationyear": {"@first": "2003"}, "ref-title": {"ref-titletext": "Canine histoplasmosis in Japan"}, "refd-itemidlist": {"itemid": [{"$": "bib12", "@idtype": "FRAGMENTID"}, {"$": "0344873174", "@idtype": "SGR"}]}, "ref-volisspag": {"voliss": {"@volume": "44"}, "pagerange": {"@first": "239", "@last": "243"}}, "ref-authors": {"author": [{"@seq": "1", "ce:initials": "A.", "@_fa": "true", "ce:surname": "Sano", "ce:indexed-name": "Sano A."}, {"@seq": "2", "ce:initials": "M.", "@_fa": "true", "ce:surname": "Miyaji", "ce:indexed-name": "Miyaji M."}]}, "ref-sourcetitle": "Nippon Ishinkin Gakkai Zasshi"}}, {"ref-fulltext": "Nishifuji, K., Ueda, Y., Sano, A., et al. Interdigital involvement in a case of primary cutaneous canine histoplasmosis in Japan. J. Vet. Med. A, Physiol. Pathol. Clin. Med. 52 (2005), 478\u2013480.", "@id": "13", "ref-info": {"ref-publicationyear": {"@first": "2005"}, "ref-title": {"ref-titletext": "Interdigital involvement in a case of primary cutaneous canine histoplasmosis in Japan"}, "refd-itemidlist": {"itemid": [{"$": "bib13", "@idtype": "FRAGMENTID"}, {"$": "27844597295", "@idtype": "SGR"}]}, "ref-volisspag": {"voliss": {"@volume": "52"}, "pagerange": {"@first": "478", "@last": "480"}}, "ref-authors": {"author": [{"@seq": "1", "ce:initials": "K.", "@_fa": "true", "ce:surname": "Nishifuji", "ce:indexed-name": "Nishifuji K."}, {"@seq": "2", "ce:initials": "Y.", "@_fa": "true", "ce:surname": "Ueda", "ce:indexed-name": "Ueda Y."}, {"@seq": "3", "ce:initials": "A.", "@_fa": "true", "ce:surname": "Sano", "ce:indexed-name": "Sano A."}], "et-al": null}, "ref-sourcetitle": "J. Vet. Med. A, Physiol. Pathol. Clin. Med."}}, {"ref-fulltext": "Murata, Y., Sano, A., Ueda, Y., et al. Molecular epidemiology of canine histoplasmosis in Japan. Med. Mycol. 45 (2007), 233\u2013247.", "@id": "14", "ref-info": {"ref-publicationyear": {"@first": "2007"}, "ref-title": {"ref-titletext": "Molecular epidemiology of canine histoplasmosis in Japan"}, "refd-itemidlist": {"itemid": [{"$": "bib14", "@idtype": "FRAGMENTID"}, {"$": "34248140686", "@idtype": "SGR"}]}, "ref-volisspag": {"voliss": {"@volume": "45"}, "pagerange": {"@first": "233", "@last": "247"}}, "ref-authors": {"author": [{"@seq": "1", "ce:initials": "Y.", "@_fa": "true", "ce:surname": "Murata", "ce:indexed-name": "Murata Y."}, {"@seq": "2", "ce:initials": "A.", "@_fa": "true", "ce:surname": "Sano", "ce:indexed-name": "Sano A."}, {"@seq": "3", "ce:initials": "Y.", "@_fa": "true", "ce:surname": "Ueda", "ce:indexed-name": "Ueda Y."}], "et-al": null}, "ref-sourcetitle": "Med. Mycol."}}]}}}}, "affiliation": [{"affiliation-city": "Bangkok", "@id": "60021944", "affilname": "Kasetsart University", "@href": "https://api.elsevier.com/content/affiliation/affiliation_id/60021944", "affiliation-country": "Thailand"}, {"affiliation-city": "Bangkok", "@id": "60028190", "affilname": "Chulalongkorn University", "@href": "https://api.elsevier.com/content/affiliation/affiliation_id/60028190", "affiliation-country": "Thailand"}, {"affiliation-city": "Taipei", "@id": "113766802", "affilname": "Asian Veterinary Specialist Referral Center", "@href": "https://api.elsevier.com/content/affiliation/affiliation_id/113766802", "affiliation-country": "Taiwan"}], "coredata": {"srctype": "j", "eid": "2-s2.0-85026749282", "dc:description": "A 2-year-old, neutered female domestic shorthaired cat presented with a history of multiple papules and nodules on pinnae, nodules on the nose, and chronic wound at the lateral surface of left radial area for four months. Skin biopsy demonstrated moderate numbers of small, oval-to-round, single-walled yeasts inside the macrophages. In addition, PCR confirmed the sequence of Histoplasma capsulatum. This is the first case report of feline cutaneous histoplasmosis in Thailand.", "prism:coverDate": "2017-12-01", "prism:aggregationType": "Journal", "prism:url": "https://api.elsevier.com/content/abstract/scopus_id/85026749282", "dc:creator": {"author": [{"preferred-name": {"ce:given-name": "L.", "ce:initials": "L.", "ce:surname": "Larsuprom", "ce:indexed-name": "Larsuprom L."}, "@seq": "1", "ce:initials": "L.", "@_fa": "true", "affiliation": {"@id": "60021944", "@href": "https://api.elsevier.com/content/affiliation/affiliation_id/60021944"}, "ce:surname": "Larsuprom", "@auid": "57103569100", "author-url": "https://api.elsevier.com/content/author/author_id/57103569100", "ce:indexed-name": "Larsuprom L."}]}, "link": [{"@_fa": "true", "@rel": "self", "@href": "https://api.elsevier.com/content/abstract/scopus_id/85026749282"}, {"@_fa": "true", "@rel": "scopus", "@href": "https://www.scopus.com/inward/record.uri?partnerID=HzOxMe3b&scp=85026749282&origin=inward"}, {"@_fa": "true", "@rel": "scopus-citedby", "@href": "https://www.scopus.com/inward/citedby.uri?partnerID=HzOxMe3b&scp=85026749282&origin=inward"}], "source-id": "21100211340", "pii": "S2211753917300416", "citedby-count": "5", "prism:volume": "18", "subtype": "ar", "dc:title": "Feline cutaneous histoplasmosis: The first case report from Thailand", "openaccess": "1", "prism:issn": "22117539", "publishercopyright": "\u00a9 2017 The Authors", "subtypeDescription": "Article", "prism:publicationName": "Medical Mycology Case Reports", "prism:pageRange": "28-30", "prism:endingPage": "30", "openaccessFlag": "true", "prism:doi": "10.1016/j.mmcr.2017.07.008", "prism:startingPage": "28", "dc:identifier": "SCOPUS_ID:85026749282", "dc:publisher": "Elsevier B.V."}, "idxterms": null, "language": {"@xml:lang": "eng"}, "authkeywords": {"author-keyword": [{"@_fa": "true", "$": "Cutaneous"}, {"@_fa": "true", "$": "Feline"}, {"@_fa": "true", "$": "Histoplasmosis"}, {"@_fa": "true", "$": "Thailand"}]}, "subject-areas": {"subject-area": [{"@_fa": "true", "$": "Microbiology", "@code": "2404", "@abbrev": "IMMU"}, {"@_fa": "true", "$": "Infectious Diseases", "@code": "2725", "@abbrev": "MEDI"}]}, "authors": {"author": [{"preferred-name": {"ce:given-name": "L.", "ce:initials": "L.", "ce:surname": "Larsuprom", "ce:indexed-name": "Larsuprom L."}, "@seq": "1", "ce:initials": "L.", "@_fa": "true", "affiliation": {"@id": "60021944", "@href": "https://api.elsevier.com/content/affiliation/affiliation_id/60021944"}, "ce:surname": "Larsuprom", "@auid": "57103569100", "author-url": "https://api.elsevier.com/content/author/author_id/57103569100", "ce:indexed-name": "Larsuprom L."}, {"preferred-name": {"ce:given-name": "L.", "ce:initials": "L.", "ce:surname": "Duangkaew", "ce:indexed-name": "Duangkaew L."}, "@seq": "2", "ce:initials": "L.", "@_fa": "true", "affiliation": {"@id": "60021944", "@href": "https://api.elsevier.com/content/affiliation/affiliation_id/60021944"}, "ce:surname": "Duangkaew", "@auid": "57192922955", "author-url": "https://api.elsevier.com/content/author/author_id/57192922955", "ce:indexed-name": "Duangkaew L."}, {"preferred-name": {"ce:given-name": "C.", "ce:initials": "C.", "ce:surname": "Kasorndorkbua", "ce:indexed-name": "Kasorndorkbua C."}, "@seq": "3", "ce:initials": "C.", "@_fa": "true", "affiliation": {"@id": "60021944", "@href": "https://api.elsevier.com/content/affiliation/affiliation_id/60021944"}, "ce:surname": "Kasorndorkbua", "@auid": "6507059271", "author-url": "https://api.elsevier.com/content/author/author_id/6507059271", "ce:indexed-name": "Kasorndorkbua C."}, {"preferred-name": {"ce:given-name": "C.", "ce:initials": "C.", "ce:surname": "Chen", "ce:indexed-name": "Chen C."}, "@seq": "4", "ce:initials": "C.", "@_fa": "true", "affiliation": {"@id": "113766802", "@href": "https://api.elsevier.com/content/affiliation/affiliation_id/113766802"}, "ce:surname": "Chen", "@auid": "55808941300", "author-url": "https://api.elsevier.com/content/author/author_id/55808941300", "ce:indexed-name": "Chen C."}, {"preferred-name": {"ce:given-name": "A.", "ce:initials": "A.", "ce:surname": "Chindamporn", "ce:indexed-name": "Chindamporn A."}, "@seq": "5", "ce:initials": "A.", "@_fa": "true", "affiliation": {"@id": "60028190", "@href": "https://api.elsevier.com/content/affiliation/affiliation_id/60028190"}, "ce:surname": "Chindamporn", "@auid": "6507375101", "author-url": "https://api.elsevier.com/content/author/author_id/6507375101", "ce:indexed-name": "Chindamporn A."}, {"preferred-name": {"ce:given-name": "N.", "ce:initials": "N.", "ce:surname": "Worasilchai", "ce:indexed-name": "Worasilchai N."}, "@seq": "6", "ce:initials": "N.", "@_fa": "true", "affiliation": {"@id": "60028190", "@href": "https://api.elsevier.com/content/affiliation/affiliation_id/60028190"}, "ce:surname": "Worasilchai", "@auid": "56384470400", "author-url": "https://api.elsevier.com/content/author/author_id/56384470400", "ce:indexed-name": "Worasilchai N."}]}}}