{"abstracts-retrieval-response": {"item": {"ait:process-info": {"ait:status": {"@state": "update", "@type": "core", "@stage": "S300"}, "ait:date-delivered": {"@day": "13", "@year": "2020", "@timestamp": "2020-02-13T07:56:43.000043-05:00", "@month": "02"}, "ait:date-sort": {"@day": "01", "@year": "2017", "@month": "12"}}, "xocs:meta": {"xocs:funding-list": {"@pui-match": "primary", "@has-funding-info": "1", "xocs:funding": [{"xocs:funding-agency-matched-string": "90th Year Chulalongkorn Scholarship"}, {"xocs:funding-agency-matched-string": "TRF Senior Research Scholar", "xocs:funding-id": [{"$": "IRG 5780008"}, {"$": "RTA5580004"}]}, {"xocs:funding-agency-matched-string": "Chulalongkorn University", "xocs:funding-agency-acronym": "CU", "xocs:funding-agency": "Chulalongkorn University", "xocs:funding-agency-id": "http://data.elsevier.com/vocabulary/SciValFunders/501100002873", "xocs:funding-agency-country": "http://sws.geonames.org/1605651/"}, {"xocs:funding-agency-matched-string": "Thailand Research Fund", "xocs:funding-agency-acronym": "TRF", "xocs:funding-agency": "Thailand Research Fund", "xocs:funding-id": "RSA5580053", "xocs:funding-agency-id": "http://data.elsevier.com/vocabulary/SciValFunders/501100004396", "xocs:funding-agency-country": "http://sws.geonames.org/1605651/"}, {"xocs:funding-agency-matched-string": "Faculty of Science, Chulalongkorn University", "xocs:funding-agency": "Faculty of Medicine, Chulalongkorn University", "xocs:funding-agency-id": "http://data.elsevier.com/vocabulary/SciValFunders/501100004776", "xocs:funding-agency-country": "http://sws.geonames.org/1605651/"}], "xocs:funding-addon-generated-timestamp": "2021-02-04T15:40:37.680818Z", "xocs:funding-text": "This work was supported by Thailand Research Fund RSA5580053 (to KK) and the 90th Year Chulalongkorn Scholarship (to KJ and KK). Additional support came from TRF Senior Research Scholar RTA5580004 (to AT) and IRG 5780008 (to KK and AT). KJ was supported by His Majesty the King's 72nd Birthday Anniversary Scholarship. TJ has been fully supported by The 100th Anniversary Chulalongkorn University Fund for Doctoral Scholarship. KK has been partially supported by Structural and Computational Biology Research Group, Special Task Force for Activating Research (STAR), Faculty of Science, Chulalongkorn University.", "xocs:funding-addon-type": "http://vtw.elsevier.com/data/voc/AddOnTypes/50.7/aggregated-refined"}}, "bibrecord": {"head": {"author-group": [{"affiliation": {"country": "Thailand", "postal-code": "10330", "@afid": "60028190", "@country": "tha", "city": "Bangkok", "organization": [{"$": "Center of Excellence for Molecular Biology and Genomics of Shrimp"}, {"$": "Department of Biochemistry"}, {"$": "Faculty of Science"}, {"$": "Chulalongkorn University"}], "affiliation-id": {"@afid": "60028190", "@dptid": "112978483"}, "@dptid": "112978483"}, "author": [{"ce:given-name": "Krisadaporn", "preferred-name": {"ce:given-name": "Krisadaporn", "ce:initials": "K.", "ce:surname": "Jaturontakul", "ce:indexed-name": "Jaturontakul K."}, "@seq": "1", "ce:initials": "K.", "@_fa": "true", "@type": "auth", "ce:surname": "Jaturontakul", "@auid": "57195234143", "ce:indexed-name": "Jaturontakul K."}, {"ce:given-name": "Thapanan", "preferred-name": {"ce:given-name": "Thapanan", "ce:initials": "T.", "ce:surname": "Jatuyosporn", "ce:indexed-name": "Jatuyosporn T."}, "@seq": "2", "ce:initials": "T.", "@_fa": "true", "@type": "auth", "ce:surname": "Jatuyosporn", "@auid": "55976337700", "ce:indexed-name": "Jatuyosporn T."}, {"ce:given-name": "Pasunee", "preferred-name": {"ce:given-name": "Pasunee", "ce:initials": "P.", "ce:surname": "Laohawutthichai", "ce:indexed-name": "Laohawutthichai P."}, "@seq": "3", "ce:initials": "P.", "@_fa": "true", "@type": "auth", "ce:surname": "Laohawutthichai", "@auid": "57195225837", "ce:indexed-name": "Laohawutthichai P."}, {"ce:given-name": "Premruethai", "preferred-name": {"ce:given-name": "Premruethai", "ce:initials": "P.", "ce:surname": "Supungul", "ce:indexed-name": "Supungul P."}, "@seq": "6", "ce:initials": "P.", "@_fa": "true", "@type": "auth", "ce:surname": "Supungul", "@auid": "6508068998", "ce:indexed-name": "Supungul P."}, {"ce:given-name": "Anchalee", "preferred-name": {"ce:given-name": "Anchalee", "ce:initials": "A.", "ce:surname": "Tassanakajon", "ce:indexed-name": "Tassanakajon A."}, "@seq": "8", "ce:initials": "A.", "@_fa": "true", "@type": "auth", "ce:surname": "Tassanakajon", "@auid": "6603935274", "ce:indexed-name": "Tassanakajon A."}, {"ce:given-name": "Kuakarun", "preferred-name": {"ce:given-name": "Kuakarun", "ce:initials": "K.", "ce:surname": "Krusong", "ce:indexed-name": "Krusong K."}, "@seq": "9", "ce:initials": "K.", "@date-locked": "2019-09-20T00:23:14.521", "@_fa": "true", "@type": "auth", "ce:surname": "Krusong", "@auid": "57210230008", "@orcid": "0000-0002-0614-8650", "ce:indexed-name": "Krusong K."}]}, {"affiliation": {"country": "Japan", "address-part": "8916-5 Takayama", "postal-code": "630-0192", "@afid": "60025017", "@country": "jpn", "city": "Ikoma, Nara", "organization": [{"$": "Structural Biology Laboratory"}, {"$": "Nara Institute of Science and Technology"}], "affiliation-id": {"@afid": "60025017", "@dptid": "104260954"}, "@dptid": "104260954"}, "author": [{"ce:given-name": "Sun-Yong", "preferred-name": {"ce:given-name": "Sun Yong", "ce:initials": "S.Y.", "ce:surname": "Kim", "ce:indexed-name": "Kim S."}, "@seq": "4", "ce:initials": "S.-Y.", "@_fa": "true", "@type": "auth", "ce:surname": "Kim", "@auid": "36523138800", "ce:indexed-name": "Kim S.-Y."}, {"ce:given-name": "Tomoyuki", "preferred-name": {"ce:given-name": "Tomoyuki", "ce:initials": "T.", "ce:surname": "Mori", "ce:indexed-name": "Mori T."}, "@seq": "5", "ce:initials": "T.", "@_fa": "true", "@type": "auth", "ce:surname": "Mori", "@auid": "55479036300", "ce:indexed-name": "Mori T."}, {"ce:given-name": "Toshio", "preferred-name": {"ce:given-name": "Toshio", "ce:initials": "T.", "ce:surname": "Hakoshima", "ce:indexed-name": "Hakoshima T."}, "@seq": "7", "ce:initials": "T.", "@_fa": "true", "@type": "auth", "ce:surname": "Hakoshima", "@auid": "7004965281", "ce:indexed-name": "Hakoshima T."}]}, {"affiliation": {"country": "Thailand", "postal-code": "12120", "@afid": "60011947", "@country": "tha", "city": "Pathumthani", "organization": [{"$": "National Center for Genetic Engineering and Biotechnology (BIOTEC)"}, {"$": "National Science and Technology Development Agency (NSTDA)"}], "affiliation-id": [{"@afid": "60011947"}, {"@afid": "60004391"}]}, "author": [{"ce:given-name": "Premruethai", "preferred-name": {"ce:given-name": "Premruethai", "ce:initials": "P.", "ce:surname": "Supungul", "ce:indexed-name": "Supungul P."}, "@seq": "6", "ce:initials": "P.", "@_fa": "true", "@type": "auth", "ce:surname": "Supungul", "@auid": "6508068998", "ce:indexed-name": "Supungul P."}]}], "citation-title": "Molecular Characterization of Viral Responsive Protein 15 and Its Possible Role in Nuclear Export of Virus in Black Tiger Shrimp Penaeus monodon", "abstracts": "\u00a9 2017 The Author(s).A viral responsive protein 15 from Penaeus monodon (PmVRP15) has been reported to be important for white spot syndrome virus (WSSV) infection in vivo. This work aims to characterize PmVRP15 and investigate its possible role in nuclear import/export of the virus. Circular dichroism spectra showed that PmVRP15 contains high helical contents (82%). Analytical ultracentrifugation suggested that PmVRP15 could possibly form oligomers in solution. A subcellular fractionation study showed that PmVRP15 was found in heavy and light membrane fractions, indicating that PmVRP15 may be associated with endoplasmic reticulum. Double-stranded RNAi-mediated knockdown of PmVRP15 gene expression in vitro showed no effect on WSSV copy number in whole hemocyte cells. However, PmVRP15 silencing resulted in an accumulation of WSSV DNA in the nucleus of PmVRP15-silenced hemocytes. Immunofluorescence confocal microscopy showed that PmVRP15 knockdown hemocytes had a much lower level of VP28 (WSSV envelope protein), in comparison to that in the control. It is likely that PmVRP15 may play a role in viral nuclear egress.", "correspondence": {"affiliation": {"country": "Thailand", "postal-code": "10330", "@country": "tha", "city": "Bangkok", "organization": [{"$": "Center of Excellence for Molecular Biology and Genomics of Shrimp"}, {"$": "Department of Biochemistry"}, {"$": "Faculty of Science"}, {"$": "Chulalongkorn University"}]}, "person": {"ce:given-name": "Kuakarun", "ce:initials": "K.", "ce:surname": "Krusong", "ce:indexed-name": "Krusong K."}}, "citation-info": {"citation-type": {"@code": "ar"}, "citation-language": {"@language": "English", "@xml:lang": "eng"}, "abstract-language": {"@language": "English", "@xml:lang": "eng"}}, "source": {"website": {"ce:e-address": {"$": "www.nature.com/srep/index.html", "@type": "email"}}, "translated-sourcetitle": {"$": "Scientific Reports", "@xml:lang": "eng"}, "volisspag": {"voliss": {"@volume": "7", "@issue": "1"}}, "@type": "j", "sourcetitle": "Scientific Reports", "publicationdate": {"month": "12", "year": "2017", "date-text": {"@xfab-added": "true", "$": "1 December 2017"}, "day": "01"}, "sourcetitle-abbrev": "Sci. Rep.", "@country": "gbr", "issn": {"$": "20452322", "@type": "electronic"}, "publicationyear": {"@first": "2017"}, "publisher": {"affiliation": {"address-part": "Houndmills", "postal-code": "RG21 6XS", "@country": "gbr", "city": "Basingstoke, Hampshire"}, "publishername": "Nature Publishing Group"}, "article-number": "6523", "@srcid": "21100200805"}, "enhancement": {"classificationgroup": {"classifications": [{"@type": "ASJC", "classification": "1000"}, {"@type": "SUBJABBR", "classification": "MULT"}]}, "chemicalgroup": {"chemicals": [{"@source": "esbd", "chemical": {"cas-registry-number": "80700-39-6", "chemical-name": "carrier protein"}}, {"@source": "nlm", "chemical": {"chemical-name": "Membrane Transport Proteins"}}]}}, "grantlist": {"@complete": "y", "grant-text": {"$": "This work was supported by Thailand Research Fund RSA5580053 (to KK) and the 90th Year Chulalongkorn Scholarship (to KJ and KK). Additional support came from TRF Senior Research Scholar RTA5580004 (to AT) and IRG 5780008 (to KK and AT). KJ was supported by His Majesty the King's 72nd Birthday Anniversary Scholarship. TJ has been fully supported by The 100th Anniversary Chulalongkorn University Fund for Doctoral Scholarship. KK has been partially supported by Structural and Computational Biology Research Group, Special Task Force for Activating Research (STAR), Faculty of Science, Chulalongkorn University.", "@xml:lang": "eng"}, "grant": {"grant-acronym": "TRF", "grant-agency": {"@iso-code": "tha", "$": "Thailand Research Fund"}, "grant-agency-id": "501100004396"}}}, "item-info": {"copyright": {"$": "Copyright 2017 Elsevier B.V., All rights reserved.", "@type": "Elsevier"}, "dbcollection": [{"$": "NURSNG"}, {"$": "REAXYSCAR"}, {"$": "SCOPUS"}, {"$": "SNSOC"}, {"$": "Scopusbase"}, {"$": "MEDL"}], "history": {"date-created": {"@day": "02", "@year": "2017", "@timestamp": "BST 05:34:53", "@month": "08"}}, "itemidlist": {"itemid": [{"$": "617514237", "@idtype": "PUI"}, {"$": "666891959", "@idtype": "CAR-ID"}, {"$": "2017264698", "@idtype": "NURSNG"}, {"$": "20171361948", "@idtype": "REAXYSCAR"}, {"$": "20170084840", "@idtype": "SCOPUS"}, {"$": "2017087282", "@idtype": "SNSOC"}, {"$": "85026426421", "@idtype": "SCP"}, {"$": "85026426421", "@idtype": "SGR"}, {"$": "626101023", "@idtype": "PUIsecondary"}, {"$": "28747797", "@idtype": "MEDL"}], "ce:doi": "10.1038/s41598-017-06653-7"}}, "tail": {"bibliography": {"@refcount": "48", "reference": [{"ref-fulltext": "Lightner, D. V. et al. Risk of spread of penaeid shrimp viruses in the Americas by the international movement of live and frozen shrimp. Rev. Sci. Tech. 16, 146-160 (1997).", "@id": "1", "ref-info": {"ref-publicationyear": {"@first": "1997"}, "ref-title": {"ref-titletext": "Risk of spread of penaeid shrimp viruses in the Americas by the international movement of live and frozen shrimp"}, "refd-itemidlist": {"itemid": {"$": "0031107810", "@idtype": "SGR"}}, "ref-volisspag": {"voliss": {"@volume": "16"}, "pagerange": {"@first": "146", "@last": "160"}}, "ref-authors": {"author": [{"@seq": "1", "ce:initials": "D.V.", "@_fa": "true", "ce:surname": "Lightner", "ce:indexed-name": "Lightner D.V."}], "et-al": null}, "ref-sourcetitle": "Rev. Sci. Tech."}}, {"ref-fulltext": "Chou, H. Y., Huang, C. Y., Wang, C. H., Chiang, H. C. & Lo, C. F. Pathogenicity of a baculovirus infection causing white spot syndrome in cultured penaeid shrimp in Taiwan. Dis. Aquat. Organ. 23, 165-173 (1995).", "@id": "2", "ref-info": {"ref-publicationyear": {"@first": "1995"}, "ref-title": {"ref-titletext": "Pathogenicity of a baculovirus infection causing white spot syndrome in cultured penaeid shrimp in Taiwan"}, "refd-itemidlist": {"itemid": {"$": "0029199793", "@idtype": "SGR"}}, "ref-volisspag": {"voliss": {"@volume": "23"}, "pagerange": {"@first": "165", "@last": "173"}}, "ref-authors": {"author": [{"@seq": "1", "ce:initials": "H.Y.", "@_fa": "true", "ce:surname": "Chou", "ce:indexed-name": "Chou H.Y."}, {"@seq": "2", "ce:initials": "C.Y.", "@_fa": "true", "ce:surname": "Huang", "ce:indexed-name": "Huang C.Y."}, {"@seq": "3", "ce:initials": "C.H.", "@_fa": "true", "ce:surname": "Wang", "ce:indexed-name": "Wang C.H."}, {"@seq": "4", "ce:initials": "H.C.", "@_fa": "true", "ce:surname": "Chiang", "ce:indexed-name": "Chiang H.C."}, {"@seq": "5", "ce:initials": "C.F.", "@_fa": "true", "ce:surname": "Lo", "ce:indexed-name": "Lo C.F."}]}, "ref-sourcetitle": "Dis. Aquat. Organ."}}, {"ref-fulltext": "Wang, C. H. et al. Purification and genomic analysis of baculovirus associated with white spot syndrome (WSBV) of Penaeus mondon. Dis. Aquat. Organ. 23, 239-242 (1995).", "@id": "3", "ref-info": {"ref-publicationyear": {"@first": "1995"}, "ref-title": {"ref-titletext": "Purification and genomic analysis of baculovirus associated with white spot syndrome (WSBV) of Penaeus mondon"}, "refd-itemidlist": {"itemid": {"$": "0029174867", "@idtype": "SGR"}}, "ref-volisspag": {"voliss": {"@volume": "23"}, "pagerange": {"@first": "239", "@last": "242"}}, "ref-authors": {"author": [{"@seq": "1", "ce:initials": "C.H.", "@_fa": "true", "ce:surname": "Wang", "ce:indexed-name": "Wang C.H."}], "et-al": null}, "ref-sourcetitle": "Dis. Aquat. Organ."}}, {"ref-fulltext": "Wongteerasupaya, C. et al. A non-occluded, systemic baculovirus that occurs in cells of ectodermal and mesodermal origen and causes high mortality in the black tier prawn Penaeus monodon. Dis. Aquat. Organ. 21, 69-77 (1995).", "@id": "4", "ref-info": {"ref-publicationyear": {"@first": "1995"}, "ref-title": {"ref-titletext": "A non-occluded, systemic baculovirus that occurs in cells of ectodermal and mesodermal origen and causes high mortality in the black tier prawn Penaeus monodon"}, "refd-itemidlist": {"itemid": {"$": "0029158094", "@idtype": "SGR"}}, "ref-volisspag": {"voliss": {"@volume": "21"}, "pagerange": {"@first": "69", "@last": "77"}}, "ref-authors": {"author": [{"@seq": "1", "ce:initials": "C.", "@_fa": "true", "ce:surname": "Wongteerasupaya", "ce:indexed-name": "Wongteerasupaya C."}], "et-al": null}, "ref-sourcetitle": "Dis. Aquat. Organ."}}, {"ref-fulltext": "Durand, S., Lightner, D. V., Redman, R. M. & Bonami, J. R. Ultrastructure and morphgenesis of white spot syndrome baculovirus. Dis. Aquat. Organ. 29, 205-211 (1997).", "@id": "5", "ref-info": {"ref-publicationyear": {"@first": "1997"}, "ref-title": {"ref-titletext": "Ultrastructure and morphgenesis of white spot syndrome baculovirus"}, "refd-itemidlist": {"itemid": {"$": "0031007379", "@idtype": "SGR"}}, "ref-volisspag": {"voliss": {"@volume": "29"}, "pagerange": {"@first": "205", "@last": "211"}}, "ref-authors": {"author": [{"@seq": "1", "ce:initials": "S.", "@_fa": "true", "ce:surname": "Durand", "ce:indexed-name": "Durand S."}, {"@seq": "2", "ce:initials": "D.V.", "@_fa": "true", "ce:surname": "Lightner", "ce:indexed-name": "Lightner D.V."}, {"@seq": "3", "ce:initials": "R.M.", "@_fa": "true", "ce:surname": "Redman", "ce:indexed-name": "Redman R.M."}, {"@seq": "4", "ce:initials": "J.R.", "@_fa": "true", "ce:surname": "Bonami", "ce:indexed-name": "Bonami J.R."}]}, "ref-sourcetitle": "Dis. Aquat. Organ."}}, {"ref-fulltext": "Maeda, M., Saitoh, H., Mizuki, E., Itami, T. & Ohba, M. Replication of white spot syndrome virus in ovarian primary cultures from the kuruma shrimp, Marsupenaeus japonicus. J. Virol. Methods 116, 89-94 (2004).", "@id": "6", "ref-info": {"ref-publicationyear": {"@first": "2004"}, "ref-title": {"ref-titletext": "Replication of white spot syndrome virus in ovarian primary cultures from the kuruma shrimp, Marsupenaeus japonicus"}, "refd-itemidlist": {"itemid": {"$": "0347987909", "@idtype": "SGR"}}, "ref-volisspag": {"voliss": {"@volume": "116"}, "pagerange": {"@first": "89", "@last": "94"}}, "ref-authors": {"author": [{"@seq": "1", "ce:initials": "M.", "@_fa": "true", "ce:surname": "Maeda", "ce:indexed-name": "Maeda M."}, {"@seq": "2", "ce:initials": "H.", "@_fa": "true", "ce:surname": "Saitoh", "ce:indexed-name": "Saitoh H."}, {"@seq": "3", "ce:initials": "E.", "@_fa": "true", "ce:surname": "Mizuki", "ce:indexed-name": "Mizuki E."}, {"@seq": "4", "ce:initials": "T.", "@_fa": "true", "ce:surname": "Itami", "ce:indexed-name": "Itami T."}, {"@seq": "5", "ce:initials": "M.", "@_fa": "true", "ce:surname": "Ohba", "ce:indexed-name": "Ohba M."}]}, "ref-sourcetitle": "J. Virol. Methods"}}, {"ref-fulltext": "Tassanakajon, A. et al. Penaeus monodon gene discovery project: the generation of an EST collection and establishment of a database. Gene 384, 104-112 (2006).", "@id": "7", "ref-info": {"ref-publicationyear": {"@first": "2006"}, "ref-title": {"ref-titletext": "Penaeus monodon gene discovery project: The generation of an EST collection and establishment of a database"}, "refd-itemidlist": {"itemid": {"$": "33750965196", "@idtype": "SGR"}}, "ref-volisspag": {"voliss": {"@volume": "384"}, "pagerange": {"@first": "104", "@last": "112"}}, "ref-authors": {"author": [{"@seq": "1", "ce:initials": "A.", "@_fa": "true", "ce:surname": "Tassanakajon", "ce:indexed-name": "Tassanakajon A."}], "et-al": null}, "ref-sourcetitle": "Gene"}}, {"ref-fulltext": "Leu, J. H. et al. Comparative analysis of differentially expressed genes in normal and white spot syndrome virus infected Penaeus monodon. BMC Genomics 8, 120 (2007).", "@id": "8", "ref-info": {"ref-publicationyear": {"@first": "2007"}, "ref-title": {"ref-titletext": "Comparative analysis of differentially expressed genes in normal and white spot syndrome virus infected Penaeus monodon"}, "refd-itemidlist": {"itemid": {"$": "34250015780", "@idtype": "SGR"}}, "ref-volisspag": {"voliss": {"@volume": "8"}, "pagerange": {"@first": "120"}}, "ref-authors": {"author": [{"@seq": "1", "ce:initials": "J.H.", "@_fa": "true", "ce:surname": "Leu", "ce:indexed-name": "Leu J.H."}], "et-al": null}, "ref-sourcetitle": "BMC Genomics"}}, {"ref-fulltext": "Rojtinnakorn, J., Hirono, I., Itami, T., Takahashi, Y. & Aoki, T. Gene expression in haemocytes of kuruma prawn, Penaeus japonicus, in response to infection with WSSV by EST approach. Fish. Shellfish. Immunol. 13, 69-83 (2002).", "@id": "9", "ref-info": {"ref-publicationyear": {"@first": "2002"}, "ref-title": {"ref-titletext": "Gene expression in haemocytes of kuruma prawn, Penaeus japonicus, in response to infection with WSSV by EST approach"}, "refd-itemidlist": {"itemid": {"$": "0036630804", "@idtype": "SGR"}}, "ref-volisspag": {"voliss": {"@volume": "13"}, "pagerange": {"@first": "69", "@last": "83"}}, "ref-authors": {"author": [{"@seq": "1", "ce:initials": "J.", "@_fa": "true", "ce:surname": "Rojtinnakorn", "ce:indexed-name": "Rojtinnakorn J."}, {"@seq": "2", "ce:initials": "I.", "@_fa": "true", "ce:surname": "Hirono", "ce:indexed-name": "Hirono I."}, {"@seq": "3", "ce:initials": "T.", "@_fa": "true", "ce:surname": "Itami", "ce:indexed-name": "Itami T."}, {"@seq": "4", "ce:initials": "Y.", "@_fa": "true", "ce:surname": "Takahashi", "ce:indexed-name": "Takahashi Y."}, {"@seq": "5", "ce:initials": "T.", "@_fa": "true", "ce:surname": "Aoki", "ce:indexed-name": "Aoki T."}]}, "ref-sourcetitle": "Fish. Shellfish. Immunol."}}, {"ref-fulltext": "Dhar, A. K., Dettori, A., Roux, M. M., Klimpel, K. R. & Read, B. Identification of differentially expressed genes in shrimp (Penaeus stylirostris) infected with White spot syndrome virus by cDNA microarrays. Arch. Virol. 148, 2381-2396 (2003).", "@id": "10", "ref-info": {"ref-publicationyear": {"@first": "2003"}, "ref-title": {"ref-titletext": "Identification of differentially expressed genes in shrimp (Penaeus stylirostris) infected with White spot syndrome virus by cDNA microarrays"}, "refd-itemidlist": {"itemid": {"$": "0346305961", "@idtype": "SGR"}}, "ref-volisspag": {"voliss": {"@volume": "148"}, "pagerange": {"@first": "2381", "@last": "2396"}}, "ref-authors": {"author": [{"@seq": "1", "ce:initials": "A.K.", "@_fa": "true", "ce:surname": "Dhar", "ce:indexed-name": "Dhar A.K."}, {"@seq": "2", "ce:initials": "A.", "@_fa": "true", "ce:surname": "Dettori", "ce:indexed-name": "Dettori A."}, {"@seq": "3", "ce:initials": "M.M.", "@_fa": "true", "ce:surname": "Roux", "ce:indexed-name": "Roux M.M."}, {"@seq": "4", "ce:initials": "K.R.", "@_fa": "true", "ce:surname": "Klimpel", "ce:indexed-name": "Klimpel K.R."}, {"@seq": "5", "ce:initials": "B.", "@_fa": "true", "ce:surname": "Read", "ce:indexed-name": "Read B."}]}, "ref-sourcetitle": "Arch. Virol."}}, {"ref-fulltext": "Aoki, T. et al. Microarray analyses of shrimp immune responses. Mar. Biotechnol. (NY) 13, 629-638 (2011).", "@id": "11", "ref-info": {"ref-publicationyear": {"@first": "2011"}, "ref-title": {"ref-titletext": "Microarray analyses of shrimp immune responses"}, "refd-itemidlist": {"itemid": {"$": "79960456723", "@idtype": "SGR"}}, "ref-volisspag": {"voliss": {"@volume": "13"}, "pagerange": {"@first": "629", "@last": "638"}}, "ref-authors": {"author": [{"@seq": "1", "ce:initials": "T.", "@_fa": "true", "ce:surname": "Aoki", "ce:indexed-name": "Aoki T."}], "et-al": null}, "ref-sourcetitle": "Mar. Biotechnol. (NY)"}}, {"ref-fulltext": "Wang, B. et al. Discovery of the genes in response to white spot syndrome virus (WSSV) infection in Fenneropenaeus chinensis through cDNA microarray. Mar. Biotechnol. (NY) 8, 491-500 (2006).", "@id": "12", "ref-info": {"ref-publicationyear": {"@first": "2006"}, "ref-title": {"ref-titletext": "Discovery of the genes in response to white spot syndrome virus (WSSV) infection in Fenneropenaeus chinensis through cDNA microarray"}, "refd-itemidlist": {"itemid": {"$": "33750514804", "@idtype": "SGR"}}, "ref-volisspag": {"voliss": {"@volume": "8"}, "pagerange": {"@first": "491", "@last": "500"}}, "ref-authors": {"author": [{"@seq": "1", "ce:initials": "B.", "@_fa": "true", "ce:surname": "Wang", "ce:indexed-name": "Wang B."}], "et-al": null}, "ref-sourcetitle": "Mar. Biotechnol. (NY)"}}, {"ref-fulltext": "Pongsomboon, S. et al. A cDNA microarray approach for analyzing transcriptional changes in Penaeus monodon after infection by pathogens. Fish. Shellfish. Immunol. 30, 439-446 (2011).", "@id": "13", "ref-info": {"ref-publicationyear": {"@first": "2011"}, "ref-title": {"ref-titletext": "A cDNA microarray approach for analyzing transcriptional changes in Penaeus monodon after infection by pathogens"}, "refd-itemidlist": {"itemid": {"$": "78650709082", "@idtype": "SGR"}}, "ref-volisspag": {"voliss": {"@volume": "30"}, "pagerange": {"@first": "439", "@last": "446"}}, "ref-authors": {"author": [{"@seq": "1", "ce:initials": "S.", "@_fa": "true", "ce:surname": "Pongsomboon", "ce:indexed-name": "Pongsomboon S."}], "et-al": null}, "ref-sourcetitle": "Fish Shellfish. Immunol."}}, {"ref-fulltext": "Shekhar, M. S., Gomathi, A., Gopikrishna, G. & Ponniah, A. G. Gene expression profiling in gill tissues of White spot syndrome virus infected black tiger shrimp Penaeus monodon by DNA microarray. Virusdisease 26, 9-18 (2015).", "@id": "14", "ref-info": {"ref-publicationyear": {"@first": "2015"}, "ref-title": {"ref-titletext": "Gene expression profiling in gill tissues of White spot syndrome virus infected black tiger shrimp Penaeus monodon by DNA microarray"}, "refd-itemidlist": {"itemid": {"$": "84941088458", "@idtype": "SGR"}}, "ref-volisspag": {"voliss": {"@volume": "26"}, "pagerange": {"@first": "9", "@last": "18"}}, "ref-authors": {"author": [{"@seq": "1", "ce:initials": "M.S.", "@_fa": "true", "ce:surname": "Shekhar", "ce:indexed-name": "Shekhar M.S."}, {"@seq": "2", "ce:initials": "A.", "@_fa": "true", "ce:surname": "Gomathi", "ce:indexed-name": "Gomathi A."}, {"@seq": "3", "ce:initials": "G.", "@_fa": "true", "ce:surname": "Gopikrishna", "ce:indexed-name": "Gopikrishna G."}, {"@seq": "4", "ce:initials": "A.G.", "@_fa": "true", "ce:surname": "Ponniah", "ce:indexed-name": "Ponniah A.G."}]}, "ref-sourcetitle": "Virusdisease"}}, {"ref-fulltext": "Wang, H. C., Wang, H. C., Kou, G. H., Lo, C. F. & Huang, W. P. Identification of icp11, the most highly expressed gene of shrimp white spot syndrome virus (WSSV). Dis. Aquat. Organ. 74, 179-189 (2007).", "@id": "15", "ref-info": {"ref-publicationyear": {"@first": "2007"}, "ref-title": {"ref-titletext": "Identification of icp11, the most highly expressed gene of shrimp white spot syndrome virus (WSSV)"}, "refd-itemidlist": {"itemid": {"$": "34247510197", "@idtype": "SGR"}}, "ref-volisspag": {"voliss": {"@volume": "74"}, "pagerange": {"@first": "179", "@last": "189"}}, "ref-authors": {"author": [{"@seq": "1", "ce:initials": "H.C.", "@_fa": "true", "ce:surname": "Wang", "ce:indexed-name": "Wang H.C."}, {"@seq": "2", "ce:initials": "H.C.", "@_fa": "true", "ce:surname": "Wang", "ce:indexed-name": "Wang H.C."}, {"@seq": "3", "ce:initials": "G.H.", "@_fa": "true", "ce:surname": "Kou", "ce:indexed-name": "Kou G.H."}, {"@seq": "4", "ce:initials": "C.F.", "@_fa": "true", "ce:surname": "Lo", "ce:indexed-name": "Lo C.F."}, {"@seq": "5", "ce:initials": "W.P.", "@_fa": "true", "ce:surname": "Huang", "ce:indexed-name": "Huang W.P."}]}, "ref-sourcetitle": "Dis. Aquat. Organ."}}, {"ref-fulltext": "Wang, H. C. et al. Protein expression profiling of the shrimp cellular response to white spot syndrome virus infection. Dev. Comp. Immunol. 31, 672-686 (2007).", "@id": "16", "ref-info": {"ref-publicationyear": {"@first": "2007"}, "ref-title": {"ref-titletext": "Protein expression profiling of the shrimp cellular response to white spot syndrome virus infection"}, "refd-itemidlist": {"itemid": {"$": "33947732449", "@idtype": "SGR"}}, "ref-volisspag": {"voliss": {"@volume": "31"}, "pagerange": {"@first": "672", "@last": "686"}}, "ref-authors": {"author": [{"@seq": "1", "ce:initials": "H.C.", "@_fa": "true", "ce:surname": "Wang", "ce:indexed-name": "Wang H.C."}], "et-al": null}, "ref-sourcetitle": "Dev. Comp. Immunol."}}, {"ref-fulltext": "Li, S., Li, F., Sun, Z., Zhang, X. & Xiang, J. Differentially proteomic analysis of the Chinese shrimp at WSSV latent and acute infection stages by iTRAQ approach. Fish. Shellfish. Immunol. 54, 629-638 (2016).", "@id": "17", "ref-info": {"ref-publicationyear": {"@first": "2016"}, "ref-title": {"ref-titletext": "Differentially proteomic analysis of the Chinese shrimp at WSSV latent and acute infection stages by iTRAQ approach"}, "refd-itemidlist": {"itemid": {"$": "84969765365", "@idtype": "SGR"}}, "ref-volisspag": {"voliss": {"@volume": "54"}, "pagerange": {"@first": "629", "@last": "638"}}, "ref-authors": {"author": [{"@seq": "1", "ce:initials": "S.", "@_fa": "true", "ce:surname": "Li", "ce:indexed-name": "Li S."}, {"@seq": "2", "ce:initials": "F.", "@_fa": "true", "ce:surname": "Li", "ce:indexed-name": "Li F."}, {"@seq": "3", "ce:initials": "Z.", "@_fa": "true", "ce:surname": "Sun", "ce:indexed-name": "Sun Z."}, {"@seq": "4", "ce:initials": "X.", "@_fa": "true", "ce:surname": "Zhang", "ce:indexed-name": "Zhang X."}, {"@seq": "5", "ce:initials": "J.", "@_fa": "true", "ce:surname": "Xiang", "ce:indexed-name": "Xiang J."}]}, "ref-sourcetitle": "Fish. Shellfish. Immunol."}}, {"ref-fulltext": "Li, W., Tang, X., Xing, J., Sheng, X. & Zhan, W. Proteomic analysis of differentially expressed proteins in Fenneropenaeus chinensis hemocytes upon white spot syndrome virus infection. PLoS One 9, e89962 (2014).", "@id": "18", "ref-info": {"ref-publicationyear": {"@first": "2014"}, "ref-title": {"ref-titletext": "Proteomic analysis of differentially expressed proteins in Fenneropenaeus chinensis hemocytes upon white spot syndrome virus infection"}, "refd-itemidlist": {"itemid": {"$": "84896142753", "@idtype": "SGR"}}, "ref-volisspag": {"voliss": {"@volume": "9"}, "pagerange": {"@first": "e89962"}}, "ref-authors": {"author": [{"@seq": "1", "ce:initials": "W.", "@_fa": "true", "ce:surname": "Li", "ce:indexed-name": "Li W."}, {"@seq": "2", "ce:initials": "X.", "@_fa": "true", "ce:surname": "Tang", "ce:indexed-name": "Tang X."}, {"@seq": "3", "ce:initials": "J.", "@_fa": "true", "ce:surname": "Xing", "ce:indexed-name": "Xing J."}, {"@seq": "4", "ce:initials": "X.", "@_fa": "true", "ce:surname": "Sheng", "ce:indexed-name": "Sheng X."}, {"@seq": "5", "ce:initials": "W.", "@_fa": "true", "ce:surname": "Zhan", "ce:indexed-name": "Zhan W."}]}, "ref-sourcetitle": "PLoS One"}}, {"ref-fulltext": "Chai, Y. M., Yu, S. S., Zhao, X. F., Zhu, Q. & Wang, J. X. Comparative proteomic profiles of the hepatopancreas in Fenneropenaeus chinensis response to white spot syndrome virus. Fish. Shellfish. Immunol. 29, 480-486 (2010).", "@id": "19", "ref-info": {"ref-publicationyear": {"@first": "2010"}, "ref-title": {"ref-titletext": "Comparative proteomic profiles of the hepatopancreas in Fenneropenaeus chinensis response to white spot syndrome virus"}, "refd-itemidlist": {"itemid": {"$": "77954541265", "@idtype": "SGR"}}, "ref-volisspag": {"voliss": {"@volume": "29"}, "pagerange": {"@first": "480", "@last": "486"}}, "ref-authors": {"author": [{"@seq": "1", "ce:initials": "Y.M.", "@_fa": "true", "ce:surname": "Chai", "ce:indexed-name": "Chai Y.M."}, {"@seq": "2", "ce:initials": "S.S.", "@_fa": "true", "ce:surname": "Yu", "ce:indexed-name": "Yu S.S."}, {"@seq": "3", "ce:initials": "X.F.", "@_fa": "true", "ce:surname": "Zhao", "ce:indexed-name": "Zhao X.F."}, {"@seq": "4", "ce:initials": "Q.", "@_fa": "true", "ce:surname": "Zhu", "ce:indexed-name": "Zhu Q."}, {"@seq": "5", "ce:initials": "J.X.", "@_fa": "true", "ce:surname": "Wang", "ce:indexed-name": "Wang J.X."}]}, "ref-sourcetitle": "Fish. Shellfish. Immunol."}}, {"ref-fulltext": "Vatanavicharn, T., Prapavorarat, A., Jaree, P., Somboonwiwat, K. & Tassanakajon, A. PmVRP15, a novel viral responsive protein from the black tiger shrimp, Penaeus monodon, promoted white spot syndrome virus replication. PLoS One 9, e91930 (2014).", "@id": "20", "ref-info": {"ref-publicationyear": {"@first": "2014"}, "ref-title": {"ref-titletext": "PmVRP15, a novel viral responsive protein from the black tiger shrimp, Penaeus monodon, promoted white spot syndrome virus replication"}, "refd-itemidlist": {"itemid": {"$": "84898636045", "@idtype": "SGR"}}, "ref-volisspag": {"voliss": {"@volume": "9"}, "pagerange": {"@first": "e91930"}}, "ref-authors": {"author": [{"@seq": "1", "ce:initials": "T.", "@_fa": "true", "ce:surname": "Vatanavicharn", "ce:indexed-name": "Vatanavicharn T."}, {"@seq": "2", "ce:initials": "A.", "@_fa": "true", "ce:surname": "Prapavorarat", "ce:indexed-name": "Prapavorarat A."}, {"@seq": "3", "ce:initials": "P.", "@_fa": "true", "ce:surname": "Jaree", "ce:indexed-name": "Jaree P."}, {"@seq": "4", "ce:initials": "K.", "@_fa": "true", "ce:surname": "Somboonwiwat", "ce:indexed-name": "Somboonwiwat K."}, {"@seq": "5", "ce:initials": "A.", "@_fa": "true", "ce:surname": "Tassanakajon", "ce:indexed-name": "Tassanakajon A."}]}, "ref-sourcetitle": "PLoS One"}}, {"ref-fulltext": "Leu, J. H. et al. The novel white spot syndrome virus-induced gene, PmERP15, encodes an ER stress-responsive protein in black tiger shrimp, Penaeus monodon. Dev. Comp. Immunol. 49, 239-248 (2015).", "@id": "21", "ref-info": {"ref-publicationyear": {"@first": "2015"}, "ref-title": {"ref-titletext": "The novel white spot syndrome virus-induced gene, PmERP15, encodes an ER stress-responsive protein in black tiger shrimp, Penaeus monodon"}, "refd-itemidlist": {"itemid": {"$": "84919784847", "@idtype": "SGR"}}, "ref-volisspag": {"voliss": {"@volume": "49"}, "pagerange": {"@first": "239", "@last": "248"}}, "ref-authors": {"author": [{"@seq": "1", "ce:initials": "J.H.", "@_fa": "true", "ce:surname": "Leu", "ce:indexed-name": "Leu J.H."}], "et-al": null}, "ref-sourcetitle": "Dev. Comp. Immunol."}}, {"ref-fulltext": "Jaree, P. et al. WSV399, a viral tegument protein, interacts with the shrimp protein PmVRP15 to facilitate viral trafficking and assembly. Dev. Comp. Immunol. 59, 177-185 (2016).", "@id": "22", "ref-info": {"ref-publicationyear": {"@first": "2016"}, "ref-title": {"ref-titletext": "WSV399, a viral tegument protein, interacts with the shrimp protein PmVRP15 to facilitate viral trafficking and assembly"}, "refd-itemidlist": {"itemid": {"$": "84957892308", "@idtype": "SGR"}}, "ref-volisspag": {"voliss": {"@volume": "59"}, "pagerange": {"@first": "177", "@last": "185"}}, "ref-authors": {"author": [{"@seq": "1", "ce:initials": "P.", "@_fa": "true", "ce:surname": "Jaree", "ce:indexed-name": "Jaree P."}], "et-al": null}, "ref-sourcetitle": "Dev. Comp. Immunol."}}, {"ref-fulltext": "Gasteiger, E. et al. Protein identification and analysis tools on the ExPASy server (Humana Press, 2005).", "@id": "23", "ref-info": {"ref-publicationyear": {"@first": "2005"}, "refd-itemidlist": {"itemid": {"$": "27144505097", "@idtype": "SGR"}}, "ref-text": "Humana Press", "ref-authors": {"author": [{"@seq": "1", "ce:initials": "E.", "@_fa": "true", "ce:surname": "Gasteiger", "ce:indexed-name": "Gasteiger E."}], "et-al": null}, "ref-sourcetitle": "Protein Identification and Analysis Tools on the ExPASy Server"}}, {"ref-fulltext": "Prive, G. G. Detergents for the stabilization and crystallization of membrane proteins. Methods 41, 388-397 (2007).", "@id": "24", "ref-info": {"ref-publicationyear": {"@first": "2007"}, "ref-title": {"ref-titletext": "Detergents for the stabilization and crystallization of membrane proteins"}, "refd-itemidlist": {"itemid": {"$": "33947172767", "@idtype": "SGR"}}, "ref-volisspag": {"voliss": {"@volume": "41"}, "pagerange": {"@first": "388", "@last": "397"}}, "ref-authors": {"author": [{"@seq": "1", "ce:initials": "G.G.", "@_fa": "true", "ce:surname": "Prive", "ce:indexed-name": "Prive G.G."}]}, "ref-sourcetitle": "Methods"}}, {"ref-fulltext": "Li, W. et al. Virus replication cycle of white spot syndrome virus in secondary cell cultures from the lymphoid organ of Litopenaeus vannamei. J. Gen. Virol. 96, 2844-2854 (2015).", "@id": "25", "ref-info": {"ref-publicationyear": {"@first": "2015"}, "ref-title": {"ref-titletext": "Virus replication cycle of white spot syndrome virus in secondary cell cultures from the lymphoid organ of Litopenaeus vannamei"}, "refd-itemidlist": {"itemid": {"$": "84941563618", "@idtype": "SGR"}}, "ref-volisspag": {"voliss": {"@volume": "96"}, "pagerange": {"@first": "2844", "@last": "2854"}}, "ref-authors": {"author": [{"@seq": "1", "ce:initials": "W.", "@_fa": "true", "ce:surname": "Li", "ce:indexed-name": "Li W."}], "et-al": null}, "ref-sourcetitle": "J. Gen. Virol."}}, {"ref-fulltext": "Wang, Y. T. et al. White spot syndrome virus (WSSV) infects specific hemocytes of the shrimp Penaeus merguiensis. Dis. Aquat. Organ. 52, 249-259 (2002).", "@id": "26", "ref-info": {"ref-publicationyear": {"@first": "2002"}, "ref-title": {"ref-titletext": "White spot syndrome virus (WSSV) infects specific hemocytes of the shrimp Penaeus merguiensis"}, "refd-itemidlist": {"itemid": {"$": "0037059146", "@idtype": "SGR"}}, "ref-volisspag": {"voliss": {"@volume": "52"}, "pagerange": {"@first": "249", "@last": "259"}}, "ref-authors": {"author": [{"@seq": "1", "ce:initials": "Y.T.", "@_fa": "true", "ce:surname": "Wang", "ce:indexed-name": "Wang Y.T."}], "et-al": null}, "ref-sourcetitle": "Dis. Aquat. Organ."}}, {"ref-fulltext": "Stephens, E. B. & Compans, R. W. Assembly of animal viruses at cellular membranes. Annu. Rev. Microbiol. 42, 489-516 (1988).", "@id": "27", "ref-info": {"ref-publicationyear": {"@first": "1988"}, "ref-title": {"ref-titletext": "Assembly of animal viruses at cellular membranes"}, "refd-itemidlist": {"itemid": {"$": "0024148693", "@idtype": "SGR"}}, "ref-volisspag": {"voliss": {"@volume": "42"}, "pagerange": {"@first": "489", "@last": "516"}}, "ref-authors": {"author": [{"@seq": "1", "ce:initials": "E.B.", "@_fa": "true", "ce:surname": "Stephens", "ce:indexed-name": "Stephens E.B."}, {"@seq": "2", "ce:initials": "R.W.", "@_fa": "true", "ce:surname": "Compans", "ce:indexed-name": "Compans R.W."}]}, "ref-sourcetitle": "Annu. Rev. Microbiol."}}, {"ref-fulltext": "Miller, S. & Krijnse-Locker, J. Modification of intracellular membrane structures for virus replication. Nature reviews. Microbiology 6, 363-374 (2008).", "@id": "28", "ref-info": {"ref-publicationyear": {"@first": "2008"}, "ref-title": {"ref-titletext": "Modification of intracellular membrane structures for virus replication"}, "refd-itemidlist": {"itemid": {"$": "42349086670", "@idtype": "SGR"}}, "ref-volisspag": {"voliss": {"@volume": "6"}, "pagerange": {"@first": "363", "@last": "374"}}, "ref-authors": {"author": [{"@seq": "1", "ce:initials": "S.", "@_fa": "true", "ce:surname": "Miller", "ce:indexed-name": "Miller S."}, {"@seq": "2", "ce:initials": "J.", "@_fa": "true", "ce:surname": "Krijnse-Locker", "ce:indexed-name": "Krijnse-Locker J."}]}, "ref-sourcetitle": "Nature Reviews. Microbiology"}}, {"ref-fulltext": "den Boon, J. A. & Ahlquist, P. Organelle-like membrane compartmentalization of positive-strand RNA virus replication factories. Annu. Rev. Microbiol. 64, 241-256 (2010).", "@id": "29", "ref-info": {"ref-publicationyear": {"@first": "2010"}, "ref-title": {"ref-titletext": "Organelle-like membrane compartmentalization of positive-strand RNA virus replication factories"}, "refd-itemidlist": {"itemid": {"$": "77957957039", "@idtype": "SGR"}}, "ref-volisspag": {"voliss": {"@volume": "64"}, "pagerange": {"@first": "241", "@last": "256"}}, "ref-authors": {"author": [{"@seq": "1", "ce:initials": "J.A.", "@_fa": "true", "ce:surname": "Den Boon", "ce:indexed-name": "Den Boon J.A."}, {"@seq": "2", "ce:initials": "P.", "@_fa": "true", "ce:surname": "Ahlquist", "ce:indexed-name": "Ahlquist P."}]}, "ref-sourcetitle": "Annu. Rev. Microbiol."}}, {"ref-fulltext": "Inoue, T. & Tsai, B. How viruses use the endoplasmic reticulum for entry, replication, and assembly. Cold Spring Harb. Perspect. Biol. 5, a013250 (2013).", "@id": "30", "ref-info": {"ref-publicationyear": {"@first": "2013"}, "ref-title": {"ref-titletext": "How viruses use the endoplasmic reticulum for entry, replication, and assembly"}, "refd-itemidlist": {"itemid": {"$": "84872020422", "@idtype": "SGR"}}, "ref-volisspag": {"voliss": {"@volume": "5"}, "pagerange": {"@first": "a013250"}}, "ref-authors": {"author": [{"@seq": "1", "ce:initials": "T.", "@_fa": "true", "ce:surname": "Inoue", "ce:indexed-name": "Inoue T."}, {"@seq": "2", "ce:initials": "B.", "@_fa": "true", "ce:surname": "Tsai", "ce:indexed-name": "Tsai B."}]}, "ref-sourcetitle": "Cold Spring Harb. Perspect. Biol"}}, {"ref-fulltext": "Chen, R. Y. et al. White spot syndrome virus entry is dependent on multiple endocytic routes and strongly facilitated by Cq-GABARAP in a CME-dependent manner. Sci. Rep. 6, 28694 (2016).", "@id": "31", "ref-info": {"ref-publicationyear": {"@first": "2016"}, "ref-title": {"ref-titletext": "White spot syndrome virus entry is dependent on multiple endocytic routes and strongly facilitated by Cq-GABARAP in a CME-dependent manner"}, "refd-itemidlist": {"itemid": {"$": "84977610341", "@idtype": "SGR"}}, "ref-volisspag": {"voliss": {"@volume": "6"}, "pagerange": {"@first": "28694"}}, "ref-authors": {"author": [{"@seq": "1", "ce:initials": "R.Y.", "@_fa": "true", "ce:surname": "Chen", "ce:indexed-name": "Chen R.Y."}], "et-al": null}, "ref-sourcetitle": "Sci. Rep."}}, {"ref-fulltext": "Sritunyalucksana, K., Wannapapho, W., Lo, C. F. & Flegel, T. W. PmRab7 is a VP28-binding protein involved in white spot syndrome virus infection in shrimp. J. Virol. 80, 10734-10742 (2006).", "@id": "32", "ref-info": {"ref-publicationyear": {"@first": "2006"}, "ref-title": {"ref-titletext": "PmRab7 is a VP28-binding protein involved in white spot syndrome virus infection in shrimp"}, "refd-itemidlist": {"itemid": {"$": "33750330666", "@idtype": "SGR"}}, "ref-volisspag": {"voliss": {"@volume": "80"}, "pagerange": {"@first": "10734", "@last": "10742"}}, "ref-authors": {"author": [{"@seq": "1", "ce:initials": "K.", "@_fa": "true", "ce:surname": "Sritunyalucksana", "ce:indexed-name": "Sritunyalucksana K."}, {"@seq": "2", "ce:initials": "W.", "@_fa": "true", "ce:surname": "Wannapapho", "ce:indexed-name": "Wannapapho W."}, {"@seq": "3", "ce:initials": "C.F.", "@_fa": "true", "ce:surname": "Lo", "ce:indexed-name": "Lo C.F."}, {"@seq": "4", "ce:initials": "T.W.", "@_fa": "true", "ce:surname": "Flegel", "ce:indexed-name": "Flegel T.W."}]}, "ref-sourcetitle": "J. Virol."}}, {"ref-fulltext": "Chang, L. K. et al. Role of Penaeus monodon Kruppel-like factor (PmKLF) in infection by white spot syndrome virus. Dev. Comp. Immunol. 36, 121-129 (2012).", "@id": "33", "ref-info": {"ref-publicationyear": {"@first": "2012"}, "ref-title": {"ref-titletext": "Role of Penaeus monodon Kruppel-like factor (PmKLF) in infection by white spot syndrome virus"}, "refd-itemidlist": {"itemid": {"$": "80054905536", "@idtype": "SGR"}}, "ref-volisspag": {"voliss": {"@volume": "36"}, "pagerange": {"@first": "121", "@last": "129"}}, "ref-authors": {"author": [{"@seq": "1", "ce:initials": "L.K.", "@_fa": "true", "ce:surname": "Chang", "ce:indexed-name": "Chang L.K."}], "et-al": null}, "ref-sourcetitle": "Dev. Comp. Immunol."}}, {"ref-fulltext": "Whitmore, L. & Wallace, B. A. Protein secondary structure analyses from circular dichroism spectroscopy: methods and reference databases. Biopolymers 89, 392-400 (2008).", "@id": "34", "ref-info": {"ref-publicationyear": {"@first": "2008"}, "ref-title": {"ref-titletext": "Protein secondary structure analyses from circular dichroism spectroscopy: Methods and reference databases"}, "refd-itemidlist": {"itemid": {"$": "45849096536", "@idtype": "SGR"}}, "ref-volisspag": {"voliss": {"@volume": "89"}, "pagerange": {"@first": "392", "@last": "400"}}, "ref-authors": {"author": [{"@seq": "1", "ce:initials": "L.", "@_fa": "true", "ce:surname": "Whitmore", "ce:indexed-name": "Whitmore L."}, {"@seq": "2", "ce:initials": "B.A.", "@_fa": "true", "ce:surname": "Wallace", "ce:indexed-name": "Wallace B.A."}]}, "ref-sourcetitle": "Biopolymers"}}, {"ref-fulltext": "Whitmore, L. & Wallace, B. A. DICHROWEB, an online server for protein secondary structure analyses from circular dichroism spectroscopic data. Nucleic Acids Res. 32, W668-673 (2004).", "@id": "35", "ref-info": {"ref-publicationyear": {"@first": "2004"}, "ref-title": {"ref-titletext": "DICHROWEB, an online server for protein secondary structure analyses from circular dichroism spectroscopic data"}, "refd-itemidlist": {"itemid": {"$": "3242877618", "@idtype": "SGR"}}, "ref-volisspag": {"voliss": {"@volume": "32"}, "pagerange": {"@first": "W668", "@last": "673"}}, "ref-authors": {"author": [{"@seq": "1", "ce:initials": "L.", "@_fa": "true", "ce:surname": "Whitmore", "ce:indexed-name": "Whitmore L."}, {"@seq": "2", "ce:initials": "B.A.", "@_fa": "true", "ce:surname": "Wallace", "ce:indexed-name": "Wallace B.A."}]}, "ref-sourcetitle": "Nucleic Acids Res."}}, {"ref-fulltext": "Andrade, M. A., Chac\u00f3n, P., Merelo, J. J. & Mor\u00e1n, F. Evaluation of secondary structure of proteins from UV circular dichroism spectra using an unsupervised learning neural network. Protein Eng. 6, 383-390 (1993).", "@id": "36", "ref-info": {"ref-publicationyear": {"@first": "1993"}, "ref-title": {"ref-titletext": "Evaluation of secondary structure of proteins from UV circular dichroism spectra using an unsupervised learning neural network"}, "refd-itemidlist": {"itemid": {"$": "0027190754", "@idtype": "SGR"}}, "ref-volisspag": {"voliss": {"@volume": "6"}, "pagerange": {"@first": "383", "@last": "390"}}, "ref-authors": {"author": [{"@seq": "1", "ce:initials": "M.A.", "@_fa": "true", "ce:surname": "Andrade", "ce:indexed-name": "Andrade M.A."}, {"@seq": "2", "ce:initials": "P.", "@_fa": "true", "ce:surname": "Chac\u00f3n", "ce:indexed-name": "Chacon P."}, {"@seq": "3", "ce:initials": "J.J.", "@_fa": "true", "ce:surname": "Merelo", "ce:indexed-name": "Merelo J.J."}, {"@seq": "4", "ce:initials": "F.", "@_fa": "true", "ce:surname": "Mor\u00e1n", "ce:indexed-name": "Moran F."}]}, "ref-sourcetitle": "Protein Eng."}}, {"ref-fulltext": "Provencher, S. W. & Glockner, J. Estimation of globular protein secondary structure from circular dichroism. Biochemistry 20, 33-37 (1981).", "@id": "37", "ref-info": {"ref-publicationyear": {"@first": "1981"}, "ref-title": {"ref-titletext": "Estimation of globular protein secondary structure from circular dichroism"}, "refd-itemidlist": {"itemid": {"$": "0019873820", "@idtype": "SGR"}}, "ref-volisspag": {"voliss": {"@volume": "20"}, "pagerange": {"@first": "33", "@last": "37"}}, "ref-authors": {"author": [{"@seq": "1", "ce:initials": "S.W.", "@_fa": "true", "ce:surname": "Provencher", "ce:indexed-name": "Provencher S.W."}, {"@seq": "2", "ce:initials": "J.", "@_fa": "true", "ce:surname": "Glockner", "ce:indexed-name": "Glockner J."}]}, "ref-sourcetitle": "Biochemistry"}}, {"ref-fulltext": "Van Stokkum, I. H. M., Spoelder, H. J. W., Bloemendal, M., Van Grondelle, R. & Groen, F. C. A. Estimate of protein secondary structure and error analysis from CD spectra. Anal. Chem. 191, 110-118 (1990).", "@id": "38", "ref-info": {"ref-publicationyear": {"@first": "1990"}, "ref-title": {"ref-titletext": "Estimate of protein secondary structure and error analysis from CD spectra"}, "refd-itemidlist": {"itemid": {"$": "0025204703", "@idtype": "SGR"}}, "ref-volisspag": {"voliss": {"@volume": "191"}, "pagerange": {"@first": "110", "@last": "118"}}, "ref-authors": {"author": [{"@seq": "1", "ce:initials": "I.H.M.", "@_fa": "true", "ce:surname": "Van Stokkum", "ce:indexed-name": "Van Stokkum I.H.M."}, {"@seq": "2", "ce:initials": "H.J.W.", "@_fa": "true", "ce:surname": "Spoelder", "ce:indexed-name": "Spoelder H.J.W."}, {"@seq": "3", "ce:initials": "M.", "@_fa": "true", "ce:surname": "Bloemendal", "ce:indexed-name": "Bloemendal M."}, {"@seq": "4", "ce:initials": "R.", "@_fa": "true", "ce:surname": "Van Grondelle", "ce:indexed-name": "Van Grondelle R."}, {"@seq": "5", "ce:initials": "F.C.A.", "@_fa": "true", "ce:surname": "Groen", "ce:indexed-name": "Groen F.C.A."}]}, "ref-sourcetitle": "Anal. Chem."}}, {"ref-fulltext": "Compton, L. A. & Johnson, W. C. Jr. Analysis of protein circular dichroism spectra for secondary structure using a simple matrix multiplication. Anal. Biochem. 155, 155-167 (1986).", "@id": "39", "ref-info": {"ref-publicationyear": {"@first": "1986"}, "ref-title": {"ref-titletext": "Analysis of protein circular dichroism spectra for secondary structure using a simple matrix multiplication"}, "refd-itemidlist": {"itemid": {"$": "0022474744", "@idtype": "SGR"}}, "ref-volisspag": {"voliss": {"@volume": "155"}, "pagerange": {"@first": "155", "@last": "167"}}, "ref-authors": {"author": [{"@seq": "1", "ce:initials": "L.A.", "@_fa": "true", "ce:surname": "Compton", "ce:indexed-name": "Compton L.A."}, {"@seq": "2", "ce:initials": "W.C.", "@_fa": "true", "ce:surname": "Johnson", "ce:suffix": "Jr.", "ce:indexed-name": "Johnson W.C."}]}, "ref-sourcetitle": "Anal. Biochem."}}, {"ref-fulltext": "Manavalan, P. & Johnson, W. C. Jr. Variable selection method improves the prediction of protein secondary structure from circular dichroism spectra. Anal. Biochem. 167, 76-85 (1987).", "@id": "40", "ref-info": {"ref-publicationyear": {"@first": "1987"}, "ref-title": {"ref-titletext": "Variable selection method improves the prediction of protein secondary structure from circular dichroism spectra"}, "refd-itemidlist": {"itemid": {"$": "0023656828", "@idtype": "SGR"}}, "ref-volisspag": {"voliss": {"@volume": "167"}, "pagerange": {"@first": "76", "@last": "85"}}, "ref-authors": {"author": [{"@seq": "1", "ce:initials": "P.", "@_fa": "true", "ce:surname": "Manavalan", "ce:indexed-name": "Manavalan P."}, {"@seq": "2", "ce:initials": "W.C.", "@_fa": "true", "ce:surname": "Johnson", "ce:suffix": "Jr.", "ce:indexed-name": "Johnson W.C."}]}, "ref-sourcetitle": "Anal. Biochem."}}, {"ref-fulltext": "Sreerama, N. & Woody, R. W. Estimation of protein secondary structure from circular dichroism spectra: comparison of CONTIN, SELCON, and CDSSTR methods with an expanded reference set. Anal. Biochem. 287, 252-260 (2000).", "@id": "41", "ref-info": {"ref-publicationyear": {"@first": "2000"}, "ref-title": {"ref-titletext": "Estimation of protein secondary structure from circular dichroism spectra: Comparison of CONTIN, SELCON, and CDSSTR methods with an expanded reference set"}, "refd-itemidlist": {"itemid": {"$": "0034672325", "@idtype": "SGR"}}, "ref-volisspag": {"voliss": {"@volume": "287"}, "pagerange": {"@first": "252", "@last": "260"}}, "ref-authors": {"author": [{"@seq": "1", "ce:initials": "N.", "@_fa": "true", "ce:surname": "Sreerama", "ce:indexed-name": "Sreerama N."}, {"@seq": "2", "ce:initials": "R.W.", "@_fa": "true", "ce:surname": "Woody", "ce:indexed-name": "Woody R.W."}]}, "ref-sourcetitle": "Anal. Biochem."}}, {"ref-fulltext": "Abdul-Gader, A., Miles, A. J. & Wallace, B. A. A reference dataset for the analyses of membrane protein secondary structures and transmembrane residues using circular dichroism spectroscopy. Bioinformatics 27, 1630-1636 (2011).", "@id": "42", "ref-info": {"ref-publicationyear": {"@first": "2011"}, "ref-title": {"ref-titletext": "A reference dataset for the analyses of membrane protein secondary structures and transmembrane residues using circular dichroism spectroscopy"}, "refd-itemidlist": {"itemid": {"$": "79958139475", "@idtype": "SGR"}}, "ref-volisspag": {"voliss": {"@volume": "27"}, "pagerange": {"@first": "1630", "@last": "1636"}}, "ref-authors": {"author": [{"@seq": "1", "ce:initials": "A.", "@_fa": "true", "ce:surname": "Abdul-Gader", "ce:indexed-name": "Abdul-Gader A."}, {"@seq": "2", "ce:initials": "A.J.", "@_fa": "true", "ce:surname": "Miles", "ce:indexed-name": "Miles A.J."}, {"@seq": "3", "ce:initials": "B.A.", "@_fa": "true", "ce:surname": "Wallace", "ce:indexed-name": "Wallace B.A."}]}, "ref-sourcetitle": "Bioinformatics"}}, {"ref-fulltext": "Brown, P. H. & Schuck, P. Macromolecular size-and-shape distributions by sedimentation velocity analytical ultracentrifugation. Biophys. J. 90, 4651-4661 (2006).", "@id": "43", "ref-info": {"ref-publicationyear": {"@first": "2006"}, "ref-title": {"ref-titletext": "Macromolecular size-and-shape distributions by sedimentation velocity analytical ultracentrifugation"}, "refd-itemidlist": {"itemid": {"$": "33744809773", "@idtype": "SGR"}}, "ref-volisspag": {"voliss": {"@volume": "90"}, "pagerange": {"@first": "4651", "@last": "4661"}}, "ref-authors": {"author": [{"@seq": "1", "ce:initials": "P.H.", "@_fa": "true", "ce:surname": "Brown", "ce:indexed-name": "Brown P.H."}, {"@seq": "2", "ce:initials": "P.", "@_fa": "true", "ce:surname": "Schuck", "ce:indexed-name": "Schuck P."}]}, "ref-sourcetitle": "Biophys. J."}}, {"ref-fulltext": "Schuck, P. Size-distribution analysis of macromolecules by sedimentation velocity ultracentrifugation and lamm equation modeling. Biophys. J. 78, 1606-1619 (2000).", "@id": "44", "ref-info": {"ref-publicationyear": {"@first": "2000"}, "ref-title": {"ref-titletext": "Size-distribution analysis of macromolecules by sedimentation velocity ultracentrifugation and lamm equation modeling"}, "refd-itemidlist": {"itemid": {"$": "0034009520", "@idtype": "SGR"}}, "ref-volisspag": {"voliss": {"@volume": "78"}, "pagerange": {"@first": "1606", "@last": "1619"}}, "ref-authors": {"author": [{"@seq": "1", "ce:initials": "P.", "@_fa": "true", "ce:surname": "Schuck", "ce:indexed-name": "Schuck P."}]}, "ref-sourcetitle": "Biophys. J."}}, {"ref-fulltext": "Xie, X., Li, H., Xu, L. & Yang, F. A simple and efficient method for purification of intact white spot syndrome virus (WSSV) viral particles. Virus Res. 108, 63-67 (2005).", "@id": "45", "ref-info": {"ref-publicationyear": {"@first": "2005"}, "ref-title": {"ref-titletext": "A simple and efficient method for purification of intact white spot syndrome virus (WSSV) viral particles"}, "refd-itemidlist": {"itemid": {"$": "12844271179", "@idtype": "SGR"}}, "ref-volisspag": {"voliss": {"@volume": "108"}, "pagerange": {"@first": "63", "@last": "67"}}, "ref-authors": {"author": [{"@seq": "1", "ce:initials": "X.", "@_fa": "true", "ce:surname": "Xie", "ce:indexed-name": "Xie X."}, {"@seq": "2", "ce:initials": "H.", "@_fa": "true", "ce:surname": "Li", "ce:indexed-name": "Li H."}, {"@seq": "3", "ce:initials": "L.", "@_fa": "true", "ce:surname": "Xu", "ce:indexed-name": "Xu L."}, {"@seq": "4", "ce:initials": "F.", "@_fa": "true", "ce:surname": "Yang", "ce:indexed-name": "Yang F."}]}, "ref-sourcetitle": "Virus Res"}}, {"ref-fulltext": "Taha, M. S. et al. Subcellular fractionation and localization studies reveal a direct interaction of the fragile X mental retardation protein (FMRP) with nucleolin. PLoS One 9, e91465 (2014).", "@id": "46", "ref-info": {"ref-publicationyear": {"@first": "2014"}, "ref-title": {"ref-titletext": "Subcellular fractionation and localization studies reveal a direct interaction of the fragile X mental retardation protein (FMRP) with nucleolin"}, "refd-itemidlist": {"itemid": {"$": "84899073938", "@idtype": "SGR"}}, "ref-volisspag": {"voliss": {"@volume": "9"}, "pagerange": {"@first": "e91465"}}, "ref-authors": {"author": [{"@seq": "1", "ce:initials": "M.S.", "@_fa": "true", "ce:surname": "Taha", "ce:indexed-name": "Taha M.S."}], "et-al": null}, "ref-sourcetitle": "PLoS One"}}, {"ref-fulltext": "Pfaffl, M. W. A new mathematical model for relative quantification in real-time RT-PCR. Nucleic Acids Res. 29, e45 (2001).", "@id": "47", "ref-info": {"ref-publicationyear": {"@first": "2001"}, "ref-title": {"ref-titletext": "A new mathematical model for relative quantification in real-time RT-PCR"}, "refd-itemidlist": {"itemid": {"$": "17344392308", "@idtype": "SGR"}}, "ref-volisspag": {"voliss": {"@volume": "29"}, "pagerange": {"@first": "e45"}}, "ref-authors": {"author": [{"@seq": "1", "ce:initials": "M.W.", "@_fa": "true", "ce:surname": "Pfaffl", "ce:indexed-name": "Pfaffl M.W."}]}, "ref-sourcetitle": "Nucleic Acids Res"}}, {"ref-fulltext": "Li, S., Zhang, X., Sun, Z., Li, F. & Xiang, J. Transcriptome analysis on Chinese shrimp Fenneropenaeus chinensis during WSSV acute infection. PLoS One 8, e58627 (2013).", "@id": "48", "ref-info": {"ref-publicationyear": {"@first": "2013"}, "ref-title": {"ref-titletext": "Transcriptome analysis on Chinese shrimp Fenneropenaeus chinensis during WSSV acute infection"}, "refd-itemidlist": {"itemid": {"$": "84875100433", "@idtype": "SGR"}}, "ref-volisspag": {"voliss": {"@volume": "8"}, "pagerange": {"@first": "e58627"}}, "ref-authors": {"author": [{"@seq": "1", "ce:initials": "S.", "@_fa": "true", "ce:surname": "Li", "ce:indexed-name": "Li S."}, {"@seq": "2", "ce:initials": "X.", "@_fa": "true", "ce:surname": "Zhang", "ce:indexed-name": "Zhang X."}, {"@seq": "3", "ce:initials": "Z.", "@_fa": "true", "ce:surname": "Sun", "ce:indexed-name": "Sun Z."}, {"@seq": "4", "ce:initials": "F.", "@_fa": "true", "ce:surname": "Li", "ce:indexed-name": "Li F."}, {"@seq": "5", "ce:initials": "J.", "@_fa": "true", "ce:surname": "Xiang", "ce:indexed-name": "Xiang J."}]}, "ref-sourcetitle": "PLoS One"}}]}}}}, "affiliation": [{"affiliation-city": "Bangkok", "@id": "60028190", "affilname": "Chulalongkorn University", "@href": "https://api.elsevier.com/content/affiliation/affiliation_id/60028190", "affiliation-country": "Thailand"}, {"affiliation-city": "Ikoma", "@id": "60025017", "affilname": "Nara Institute of Science and Technology", "@href": "https://api.elsevier.com/content/affiliation/affiliation_id/60025017", "affiliation-country": "Japan"}, {"affiliation-city": "Pathum Thani", "@id": "60011947", "affilname": "Thailand National Center for Genetic Engineering and Biotechnology", "@href": "https://api.elsevier.com/content/affiliation/affiliation_id/60011947", "affiliation-country": "Thailand"}], "coredata": {"srctype": "j", "eid": "2-s2.0-85026426421", "dc:description": "A viral responsive protein 15 from Penaeus monodon (PmVRP15) has been reported to be important for white spot syndrome virus (WSSV) infection in vivo. This work aims to characterize PmVRP15 and investigate its possible role in nuclear import/export of the virus. Circular dichroism spectra showed that PmVRP15 contains high helical contents (82%). Analytical ultracentrifugation suggested that PmVRP15 could possibly form oligomers in solution. A subcellular fractionation study showed that PmVRP15 was found in heavy and light membrane fractions, indicating that PmVRP15 may be associated with endoplasmic reticulum. Double-stranded RNAi-mediated knockdown of PmVRP15 gene expression in vitro showed no effect on WSSV copy number in whole hemocyte cells. However, PmVRP15 silencing resulted in an accumulation of WSSV DNA in the nucleus of PmVRP15-silenced hemocytes. Immunofluorescence confocal microscopy showed that PmVRP15 knockdown hemocytes had a much lower level of VP28 (WSSV envelope protein), in comparison to that in the control. It is likely that PmVRP15 may play a role in viral nuclear egress.", "pubmed-id": "28747797", "prism:coverDate": "2017-12-01", "prism:aggregationType": "Journal", "prism:url": "https://api.elsevier.com/content/abstract/scopus_id/85026426421", "dc:creator": {"author": [{"ce:given-name": "Krisadaporn", "preferred-name": {"ce:given-name": "Krisadaporn", "ce:initials": "K.", "ce:surname": "Jaturontakul", "ce:indexed-name": "Jaturontakul K."}, "@seq": "1", "ce:initials": "K.", "@_fa": "true", "affiliation": {"@id": "60028190", "@href": "https://api.elsevier.com/content/affiliation/affiliation_id/60028190"}, "ce:surname": "Jaturontakul", "@auid": "57195234143", "author-url": "https://api.elsevier.com/content/author/author_id/57195234143", "ce:indexed-name": "Jaturontakul K."}]}, "link": [{"@_fa": "true", "@rel": "self", "@href": "https://api.elsevier.com/content/abstract/scopus_id/85026426421"}, {"@_fa": "true", "@rel": "scopus", "@href": "https://www.scopus.com/inward/record.uri?partnerID=HzOxMe3b&scp=85026426421&origin=inward"}, {"@_fa": "true", "@rel": "scopus-citedby", "@href": "https://www.scopus.com/inward/citedby.uri?partnerID=HzOxMe3b&scp=85026426421&origin=inward"}], "source-id": "21100200805", "citedby-count": "8", "prism:volume": "7", "subtype": "ar", "dc:title": "Molecular Characterization of Viral Responsive Protein 15 and Its Possible Role in Nuclear Export of Virus in Black Tiger Shrimp Penaeus monodon", "openaccess": "1", "prism:issn": "20452322", "publishercopyright": "\u00a9 2017 The Author(s).", "article-number": "6523", "prism:issueIdentifier": "1", "subtypeDescription": "Article", "prism:publicationName": "Scientific Reports", "openaccessFlag": "true", "prism:doi": "10.1038/s41598-017-06653-7", "dc:identifier": "SCOPUS_ID:85026426421", "dc:publisher": "Nature Publishing GroupHoundmillsBasingstoke, HampshireRG21 6XS"}, "idxterms": {"mainterm": [{"$": "Active Transport, Cell Nucleus", "@weight": "a", "@candidate": "n"}, {"$": "Animals", "@weight": "b", "@candidate": "n"}, {"$": "Circular Dichroism", "@weight": "b", "@candidate": "n"}, {"$": "Gene Knockdown Techniques", "@weight": "b", "@candidate": "n"}, {"$": "Hemocytes", "@weight": "b", "@candidate": "n"}, {"$": "Host-Pathogen Interactions", "@weight": "a", "@candidate": "n"}, {"$": "Membrane Transport Proteins", "@weight": "b", "@candidate": "n"}, {"$": "Penaeidae", "@weight": "b", "@candidate": "n"}, {"$": "Protein Conformation", "@weight": "b", "@candidate": "n"}, {"$": "Protein Multimerization", "@weight": "b", "@candidate": "n"}, {"$": "Ultracentrifugation", "@weight": "b", "@candidate": "n"}, {"$": "Virus Release", "@weight": "a", "@candidate": "n"}, {"$": "White spot syndrome virus 1", "@weight": "b", "@candidate": "n"}]}, "language": {"@xml:lang": "eng"}, "authkeywords": null, "subject-areas": {"subject-area": [{"@_fa": "true", "$": "Multidisciplinary", "@code": "1000", "@abbrev": "MULT"}]}, "authors": {"author": [{"ce:given-name": "Krisadaporn", "preferred-name": {"ce:given-name": "Krisadaporn", "ce:initials": "K.", "ce:surname": "Jaturontakul", "ce:indexed-name": "Jaturontakul K."}, "@seq": "1", "ce:initials": "K.", "@_fa": "true", "affiliation": {"@id": "60028190", "@href": "https://api.elsevier.com/content/affiliation/affiliation_id/60028190"}, "ce:surname": "Jaturontakul", "@auid": "57195234143", "author-url": "https://api.elsevier.com/content/author/author_id/57195234143", "ce:indexed-name": "Jaturontakul K."}, {"ce:given-name": "Thapanan", "preferred-name": {"ce:given-name": "Thapanan", "ce:initials": "T.", "ce:surname": "Jatuyosporn", "ce:indexed-name": "Jatuyosporn T."}, "@seq": "2", "ce:initials": "T.", "@_fa": "true", "affiliation": {"@id": "60028190", "@href": "https://api.elsevier.com/content/affiliation/affiliation_id/60028190"}, "ce:surname": "Jatuyosporn", "@auid": "55976337700", "author-url": "https://api.elsevier.com/content/author/author_id/55976337700", "ce:indexed-name": "Jatuyosporn T."}, {"ce:given-name": "Pasunee", "preferred-name": {"ce:given-name": "Pasunee", "ce:initials": "P.", "ce:surname": "Laohawutthichai", "ce:indexed-name": "Laohawutthichai P."}, "@seq": "3", "ce:initials": "P.", "@_fa": "true", "affiliation": {"@id": "60028190", "@href": "https://api.elsevier.com/content/affiliation/affiliation_id/60028190"}, "ce:surname": "Laohawutthichai", "@auid": "57195225837", "author-url": "https://api.elsevier.com/content/author/author_id/57195225837", "ce:indexed-name": "Laohawutthichai P."}, {"ce:given-name": "Sun-Yong", "preferred-name": {"ce:given-name": "Sun Yong", "ce:initials": "S.Y.", "ce:surname": "Kim", "ce:indexed-name": "Kim S."}, "@seq": "4", "ce:initials": "S.-Y.", "@_fa": "true", "affiliation": {"@id": "60025017", "@href": "https://api.elsevier.com/content/affiliation/affiliation_id/60025017"}, "ce:surname": "Kim", "@auid": "36523138800", "author-url": "https://api.elsevier.com/content/author/author_id/36523138800", "ce:indexed-name": "Kim S.-Y."}, {"ce:given-name": "Tomoyuki", "preferred-name": {"ce:given-name": "Tomoyuki", "ce:initials": "T.", "ce:surname": "Mori", "ce:indexed-name": "Mori T."}, "@seq": "5", "ce:initials": "T.", "@_fa": "true", "affiliation": {"@id": "60025017", "@href": "https://api.elsevier.com/content/affiliation/affiliation_id/60025017"}, "ce:surname": "Mori", "@auid": "55479036300", "author-url": "https://api.elsevier.com/content/author/author_id/55479036300", "ce:indexed-name": "Mori T."}, {"ce:given-name": "Premruethai", "preferred-name": {"ce:given-name": "Premruethai", "ce:initials": "P.", "ce:surname": "Supungul", "ce:indexed-name": "Supungul P."}, "@seq": "6", "ce:initials": "P.", "@_fa": "true", "affiliation": [{"@id": "60028190", "@href": "https://api.elsevier.com/content/affiliation/affiliation_id/60028190"}, {"@id": "60011947", "@href": "https://api.elsevier.com/content/affiliation/affiliation_id/60011947"}], "ce:surname": "Supungul", "@auid": "6508068998", "author-url": "https://api.elsevier.com/content/author/author_id/6508068998", "ce:indexed-name": "Supungul P."}, {"ce:given-name": "Toshio", "preferred-name": {"ce:given-name": "Toshio", "ce:initials": "T.", "ce:surname": "Hakoshima", "ce:indexed-name": "Hakoshima T."}, "@seq": "7", "ce:initials": "T.", "@_fa": "true", "affiliation": {"@id": "60025017", "@href": "https://api.elsevier.com/content/affiliation/affiliation_id/60025017"}, "ce:surname": "Hakoshima", "@auid": "7004965281", "author-url": "https://api.elsevier.com/content/author/author_id/7004965281", "ce:indexed-name": "Hakoshima T."}, {"ce:given-name": "Anchalee", "preferred-name": {"ce:given-name": "Anchalee", "ce:initials": "A.", "ce:surname": "Tassanakajon", "ce:indexed-name": "Tassanakajon A."}, "@seq": "8", "ce:initials": "A.", "@_fa": "true", "affiliation": {"@id": "60028190", "@href": "https://api.elsevier.com/content/affiliation/affiliation_id/60028190"}, "ce:surname": "Tassanakajon", "@auid": "6603935274", "author-url": "https://api.elsevier.com/content/author/author_id/6603935274", "ce:indexed-name": "Tassanakajon A."}, {"ce:given-name": "Kuakarun", "preferred-name": {"ce:given-name": "Kuakarun", "ce:initials": "K.", "ce:surname": "Krusong", "ce:indexed-name": "Krusong K."}, "@seq": "9", "ce:initials": "K.", "@_fa": "true", "affiliation": {"@id": "60028190", "@href": "https://api.elsevier.com/content/affiliation/affiliation_id/60028190"}, "ce:surname": "Krusong", "@auid": "57210230008", "author-url": "https://api.elsevier.com/content/author/author_id/57210230008", "ce:indexed-name": "Krusong K."}]}}}