{"abstracts-retrieval-response": {"item": {"ait:process-info": {"ait:status": {"@state": "update", "@type": "core", "@stage": "S300"}, "ait:date-delivered": {"@day": "18", "@timestamp": "2024-04-18T08:50:06.000006-04:00", "@year": "2024", "@month": "04"}, "ait:date-sort": {"@day": "01", "@year": "2017", "@month": "12"}}, "xocs:meta": {"xocs:funding-list": {"@pui-match": "primary", "@has-funding-info": "1", "xocs:funding": [{"xocs:funding-agency-matched-string": "Chulalongkorn University", "xocs:funding-agency-acronym": "CU", "xocs:funding-agency": "Chulalongkorn University", "xocs:funding-agency-id": "http://data.elsevier.com/vocabulary/SciValFunders/501100002873", "xocs:funding-agency-country": "http://sws.geonames.org/1605651/"}, {"xocs:funding-agency-matched-string": "NSTDA", "xocs:funding-agency-acronym": "\u0e2a\u0e27\u0e17\u0e0a", "xocs:funding-agency": "National Science and Technology Development Agency", "xocs:funding-id": "SP-56-BT01", "xocs:funding-agency-id": "http://data.elsevier.com/vocabulary/SciValFunders/501100004192", "xocs:funding-agency-country": "http://sws.geonames.org/1605651/"}, {"xocs:funding-agency-matched-string": "NSTDA", "xocs:funding-agency-acronym": "\u0e2a\u0e27\u0e17\u0e0a", "xocs:funding-agency": "National Science and Technology Development Agency", "xocs:funding-agency-id": "http://data.elsevier.com/vocabulary/SciValFunders/501100004192", "xocs:funding-agency-country": "http://sws.geonames.org/1605651/"}, {"xocs:funding-agency-matched-string": "TRF", "xocs:funding-agency-acronym": "TRF", "xocs:funding-agency": "Thailand Research Fund", "xocs:funding-id": "RTA5880004", "xocs:funding-agency-id": "http://data.elsevier.com/vocabulary/SciValFunders/501100004396", "xocs:funding-agency-country": "http://sws.geonames.org/1605651/"}, {"xocs:funding-agency-matched-string": "TRF", "xocs:funding-agency-acronym": "TRF", "xocs:funding-agency": "Thailand Research Fund", "xocs:funding-agency-id": "http://data.elsevier.com/vocabulary/SciValFunders/501100004396", "xocs:funding-agency-country": "http://sws.geonames.org/1605651/"}, {"xocs:funding-agency-matched-string": "Thailand National Center for Genetic Engineering and Biotechnology", "xocs:funding-agency-acronym": "BIOTEC", "xocs:funding-agency": "National Center for Genetic Engineering and Biotechnology", "xocs:funding-id": [{"$": "BRG5880016"}, {"$": "IRG5780008"}], "xocs:funding-agency-id": "http://data.elsevier.com/vocabulary/SciValFunders/501100011057", "xocs:funding-agency-country": "http://sws.geonames.org/1605651/"}, {"xocs:funding-agency-matched-string": "Thailand National Center for Genetic Engineering and Biotechnology", "xocs:funding-agency-acronym": "BIOTEC", "xocs:funding-agency": "National Center for Genetic Engineering and Biotechnology", "xocs:funding-agency-id": "http://data.elsevier.com/vocabulary/SciValFunders/501100011057", "xocs:funding-agency-country": "http://sws.geonames.org/1605651/"}], "xocs:funding-addon-generated-timestamp": "2021-06-03T13:43:50.918Z", "xocs:funding-text": "This work was supported by research grants from the Thailand Research Fund to AT (TRF Senior Scholar No. RTA5880004), the Thailand Research Fund and Thailand National Center for Genetic Engineering and Biotechnology (BIOTEC) to PA (Grant No. BRG5880016). Additional support from TRF (Grant No. IRG5780008) to the Department of Biochemistry, Faculty of Science, Chulalongkorn University is acknowledged. NK is the recipient of a student fellowship from Chulalongkorn University Graduate Scholarship to Commemorate the 72nd Anniversary of His Majesty King Bhumibol Adulyadej, the 90th Anniversary of Chulalongkorn University Fund (Ratchadaphiseksomphot Endowment Fund) and from the Young Scientist and Technologist Programme (YSTP), NSTDA SP-56-BT01.", "xocs:funding-addon-type": "http://vtw.elsevier.com/data/voc/AddOnTypes/50.7/aggregated-refined"}}, "bibrecord": {"head": {"author-group": [{"affiliation": {"country": "Thailand", "address-part": "Phyathai Road", "postal-code": "10330", "@afid": "60028190", "@country": "tha", "city": "Bangkok", "organization": [{"$": "Center of Excellence for Molecular Biology and Genomics of Shrimp"}, {"$": "Department of Biochemistry"}, {"$": "Faculty of Science"}, {"$": "Chulalongkorn University"}], "affiliation-id": {"@afid": "60028190", "@dptid": "112978483"}, "@affiliation-instance-id": "OB2BibRecID-666888679-81602e7f829b3e9b6bfbcc9e51c907e1-1", "@dptid": "112978483"}, "author": [{"ce:given-name": "Narach", "preferred-name": {"ce:given-name": "Narach", "ce:initials": "N.", "ce:surname": "Khorattanakulchai", "ce:indexed-name": "Khorattanakulchai N."}, "@author-instance-id": "OB2BibRecID-666888679-fe7f3adf884e20fcff44c6e25d495de2-1", "@seq": "1", "ce:initials": "N.", "@_fa": "true", "@type": "auth", "ce:surname": "Khorattanakulchai", "@auid": "57195202826", "ce:indexed-name": "Khorattanakulchai N."}, {"ce:given-name": "Anchalee", "preferred-name": {"ce:given-name": "Anchalee", "ce:initials": "A.", "ce:surname": "Tassanakajon", "ce:indexed-name": "Tassanakajon A."}, "@author-instance-id": "OB2BibRecID-666888679-58af7384fc5d8390e6b451beb77bcf5c-1", "@seq": "3", "ce:initials": "A.", "@_fa": "true", "@type": "auth", "ce:surname": "Tassanakajon", "@auid": "6603935274", "ce:indexed-name": "Tassanakajon A."}]}, {"affiliation": {"country": "Thailand", "address-part": "113 Paholyothin Road, Klong1, Klong Luang", "postal-code": "12120", "@afid": "60011947", "@country": "tha", "city": "Pathumthani", "organization": [{"$": "National Center for Genetic Engineering and Biotechnology (BIOTEC)"}, {"$": "National Science and Technology Development Agency (NSTDA)"}], "affiliation-id": [{"@afid": "60011947"}, {"@afid": "60004391"}], "@affiliation-instance-id": "OB2BibRecID-666888679-e659712f12fbf3b6fb9382421c3429f1-1"}, "author": [{"ce:given-name": "Piti", "preferred-name": {"ce:given-name": "Piti", "ce:initials": "P.", "ce:surname": "Amparyup", "ce:indexed-name": "Amparyup P."}, "@author-instance-id": "OB2BibRecID-666888679-d03e989b48993967338f8408089f8c36-1", "@seq": "2", "ce:initials": "P.", "@date-locked": "2019-11-07T06:31:14.738", "@_fa": "true", "@type": "auth", "ce:surname": "Amparyup", "@auid": "6504064983", "ce:indexed-name": "Amparyup P."}]}], "citation-title": "Binding of PmClipSP2 to microbial cell wall components and activation of the proPO-activating system in the black tiger shrimp Penaeus monodon", "abstracts": "\u00a9 2017 Elsevier LtdClip domain serine proteinases (ClipSPs) play an important role in the prophenoloxidase-activating (proPO) system. In the shrimp Penaeus monodon, the ClipSP PmClipSP2 has been previously shown to bind to microbial polysaccharides (LPS and \u03b2-1,3-glucan) and likely activates the proPO system. To reveal the binding site of the PmClipSP2 protein, the N-terminal clip domain (Clip-PmClipSP) and C-terminal SP domain (SP-PmClipSP2) were separately cloned. The recombinant proteins were then assayed for their binding properties and involvement in proPO activation. According to the ELISA-based binding assay, rSP-PmClipSP2, but not rClip-PmClipSP, can bind immobilized LPS and \u03b2-1,3-glucan as well as significantly activate PO activity. The binding site at the SP domain is proposed to have a pattern sequence (X-[PFY]-X-[AFILV]-[AFY]-[AITV]-X-[ILV]-X(5)-W-[IL]-X) that is located at the C-terminal region of the SP domain of PmClipSP2. Deletion of the pattern sequence abolished binding to LPS and \u03b2-1,3-glucan. Conversely, a recombinant protein containing the pattern sequence (rPT-PmClipSP2-TRX) had the ability to bind to cell wall components, confirming that the pattern sequence at the C-terminus of PmClipSP2 is responsible for binding to microbes, subsequently leading to activation of the proPO cascade.", "correspondence": {"affiliation": {"country": "Thailand", "address-part": "Phyathai Road", "postal-code": "10330", "@country": "tha", "city": "Bangkok", "organization": [{"$": "Center of Excellence for Molecular Biology and Genomics of Shrimp"}, {"$": "Department of Biochemistry"}, {"$": "Faculty of Science"}, {"$": "Chulalongkorn University"}], "@affiliation-instance-id": "OB2BibRecID-666888679-81602e7f829b3e9b6bfbcc9e51c907e1-1"}, "person": {"ce:given-name": "Anchalee", "@author-instance-id": "OB2BibRecID-666888679-bf8333c589ccf9de33d075a5a7640df2-1", "ce:initials": "A.", "ce:surname": "Tassanakajon", "ce:indexed-name": "Tassanakajon A."}}, "citation-info": {"author-keywords": {"author-keyword": [{"$": "Bacterial binding", "@xml:lang": "eng"}, {"$": "Clip domain serine proteinase", "@xml:lang": "eng"}, {"$": "Penaeus monodon", "@xml:lang": "eng"}, {"$": "proPO-activating system", "@xml:lang": "eng"}, {"$": "Shrimp immunity", "@xml:lang": "eng"}]}, "citation-type": {"@code": "ar"}, "citation-language": {"@language": "English", "@xml:lang": "eng"}, "abstract-language": {"@language": "English", "@xml:lang": "eng"}}, "source": {"website": {"ce:e-address": {"$": "https://www.sciencedirect.com/science/journal/0145305X", "@type": "email"}}, "translated-sourcetitle": {"$": "Developmental and Comparative Immunology", "@xml:lang": "eng"}, "volisspag": {"voliss": {"@volume": "77"}, "pagerange": {"@first": "38", "@last": "45"}}, "@type": "j", "sourcetitle": "Developmental and Comparative Immunology", "publicationdate": {"month": "12", "year": "2017", "date-text": "December 2017", "day": "01"}, "codencode": "DCIMD", "sourcetitle-abbrev": "Dev. Comp. Immunol.", "@country": "gbr", "issn": [{"$": "18790089", "@type": "electronic"}, {"$": "0145305X", "@type": "print"}], "publicationyear": {"@first": "2017"}, "publisher": {"publishername": "Elsevier Ltd"}, "@srcid": "20775"}, "enhancement": {"classificationgroup": {"classifications": [{"@type": "CABSCLASS", "classification": [{"classification-code": "86.5.4", "classification-description": "IMMUNOLOGY AND INFECTIOUS DISEASES; HUMORAL MEDIATORS OF IMMUNE RESPONSE; Other Factors"}, {"classification-code": "86.7.3.1", "classification-description": "IMMUNOLOGY AND INFECTIOUS DISEASES; IMMUNITY TO INFECTION; Medical and Veterinary Bacteriology; Diagnosis"}, {"classification-code": "86.7.3.6", "classification-description": "IMMUNOLOGY AND INFECTIOUS DISEASES; IMMUNITY TO INFECTION; Medical and Veterinary Bacteriology; Pathogenesis and effects on host response"}]}, {"@type": "EMCLASS", "classification": {"classification-code": "4", "classification-description": "Microbiology: Bacteriology, Mycology, Parasitology and Virology"}}, {"@type": "ASJC", "classification": [{"$": "2403"}, {"$": "1309"}]}, {"@type": "SUBJABBR", "classification": [{"$": "IMMU"}, {"$": "BIOC"}]}]}, "chemicalgroup": {"chemicals": [{"@source": "esbd", "chemical": [{"cas-registry-number": "9051-97-2", "chemical-name": "beta 1,3 glucan"}, {"cas-registry-number": "9002-10-2", "enzyme-commission-number": "EC 1.14.18.1", "chemical-name": "monophenol monooxygenase"}, {"enzyme-commission-number": "EC 3.4.21", "chemical-name": "proprotein convertase 9"}, {"enzyme-commission-number": "EC 3.4.21", "chemical-name": "serine protease HTRA1"}, {"cas-registry-number": "37259-58-8", "enzyme-commission-number": "EC 3.4.21", "chemical-name": "serine proteinase"}]}, {"@source": "nlm", "chemical": [{"chemical-name": "beta-1,3-glucan"}, {"chemical-name": "beta-Glucans"}, {"chemical-name": "Lipopolysaccharides"}, {"chemical-name": "Pathogen-Associated Molecular Pattern Molecules"}, {"chemical-name": "pro-phenol oxidase activating proteinase"}, {"chemical-name": "Receptors, Pattern Recognition"}, {"chemical-name": "Serine Endopeptidases"}, {"chemical-name": "Serine Proteases"}]}]}}, "grantlist": {"@complete": "y", "grant-text": {"$": "This work was supported by research grants from the Thailand Research Fund to AT (TRF Senior Scholar No. RTA5880004), the Thailand Research Fund and Thailand National Center for Genetic Engineering and Biotechnology (BIOTEC) to PA (Grant No. BRG5880016). Additional support from TRF (Grant No. IRG5780008) to the Department of Biochemistry, Faculty of Science, Chulalongkorn University is acknowledged. NK is the recipient of a student fellowship from Chulalongkorn University Graduate Scholarship to Commemorate the 72nd Anniversary of His Majesty King Bhumibol Adulyadej, the 90th Anniversary of Chulalongkorn University Fund (Ratchadaphiseksomphot Endowment Fund) and from the Young Scientist and Technologist Programme (YSTP), NSTDA SP-56-BT01.", "@xml:lang": "eng"}, "grant": [{"grant-acronym": "TRF", "grant-agency": {"@iso-code": "tha", "$": "Thailand Research Fund"}, "grant-agency-id": "501100004396"}, {"grant-id": "IRG5780008", "grant-acronym": "TRF", "grant-agency": {"@iso-code": "tha", "$": "Thailand Research Fund"}, "grant-agency-id": "501100004396"}, {"grant-id": "RTA5880004", "grant-acronym": "TRF", "grant-agency": {"@iso-code": "tha", "$": "Thailand Research Fund"}, "grant-agency-id": "501100004396"}]}}, "item-info": {"copyright": {"$": "Copyright 2024 Elsevier B.V., All rights reserved.", "@type": "Elsevier"}, "external-source": "MEDLINE", "dbcollection": [{"$": "CABS"}, {"$": "EMBASE"}, {"$": "EMBIO"}, {"$": "MEDL"}, {"$": "REAXYSCAR"}, {"$": "RMC"}, {"$": "SCOPUS"}, {"$": "Scopusbase"}], "history": {"date-created": {"@day": "17", "@timestamp": "BST 16:30:19", "@year": "2024", "@month": "04"}}, "itemidlist": {"itemid": [{"$": "617511375", "@idtype": "PUI"}, {"$": "2017240159", "@idtype": "CABS"}, {"$": "666888679", "@idtype": "CAR-ID"}, {"$": "20170542539", "@idtype": "EMBASE"}, {"$": "2017137485", "@idtype": "EMBIO"}, {"$": "28735961", "@idtype": "MEDL"}, {"$": "20171352568", "@idtype": "REAXYSCAR"}, {"$": "2017217106", "@idtype": "RMC"}, {"$": "20170072321", "@idtype": "SCOPUS"}, {"$": "666888679#76328799", "@idtype": "SRC-OCC-ID"}, {"$": "85026242667", "@idtype": "SCP"}, {"$": "85026242667", "@idtype": "SGR"}, {"$": "622984375", "@idtype": "PUIsecondary"}], "ce:pii": "S0145305X1730335X", "ce:doi": "10.1016/j.dci.2017.07.016"}}, "tail": {"bibliography": {"@refcount": "35", "reference": [{"ref-fulltext": "Amparyup, P., Charoensapsri, W., Tassanakajon, A., Two prophenoloxidases are important for the survival of Vibrio harveyi challenged shrimp Penaeus monodon. Dev. Comp. Immunol. 33 (2009), 247\u2013256.", "@reference-instance-id": "OB2BibRecID-666888679-9f7428363a480d53c1610bc3d529a369-1", "@id": "1", "ref-info": {"ref-publicationyear": {"@first": "2009"}, "ref-title": {"ref-titletext": "Two prophenoloxidases are important for the survival of Vibrio harveyi challenged shrimp Penaeus monodon"}, "refd-itemidlist": {"itemid": [{"$": "bib1", "@idtype": "FRAGMENTID"}, {"$": "84954358612", "@idtype": "SGR"}]}, "ref-volisspag": {"voliss": {"@volume": "33"}, "pagerange": {"@first": "247", "@last": "256"}}, "ref-authors": {"author": [{"@seq": "1", "ce:initials": "P.", "@_fa": "true", "ce:surname": "Amparyup", "ce:indexed-name": "Amparyup P."}, {"@seq": "2", "ce:initials": "W.", "@_fa": "true", "ce:surname": "Charoensapsri", "ce:indexed-name": "Charoensapsri W."}, {"@seq": "3", "ce:initials": "A.", "@_fa": "true", "ce:surname": "Tassanakajon", "ce:indexed-name": "Tassanakajon A."}]}, "ref-sourcetitle": "Dev. Comp. Immunol."}}, {"ref-fulltext": "Amparyup, P., Charoensapsri, W., Tassanakajon, A., Prophenoloxidase system and its role in shrimp immune responses against major pathogens. Fish. Shellfish Immunol. 34 (2013), 990\u20131001.", "@reference-instance-id": "OB2BibRecID-666888679-d72ab0f140701954952c8bc93ff3864a-2", "@id": "2", "ref-info": {"ref-publicationyear": {"@first": "2013"}, "ref-title": {"ref-titletext": "Prophenoloxidase system and its role in shrimp immune responses against major pathogens"}, "refd-itemidlist": {"itemid": [{"$": "bib2", "@idtype": "FRAGMENTID"}, {"$": "84875376505", "@idtype": "SGR"}]}, "ref-volisspag": {"voliss": {"@volume": "34"}, "pagerange": {"@first": "990", "@last": "1001"}}, "ref-authors": {"author": [{"@seq": "1", "ce:initials": "P.", "@_fa": "true", "ce:surname": "Amparyup", "ce:indexed-name": "Amparyup P."}, {"@seq": "2", "ce:initials": "W.", "@_fa": "true", "ce:surname": "Charoensapsri", "ce:indexed-name": "Charoensapsri W."}, {"@seq": "3", "ce:initials": "A.", "@_fa": "true", "ce:surname": "Tassanakajon", "ce:indexed-name": "Tassanakajon A."}]}, "ref-sourcetitle": "Fish. Shellfish Immunol."}}, {"ref-fulltext": "Amparyup, P., Kondo, H., Hirono, I., Aoki, T., Tassanakajon, A., Molecular cloning, genomic organization and recombinant expression of a crustin-like antimicrobial peptide from black tiger shrimp Penaeus monodon. Mol. Immunol. 45 (2008), 1085\u20131093.", "@reference-instance-id": "OB2BibRecID-666888679-f5cac5668e622c311a49702da54cb9ab-3", "@id": "3", "ref-info": {"ref-publicationyear": {"@first": "2008"}, "ref-title": {"ref-titletext": "Molecular cloning, genomic organization and recombinant expression of a crustin-like antimicrobial peptide from black tiger shrimp Penaeus monodon"}, "refd-itemidlist": {"itemid": [{"$": "bib3", "@idtype": "FRAGMENTID"}, {"$": "35649028748", "@idtype": "SGR"}]}, "ref-volisspag": {"voliss": {"@volume": "45"}, "pagerange": {"@first": "1085", "@last": "1093"}}, "ref-authors": {"author": [{"@seq": "1", "ce:initials": "P.", "@_fa": "true", "ce:surname": "Amparyup", "ce:indexed-name": "Amparyup P."}, {"@seq": "2", "ce:initials": "H.", "@_fa": "true", "ce:surname": "Kondo", "ce:indexed-name": "Kondo H."}, {"@seq": "3", "ce:initials": "I.", "@_fa": "true", "ce:surname": "Hirono", "ce:indexed-name": "Hirono I."}, {"@seq": "4", "ce:initials": "T.", "@_fa": "true", "ce:surname": "Aoki", "ce:indexed-name": "Aoki T."}, {"@seq": "5", "ce:initials": "A.", "@_fa": "true", "ce:surname": "Tassanakajon", "ce:indexed-name": "Tassanakajon A."}]}, "ref-sourcetitle": "Mol. Immunol."}}, {"ref-fulltext": "Amparyup, P., Promrungreang, K., Charoensapsri, W., Sutthangkul, J., Tassanakajon, A., A serine proteinase PmClipSP2 contributes to prophenoloxidase system and plays a protective role in shrimp defense by scavenging lipopolysaccharide. Dev. Comp. Immunol. 41 (2013), 597\u2013607.", "@reference-instance-id": "OB2BibRecID-666888679-313121020c23132d641ea918f8684228-4", "@id": "4", "ref-info": {"ref-publicationyear": {"@first": "2013"}, "ref-title": {"ref-titletext": "A serine proteinase PmClipSP2 contributes to prophenoloxidase system and plays a protective role in shrimp defense by scavenging lipopolysaccharide"}, "refd-itemidlist": {"itemid": [{"$": "bib4", "@idtype": "FRAGMENTID"}, {"$": "84883351032", "@idtype": "SGR"}]}, "ref-volisspag": {"voliss": {"@volume": "41"}, "pagerange": {"@first": "597", "@last": "607"}}, "ref-authors": {"author": [{"@seq": "1", "ce:initials": "P.", "@_fa": "true", "ce:surname": "Amparyup", "ce:indexed-name": "Amparyup P."}, {"@seq": "2", "ce:initials": "K.", "@_fa": "true", "ce:surname": "Promrungreang", "ce:indexed-name": "Promrungreang K."}, {"@seq": "3", "ce:initials": "W.", "@_fa": "true", "ce:surname": "Charoensapsri", "ce:indexed-name": "Charoensapsri W."}, {"@seq": "4", "ce:initials": "J.", "@_fa": "true", "ce:surname": "Sutthangkul", "ce:indexed-name": "Sutthangkul J."}, {"@seq": "5", "ce:initials": "A.", "@_fa": "true", "ce:surname": "Tassanakajon", "ce:indexed-name": "Tassanakajon A."}]}, "ref-sourcetitle": "Dev. Comp. Immunol."}}, {"ref-fulltext": "Amparyup, P., Sutthangkul, J., Charoensapsri, W., Tassanakajon, A., Pattern recognition protein binds to lipopolysaccharide and \u03b2-1,3-glucan and activates shrimp prophenoloxidase system. J. Biol. Chem. 287 (2012), 10060\u201310069.", "@reference-instance-id": "OB2BibRecID-666888679-b42abc7493e266f3d683f0c4d0391c99-5", "@id": "5", "ref-info": {"ref-publicationyear": {"@first": "2012"}, "ref-title": {"ref-titletext": "Pattern recognition protein binds to lipopolysaccharide and \u03b2-1,3-glucan and activates shrimp prophenoloxidase system"}, "refd-itemidlist": {"itemid": [{"$": "bib5", "@idtype": "FRAGMENTID"}, {"$": "84858959561", "@idtype": "SGR"}]}, "ref-volisspag": {"voliss": {"@volume": "287"}, "pagerange": {"@first": "10060", "@last": "10069"}}, "ref-authors": {"author": [{"@seq": "1", "ce:initials": "P.", "@_fa": "true", "ce:surname": "Amparyup", "ce:indexed-name": "Amparyup P."}, {"@seq": "2", "ce:initials": "J.", "@_fa": "true", "ce:surname": "Sutthangkul", "ce:indexed-name": "Sutthangkul J."}, {"@seq": "3", "ce:initials": "W.", "@_fa": "true", "ce:surname": "Charoensapsri", "ce:indexed-name": "Charoensapsri W."}, {"@seq": "4", "ce:initials": "A.", "@_fa": "true", "ce:surname": "Tassanakajon", "ce:indexed-name": "Tassanakajon A."}]}, "ref-sourcetitle": "J. Biol. Chem."}}, {"ref-fulltext": "Amparyup, P., Wiriyaukaradecha, K., Charoensapsri, W., Tassanakajon, A., A clip domain serine proteinase plays a role in antibacterial defense but is not required for prophenoloxidase activation in shrimp. Dev. Comp. Immunol. 34 (2010), 168\u2013176.", "@reference-instance-id": "OB2BibRecID-666888679-dd02e03e0c5e9cf753d56d13b155063c-6", "@id": "6", "ref-info": {"ref-publicationyear": {"@first": "2010"}, "ref-title": {"ref-titletext": "A clip domain serine proteinase plays a role in antibacterial defense but is not required for prophenoloxidase activation in shrimp"}, "refd-itemidlist": {"itemid": [{"$": "bib6", "@idtype": "FRAGMENTID"}, {"$": "70450273342", "@idtype": "SGR"}]}, "ref-volisspag": {"voliss": {"@volume": "34"}, "pagerange": {"@first": "168", "@last": "176"}}, "ref-authors": {"author": [{"@seq": "1", "ce:initials": "P.", "@_fa": "true", "ce:surname": "Amparyup", "ce:indexed-name": "Amparyup P."}, {"@seq": "2", "ce:initials": "K.", "@_fa": "true", "ce:surname": "Wiriyaukaradecha", "ce:indexed-name": "Wiriyaukaradecha K."}, {"@seq": "3", "ce:initials": "W.", "@_fa": "true", "ce:surname": "Charoensapsri", "ce:indexed-name": "Charoensapsri W."}, {"@seq": "4", "ce:initials": "A.", "@_fa": "true", "ce:surname": "Tassanakajon", "ce:indexed-name": "Tassanakajon A."}]}, "ref-sourcetitle": "Dev. Comp. Immunol."}}, {"ref-fulltext": "Ariki, S., Koori, K., Osaki, T., Motoyama, K., Inamori, K., Kawabata, S., A serine protease zymogen functions as a pattern-recognition receptor for lipopolysaccharides. Proc. Natl. Acad. Sci. U. S. A. 101 (2004), 953\u2013958.", "@reference-instance-id": "OB2BibRecID-666888679-5ccfbf56611963877eed0a50cf744f1f-7", "@id": "7", "ref-info": {"ref-publicationyear": {"@first": "2004"}, "ref-title": {"ref-titletext": "A serine protease zymogen functions as a pattern-recognition receptor for lipopolysaccharides"}, "refd-itemidlist": {"itemid": [{"$": "bib7", "@idtype": "FRAGMENTID"}, {"$": "0742305683", "@idtype": "SGR"}]}, "ref-volisspag": {"voliss": {"@volume": "101"}, "pagerange": {"@first": "953", "@last": "958"}}, "ref-authors": {"author": [{"@seq": "1", "ce:initials": "S.", "@_fa": "true", "ce:surname": "Ariki", "ce:indexed-name": "Ariki S."}, {"@seq": "2", "ce:initials": "K.", "@_fa": "true", "ce:surname": "Koori", "ce:indexed-name": "Koori K."}, {"@seq": "3", "ce:initials": "T.", "@_fa": "true", "ce:surname": "Osaki", "ce:indexed-name": "Osaki T."}, {"@seq": "4", "ce:initials": "K.", "@_fa": "true", "ce:surname": "Motoyama", "ce:indexed-name": "Motoyama K."}, {"@seq": "5", "ce:initials": "K.", "@_fa": "true", "ce:surname": "Inamori", "ce:indexed-name": "Inamori K."}, {"@seq": "6", "ce:initials": "S.", "@_fa": "true", "ce:surname": "Kawabata", "ce:indexed-name": "Kawabata S."}]}, "ref-sourcetitle": "Proc. Natl. Acad. Sci. U. S. A."}}, {"ref-fulltext": "Cerenius, L., Lee, B.L., S\u00f6derh\u00e4ll, K., The proPO-system: pros and cons for its role in invertebrate immunity. Trends Immunol. 29 (2008), 263\u2013271.", "@reference-instance-id": "OB2BibRecID-666888679-37bd613d9f75209a1e2422d66b620f86-8", "@id": "8", "ref-info": {"ref-publicationyear": {"@first": "2008"}, "ref-title": {"ref-titletext": "The proPO-system: pros and cons for its role in invertebrate immunity"}, "refd-itemidlist": {"itemid": [{"$": "bib8", "@idtype": "FRAGMENTID"}, {"$": "44649197623", "@idtype": "SGR"}]}, "ref-volisspag": {"voliss": {"@volume": "29"}, "pagerange": {"@first": "263", "@last": "271"}}, "ref-authors": {"author": [{"@seq": "1", "ce:initials": "L.", "@_fa": "true", "ce:surname": "Cerenius", "ce:indexed-name": "Cerenius L."}, {"@seq": "2", "ce:initials": "B.L.", "@_fa": "true", "ce:surname": "Lee", "ce:indexed-name": "Lee B.L."}, {"@seq": "3", "ce:initials": "K.", "@_fa": "true", "ce:surname": "S\u00f6derh\u00e4ll", "ce:indexed-name": "Soderhall K."}]}, "ref-sourcetitle": "Trends Immunol."}}, {"ref-fulltext": "Cerenius, L., S\u00f6derh\u00e4ll, K., The prophenoloxidase-activating system in invertebrates. Immunol. Rev. 198 (2004), 116\u2013126.", "@reference-instance-id": "OB2BibRecID-666888679-5519ce3f715da91d6e7161fc42e64434-9", "@id": "9", "ref-info": {"ref-publicationyear": {"@first": "2004"}, "ref-title": {"ref-titletext": "The prophenoloxidase-activating system in invertebrates"}, "refd-itemidlist": {"itemid": [{"$": "bib9", "@idtype": "FRAGMENTID"}, {"$": "1642463826", "@idtype": "SGR"}]}, "ref-volisspag": {"voliss": {"@volume": "198"}, "pagerange": {"@first": "116", "@last": "126"}}, "ref-authors": {"author": [{"@seq": "1", "ce:initials": "L.", "@_fa": "true", "ce:surname": "Cerenius", "ce:indexed-name": "Cerenius L."}, {"@seq": "2", "ce:initials": "K.", "@_fa": "true", "ce:surname": "S\u00f6derh\u00e4ll", "ce:indexed-name": "Soderhall K."}]}, "ref-sourcetitle": "Immunol. Rev."}}, {"ref-fulltext": "Charoensapsri, W., Amparyup, P., Hirono, I., Aoki, T., Tassanakajon, A., Gene silencing of a prophenoloxidase activating enzyme in the shrimp, Penaeus monodon, increases susceptibility to Vibrio harveyi infection. Dev. Comp. Immunol. 33 (2009), 811\u2013820.", "@reference-instance-id": "OB2BibRecID-666888679-b8ddc1a4628da632590523656346cb83-10", "@id": "10", "ref-info": {"ref-publicationyear": {"@first": "2009"}, "ref-title": {"ref-titletext": "Gene silencing of a prophenoloxidase activating enzyme in the shrimp, Penaeus monodon, increases susceptibility to Vibrio harveyi infection"}, "refd-itemidlist": {"itemid": [{"$": "bib10", "@idtype": "FRAGMENTID"}, {"$": "64549105261", "@idtype": "SGR"}]}, "ref-volisspag": {"voliss": {"@volume": "33"}, "pagerange": {"@first": "811", "@last": "820"}}, "ref-authors": {"author": [{"@seq": "1", "ce:initials": "W.", "@_fa": "true", "ce:surname": "Charoensapsri", "ce:indexed-name": "Charoensapsri W."}, {"@seq": "2", "ce:initials": "P.", "@_fa": "true", "ce:surname": "Amparyup", "ce:indexed-name": "Amparyup P."}, {"@seq": "3", "ce:initials": "I.", "@_fa": "true", "ce:surname": "Hirono", "ce:indexed-name": "Hirono I."}, {"@seq": "4", "ce:initials": "T.", "@_fa": "true", "ce:surname": "Aoki", "ce:indexed-name": "Aoki T."}, {"@seq": "5", "ce:initials": "A.", "@_fa": "true", "ce:surname": "Tassanakajon", "ce:indexed-name": "Tassanakajon A."}]}, "ref-sourcetitle": "Dev. Comp. Immunol."}}, {"ref-fulltext": "Charoensapsri, W., Amparyup, P., Hirono, I., Aoki, T., Tassanakajon, A., PmPPAE2, a new class of crustacean prophenoloxidase (proPO)-activating enzyme and its role in PO activation. Dev. Comp. Immunol. 35 (2011), 115\u2013124.", "@reference-instance-id": "OB2BibRecID-666888679-09ccda23e8a59a53aeb5e5ab29ac5bb5-11", "@id": "11", "ref-info": {"ref-publicationyear": {"@first": "2011"}, "ref-title": {"ref-titletext": "PmPPAE2, a new class of crustacean prophenoloxidase (proPO)-activating enzyme and its role in PO activation"}, "refd-itemidlist": {"itemid": [{"$": "bib11", "@idtype": "FRAGMENTID"}, {"$": "77957858540", "@idtype": "SGR"}]}, "ref-volisspag": {"voliss": {"@volume": "35"}, "pagerange": {"@first": "115", "@last": "124"}}, "ref-authors": {"author": [{"@seq": "1", "ce:initials": "W.", "@_fa": "true", "ce:surname": "Charoensapsri", "ce:indexed-name": "Charoensapsri W."}, {"@seq": "2", "ce:initials": "P.", "@_fa": "true", "ce:surname": "Amparyup", "ce:indexed-name": "Amparyup P."}, {"@seq": "3", "ce:initials": "I.", "@_fa": "true", "ce:surname": "Hirono", "ce:indexed-name": "Hirono I."}, {"@seq": "4", "ce:initials": "T.", "@_fa": "true", "ce:surname": "Aoki", "ce:indexed-name": "Aoki T."}, {"@seq": "5", "ce:initials": "A.", "@_fa": "true", "ce:surname": "Tassanakajon", "ce:indexed-name": "Tassanakajon A."}]}, "ref-sourcetitle": "Dev. Comp. Immunol."}}, {"ref-fulltext": "Christensen, B.M., Li, J., Chen, C.C., Nappi, A.J., Melanization immune responses in mosquito vectors. Trends Parasitol. 21 (2005), 192\u2013199.", "@reference-instance-id": "OB2BibRecID-666888679-f7c4e2d5b1f121d6c9b83a23f1b9e247-12", "@id": "12", "ref-info": {"ref-publicationyear": {"@first": "2005"}, "ref-title": {"ref-titletext": "Melanization immune responses in mosquito vectors"}, "refd-itemidlist": {"itemid": [{"$": "bib12", "@idtype": "FRAGMENTID"}, {"$": "15044357864", "@idtype": "SGR"}]}, "ref-volisspag": {"voliss": {"@volume": "21"}, "pagerange": {"@first": "192", "@last": "199"}}, "ref-authors": {"author": [{"@seq": "1", "ce:initials": "B.M.", "@_fa": "true", "ce:surname": "Christensen", "ce:indexed-name": "Christensen B.M."}, {"@seq": "2", "ce:initials": "J.", "@_fa": "true", "ce:surname": "Li", "ce:indexed-name": "Li J."}, {"@seq": "3", "ce:initials": "C.C.", "@_fa": "true", "ce:surname": "Chen", "ce:indexed-name": "Chen C.C."}, {"@seq": "4", "ce:initials": "A.J.", "@_fa": "true", "ce:surname": "Nappi", "ce:indexed-name": "Nappi A.J."}]}, "ref-sourcetitle": "Trends Parasitol."}}, {"ref-fulltext": "Fagutao, F.F., Koyama, T., Kaizu, A., Saito-Taki, T., Kondo, H., Aoki, T., Hirono, I., Increased bacterial load in shrimp hemolymph in the absence of prophenoloxidase. FEBS J. 276 (2009), 5298\u20135306.", "@reference-instance-id": "OB2BibRecID-666888679-7e0330300eb7e96af017b3f8446c512f-13", "@id": "13", "ref-info": {"ref-publicationyear": {"@first": "2009"}, "ref-title": {"ref-titletext": "Increased bacterial load in shrimp hemolymph in the absence of prophenoloxidase"}, "refd-itemidlist": {"itemid": [{"$": "bib13", "@idtype": "FRAGMENTID"}, {"$": "69449097951", "@idtype": "SGR"}]}, "ref-volisspag": {"voliss": {"@volume": "276"}, "pagerange": {"@first": "5298", "@last": "5306"}}, "ref-authors": {"author": [{"@seq": "1", "ce:initials": "F.F.", "@_fa": "true", "ce:surname": "Fagutao", "ce:indexed-name": "Fagutao F.F."}, {"@seq": "2", "ce:initials": "T.", "@_fa": "true", "ce:surname": "Koyama", "ce:indexed-name": "Koyama T."}, {"@seq": "3", "ce:initials": "A.", "@_fa": "true", "ce:surname": "Kaizu", "ce:indexed-name": "Kaizu A."}, {"@seq": "4", "ce:initials": "T.", "@_fa": "true", "ce:surname": "Saito-Taki", "ce:indexed-name": "Saito-Taki T."}, {"@seq": "5", "ce:initials": "H.", "@_fa": "true", "ce:surname": "Kondo", "ce:indexed-name": "Kondo H."}, {"@seq": "6", "ce:initials": "T.", "@_fa": "true", "ce:surname": "Aoki", "ce:indexed-name": "Aoki T."}, {"@seq": "7", "ce:initials": "I.", "@_fa": "true", "ce:surname": "Hirono", "ce:indexed-name": "Hirono I."}]}, "ref-sourcetitle": "FEBS J."}}, {"ref-fulltext": "Gorman, M.J., Wang, Y., Jiang, H., Kanost, M.R., Manduca sexta hemolymph proteinase 21 activates prophenoloxidase-activating proteinase 3 in an insect innate immune response proteinase cascade. J. Biol. Chem. 282 (2007), 11742\u201311749.", "@reference-instance-id": "OB2BibRecID-666888679-7ff85066459e4bcaf2840b080a017427-14", "@id": "14", "ref-info": {"ref-publicationyear": {"@first": "2007"}, "ref-title": {"ref-titletext": "Manduca sexta hemolymph proteinase 21 activates prophenoloxidase-activating proteinase 3 in an insect innate immune response proteinase cascade"}, "refd-itemidlist": {"itemid": [{"$": "bib14", "@idtype": "FRAGMENTID"}, {"$": "34249707378", "@idtype": "SGR"}]}, "ref-volisspag": {"voliss": {"@volume": "282"}, "pagerange": {"@first": "11742", "@last": "11749"}}, "ref-authors": {"author": [{"@seq": "1", "ce:initials": "M.J.", "@_fa": "true", "ce:surname": "Gorman", "ce:indexed-name": "Gorman M.J."}, {"@seq": "2", "ce:initials": "Y.", "@_fa": "true", "ce:surname": "Wang", "ce:indexed-name": "Wang Y."}, {"@seq": "3", "ce:initials": "H.", "@_fa": "true", "ce:surname": "Jiang", "ce:indexed-name": "Jiang H."}, {"@seq": "4", "ce:initials": "M.R.", "@_fa": "true", "ce:surname": "Kanost", "ce:indexed-name": "Kanost M.R."}]}, "ref-sourcetitle": "J. Biol. Chem."}}, {"ref-fulltext": "Jang, I.H., Chosa, N., Kim, S.H., Nam, H.J., Lemaitre, B., Ochiai, M., Kambris, Z., Brun, S., Hashimoto, C., Ashida, M., Brey, P.T., Lee, W.J., A Sp\u00e4tzle-processing enzyme required for toll signaling activation in Drosophila innate immunity. Dev. Cell 10 (2006), 45\u201355.", "@reference-instance-id": "OB2BibRecID-666888679-84d810dee32fd903b628e3fb074e7cff-15", "@id": "15", "ref-info": {"ref-publicationyear": {"@first": "2006"}, "ref-title": {"ref-titletext": "A Sp\u00e4tzle-processing enzyme required for toll signaling activation in Drosophila innate immunity"}, "refd-itemidlist": {"itemid": [{"$": "bib15", "@idtype": "FRAGMENTID"}, {"$": "29744438644", "@idtype": "SGR"}]}, "ref-volisspag": {"voliss": {"@volume": "10"}, "pagerange": {"@first": "45", "@last": "55"}}, "ref-authors": {"author": [{"@seq": "1", "ce:initials": "I.H.", "@_fa": "true", "ce:surname": "Jang", "ce:indexed-name": "Jang I.H."}, {"@seq": "2", "ce:initials": "N.", "@_fa": "true", "ce:surname": "Chosa", "ce:indexed-name": "Chosa N."}, {"@seq": "3", "ce:initials": "S.H.", "@_fa": "true", "ce:surname": "Kim", "ce:indexed-name": "Kim S.H."}, {"@seq": "4", "ce:initials": "H.J.", "@_fa": "true", "ce:surname": "Nam", "ce:indexed-name": "Nam H.J."}, {"@seq": "5", "ce:initials": "B.", "@_fa": "true", "ce:surname": "Lemaitre", "ce:indexed-name": "Lemaitre B."}, {"@seq": "6", "ce:initials": "M.", "@_fa": "true", "ce:surname": "Ochiai", "ce:indexed-name": "Ochiai M."}, {"@seq": "7", "ce:initials": "Z.", "@_fa": "true", "ce:surname": "Kambris", "ce:indexed-name": "Kambris Z."}, {"@seq": "8", "ce:initials": "S.", "@_fa": "true", "ce:surname": "Brun", "ce:indexed-name": "Brun S."}, {"@seq": "9", "ce:initials": "C.", "@_fa": "true", "ce:surname": "Hashimoto", "ce:indexed-name": "Hashimoto C."}, {"@seq": "10", "ce:initials": "M.", "@_fa": "true", "ce:surname": "Ashida", "ce:indexed-name": "Ashida M."}, {"@seq": "11", "ce:initials": "P.T.", "@_fa": "true", "ce:surname": "Brey", "ce:indexed-name": "Brey P.T."}, {"@seq": "12", "ce:initials": "W.J.", "@_fa": "true", "ce:surname": "Lee", "ce:indexed-name": "Lee W.J."}]}, "ref-sourcetitle": "Dev. Cell"}}, {"ref-fulltext": "Jang, I.H., Nam, H.J., Lee, W.J., CLIP-domain serine proteases in Drosophila innate immunity. BMB Rep. 41 (2008), 102\u2013107.", "@reference-instance-id": "OB2BibRecID-666888679-fbe272c5303a7a2eeb1da12a145418a7-16", "@id": "16", "ref-info": {"ref-publicationyear": {"@first": "2008"}, "ref-title": {"ref-titletext": "CLIP-domain serine proteases in Drosophila innate immunity"}, "refd-itemidlist": {"itemid": [{"$": "bib16", "@idtype": "FRAGMENTID"}, {"$": "40549103093", "@idtype": "SGR"}]}, "ref-volisspag": {"voliss": {"@volume": "41"}, "pagerange": {"@first": "102", "@last": "107"}}, "ref-authors": {"author": [{"@seq": "1", "ce:initials": "I.H.", "@_fa": "true", "ce:surname": "Jang", "ce:indexed-name": "Jang I.H."}, {"@seq": "2", "ce:initials": "H.J.", "@_fa": "true", "ce:surname": "Nam", "ce:indexed-name": "Nam H.J."}, {"@seq": "3", "ce:initials": "W.J.", "@_fa": "true", "ce:surname": "Lee", "ce:indexed-name": "Lee W.J."}]}, "ref-sourcetitle": "BMB Rep."}}, {"ref-fulltext": "Jang, I.K., Pang, Z., Yu, J., Kim, S.K., Seo, H.C., Cho, Y.R., Selectively enhanced expression of prophenoloxidase activating enzyme 1 (PPAE1) at a bacteria clearance site in the white shrimp, Litopenaeus vannamei. BMC Immunol., 12, 2011, 70.", "@reference-instance-id": "OB2BibRecID-666888679-5ac1c6482c2e4d60278e681cd75acf99-17", "@id": "17", "ref-info": {"ref-publicationyear": {"@first": "2011"}, "ref-title": {"ref-titletext": "Selectively enhanced expression of prophenoloxidase activating enzyme 1 (PPAE1) at a bacteria clearance site in the white shrimp, Litopenaeus vannamei"}, "refd-itemidlist": {"itemid": [{"$": "bib17", "@idtype": "FRAGMENTID"}, {"$": "84855166694", "@idtype": "SGR"}]}, "ref-volisspag": {"voliss": {"@volume": "12"}, "pagerange": {"@first": "70"}}, "ref-authors": {"author": [{"@seq": "1", "ce:initials": "I.K.", "@_fa": "true", "ce:surname": "Jang", "ce:indexed-name": "Jang I.K."}, {"@seq": "2", "ce:initials": "Z.", "@_fa": "true", "ce:surname": "Pang", "ce:indexed-name": "Pang Z."}, {"@seq": "3", "ce:initials": "J.", "@_fa": "true", "ce:surname": "Yu", "ce:indexed-name": "Yu J."}, {"@seq": "4", "ce:initials": "S.K.", "@_fa": "true", "ce:surname": "Kim", "ce:indexed-name": "Kim S.K."}, {"@seq": "5", "ce:initials": "H.C.", "@_fa": "true", "ce:surname": "Seo", "ce:indexed-name": "Seo H.C."}, {"@seq": "6", "ce:initials": "Y.R.", "@_fa": "true", "ce:surname": "Cho", "ce:indexed-name": "Cho Y.R."}]}, "ref-sourcetitle": "BMC Immunol."}}, {"ref-fulltext": "Ji, C., Wang, Y., Guo, X., Hartson, S., Jiang, H., A pattern recognition serine proteinase triggers the prophenoloxidase activation cascade in the tobacco hornworm, Manduca sexta. J. Biol. Chem. 279 (2004), 34101\u201334106.", "@reference-instance-id": "OB2BibRecID-666888679-a684519d9c7f6c1a531188263f6ce690-18", "@id": "18", "ref-info": {"ref-publicationyear": {"@first": "2004"}, "ref-title": {"ref-titletext": "A pattern recognition serine proteinase triggers the prophenoloxidase activation cascade in the tobacco hornworm, Manduca sexta"}, "refd-itemidlist": {"itemid": [{"$": "bib18", "@idtype": "FRAGMENTID"}, {"$": "4544337752", "@idtype": "SGR"}]}, "ref-volisspag": {"voliss": {"@volume": "279"}, "pagerange": {"@first": "34101", "@last": "34106"}}, "ref-authors": {"author": [{"@seq": "1", "ce:initials": "C.", "@_fa": "true", "ce:surname": "Ji", "ce:indexed-name": "Ji C."}, {"@seq": "2", "ce:initials": "Y.", "@_fa": "true", "ce:surname": "Wang", "ce:indexed-name": "Wang Y."}, {"@seq": "3", "ce:initials": "X.", "@_fa": "true", "ce:surname": "Guo", "ce:indexed-name": "Guo X."}, {"@seq": "4", "ce:initials": "S.", "@_fa": "true", "ce:surname": "Hartson", "ce:indexed-name": "Hartson S."}, {"@seq": "5", "ce:initials": "H.", "@_fa": "true", "ce:surname": "Jiang", "ce:indexed-name": "Jiang H."}]}, "ref-sourcetitle": "J. Biol. Chem."}}, {"ref-fulltext": "Jiang, H., Kanost, M.R., The clip-domain family of serine proteinases in arthropods. Insect Biochem. Mol. Biol. 30 (2000), 95\u2013105.", "@reference-instance-id": "OB2BibRecID-666888679-0b6745ac29c134ed96f619607e04fe2a-19", "@id": "19", "ref-info": {"ref-publicationyear": {"@first": "2000"}, "ref-title": {"ref-titletext": "The clip-domain family of serine proteinases in arthropods"}, "refd-itemidlist": {"itemid": [{"$": "bib19", "@idtype": "FRAGMENTID"}, {"$": "0033953792", "@idtype": "SGR"}]}, "ref-volisspag": {"voliss": {"@volume": "30"}, "pagerange": {"@first": "95", "@last": "105"}}, "ref-authors": {"author": [{"@seq": "1", "ce:initials": "H.", "@_fa": "true", "ce:surname": "Jiang", "ce:indexed-name": "Jiang H."}, {"@seq": "2", "ce:initials": "M.R.", "@_fa": "true", "ce:surname": "Kanost", "ce:indexed-name": "Kanost M.R."}]}, "ref-sourcetitle": "Insect Biochem. Mol. Biol."}}, {"ref-fulltext": "Kanost, M.R., Gorman, M.J., Phenoloxidase in insect immunity. Beckage, N.E., (eds.) Insect Immunology, 2008, Academic Press, San Diego, 69\u201396.", "@reference-instance-id": "OB2BibRecID-666888679-6b7e66c0fb6a0458ed62afd826d25550-20", "@id": "20", "ref-info": {"ref-publicationyear": {"@first": "2008"}, "ref-title": {"ref-titletext": "Phenoloxidase in insect immunity"}, "refd-itemidlist": {"itemid": [{"$": "bib20", "@idtype": "FRAGMENTID"}, {"$": "54849421830", "@idtype": "SGR"}]}, "ref-volisspag": {"pagerange": {"@first": "69", "@last": "96"}}, "ref-text": "N.E. Beckage Academic Press San Diego", "ref-authors": {"author": [{"@seq": "1", "ce:initials": "M.R.", "@_fa": "true", "ce:surname": "Kanost", "ce:indexed-name": "Kanost M.R."}, {"@seq": "2", "ce:initials": "M.J.", "@_fa": "true", "ce:surname": "Gorman", "ce:indexed-name": "Gorman M.J."}]}, "ref-sourcetitle": "Insect Immunology"}}, {"ref-fulltext": "Kanost, M.R., Jiang, H., Clip-domain serine proteases as immune factors in insect hemolymph. Curr. Opin. Insect Sci. 11 (2015), 47\u201355.", "@reference-instance-id": "OB2BibRecID-666888679-239cebba7cb2b30c95e52eddb60d0c2b-21", "@id": "21", "ref-info": {"ref-publicationyear": {"@first": "2015"}, "ref-title": {"ref-titletext": "Clip-domain serine proteases as immune factors in insect hemolymph"}, "refd-itemidlist": {"itemid": [{"$": "bib21", "@idtype": "FRAGMENTID"}, {"$": "84942806460", "@idtype": "SGR"}]}, "ref-volisspag": {"voliss": {"@volume": "11"}, "pagerange": {"@first": "47", "@last": "55"}}, "ref-authors": {"author": [{"@seq": "1", "ce:initials": "M.R.", "@_fa": "true", "ce:surname": "Kanost", "ce:indexed-name": "Kanost M.R."}, {"@seq": "2", "ce:initials": "H.", "@_fa": "true", "ce:surname": "Jiang", "ce:indexed-name": "Jiang H."}]}, "ref-sourcetitle": "Curr. Opin. Insect Sci."}}, {"ref-fulltext": "Kasetty, G., Papareddy, P., Kalle, M., Rydengard, V., Walse, B., Svensson, B., Morgelin, M., Malmsten, M., Schmidtchen, A., The C-terminal sequence of several human serine proteases encodes host defense functions. J. Innate Immun. 3 (2011), 471\u2013482.", "@reference-instance-id": "OB2BibRecID-666888679-52e894bcc3f886db02e5511c87c731fe-22", "@id": "22", "ref-info": {"ref-publicationyear": {"@first": "2011"}, "ref-title": {"ref-titletext": "The C-terminal sequence of several human serine proteases encodes host defense functions"}, "refd-itemidlist": {"itemid": [{"$": "bib22", "@idtype": "FRAGMENTID"}, {"$": "80052048215", "@idtype": "SGR"}]}, "ref-volisspag": {"voliss": {"@volume": "3"}, "pagerange": {"@first": "471", "@last": "482"}}, "ref-authors": {"author": [{"@seq": "1", "ce:initials": "G.", "@_fa": "true", "ce:surname": "Kasetty", "ce:indexed-name": "Kasetty G."}, {"@seq": "2", "ce:initials": "P.", "@_fa": "true", "ce:surname": "Papareddy", "ce:indexed-name": "Papareddy P."}, {"@seq": "3", "ce:initials": "M.", "@_fa": "true", "ce:surname": "Kalle", "ce:indexed-name": "Kalle M."}, {"@seq": "4", "ce:initials": "V.", "@_fa": "true", "ce:surname": "Rydengard", "ce:indexed-name": "Rydengard V."}, {"@seq": "5", "ce:initials": "B.", "@_fa": "true", "ce:surname": "Walse", "ce:indexed-name": "Walse B."}, {"@seq": "6", "ce:initials": "B.", "@_fa": "true", "ce:surname": "Svensson", "ce:indexed-name": "Svensson B."}, {"@seq": "7", "ce:initials": "M.", "@_fa": "true", "ce:surname": "Morgelin", "ce:indexed-name": "Morgelin M."}, {"@seq": "8", "ce:initials": "M.", "@_fa": "true", "ce:surname": "Malmsten", "ce:indexed-name": "Malmsten M."}, {"@seq": "9", "ce:initials": "A.", "@_fa": "true", "ce:surname": "Schmidtchen", "ce:indexed-name": "Schmidtchen A."}]}, "ref-sourcetitle": "J. Innate Immun."}}, {"ref-fulltext": "Koshiba, T., Hashii, T., Kawabata, S., A structural perspective on the interaction between lipopolysaccharide and factor C, a receptor involved in recognition of Gram-negative bacteria. J. Biol. Chem. 282 (2007), 3962\u20133967.", "@reference-instance-id": "OB2BibRecID-666888679-025fd3bb152811c8389552fe99cdf4b3-23", "@id": "23", "ref-info": {"ref-publicationyear": {"@first": "2007"}, "ref-title": {"ref-titletext": "A structural perspective on the interaction between lipopolysaccharide and factor C, a receptor involved in recognition of Gram-negative bacteria"}, "refd-itemidlist": {"itemid": [{"$": "bib23", "@idtype": "FRAGMENTID"}, {"$": "33947507505", "@idtype": "SGR"}]}, "ref-volisspag": {"voliss": {"@volume": "282"}, "pagerange": {"@first": "3962", "@last": "3967"}}, "ref-authors": {"author": [{"@seq": "1", "ce:initials": "T.", "@_fa": "true", "ce:surname": "Koshiba", "ce:indexed-name": "Koshiba T."}, {"@seq": "2", "ce:initials": "T.", "@_fa": "true", "ce:surname": "Hashii", "ce:indexed-name": "Hashii T."}, {"@seq": "3", "ce:initials": "S.", "@_fa": "true", "ce:surname": "Kawabata", "ce:indexed-name": "Kawabata S."}]}, "ref-sourcetitle": "J. Biol. Chem."}}, {"ref-fulltext": "Liu, H., Jiravanichpaisal, P., Cerenius, L., Lee, B.L., S\u00f6derh\u00e4ll, I., S\u00f6derh\u00e4ll, K., Phenoloxidase is an important component of the defense against Aeromonas hydrophila infection in a crustacean, Pacifastacus leniusculus. J. Biol. Chem. 282 (2007), 33593\u201333598.", "@reference-instance-id": "OB2BibRecID-666888679-c1a14d0840e51e1ed0df95d2c29047ef-24", "@id": "24", "ref-info": {"ref-publicationyear": {"@first": "2007"}, "ref-title": {"ref-titletext": "Phenoloxidase is an important component of the defense against Aeromonas hydrophila infection in a crustacean, Pacifastacus leniusculus"}, "refd-itemidlist": {"itemid": [{"$": "bib24", "@idtype": "FRAGMENTID"}, {"$": "36348951621", "@idtype": "SGR"}]}, "ref-volisspag": {"voliss": {"@volume": "282"}, "pagerange": {"@first": "33593", "@last": "33598"}}, "ref-authors": {"author": [{"@seq": "1", "ce:initials": "H.", "@_fa": "true", "ce:surname": "Liu", "ce:indexed-name": "Liu H."}, {"@seq": "2", "ce:initials": "P.", "@_fa": "true", "ce:surname": "Jiravanichpaisal", "ce:indexed-name": "Jiravanichpaisal P."}, {"@seq": "3", "ce:initials": "L.", "@_fa": "true", "ce:surname": "Cerenius", "ce:indexed-name": "Cerenius L."}, {"@seq": "4", "ce:initials": "B.L.", "@_fa": "true", "ce:surname": "Lee", "ce:indexed-name": "Lee B.L."}, {"@seq": "5", "ce:initials": "I.", "@_fa": "true", "ce:surname": "S\u00f6derh\u00e4ll", "ce:indexed-name": "Soderhall I."}, {"@seq": "6", "ce:initials": "K.", "@_fa": "true", "ce:surname": "S\u00f6derh\u00e4ll", "ce:indexed-name": "Soderhall K."}]}, "ref-sourcetitle": "J. Biol. Chem."}}, {"ref-fulltext": "Monwan, W., Amparyup, P., Tassanakajon, A., A snake-like serine proteinase (PmSnake) activates prophenoloxidase-activating system in black tiger shrimp Penaeus monodon. Dev. Comp. Immunol. 67 (2017), 229\u2013238.", "@reference-instance-id": "OB2BibRecID-666888679-1e80f9ccef8fa1619cf03a92ae7f484a-25", "@id": "25", "ref-info": {"ref-publicationyear": {"@first": "2017"}, "ref-title": {"ref-titletext": "A snake-like serine proteinase (PmSnake) activates prophenoloxidase-activating system in black tiger shrimp Penaeus monodon"}, "refd-itemidlist": {"itemid": [{"$": "bib25", "@idtype": "FRAGMENTID"}, {"$": "84994442827", "@idtype": "SGR"}]}, "ref-volisspag": {"voliss": {"@volume": "67"}, "pagerange": {"@first": "229", "@last": "238"}}, "ref-authors": {"author": [{"@seq": "1", "ce:initials": "W.", "@_fa": "true", "ce:surname": "Monwan", "ce:indexed-name": "Monwan W."}, {"@seq": "2", "ce:initials": "P.", "@_fa": "true", "ce:surname": "Amparyup", "ce:indexed-name": "Amparyup P."}, {"@seq": "3", "ce:initials": "A.", "@_fa": "true", "ce:surname": "Tassanakajon", "ce:indexed-name": "Tassanakajon A."}]}, "ref-sourcetitle": "Dev. Comp. Immunol."}}, {"ref-fulltext": "Nappi, A.J., Carton, Y., Frey, F., Parasite-induced enhancement of hemolymph tyrosinase activity in a selected immune reactive strain of Drosophila melanogaster. Arch. Insect Biochem. Physiol. 18 (1991), 159\u2013168.", "@reference-instance-id": "OB2BibRecID-666888679-86bd9047d48f3925b4583f922375b356-26", "@id": "26", "ref-info": {"ref-publicationyear": {"@first": "1991"}, "ref-title": {"ref-titletext": "Parasite-induced enhancement of hemolymph tyrosinase activity in a selected immune reactive strain of Drosophila melanogaster"}, "refd-itemidlist": {"itemid": [{"$": "bib26", "@idtype": "FRAGMENTID"}, {"$": "0026005554", "@idtype": "SGR"}]}, "ref-volisspag": {"voliss": {"@volume": "18"}, "pagerange": {"@first": "159", "@last": "168"}}, "ref-authors": {"author": [{"@seq": "1", "ce:initials": "A.J.", "@_fa": "true", "ce:surname": "Nappi", "ce:indexed-name": "Nappi A.J."}, {"@seq": "2", "ce:initials": "Y.", "@_fa": "true", "ce:surname": "Carton", "ce:indexed-name": "Carton Y."}, {"@seq": "3", "ce:initials": "F.", "@_fa": "true", "ce:surname": "Frey", "ce:indexed-name": "Frey F."}]}, "ref-sourcetitle": "Arch. Insect Biochem. Physiol."}}, {"ref-fulltext": "Nappi, A.J., Christensen, B.M., Melanogenesis and associated cytotoxic reactions: applications to insect innate immunity. Insect Biochem. Mol. Biol. 35 (2005), 443\u2013459.", "@reference-instance-id": "OB2BibRecID-666888679-a700cb2afa53106a615fddae4234311e-27", "@id": "27", "ref-info": {"ref-publicationyear": {"@first": "2005"}, "ref-title": {"ref-titletext": "Melanogenesis and associated cytotoxic reactions: applications to insect innate immunity"}, "refd-itemidlist": {"itemid": [{"$": "bib27", "@idtype": "FRAGMENTID"}, {"$": "15944404330", "@idtype": "SGR"}]}, "ref-volisspag": {"voliss": {"@volume": "35"}, "pagerange": {"@first": "443", "@last": "459"}}, "ref-authors": {"author": [{"@seq": "1", "ce:initials": "A.J.", "@_fa": "true", "ce:surname": "Nappi", "ce:indexed-name": "Nappi A.J."}, {"@seq": "2", "ce:initials": "B.M.", "@_fa": "true", "ce:surname": "Christensen", "ce:indexed-name": "Christensen B.M."}]}, "ref-sourcetitle": "Insect Biochem. Mol. Biol."}}, {"ref-fulltext": "Papareddy, P., Rydengard, V., Pasupuleti, M., Walse, B., Morgelin, M., Chalupka, A., Malmsten, M., Schmidtchen, A., Proteolysis of human thrombin generates novel host defense peptides. PLoS Pathog., 6, 2010, e1000857.", "@reference-instance-id": "OB2BibRecID-666888679-b5891c1e66078efa3785fa30f8549bfa-28", "@id": "28", "ref-info": {"ref-publicationyear": {"@first": "2010"}, "ref-title": {"ref-titletext": "Proteolysis of human thrombin generates novel host defense peptides"}, "refd-itemidlist": {"itemid": [{"$": "bib28", "@idtype": "FRAGMENTID"}, {"$": "85020592493", "@idtype": "SGR"}]}, "ref-volisspag": {"voliss": {"@volume": "6"}, "pagerange": {"@first": "e1000857"}}, "ref-authors": {"author": [{"@seq": "1", "ce:initials": "P.", "@_fa": "true", "ce:surname": "Papareddy", "ce:indexed-name": "Papareddy P."}, {"@seq": "2", "ce:initials": "V.", "@_fa": "true", "ce:surname": "Rydengard", "ce:indexed-name": "Rydengard V."}, {"@seq": "3", "ce:initials": "M.", "@_fa": "true", "ce:surname": "Pasupuleti", "ce:indexed-name": "Pasupuleti M."}, {"@seq": "4", "ce:initials": "B.", "@_fa": "true", "ce:surname": "Walse", "ce:indexed-name": "Walse B."}, {"@seq": "5", "ce:initials": "M.", "@_fa": "true", "ce:surname": "Morgelin", "ce:indexed-name": "Morgelin M."}, {"@seq": "6", "ce:initials": "A.", "@_fa": "true", "ce:surname": "Chalupka", "ce:indexed-name": "Chalupka A."}, {"@seq": "7", "ce:initials": "M.", "@_fa": "true", "ce:surname": "Malmsten", "ce:indexed-name": "Malmsten M."}, {"@seq": "8", "ce:initials": "A.", "@_fa": "true", "ce:surname": "Schmidtchen", "ce:indexed-name": "Schmidtchen A."}]}, "ref-sourcetitle": "PLoS Pathog."}}, {"ref-fulltext": "S\u00f6derh\u00e4ll, K., Tassanakajon, A., Ampyrup, P., Prophenoloxidase-activating enzyme. Rawlings, N.D., Salvesen, G., (eds.) Handbook of Proteolytic Enzymes, 2013, Academic Press, San Diego 3, 3068\u20133074.", "@reference-instance-id": "OB2BibRecID-666888679-008d504797ecc19aad4db8f3441f20e8-29", "@id": "29", "ref-info": {"ref-publicationyear": {"@first": "2013"}, "ref-title": {"ref-titletext": "Prophenoloxidase-activating enzyme"}, "refd-itemidlist": {"itemid": [{"$": "bib29", "@idtype": "FRAGMENTID"}, {"$": "84883422658", "@idtype": "SGR"}]}, "ref-volisspag": {"pagerange": {"@first": "3068", "@last": "3074"}}, "ref-text": "N.D. Rawlings G. Salvesen Academic Press San Diego 3", "ref-authors": {"author": [{"@seq": "1", "ce:initials": "K.", "@_fa": "true", "ce:surname": "S\u00f6derh\u00e4ll", "ce:indexed-name": "Soderhall K."}, {"@seq": "2", "ce:initials": "A.", "@_fa": "true", "ce:surname": "Tassanakajon", "ce:indexed-name": "Tassanakajon A."}, {"@seq": "3", "ce:initials": "P.", "@_fa": "true", "ce:surname": "Ampyrup", "ce:indexed-name": "Ampyrup P."}]}, "ref-sourcetitle": "Handbook of Proteolytic Enzymes"}}, {"ref-fulltext": "Sutthangkul, J., Amparyup, P., Charoensapsri, W., Senapin, S., Phiwsaiya, K., Tassanakajon, A., Suppression of shrimp melanization during white spot syndrome virus infection. J. Biol. Chem. 290 (2015), 6470\u20136481.", "@reference-instance-id": "OB2BibRecID-666888679-2229e67b4def09c8ae676a9fad6ad007-30", "@id": "30", "ref-info": {"ref-publicationyear": {"@first": "2015"}, "ref-title": {"ref-titletext": "Suppression of shrimp melanization during white spot syndrome virus infection"}, "refd-itemidlist": {"itemid": [{"$": "bib30", "@idtype": "FRAGMENTID"}, {"$": "84924891305", "@idtype": "SGR"}]}, "ref-volisspag": {"voliss": {"@volume": "290"}, "pagerange": {"@first": "6470", "@last": "6481"}}, "ref-authors": {"author": [{"@seq": "1", "ce:initials": "J.", "@_fa": "true", "ce:surname": "Sutthangkul", "ce:indexed-name": "Sutthangkul J."}, {"@seq": "2", "ce:initials": "P.", "@_fa": "true", "ce:surname": "Amparyup", "ce:indexed-name": "Amparyup P."}, {"@seq": "3", "ce:initials": "W.", "@_fa": "true", "ce:surname": "Charoensapsri", "ce:indexed-name": "Charoensapsri W."}, {"@seq": "4", "ce:initials": "S.", "@_fa": "true", "ce:surname": "Senapin", "ce:indexed-name": "Senapin S."}, {"@seq": "5", "ce:initials": "K.", "@_fa": "true", "ce:surname": "Phiwsaiya", "ce:indexed-name": "Phiwsaiya K."}, {"@seq": "6", "ce:initials": "A.", "@_fa": "true", "ce:surname": "Tassanakajon", "ce:indexed-name": "Tassanakajon A."}]}, "ref-sourcetitle": "J. Biol. Chem."}}, {"ref-fulltext": "Sutthangkul, J., Amparyup, P., Eum, J.H., Strand, M.R., Tassanakajon, A., Anti-melanization mechanism of the white spot syndrome viral protein, WSSV453, via interaction with shrimp proPO-activating enzyme, PmproPPAE2. J. Gen. Virol. 98 (2017), 769\u2013778.", "@reference-instance-id": "OB2BibRecID-666888679-9991dba5f5190c90493722b15560020c-31", "@id": "31", "ref-info": {"ref-publicationyear": {"@first": "2017"}, "ref-title": {"ref-titletext": "Anti-melanization mechanism of the white spot syndrome viral protein, WSSV453, via interaction with shrimp proPO-activating enzyme, PmproPPAE2"}, "refd-itemidlist": {"itemid": [{"$": "bib31", "@idtype": "FRAGMENTID"}, {"$": "85019117026", "@idtype": "SGR"}]}, "ref-volisspag": {"voliss": {"@volume": "98"}, "pagerange": {"@first": "769", "@last": "778"}}, "ref-authors": {"author": [{"@seq": "1", "ce:initials": "J.", "@_fa": "true", "ce:surname": "Sutthangkul", "ce:indexed-name": "Sutthangkul J."}, {"@seq": "2", "ce:initials": "P.", "@_fa": "true", "ce:surname": "Amparyup", "ce:indexed-name": "Amparyup P."}, {"@seq": "3", "ce:initials": "J.H.", "@_fa": "true", "ce:surname": "Eum", "ce:indexed-name": "Eum J.H."}, {"@seq": "4", "ce:initials": "M.R.", "@_fa": "true", "ce:surname": "Strand", "ce:indexed-name": "Strand M.R."}, {"@seq": "5", "ce:initials": "A.", "@_fa": "true", "ce:surname": "Tassanakajon", "ce:indexed-name": "Tassanakajon A."}]}, "ref-sourcetitle": "J. Gen. Virol."}}, {"ref-fulltext": "Takaki, Y., Seki, N., Kawabata Si, S., Iwanaga, S., Muta, T., Duplicated binding sites for (1\u2212>3)-\u03b2-D-glucan in the horseshoe crab coagulation factor G: implications for a molecular basis of the pattern recognition in innate immunity. J. Biol. Chem. 277 (2002), 14281\u201314287.", "@reference-instance-id": "OB2BibRecID-666888679-437394ebf2bdbe59dd33279c02778356-32", "@id": "32", "ref-info": {"ref-publicationyear": {"@first": "2002"}, "ref-title": {"ref-titletext": "Duplicated binding sites for (1\u2212>3)-\u03b2-D-glucan in the horseshoe crab coagulation factor G: implications for a molecular basis of the pattern recognition in innate immunity"}, "refd-itemidlist": {"itemid": [{"$": "bib32", "@idtype": "FRAGMENTID"}, {"$": "0037134532", "@idtype": "SGR"}]}, "ref-volisspag": {"voliss": {"@volume": "277"}, "pagerange": {"@first": "14281", "@last": "14287"}}, "ref-authors": {"author": [{"@seq": "1", "ce:initials": "Y.", "@_fa": "true", "ce:surname": "Takaki", "ce:indexed-name": "Takaki Y."}, {"@seq": "2", "ce:initials": "N.", "@_fa": "true", "ce:surname": "Seki", "ce:indexed-name": "Seki N."}, {"@seq": "3", "ce:initials": "S.", "@_fa": "true", "ce:surname": "Kawabata Si", "ce:indexed-name": "Kawabata Si S."}, {"@seq": "4", "ce:initials": "S.", "@_fa": "true", "ce:surname": "Iwanaga", "ce:indexed-name": "Iwanaga S."}, {"@seq": "5", "ce:initials": "T.", "@_fa": "true", "ce:surname": "Muta", "ce:indexed-name": "Muta T."}]}, "ref-sourcetitle": "J. Biol. Chem."}}, {"ref-fulltext": "Theopold, U., Schmidt, O., S\u00f6derh\u00e4ll, K., Dushay, M.S., Coagulation in arthropods: defence, wound closure and healing. Trends Immunol. 25 (2004), 289\u2013294.", "@reference-instance-id": "OB2BibRecID-666888679-6d25d79e756f1c6bb228f00e682878f1-33", "@id": "33", "ref-info": {"ref-publicationyear": {"@first": "2004"}, "ref-title": {"ref-titletext": "Coagulation in arthropods: defence, wound closure and healing"}, "refd-itemidlist": {"itemid": [{"$": "bib33", "@idtype": "FRAGMENTID"}, {"$": "1842800032", "@idtype": "SGR"}]}, "ref-volisspag": {"voliss": {"@volume": "25"}, "pagerange": {"@first": "289", "@last": "294"}}, "ref-authors": {"author": [{"@seq": "1", "ce:initials": "U.", "@_fa": "true", "ce:surname": "Theopold", "ce:indexed-name": "Theopold U."}, {"@seq": "2", "ce:initials": "O.", "@_fa": "true", "ce:surname": "Schmidt", "ce:indexed-name": "Schmidt O."}, {"@seq": "3", "ce:initials": "K.", "@_fa": "true", "ce:surname": "S\u00f6derh\u00e4ll", "ce:indexed-name": "Soderhall K."}, {"@seq": "4", "ce:initials": "M.S.", "@_fa": "true", "ce:surname": "Dushay", "ce:indexed-name": "Dushay M.S."}]}, "ref-sourcetitle": "Trends Immunol."}}, {"ref-fulltext": "Veillard, F., Troxler, L., Reichhart, J.M., Drosophila melanogaster clip-domain serine proteases: structure, function and regulation. Biochimie 122 (2016), 255\u2013269.", "@reference-instance-id": "OB2BibRecID-666888679-479808b6a63dbbfd623dc0c6ad2c46f1-34", "@id": "34", "ref-info": {"ref-publicationyear": {"@first": "2016"}, "ref-title": {"ref-titletext": "Drosophila melanogaster clip-domain serine proteases: structure, function and regulation"}, "refd-itemidlist": {"itemid": [{"$": "bib34", "@idtype": "FRAGMENTID"}, {"$": "84957809143", "@idtype": "SGR"}]}, "ref-volisspag": {"voliss": {"@volume": "122"}, "pagerange": {"@first": "255", "@last": "269"}}, "ref-authors": {"author": [{"@seq": "1", "ce:initials": "F.", "@_fa": "true", "ce:surname": "Veillard", "ce:indexed-name": "Veillard F."}, {"@seq": "2", "ce:initials": "L.", "@_fa": "true", "ce:surname": "Troxler", "ce:indexed-name": "Troxler L."}, {"@seq": "3", "ce:initials": "J.M.", "@_fa": "true", "ce:surname": "Reichhart", "ce:indexed-name": "Reichhart J.M."}]}, "ref-sourcetitle": "Biochimie"}}, {"ref-fulltext": "Wang, Y., Jiang, H., Interaction of \u03b2-1,3-glucan with its recognition protein activates hemolymph proteinase 14, an initiation enzyme of the prophenoloxidase activation system in Manduca sexta. J. Biol. Chem. 281 (2006), 9271\u20139278.", "@reference-instance-id": "OB2BibRecID-666888679-dd78efb37598d9ffd3638faa00bff296-35", "@id": "35", "ref-info": {"ref-publicationyear": {"@first": "2006"}, "ref-title": {"ref-titletext": "Interaction of \u03b2-1,3-glucan with its recognition protein activates hemolymph proteinase 14, an initiation enzyme of the prophenoloxidase activation system in Manduca sexta"}, "refd-itemidlist": {"itemid": [{"$": "bib35", "@idtype": "FRAGMENTID"}, {"$": "33646918688", "@idtype": "SGR"}]}, "ref-volisspag": {"voliss": {"@volume": "281"}, "pagerange": {"@first": "9271", "@last": "9278"}}, "ref-authors": {"author": [{"@seq": "1", "ce:initials": "Y.", "@_fa": "true", "ce:surname": "Wang", "ce:indexed-name": "Wang Y."}, {"@seq": "2", "ce:initials": "H.", "@_fa": "true", "ce:surname": "Jiang", "ce:indexed-name": "Jiang H."}]}, "ref-sourcetitle": "J. Biol. Chem."}}]}}}}, "affiliation": [{"affiliation-city": "Bangkok", "@id": "60028190", "affilname": "Chulalongkorn University", "@href": "https://api.elsevier.com/content/affiliation/affiliation_id/60028190", "affiliation-country": "Thailand"}, {"affiliation-city": "Pathum Thani", "@id": "60011947", "affilname": "Thailand National Center for Genetic Engineering and Biotechnology", "@href": "https://api.elsevier.com/content/affiliation/affiliation_id/60011947", "affiliation-country": "Thailand"}], "coredata": {"srctype": "j", "eid": "2-s2.0-85026242667", "dc:description": "Clip domain serine proteinases (ClipSPs) play an important role in the prophenoloxidase-activating (proPO) system. In the shrimp Penaeus monodon, the ClipSP PmClipSP2 has been previously shown to bind to microbial polysaccharides (LPS and \u03b2-1,3-glucan) and likely activates the proPO system. To reveal the binding site of the PmClipSP2 protein, the N-terminal clip domain (Clip-PmClipSP) and C-terminal SP domain (SP-PmClipSP2) were separately cloned. The recombinant proteins were then assayed for their binding properties and involvement in proPO activation. According to the ELISA-based binding assay, rSP-PmClipSP2, but not rClip-PmClipSP, can bind immobilized LPS and \u03b2-1,3-glucan as well as significantly activate PO activity. The binding site at the SP domain is proposed to have a pattern sequence (X-[PFY]-X-[AFILV]-[AFY]-[AITV]-X-[ILV]-X(5)-W-[IL]-X) that is located at the C-terminal region of the SP domain of PmClipSP2. Deletion of the pattern sequence abolished binding to LPS and \u03b2-1,3-glucan. Conversely, a recombinant protein containing the pattern sequence (rPT-PmClipSP2-TRX) had the ability to bind to cell wall components, confirming that the pattern sequence at the C-terminus of PmClipSP2 is responsible for binding to microbes, subsequently leading to activation of the proPO cascade.", "pubmed-id": "28735961", "prism:coverDate": "2017-12-01", "prism:aggregationType": "Journal", "prism:url": "https://api.elsevier.com/content/abstract/scopus_id/85026242667", "dc:creator": {"author": [{"ce:given-name": "Narach", "preferred-name": {"ce:given-name": "Narach", "ce:initials": "N.", "ce:surname": "Khorattanakulchai", "ce:indexed-name": "Khorattanakulchai N."}, "@seq": "1", "ce:initials": "N.", "@_fa": "true", "affiliation": {"@id": "60028190", "@href": "https://api.elsevier.com/content/affiliation/affiliation_id/60028190"}, "ce:surname": "Khorattanakulchai", "@auid": "57195202826", "author-url": "https://api.elsevier.com/content/author/author_id/57195202826", "ce:indexed-name": "Khorattanakulchai N."}]}, "link": [{"@_fa": "true", "@rel": "self", "@href": "https://api.elsevier.com/content/abstract/scopus_id/85026242667"}, {"@_fa": "true", "@rel": "scopus", "@href": "https://www.scopus.com/inward/record.uri?partnerID=HzOxMe3b&scp=85026242667&origin=inward"}, {"@_fa": "true", "@rel": "scopus-citedby", "@href": "https://www.scopus.com/inward/citedby.uri?partnerID=HzOxMe3b&scp=85026242667&origin=inward"}], "source-id": "20775", "pii": "S0145305X1730335X", "citedby-count": "14", "prism:volume": "77", "subtype": "ar", "dc:title": "Binding of PmClipSP2 to microbial cell wall components and activation of the proPO-activating system in the black tiger shrimp Penaeus monodon", "openaccess": "0", "prism:issn": "18790089 0145305X", "publishercopyright": "\u00a9 2017 Elsevier Ltd", "subtypeDescription": "Article", "prism:publicationName": "Developmental and Comparative Immunology", "prism:pageRange": "38-45", "prism:endingPage": "45", "openaccessFlag": "false", "prism:doi": "10.1016/j.dci.2017.07.016", "prism:startingPage": "38", "dc:identifier": "SCOPUS_ID:85026242667", "dc:publisher": "Elsevier Ltd"}, "idxterms": {"mainterm": [{"$": "Amino Acid Motifs", "@weight": "b", "@candidate": "n"}, {"$": "Animals", "@weight": "b", "@candidate": "n"}, {"$": "Bacteria", "@weight": "b", "@candidate": "n"}, {"$": "Bacterial Adhesion", "@weight": "b", "@candidate": "n"}, {"$": "beta-Glucans", "@weight": "b", "@candidate": "n"}, {"$": "Cell Wall", "@weight": "b", "@candidate": "n"}, {"$": "Cloning, Molecular", "@weight": "b", "@candidate": "n"}, {"$": "Lipopolysaccharides", "@weight": "b", "@candidate": "n"}, {"$": "Pathogen-Associated Molecular Pattern Molecules", "@weight": "b", "@candidate": "n"}, {"$": "Penaeidae", "@weight": "b", "@candidate": "n"}, {"$": "Protein Binding", "@weight": "b", "@candidate": "n"}, {"$": "Protein Domains", "@weight": "b", "@candidate": "n"}, {"$": "Receptors, Pattern Recognition", "@weight": "b", "@candidate": "n"}, {"$": "Serine Endopeptidases", "@weight": "b", "@candidate": "n"}, {"$": "Serine Proteases", "@weight": "b", "@candidate": "n"}]}, "language": {"@xml:lang": "eng"}, "authkeywords": {"author-keyword": [{"@_fa": "true", "$": "Bacterial binding"}, {"@_fa": "true", "$": "Clip domain serine proteinase"}, {"@_fa": "true", "$": "Penaeus monodon"}, {"@_fa": "true", "$": "proPO-activating system"}, {"@_fa": "true", "$": "Shrimp immunity"}]}, "subject-areas": {"subject-area": [{"@_fa": "true", "$": "Immunology", "@code": "2403", "@abbrev": "IMMU"}, {"@_fa": "true", "$": "Developmental Biology", "@code": "1309", "@abbrev": "BIOC"}]}, "authors": {"author": [{"ce:given-name": "Narach", "preferred-name": {"ce:given-name": "Narach", "ce:initials": "N.", "ce:surname": "Khorattanakulchai", "ce:indexed-name": "Khorattanakulchai N."}, "@seq": "1", "ce:initials": "N.", "@_fa": "true", "affiliation": {"@id": "60028190", "@href": "https://api.elsevier.com/content/affiliation/affiliation_id/60028190"}, "ce:surname": "Khorattanakulchai", "@auid": "57195202826", "author-url": "https://api.elsevier.com/content/author/author_id/57195202826", "ce:indexed-name": "Khorattanakulchai N."}, {"ce:given-name": "Piti", "preferred-name": {"ce:given-name": "Piti", "ce:initials": "P.", "ce:surname": "Amparyup", "ce:indexed-name": "Amparyup P."}, "@seq": "2", "ce:initials": "P.", "@_fa": "true", "affiliation": {"@id": "60011947", "@href": "https://api.elsevier.com/content/affiliation/affiliation_id/60011947"}, "ce:surname": "Amparyup", "@auid": "6504064983", "author-url": "https://api.elsevier.com/content/author/author_id/6504064983", "ce:indexed-name": "Amparyup P."}, {"ce:given-name": "Anchalee", "preferred-name": {"ce:given-name": "Anchalee", "ce:initials": "A.", "ce:surname": "Tassanakajon", "ce:indexed-name": "Tassanakajon A."}, "@seq": "3", "ce:initials": "A.", "@_fa": "true", "affiliation": {"@id": "60028190", "@href": "https://api.elsevier.com/content/affiliation/affiliation_id/60028190"}, "ce:surname": "Tassanakajon", "@auid": "6603935274", "author-url": "https://api.elsevier.com/content/author/author_id/6603935274", "ce:indexed-name": "Tassanakajon A."}]}}}