{"abstracts-retrieval-response": {"item": {"ait:process-info": {"ait:status": {"@state": "update", "@type": "core", "@stage": "S300"}, "ait:date-delivered": {"@day": "13", "@year": "2019", "@timestamp": "2019-10-13T09:23:00.000000-04:00", "@month": "10"}, "ait:date-sort": {"@day": "01", "@year": "2017", "@month": "12"}}, "xocs:meta": {"xocs:funding-list": {"@pui-match": "primary", "@has-funding-info": "1", "xocs:funding": [{"xocs:funding-agency-matched-string": "Chulalongkorn University", "xocs:funding-agency-acronym": "CU", "xocs:funding-agency": "Chulalongkorn University", "xocs:funding-agency-id": "http://data.elsevier.com/vocabulary/SciValFunders/501100002873", "xocs:funding-agency-country": "http://sws.geonames.org/1605651/"}, {"xocs:funding-agency-matched-string": "Thailand Research Fund", "xocs:funding-agency-acronym": "TRF", "xocs:funding-agency": "Thailand Research Fund", "xocs:funding-id": "RTA5780005", "xocs:funding-agency-id": "http://data.elsevier.com/vocabulary/SciValFunders/501100004396", "xocs:funding-agency-country": "http://sws.geonames.org/1605651/"}], "xocs:funding-addon-generated-timestamp": "2021-05-09T08:54:51.829968Z", "xocs:funding-text": "We gratefully acknowledge financial support from the Thailand Research Fund through Research Team Promotion Grant (RTA5780005), Electrochemistry and Optical Spectroscopy Center of Excellent, Department of Chemistry, Faculty of Science, Chulalongkorn University and the 90th Anniversary of Chulalongkorn University Fund (Ratchadaphiseksomphot Endowment Fund). We are grateful to Dr. David Kreller for his help in English editing and improving the manuscript.", "xocs:funding-addon-type": "http://vtw.elsevier.com/data/voc/AddOnTypes/50.7/aggregated-refined"}}, "bibrecord": {"head": {"author-group": [{"affiliation": {"country": "Thailand", "address-part": "Phayathai Road, Pathumwan", "postal-code": "10330", "@afid": "60028190", "@country": "tha", "city": "Bangkok", "organization": [{"$": "Electrochemistry and Optical Spectroscopy Center of Excellent (EOSCE)"}, {"$": "Department of Chemistry"}, {"$": "Faculty of Science"}, {"$": "Chulalongkorn University"}], "affiliation-id": {"@afid": "60028190", "@dptid": "104425638"}, "@dptid": "104425638"}, "author": [{"ce:given-name": "Apapond", "preferred-name": {"ce:given-name": "Apapond", "ce:initials": "A.", "ce:surname": "Jirasirichote", "ce:indexed-name": "Jirasirichote A."}, "@seq": "1", "ce:initials": "A.", "@_fa": "true", "@type": "auth", "ce:surname": "Jirasirichote", "@auid": "55982033900", "ce:indexed-name": "Jirasirichote A."}, {"ce:given-name": "Akkapol", "preferred-name": {"ce:given-name": "Akkapol", "ce:initials": "A.", "ce:surname": "Suea-Ngam", "ce:indexed-name": "Suea-Ngam A."}, "@seq": "3", "ce:initials": "A.", "@_fa": "true", "@type": "auth", "ce:surname": "Suea-Ngam", "@auid": "56556963700", "ce:indexed-name": "Suea-Ngam A."}, {"ce:given-name": "Orawon", "preferred-name": {"ce:given-name": "Orawon", "ce:initials": "O.", "ce:surname": "Chailapakul", "ce:indexed-name": "Chailapakul O."}, "@seq": "4", "ce:initials": "O.", "@date-locked": "2017-10-25T15:32:23.768", "@_fa": "true", "@type": "auth", "ce:surname": "Chailapakul", "@auid": "6602082849", "ce:indexed-name": "Chailapakul O."}, {"ce:given-name": "Suchada", "preferred-name": {"ce:given-name": "Suchada", "ce:initials": "S.", "ce:surname": "Chuanuwatanakul", "ce:indexed-name": "Chuanuwatanakul S."}, "@seq": "5", "ce:initials": "S.", "@_fa": "true", "@type": "auth", "ce:surname": "Chuanuwatanakul", "@auid": "8445135400", "ce:indexed-name": "Chuanuwatanakul S."}]}, {"affiliation": {"country": "Thailand", "address-part": "Bangkapi", "postal-code": "10240", "@afid": "60022676", "@country": "tha", "city": "Bangkok", "organization": [{"$": "Department of Chemistry"}, {"$": "Faculty of Science"}, {"$": "Ramkhamhaeng University"}], "affiliation-id": {"@afid": "60022676", "@dptid": "104154451"}, "@dptid": "104154451"}, "author": [{"ce:given-name": "Eakkasit", "preferred-name": {"ce:given-name": "Eakkasit", "ce:initials": "E.", "ce:surname": "Punrat", "ce:indexed-name": "Punrat E."}, "@seq": "2", "ce:initials": "E.", "@_fa": "true", "@type": "auth", "ce:surname": "Punrat", "@auid": "55342437100", "ce:indexed-name": "Punrat E."}]}], "citation-title": "Voltammetric detection of carbofuran determination using screen-printed carbon electrodes modified with gold nanoparticles and graphene oxide", "abstracts": "\u00a9 2017 Elsevier B.V.Carbofuran is a highly toxic pesticide that is heavily used in agriculture due to its high effectiveness and low cost. Improved methods that are simpler and lower cost are needed for carbofuran detection in food and agricultural samples. Herein, we describe the development of a unique electrochemical method for carbofuran-phenol, which is the main hydrolysis product of carbofuran. We have successfully developed a highly accurate and precise method in a portable size using a screen-printed carbon electrode (SPCE) that is modified with graphene oxide (GO) and gold nanoparticles (AuNPs). Consequently, the developed electrode is highly sensitive to and selective for carbofuran. Using the central composite design (CCD) approach, we optimized the method for analysis parameters including the electrode surface loadings of GO and AuNPs as well as the working solution pH. The method exhibited a wide linear range of 1\u2013250 \u00b5M for analyte detection using differential pulse voltammetry (DPV) on AuNPs/GO-SPCE under the optimized conditions. The limits of detection and quantitation were 0.22 and 0.72 \u00b5M, respectively. In addition, we also report the application of the method for carbofuran determination in real cucumber and rice samples. This sensitive and selective carbofuran detection method is very promising for simple and low cost analysis in real agricultural fields.", "correspondence": {"affiliation": {"country": "Thailand", "address-part": "Phayathai Road, Pathumwan", "postal-code": "10330", "@country": "tha", "city": "Bangkok", "organization": [{"$": "Electrochemistry and Optical Spectroscopy Center of Excellent (EOSCE)"}, {"$": "Department of Chemistry"}, {"$": "Faculty of Science"}, {"$": "Chulalongkorn University"}]}, "person": {"ce:given-name": "Suchada", "ce:initials": "S.", "ce:surname": "Chuanuwatanakul", "ce:indexed-name": "Chuanuwatanakul S."}}, "citation-info": {"author-keywords": {"author-keyword": [{"$": "Carbofuran", "@xml:lang": "eng"}, {"$": "Central composite design", "@xml:lang": "eng"}, {"$": "Gold nanoparticles", "@xml:lang": "eng"}, {"$": "Graphene oxide", "@xml:lang": "eng"}, {"$": "Screen-printed carbon electrode", "@xml:lang": "eng"}]}, "citation-type": {"@code": "ar"}, "citation-language": {"@language": "English", "@xml:lang": "eng"}, "abstract-language": {"@language": "English", "@xml:lang": "eng"}}, "source": {"website": {"ce:e-address": {"$": "https://www.journals.elsevier.com/talanta", "@type": "email"}}, "translated-sourcetitle": {"$": "Talanta", "@xml:lang": "eng"}, "volisspag": {"voliss": {"@volume": "175"}, "pagerange": {"@first": "331", "@last": "337"}}, "@type": "j", "sourcetitle": "Talanta", "publicationdate": {"month": "12", "year": "2017", "date-text": {"@xfab-added": "true", "$": "1 December 2017"}, "day": "01"}, "codencode": "TLNTA", "sourcetitle-abbrev": "Talanta", "@country": "nld", "issn": {"$": "00399140", "@type": "print"}, "publicationyear": {"@first": "2017"}, "publisher": {"publishername": "Elsevier B.V."}, "@srcid": "24555"}, "enhancement": {"classificationgroup": {"classifications": [{"@type": "CPXCLASS", "classification": [{"classification-code": "741.1.2", "classification-description": "Fiber Optics"}, {"classification-code": "761", "classification-description": "Nanotechnology"}, {"classification-code": "801.4.1", "classification-description": "Electrochemistry"}, {"classification-code": "821", "classification-description": "Agricultural Equipment and Methods"}, {"classification-code": "911", "classification-description": "Cost and Value Engineering; Industrial Economics"}]}, {"@type": "FLXCLASS", "classification": {"classification-code": "902", "classification-description": "FLUIDEX; Related Topics"}}, {"@type": "ASJC", "classification": "1602"}, {"@type": "SUBJABBR", "classification": "CHEM"}]}, "chemicalgroup": {"chemicals": [{"@source": "esbd", "chemical": [{"cas-registry-number": "1563-66-2", "chemical-name": "carbofuran"}, {"cas-registry-number": "7440-44-0", "chemical-name": "carbon"}, {"cas-registry-number": "7440-57-5", "chemical-name": "gold"}, {"cas-registry-number": "7782-42-5", "chemical-name": "graphite"}, {"cas-registry-number": "16833-27-5", "chemical-name": "oxide"}]}, {"@source": "nlm", "chemical": [{"chemical-name": "Carbofuran"}, {"chemical-name": "Carbon"}, {"chemical-name": "Gold"}, {"chemical-name": "Graphite"}, {"chemical-name": "Oxides"}, {"chemical-name": "Pesticides"}]}]}}, "grantlist": {"@complete": "y", "grant-text": {"$": "We gratefully acknowledge financial support from the Thailand Research Fund through Research Team Promotion Grant (RTA5780005), Electrochemistry and Optical Spectroscopy Center of Excellent, Department of Chemistry, Faculty of Science, Chulalongkorn University and the 90th Anniversary of Chulalongkorn University Fund (Ratchadaphiseksomphot Endowment Fund). We are grateful to Dr. David Kreller for his help in English editing and improving the manuscript.", "@xml:lang": "eng"}, "grant": {"grant-id": "RTA5780005", "grant-acronym": "TRF", "grant-agency": {"@iso-code": "tha", "$": "Thailand Research Fund"}, "grant-agency-id": "501100004396"}}}, "item-info": {"copyright": {"$": "Copyright 2019 Elsevier B.V., All rights reserved.", "@type": "Elsevier"}, "dbcollection": [{"$": "CHEM"}, {"$": "CPX"}, {"$": "REAXYSCAR"}, {"$": "SCOPUS"}, {"$": "Scopusbase"}, {"$": "MEDL"}], "history": {"date-created": {"@day": "01", "@year": "2019", "@timestamp": "BST 08:00:45", "@month": "08"}}, "itemidlist": {"itemid": [{"$": "617456581", "@idtype": "PUI"}, {"$": "666828490", "@idtype": "CAR-ID"}, {"$": "2017147007", "@idtype": "CHEM"}, {"$": "20173003984804", "@idtype": "CPX"}, {"$": "20171331814", "@idtype": "REAXYSCAR"}, {"$": "20170045160", "@idtype": "SCOPUS"}, {"$": "85025595727", "@idtype": "SCP"}, {"$": "85025595727", "@idtype": "SGR"}, {"$": "623761379", "@idtype": "PUIsecondary"}, {"$": "28841999", "@idtype": "MEDL"}], "ce:pii": "S0039914017307725", "ce:doi": "10.1016/j.talanta.2017.07.050"}}, "tail": {"bibliography": {"@refcount": "36", "reference": [{"ref-fulltext": "Gupta, R.C., Carbofuran toxicity. J. Toxicol. Environ. Health 43:4 (1994), 383\u2013418.", "@id": "1", "ref-info": {"ref-publicationyear": {"@first": "1994"}, "ref-title": {"ref-titletext": "Carbofuran toxicity"}, "refd-itemidlist": {"itemid": [{"$": "bib1", "@idtype": "FRAGMENTID"}, {"$": "0028037253", "@idtype": "SGR"}]}, "ref-volisspag": {"voliss": {"@volume": "43", "@issue": "4"}, "pagerange": {"@first": "383", "@last": "418"}}, "ref-authors": {"author": [{"@seq": "1", "ce:initials": "R.C.", "@_fa": "true", "ce:surname": "Gupta", "ce:indexed-name": "Gupta R.C."}]}, "ref-sourcetitle": "J. Toxicol. Environ. Health"}}, {"ref-fulltext": "Otieno, P.O., Lalah, J.O., Virani, M., Jondiko, I.O., Schramm, K.W., Carbofuran and its toxic metabolites provide forensic evidence for furadan exposure in vultures (Gyps africanus) in Kenya. Bull. Environ. Contam. Toxicol. 84:5 (2010), 536\u2013544.", "@id": "2", "ref-info": {"ref-publicationyear": {"@first": "2010"}, "ref-title": {"ref-titletext": "Carbofuran and its toxic metabolites provide forensic evidence for furadan exposure in vultures (Gyps africanus) in Kenya"}, "refd-itemidlist": {"itemid": [{"$": "bib2", "@idtype": "FRAGMENTID"}, {"$": "77954457024", "@idtype": "SGR"}]}, "ref-volisspag": {"voliss": {"@volume": "84", "@issue": "5"}, "pagerange": {"@first": "536", "@last": "544"}}, "ref-authors": {"author": [{"@seq": "1", "ce:initials": "P.O.", "@_fa": "true", "ce:surname": "Otieno", "ce:indexed-name": "Otieno P.O."}, {"@seq": "2", "ce:initials": "J.O.", "@_fa": "true", "ce:surname": "Lalah", "ce:indexed-name": "Lalah J.O."}, {"@seq": "3", "ce:initials": "M.", "@_fa": "true", "ce:surname": "Virani", "ce:indexed-name": "Virani M."}, {"@seq": "4", "ce:initials": "I.O.", "@_fa": "true", "ce:surname": "Jondiko", "ce:indexed-name": "Jondiko I.O."}, {"@seq": "5", "ce:initials": "K.W.", "@_fa": "true", "ce:surname": "Schramm", "ce:indexed-name": "Schramm K.W."}]}, "ref-sourcetitle": "Bull. Environ. Contam. Toxicol."}}, {"ref-fulltext": "Filho, A.M., dos Santos, F.N., Pereira, P.A.P., Development, validation and application of a method based on DI-SPME and GC\u2013MS for determination of pesticides of different chemical groups in surface and groundwater samples. Microchem. J. 96:1 (2010), 139\u2013145.", "@id": "3", "ref-info": {"ref-publicationyear": {"@first": "2010"}, "ref-title": {"ref-titletext": "Development, validation and application of a method based on DI-SPME and GC\u2013MS for determination of pesticides of different chemical groups in surface and groundwater samples"}, "refd-itemidlist": {"itemid": [{"$": "bib3", "@idtype": "FRAGMENTID"}, {"$": "77955560033", "@idtype": "SGR"}]}, "ref-volisspag": {"voliss": {"@volume": "96", "@issue": "1"}, "pagerange": {"@first": "139", "@last": "145"}}, "ref-authors": {"author": [{"@seq": "1", "ce:initials": "A.M.", "@_fa": "true", "ce:surname": "Filho", "ce:indexed-name": "Filho A.M."}, {"@seq": "2", "ce:initials": "F.N.", "@_fa": "true", "ce:surname": "dos Santos", "ce:indexed-name": "dos Santos F.N."}, {"@seq": "3", "ce:initials": "P.A.P.", "@_fa": "true", "ce:surname": "Pereira", "ce:indexed-name": "Pereira P.A.P."}]}, "ref-sourcetitle": "Microchem. J."}}, {"ref-fulltext": "Vera-Avila, L.E., Marquez-Lira, B.P., Villanueva, M., Covarrubias, R., Zelada, G., Thibert, V., Determination of carbofuran in surface water and biological tissue by sol-gel immunoaffinity extraction and on-line preconcentration/HPLC/UV analysis. Talanta 88 (2012), 553\u2013560.", "@id": "4", "ref-info": {"ref-publicationyear": {"@first": "2012"}, "ref-title": {"ref-titletext": "Determination of carbofuran in surface water and biological tissue by sol-gel immunoaffinity extraction and on-line preconcentration/HPLC/UV analysis"}, "refd-itemidlist": {"itemid": [{"$": "bib4", "@idtype": "FRAGMENTID"}, {"$": "84855948859", "@idtype": "SGR"}]}, "ref-volisspag": {"voliss": {"@volume": "88"}, "pagerange": {"@first": "553", "@last": "560"}}, "ref-authors": {"author": [{"@seq": "1", "ce:initials": "L.E.", "@_fa": "true", "ce:surname": "Vera-Avila", "ce:indexed-name": "Vera-Avila L.E."}, {"@seq": "2", "ce:initials": "B.P.", "@_fa": "true", "ce:surname": "Marquez-Lira", "ce:indexed-name": "Marquez-Lira B.P."}, {"@seq": "3", "ce:initials": "M.", "@_fa": "true", "ce:surname": "Villanueva", "ce:indexed-name": "Villanueva M."}, {"@seq": "4", "ce:initials": "R.", "@_fa": "true", "ce:surname": "Covarrubias", "ce:indexed-name": "Covarrubias R."}, {"@seq": "5", "ce:initials": "G.", "@_fa": "true", "ce:surname": "Zelada", "ce:indexed-name": "Zelada G."}, {"@seq": "6", "ce:initials": "V.", "@_fa": "true", "ce:surname": "Thibert", "ce:indexed-name": "Thibert V."}]}, "ref-sourcetitle": "Talanta"}}, {"ref-fulltext": "Xie, H.Y., He, Y.Z., Gan, W.E., Fu, G.N., Li, L., Han, F., Gao, Y., On-column liquid-liquid-liquid microextraction coupled with base stacking as a dual preconcentration method for capillary zone electrophoresis. J. Chromatogr. A 1216:15 (2009), 3353\u20133359.", "@id": "5", "ref-info": {"ref-publicationyear": {"@first": "2009"}, "ref-title": {"ref-titletext": "On-column liquid-liquid-liquid microextraction coupled with base stacking as a dual preconcentration method for capillary zone electrophoresis"}, "refd-itemidlist": {"itemid": [{"$": "bib5", "@idtype": "FRAGMENTID"}, {"$": "62249126533", "@idtype": "SGR"}]}, "ref-volisspag": {"voliss": {"@volume": "1216", "@issue": "15"}, "pagerange": {"@first": "3353", "@last": "3359"}}, "ref-authors": {"author": [{"@seq": "1", "ce:initials": "H.Y.", "@_fa": "true", "ce:surname": "Xie", "ce:indexed-name": "Xie H.Y."}, {"@seq": "2", "ce:initials": "Y.Z.", "@_fa": "true", "ce:surname": "He", "ce:indexed-name": "He Y.Z."}, {"@seq": "3", "ce:initials": "W.E.", "@_fa": "true", "ce:surname": "Gan", "ce:indexed-name": "Gan W.E."}, {"@seq": "4", "ce:initials": "G.N.", "@_fa": "true", "ce:surname": "Fu", "ce:indexed-name": "Fu G.N."}, {"@seq": "5", "ce:initials": "L.", "@_fa": "true", "ce:surname": "Li", "ce:indexed-name": "Li L."}, {"@seq": "6", "ce:initials": "F.", "@_fa": "true", "ce:surname": "Han", "ce:indexed-name": "Han F."}, {"@seq": "7", "ce:initials": "Y.", "@_fa": "true", "ce:surname": "Gao", "ce:indexed-name": "Gao Y."}]}, "ref-sourcetitle": "J. Chromatogr. A"}}, {"ref-fulltext": "Atrache, L. Latrous El, Ben Sghaier, R., Bejaoui Kefi, B., Haldys, V., Dachraoui, M., Tortajada, J., Factorial design optimization of experimental variables in preconcentration of carbamates pesticides in water samples using solid phase extraction and liquid chromatography-electrospray-mass spectrometry determination. Talanta 117 (2013), 392\u2013398.", "@id": "6", "ref-info": {"ref-publicationyear": {"@first": "2013"}, "ref-title": {"ref-titletext": "Factorial design optimization of experimental variables in preconcentration of carbamates pesticides in water samples using solid phase extraction and liquid chromatography-electrospray-mass spectrometry determination"}, "refd-itemidlist": {"itemid": [{"$": "bib6", "@idtype": "FRAGMENTID"}, {"$": "84885636714", "@idtype": "SGR"}]}, "ref-volisspag": {"voliss": {"@volume": "117"}, "pagerange": {"@first": "392", "@last": "398"}}, "ref-authors": {"author": [{"ce:given-name": "L. Latrous El", "@seq": "1", "ce:initials": "L.L.E.", "@_fa": "true", "ce:surname": "Atrache", "ce:indexed-name": "Atrache L.L.E."}, {"@seq": "2", "ce:initials": "R.", "@_fa": "true", "ce:surname": "Ben Sghaier", "ce:indexed-name": "Ben Sghaier R."}, {"@seq": "3", "ce:initials": "B.", "@_fa": "true", "ce:surname": "Bejaoui Kefi", "ce:indexed-name": "Bejaoui Kefi B."}, {"@seq": "4", "ce:initials": "V.", "@_fa": "true", "ce:surname": "Haldys", "ce:indexed-name": "Haldys V."}, {"@seq": "5", "ce:initials": "M.", "@_fa": "true", "ce:surname": "Dachraoui", "ce:indexed-name": "Dachraoui M."}, {"@seq": "6", "ce:initials": "J.", "@_fa": "true", "ce:surname": "Tortajada", "ce:indexed-name": "Tortajada J."}]}, "ref-sourcetitle": "Talanta"}}, {"ref-fulltext": "Tajik, S., Taher, M.A., Beitollahi, H., Mangiferin DNA biosensor using double-stranded DNA modified pencil graphite electrode based on guanine and adenine signals. J. Electroanal. Chem. 720\u2013721 (2014), 134\u2013138.", "@id": "7", "ref-info": {"ref-publicationyear": {"@first": "2014"}, "ref-title": {"ref-titletext": "Mangiferin DNA biosensor using double-stranded DNA modified pencil graphite electrode based on guanine and adenine signals"}, "refd-itemidlist": {"itemid": [{"$": "bib7", "@idtype": "FRAGMENTID"}, {"$": "84899419040", "@idtype": "SGR"}]}, "ref-volisspag": {"voliss": {"@volume": "720-721"}, "pagerange": {"@first": "134", "@last": "138"}}, "ref-authors": {"author": [{"@seq": "1", "ce:initials": "S.", "@_fa": "true", "ce:surname": "Tajik", "ce:indexed-name": "Tajik S."}, {"@seq": "2", "ce:initials": "M.A.", "@_fa": "true", "ce:surname": "Taher", "ce:indexed-name": "Taher M.A."}, {"@seq": "3", "ce:initials": "H.", "@_fa": "true", "ce:surname": "Beitollahi", "ce:indexed-name": "Beitollahi H."}]}, "ref-sourcetitle": "J. Electroanal. Chem."}}, {"ref-fulltext": "Mohammadi, S., Beitollahi, H., Mohadesi, A., Electrochemical behaviour of a modified carbon nanotube paste electrode and its application for simultaneous determination of epinephrine, uric acid and folic acid. Sens. Lett. 11:2 (2013), 388\u2013394.", "@id": "8", "ref-info": {"ref-publicationyear": {"@first": "2013"}, "ref-title": {"ref-titletext": "Electrochemical behaviour of a modified carbon nanotube paste electrode and its application for simultaneous determination of epinephrine, uric acid and folic acid"}, "refd-itemidlist": {"itemid": [{"$": "bib8", "@idtype": "FRAGMENTID"}, {"$": "84880574387", "@idtype": "SGR"}]}, "ref-volisspag": {"voliss": {"@volume": "11", "@issue": "2"}, "pagerange": {"@first": "388", "@last": "394"}}, "ref-authors": {"author": [{"@seq": "1", "ce:initials": "S.", "@_fa": "true", "ce:surname": "Mohammadi", "ce:indexed-name": "Mohammadi S."}, {"@seq": "2", "ce:initials": "H.", "@_fa": "true", "ce:surname": "Beitollahi", "ce:indexed-name": "Beitollahi H."}, {"@seq": "3", "ce:initials": "A.", "@_fa": "true", "ce:surname": "Mohadesi", "ce:indexed-name": "Mohadesi A."}]}, "ref-sourcetitle": "Sens. Lett."}}, {"ref-fulltext": "Beitollahi, H., Mostafavi, M., Nanostructured base electrochemical sensor for simultaneous quantification and voltammetric studies of Levodopa and Carbidopa in pharmaceutical products and biological samples. Electroanalysis 26:5 (2014), 1090\u20131098.", "@id": "9", "ref-info": {"ref-publicationyear": {"@first": "2014"}, "ref-title": {"ref-titletext": "Nanostructured base electrochemical sensor for simultaneous quantification and voltammetric studies of Levodopa and Carbidopa in pharmaceutical products and biological samples"}, "refd-itemidlist": {"itemid": [{"$": "bib9", "@idtype": "FRAGMENTID"}, {"$": "84900339326", "@idtype": "SGR"}]}, "ref-volisspag": {"voliss": {"@volume": "26", "@issue": "5"}, "pagerange": {"@first": "1090", "@last": "1098"}}, "ref-authors": {"author": [{"@seq": "1", "ce:initials": "H.", "@_fa": "true", "ce:surname": "Beitollahi", "ce:indexed-name": "Beitollahi H."}, {"@seq": "2", "ce:initials": "M.", "@_fa": "true", "ce:surname": "Mostafavi", "ce:indexed-name": "Mostafavi M."}]}, "ref-sourcetitle": "Electroanalysis"}}, {"ref-fulltext": "Beitollahi, H., Mohammadi, S., Selective voltammetric determination of norepinephrine in the presence of acetaminophen and tryptophan on the surface of a modified carbon nanotube paste electrode. Mater. Sci. Eng.: C. Mater. Biol. Appl. 33:6 (2013), 3214\u20133219.", "@id": "10", "ref-info": {"ref-publicationyear": {"@first": "2013"}, "ref-title": {"ref-titletext": "Selective voltammetric determination of norepinephrine in the presence of acetaminophen and tryptophan on the surface of a modified carbon nanotube paste electrode"}, "refd-itemidlist": {"itemid": [{"$": "bib10", "@idtype": "FRAGMENTID"}, {"$": "84878218932", "@idtype": "SGR"}]}, "ref-volisspag": {"voliss": {"@volume": "33", "@issue": "6"}, "pagerange": {"@first": "3214", "@last": "3219"}}, "ref-authors": {"author": [{"@seq": "1", "ce:initials": "H.", "@_fa": "true", "ce:surname": "Beitollahi", "ce:indexed-name": "Beitollahi H."}, {"@seq": "2", "ce:initials": "S.", "@_fa": "true", "ce:surname": "Mohammadi", "ce:indexed-name": "Mohammadi S."}]}, "ref-sourcetitle": "Mater. Sci. Eng.: C. Mater. Biol. Appl."}}, {"ref-fulltext": "Mohadesi, A., Beitollahi, H., Electrochemical and catalytic investigations of levodopa and folic acid by modified carbon nanotube paste electrode. Anal. Methods, 3(11), 2011, 2562.", "@id": "11", "ref-info": {"ref-publicationyear": {"@first": "2011"}, "ref-title": {"ref-titletext": "Electrochemical and catalytic investigations of levodopa and folic acid by modified carbon nanotube paste electrode"}, "refd-itemidlist": {"itemid": [{"$": "bib11", "@idtype": "FRAGMENTID"}, {"$": "84255193427", "@idtype": "SGR"}]}, "ref-volisspag": {"voliss": {"@volume": "3", "@issue": "11"}, "pagerange": {"@first": "2562"}}, "ref-authors": {"author": [{"@seq": "1", "ce:initials": "A.", "@_fa": "true", "ce:surname": "Mohadesi", "ce:indexed-name": "Mohadesi A."}, {"@seq": "2", "ce:initials": "H.", "@_fa": "true", "ce:surname": "Beitollahi", "ce:indexed-name": "Beitollahi H."}]}, "ref-sourcetitle": "Anal. Methods"}}, {"ref-fulltext": "Jeyapragasam, T., Saraswathi, R., Electrochemical biosensing of carbofuran based on acetylcholinesterase immobilized onto iron oxide\u2013chitosan nanocomposite. Sens. Actuators B: Chem. 191 (2014), 681\u2013687.", "@id": "12", "ref-info": {"ref-publicationyear": {"@first": "2014"}, "ref-title": {"ref-titletext": "Electrochemical biosensing of carbofuran based on acetylcholinesterase immobilized onto iron oxide\u2013chitosan nanocomposite"}, "refd-itemidlist": {"itemid": [{"$": "bib12", "@idtype": "FRAGMENTID"}, {"$": "84887736062", "@idtype": "SGR"}]}, "ref-volisspag": {"voliss": {"@volume": "191"}, "pagerange": {"@first": "681", "@last": "687"}}, "ref-authors": {"author": [{"@seq": "1", "ce:initials": "T.", "@_fa": "true", "ce:surname": "Jeyapragasam", "ce:indexed-name": "Jeyapragasam T."}, {"@seq": "2", "ce:initials": "R.", "@_fa": "true", "ce:surname": "Saraswathi", "ce:indexed-name": "Saraswathi R."}]}, "ref-sourcetitle": "Sens. Actuators B: Chem."}}, {"ref-fulltext": "Grawe, G.F., de Oliveira, T.R., de Andrade Narciso, E., Moccelini, S.K., Terezo, A.J., Soares, M.A., Castilho, M., Electrochemical biosensor for carbofuran pesticide based on esterases from Eupenicillium shearii FREI-39 endophytic fungus. Biosens. Bioelectron. 63 (2015), 407\u2013413.", "@id": "13", "ref-info": {"ref-publicationyear": {"@first": "2015"}, "ref-title": {"ref-titletext": "Electrochemical biosensor for carbofuran pesticide based on esterases from Eupenicillium shearii FREI-39 endophytic fungus"}, "refd-itemidlist": {"itemid": [{"$": "bib13", "@idtype": "FRAGMENTID"}, {"$": "84907342987", "@idtype": "SGR"}]}, "ref-volisspag": {"voliss": {"@volume": "63"}, "pagerange": {"@first": "407", "@last": "413"}}, "ref-authors": {"author": [{"@seq": "1", "ce:initials": "G.F.", "@_fa": "true", "ce:surname": "Grawe", "ce:indexed-name": "Grawe G.F."}, {"@seq": "2", "ce:initials": "T.R.", "@_fa": "true", "ce:surname": "de Oliveira", "ce:indexed-name": "de Oliveira T.R."}, {"@seq": "3", "ce:initials": "E.", "@_fa": "true", "ce:surname": "de Andrade Narciso", "ce:indexed-name": "de Andrade Narciso E."}, {"@seq": "4", "ce:initials": "S.K.", "@_fa": "true", "ce:surname": "Moccelini", "ce:indexed-name": "Moccelini S.K."}, {"@seq": "5", "ce:initials": "A.J.", "@_fa": "true", "ce:surname": "Terezo", "ce:indexed-name": "Terezo A.J."}, {"@seq": "6", "ce:initials": "M.A.", "@_fa": "true", "ce:surname": "Soares", "ce:indexed-name": "Soares M.A."}, {"@seq": "7", "ce:initials": "M.", "@_fa": "true", "ce:surname": "Castilho", "ce:indexed-name": "Castilho M."}]}, "ref-sourcetitle": "Biosens. Bioelectron."}}, {"ref-fulltext": "Wang, M., Huang, J., Wang, M., Zhang, D., Chen, J., Electrochemical nonenzymatic sensor based on CoO decorated reduced graphene oxide for the simultaneous determination of carbofuran and carbaryl in fruits and vegetables. Food Chem. 151 (2014), 191\u2013197.", "@id": "14", "ref-info": {"ref-publicationyear": {"@first": "2014"}, "ref-title": {"ref-titletext": "Electrochemical nonenzymatic sensor based on CoO decorated reduced graphene oxide for the simultaneous determination of carbofuran and carbaryl in fruits and vegetables"}, "refd-itemidlist": {"itemid": [{"$": "bib14", "@idtype": "FRAGMENTID"}, {"$": "84890060146", "@idtype": "SGR"}]}, "ref-volisspag": {"voliss": {"@volume": "151"}, "pagerange": {"@first": "191", "@last": "197"}}, "ref-authors": {"author": [{"@seq": "1", "ce:initials": "M.", "@_fa": "true", "ce:surname": "Wang", "ce:indexed-name": "Wang M."}, {"@seq": "2", "ce:initials": "J.", "@_fa": "true", "ce:surname": "Huang", "ce:indexed-name": "Huang J."}, {"@seq": "3", "ce:initials": "M.", "@_fa": "true", "ce:surname": "Wang", "ce:indexed-name": "Wang M."}, {"@seq": "4", "ce:initials": "D.", "@_fa": "true", "ce:surname": "Zhang", "ce:indexed-name": "Zhang D."}, {"@seq": "5", "ce:initials": "J.", "@_fa": "true", "ce:surname": "Chen", "ce:indexed-name": "Chen J."}]}, "ref-sourcetitle": "Food Chem."}}, {"ref-fulltext": "Wong, A., Materon, E.M., Sotomayor, M.D.P.T., Development of a biomimetic sensor modified with hemin and graphene oxide for monitoring of carbofuran in food. Electrochim. Acta 146 (2014), 830\u2013837.", "@id": "15", "ref-info": {"ref-publicationyear": {"@first": "2014"}, "ref-title": {"ref-titletext": "Development of a biomimetic sensor modified with hemin and graphene oxide for monitoring of carbofuran in food"}, "refd-itemidlist": {"itemid": [{"$": "bib15", "@idtype": "FRAGMENTID"}, {"$": "84908402767", "@idtype": "SGR"}]}, "ref-volisspag": {"voliss": {"@volume": "146"}, "pagerange": {"@first": "830", "@last": "837"}}, "ref-authors": {"author": [{"@seq": "1", "ce:initials": "A.", "@_fa": "true", "ce:surname": "Wong", "ce:indexed-name": "Wong A."}, {"@seq": "2", "ce:initials": "E.M.", "@_fa": "true", "ce:surname": "Materon", "ce:indexed-name": "Materon E.M."}, {"@seq": "3", "ce:initials": "M.D.P.T.", "@_fa": "true", "ce:surname": "Sotomayor", "ce:indexed-name": "Sotomayor M.D.P.T."}]}, "ref-sourcetitle": "Electrochim. Acta"}}, {"ref-fulltext": "Wei, H., Sun, J.J., Wang, Y.M., Li, X., Chen, G.N., Rapid hydrolysis and electrochemical detection of trace carbofuran at a disposable heated screen-printed carbon electrode. Analyst 133:11 (2008), 1619\u20131624.", "@id": "16", "ref-info": {"ref-publicationyear": {"@first": "2008"}, "ref-title": {"ref-titletext": "Rapid hydrolysis and electrochemical detection of trace carbofuran at a disposable heated screen-printed carbon electrode"}, "refd-itemidlist": {"itemid": [{"$": "bib16", "@idtype": "FRAGMENTID"}, {"$": "54249132043", "@idtype": "SGR"}]}, "ref-volisspag": {"voliss": {"@volume": "133", "@issue": "11"}, "pagerange": {"@first": "1619", "@last": "1624"}}, "ref-authors": {"author": [{"@seq": "1", "ce:initials": "H.", "@_fa": "true", "ce:surname": "Wei", "ce:indexed-name": "Wei H."}, {"@seq": "2", "ce:initials": "J.J.", "@_fa": "true", "ce:surname": "Sun", "ce:indexed-name": "Sun J.J."}, {"@seq": "3", "ce:initials": "Y.M.", "@_fa": "true", "ce:surname": "Wang", "ce:indexed-name": "Wang Y.M."}, {"@seq": "4", "ce:initials": "X.", "@_fa": "true", "ce:surname": "Li", "ce:indexed-name": "Li X."}, {"@seq": "5", "ce:initials": "G.N.", "@_fa": "true", "ce:surname": "Chen", "ce:indexed-name": "Chen G.N."}]}, "ref-sourcetitle": "Analyst"}}, {"ref-fulltext": "Rao, V.K., Sharma, M.K., Pandey, P., Sekhar, K., Comparison of different carbon ink based screen-printed electrodes towards amperometric immunosensing. World J. Microbiol. Biotechnol. 22:11 (2006), 1135\u20131143.", "@id": "17", "ref-info": {"ref-publicationyear": {"@first": "2006"}, "ref-title": {"ref-titletext": "Comparison of different carbon ink based screen-printed electrodes towards amperometric immunosensing"}, "refd-itemidlist": {"itemid": [{"$": "bib17", "@idtype": "FRAGMENTID"}, {"$": "33750855822", "@idtype": "SGR"}]}, "ref-volisspag": {"voliss": {"@volume": "22", "@issue": "11"}, "pagerange": {"@first": "1135", "@last": "1143"}}, "ref-authors": {"author": [{"@seq": "1", "ce:initials": "V.K.", "@_fa": "true", "ce:surname": "Rao", "ce:indexed-name": "Rao V.K."}, {"@seq": "2", "ce:initials": "M.K.", "@_fa": "true", "ce:surname": "Sharma", "ce:indexed-name": "Sharma M.K."}, {"@seq": "3", "ce:initials": "P.", "@_fa": "true", "ce:surname": "Pandey", "ce:indexed-name": "Pandey P."}, {"@seq": "4", "ce:initials": "K.", "@_fa": "true", "ce:surname": "Sekhar", "ce:indexed-name": "Sekhar K."}]}, "ref-sourcetitle": "World J. Microbiol. Biotechnol."}}, {"ref-fulltext": "Sharma, M.K., Goel, A.K., Singh, L., Rao, V.K., Immunological biosensor for detection of vibrio cholerae O1in environmental water samples. World J. Microbiol. Biotechnol. 22:11 (2006), 1155\u20131159.", "@id": "18", "ref-info": {"ref-publicationyear": {"@first": "2006"}, "ref-title": {"ref-titletext": "Immunological biosensor for detection of vibrio cholerae O1in environmental water samples"}, "refd-itemidlist": {"itemid": [{"$": "bib18", "@idtype": "FRAGMENTID"}, {"$": "33750851410", "@idtype": "SGR"}]}, "ref-volisspag": {"voliss": {"@volume": "22", "@issue": "11"}, "pagerange": {"@first": "1155", "@last": "1159"}}, "ref-authors": {"author": [{"@seq": "1", "ce:initials": "M.K.", "@_fa": "true", "ce:surname": "Sharma", "ce:indexed-name": "Sharma M.K."}, {"@seq": "2", "ce:initials": "A.K.", "@_fa": "true", "ce:surname": "Goel", "ce:indexed-name": "Goel A.K."}, {"@seq": "3", "ce:initials": "L.", "@_fa": "true", "ce:surname": "Singh", "ce:indexed-name": "Singh L."}, {"@seq": "4", "ce:initials": "V.K.", "@_fa": "true", "ce:surname": "Rao", "ce:indexed-name": "Rao V.K."}]}, "ref-sourcetitle": "World J. Microbiol. Biotechnol."}}, {"ref-fulltext": "Chaiyo, S., Mehmeti, E., Zagar, K., Siangproh, W., Chailapakul, O., Kalcher, K., Electrochemical sensors for the simultaneous determination of zinc, cadmium and lead using a Nafion/ionic liquid/graphene composite modified screen-printed carbon electrode. Anal. Chim. Acta 918 (2016), 26\u201334.", "@id": "19", "ref-info": {"ref-publicationyear": {"@first": "2016"}, "ref-title": {"ref-titletext": "Electrochemical sensors for the simultaneous determination of zinc, cadmium and lead using a Nafion/ionic liquid/graphene composite modified screen-printed carbon electrode"}, "refd-itemidlist": {"itemid": [{"$": "bib19", "@idtype": "FRAGMENTID"}, {"$": "84990253595", "@idtype": "SGR"}]}, "ref-volisspag": {"voliss": {"@volume": "918"}, "pagerange": {"@first": "26", "@last": "34"}}, "ref-authors": {"author": [{"@seq": "1", "ce:initials": "S.", "@_fa": "true", "ce:surname": "Chaiyo", "ce:indexed-name": "Chaiyo S."}, {"@seq": "2", "ce:initials": "E.", "@_fa": "true", "ce:surname": "Mehmeti", "ce:indexed-name": "Mehmeti E."}, {"@seq": "3", "ce:initials": "K.", "@_fa": "true", "ce:surname": "Zagar", "ce:indexed-name": "Zagar K."}, {"@seq": "4", "ce:initials": "W.", "@_fa": "true", "ce:surname": "Siangproh", "ce:indexed-name": "Siangproh W."}, {"@seq": "5", "ce:initials": "O.", "@_fa": "true", "ce:surname": "Chailapakul", "ce:indexed-name": "Chailapakul O."}, {"@seq": "6", "ce:initials": "K.", "@_fa": "true", "ce:surname": "Kalcher", "ce:indexed-name": "Kalcher K."}]}, "ref-sourcetitle": "Anal. Chim. Acta"}}, {"ref-fulltext": "Beitollahi, H., Karimi-Maleh, H., Khabazzadeh, H., Nanomolar and selective determination of epinephrine in the presence of norepinephrine using carbon paste electrode modified with carbon nanotubes and novel 2-(4-Oxo-3-phenyl-3,4-dihydro-quinazolinyl)-N\u2032-phenyl-hydrazinecarbothioamide. Anal. Chem. 80:24 (2008), 9848\u20139851.", "@id": "20", "ref-info": {"ref-publicationyear": {"@first": "2008"}, "ref-title": {"ref-titletext": "Nanomolar and selective determination of epinephrine in the presence of norepinephrine using carbon paste electrode modified with carbon nanotubes and novel 2-(4-Oxo-3-phenyl-3,4-dihydro-quinazolinyl)-N\u2032-phenyl-hydrazinecarbothioamide"}, "refd-itemidlist": {"itemid": [{"$": "bib20", "@idtype": "FRAGMENTID"}, {"$": "58149140094", "@idtype": "SGR"}]}, "ref-volisspag": {"voliss": {"@volume": "80", "@issue": "24"}, "pagerange": {"@first": "9848", "@last": "9851"}}, "ref-authors": {"author": [{"@seq": "1", "ce:initials": "H.", "@_fa": "true", "ce:surname": "Beitollahi", "ce:indexed-name": "Beitollahi H."}, {"@seq": "2", "ce:initials": "H.", "@_fa": "true", "ce:surname": "Karimi-Maleh", "ce:indexed-name": "Karimi-Maleh H."}, {"@seq": "3", "ce:initials": "H.", "@_fa": "true", "ce:surname": "Khabazzadeh", "ce:indexed-name": "Khabazzadeh H."}]}, "ref-sourcetitle": "Anal. Chem."}}, {"ref-fulltext": "Tajik, S., Taher, M.A., Beitollahi, H., First report for simultaneous determination of methyldopa and hydrochlorothiazide using a nanostructured based electrochemical sensor. J. Electroanal. Chem. 704 (2013), 137\u2013144.", "@id": "21", "ref-info": {"ref-publicationyear": {"@first": "2013"}, "ref-title": {"ref-titletext": "First report for simultaneous determination of methyldopa and hydrochlorothiazide using a nanostructured based electrochemical sensor"}, "refd-itemidlist": {"itemid": [{"$": "bib21", "@idtype": "FRAGMENTID"}, {"$": "84881143864", "@idtype": "SGR"}]}, "ref-volisspag": {"voliss": {"@volume": "704"}, "pagerange": {"@first": "137", "@last": "144"}}, "ref-authors": {"author": [{"@seq": "1", "ce:initials": "S.", "@_fa": "true", "ce:surname": "Tajik", "ce:indexed-name": "Tajik S."}, {"@seq": "2", "ce:initials": "M.A.", "@_fa": "true", "ce:surname": "Taher", "ce:indexed-name": "Taher M.A."}, {"@seq": "3", "ce:initials": "H.", "@_fa": "true", "ce:surname": "Beitollahi", "ce:indexed-name": "Beitollahi H."}]}, "ref-sourcetitle": "J. Electroanal. Chem."}}, {"ref-fulltext": "Charoenkitamorn, K., Chailapakul, O., Siangproh, W., Development of gold nanoparticles modified screen-printed carbon electrode for the analysis of thiram, disulfiram and their derivative in food using ultra-high performance liquid chromatography. Talanta 132 (2015), 416\u2013423.", "@id": "22", "ref-info": {"ref-publicationyear": {"@first": "2015"}, "ref-title": {"ref-titletext": "Development of gold nanoparticles modified screen-printed carbon electrode for the analysis of thiram, disulfiram and their derivative in food using ultra-high performance liquid chromatography"}, "refd-itemidlist": {"itemid": [{"$": "bib22", "@idtype": "FRAGMENTID"}, {"$": "84908180813", "@idtype": "SGR"}]}, "ref-volisspag": {"voliss": {"@volume": "132"}, "pagerange": {"@first": "416", "@last": "423"}}, "ref-authors": {"author": [{"@seq": "1", "ce:initials": "K.", "@_fa": "true", "ce:surname": "Charoenkitamorn", "ce:indexed-name": "Charoenkitamorn K."}, {"@seq": "2", "ce:initials": "O.", "@_fa": "true", "ce:surname": "Chailapakul", "ce:indexed-name": "Chailapakul O."}, {"@seq": "3", "ce:initials": "W.", "@_fa": "true", "ce:surname": "Siangproh", "ce:indexed-name": "Siangproh W."}]}, "ref-sourcetitle": "Talanta"}}, {"ref-fulltext": "Saengsookwaow, C., Rangkupan, R., Chailapakul, O., Rodthongkum, N., Nitrogen-doped graphene\u2013polyvinylpyrrolidone/gold nanoparticles modified electrode as a novel hydrazine sensor. Sens. Actuators B: Chem. 227 (2016), 524\u2013532.", "@id": "23", "ref-info": {"ref-publicationyear": {"@first": "2016"}, "ref-title": {"ref-titletext": "Nitrogen-doped graphene\u2013polyvinylpyrrolidone/gold nanoparticles modified electrode as a novel hydrazine sensor"}, "refd-itemidlist": {"itemid": [{"$": "bib23", "@idtype": "FRAGMENTID"}, {"$": "84953790637", "@idtype": "SGR"}]}, "ref-volisspag": {"voliss": {"@volume": "227"}, "pagerange": {"@first": "524", "@last": "532"}}, "ref-authors": {"author": [{"@seq": "1", "ce:initials": "C.", "@_fa": "true", "ce:surname": "Saengsookwaow", "ce:indexed-name": "Saengsookwaow C."}, {"@seq": "2", "ce:initials": "R.", "@_fa": "true", "ce:surname": "Rangkupan", "ce:indexed-name": "Rangkupan R."}, {"@seq": "3", "ce:initials": "O.", "@_fa": "true", "ce:surname": "Chailapakul", "ce:indexed-name": "Chailapakul O."}, {"@seq": "4", "ce:initials": "N.", "@_fa": "true", "ce:surname": "Rodthongkum", "ce:indexed-name": "Rodthongkum N."}]}, "ref-sourcetitle": "Sens. Actuators B: Chem."}}, {"ref-fulltext": "Rafiee, B., Fakhari, A.R., Ghaffarzadeh, M., Impedimetric and stripping voltammetric determination of methamphetamine at gold nanoparticles-multiwalled carbon nanotubes modified screen printed electrode. Sens. Actuators B: Chem. 218 (2015), 271\u2013279.", "@id": "24", "ref-info": {"ref-publicationyear": {"@first": "2015"}, "ref-title": {"ref-titletext": "Impedimetric and stripping voltammetric determination of methamphetamine at gold nanoparticles-multiwalled carbon nanotubes modified screen printed electrode"}, "refd-itemidlist": {"itemid": [{"$": "bib24", "@idtype": "FRAGMENTID"}, {"$": "84930628668", "@idtype": "SGR"}]}, "ref-volisspag": {"voliss": {"@volume": "218"}, "pagerange": {"@first": "271", "@last": "279"}}, "ref-authors": {"author": [{"@seq": "1", "ce:initials": "B.", "@_fa": "true", "ce:surname": "Rafiee", "ce:indexed-name": "Rafiee B."}, {"@seq": "2", "ce:initials": "A.R.", "@_fa": "true", "ce:surname": "Fakhari", "ce:indexed-name": "Fakhari A.R."}, {"@seq": "3", "ce:initials": "M.", "@_fa": "true", "ce:surname": "Ghaffarzadeh", "ce:indexed-name": "Ghaffarzadeh M."}]}, "ref-sourcetitle": "Sens. Actuators B: Chem."}}, {"ref-fulltext": "Das, M., Shim, K.H., An, S.S.A., Yi, D.K., Review on gold nanoparticles and their applications. Toxicol. Environ. Health Sci. 3:4 (2012), 193\u2013205.", "@id": "25", "ref-info": {"ref-publicationyear": {"@first": "2012"}, "ref-title": {"ref-titletext": "Review on gold nanoparticles and their applications"}, "refd-itemidlist": {"itemid": [{"$": "bib25", "@idtype": "FRAGMENTID"}, {"$": "84866430450", "@idtype": "SGR"}]}, "ref-volisspag": {"voliss": {"@volume": "3", "@issue": "4"}, "pagerange": {"@first": "193", "@last": "205"}}, "ref-authors": {"author": [{"@seq": "1", "ce:initials": "M.", "@_fa": "true", "ce:surname": "Das", "ce:indexed-name": "Das M."}, {"@seq": "2", "ce:initials": "K.H.", "@_fa": "true", "ce:surname": "Shim", "ce:indexed-name": "Shim K.H."}, {"@seq": "3", "ce:initials": "S.S.A.", "@_fa": "true", "ce:surname": "An", "ce:indexed-name": "An S.S.A."}, {"@seq": "4", "ce:initials": "D.K.", "@_fa": "true", "ce:surname": "Yi", "ce:indexed-name": "Yi D.K."}]}, "ref-sourcetitle": "Toxicol. Environ. Health Sci."}}, {"ref-fulltext": "Santana, E.R., de Lima, C.A., Piovesan, J.V., Spinelli, A., An original ferroferric oxide and gold nanoparticles-modified glassy carbon electrode for the determination of bisphenol A. Sens. Actuators B: Chem. 240 (2017), 487\u2013496.", "@id": "26", "ref-info": {"ref-publicationyear": {"@first": "2017"}, "ref-title": {"ref-titletext": "An original ferroferric oxide and gold nanoparticles-modified glassy carbon electrode for the determination of bisphenol A"}, "refd-itemidlist": {"itemid": [{"$": "bib26", "@idtype": "FRAGMENTID"}, {"$": "84985955379", "@idtype": "SGR"}]}, "ref-volisspag": {"voliss": {"@volume": "240"}, "pagerange": {"@first": "487", "@last": "496"}}, "ref-authors": {"author": [{"@seq": "1", "ce:initials": "E.R.", "@_fa": "true", "ce:surname": "Santana", "ce:indexed-name": "Santana E.R."}, {"@seq": "2", "ce:initials": "C.A.", "@_fa": "true", "ce:surname": "de Lima", "ce:indexed-name": "de Lima C.A."}, {"@seq": "3", "ce:initials": "J.V.", "@_fa": "true", "ce:surname": "Piovesan", "ce:indexed-name": "Piovesan J.V."}, {"@seq": "4", "ce:initials": "A.", "@_fa": "true", "ce:surname": "Spinelli", "ce:indexed-name": "Spinelli A."}]}, "ref-sourcetitle": "Sens. Actuators B: Chem."}}, {"ref-fulltext": "Chen, J., Li, Y., Huang, L., Li, C., Shi, G., High-yield preparation of graphene oxide from small graphite flakes via an improved Hummers method with a simple purification process. Carbon 81 (2015), 826\u2013834.", "@id": "27", "ref-info": {"ref-publicationyear": {"@first": "2015"}, "ref-title": {"ref-titletext": "High-yield preparation of graphene oxide from small graphite flakes via an improved Hummers method with a simple purification process"}, "refd-itemidlist": {"itemid": [{"$": "bib27", "@idtype": "FRAGMENTID"}, {"$": "84922752677", "@idtype": "SGR"}]}, "ref-volisspag": {"voliss": {"@volume": "81"}, "pagerange": {"@first": "826", "@last": "834"}}, "ref-authors": {"author": [{"@seq": "1", "ce:initials": "J.", "@_fa": "true", "ce:surname": "Chen", "ce:indexed-name": "Chen J."}, {"@seq": "2", "ce:initials": "Y.", "@_fa": "true", "ce:surname": "Li", "ce:indexed-name": "Li Y."}, {"@seq": "3", "ce:initials": "L.", "@_fa": "true", "ce:surname": "Huang", "ce:indexed-name": "Huang L."}, {"@seq": "4", "ce:initials": "C.", "@_fa": "true", "ce:surname": "Li", "ce:indexed-name": "Li C."}, {"@seq": "5", "ce:initials": "G.", "@_fa": "true", "ce:surname": "Shi", "ce:indexed-name": "Shi G."}]}, "ref-sourcetitle": "Carbon"}}, {"ref-fulltext": "Gong, X., Bi, Y., Zhao, Y., Liu, G., Teoh, W.Y., Graphene oxide-based electrochemical sensor: a platform for ultrasensitive detection of heavy metal ions. RSC Adv., 4(47), 2014, 24653.", "@id": "28", "ref-info": {"ref-publicationyear": {"@first": "2014"}, "ref-title": {"ref-titletext": "Graphene oxide-based electrochemical sensor: a platform for ultrasensitive detection of heavy metal ions"}, "refd-itemidlist": {"itemid": [{"$": "bib28", "@idtype": "FRAGMENTID"}, {"$": "84902679131", "@idtype": "SGR"}]}, "ref-volisspag": {"voliss": {"@volume": "4", "@issue": "47"}, "pagerange": {"@first": "24653"}}, "ref-authors": {"author": [{"@seq": "1", "ce:initials": "X.", "@_fa": "true", "ce:surname": "Gong", "ce:indexed-name": "Gong X."}, {"@seq": "2", "ce:initials": "Y.", "@_fa": "true", "ce:surname": "Bi", "ce:indexed-name": "Bi Y."}, {"@seq": "3", "ce:initials": "Y.", "@_fa": "true", "ce:surname": "Zhao", "ce:indexed-name": "Zhao Y."}, {"@seq": "4", "ce:initials": "G.", "@_fa": "true", "ce:surname": "Liu", "ce:indexed-name": "Liu G."}, {"@seq": "5", "ce:initials": "W.Y.", "@_fa": "true", "ce:surname": "Teoh", "ce:indexed-name": "Teoh W.Y."}]}, "ref-sourcetitle": "RSC Adv."}}, {"ref-fulltext": "Suea-Ngam, A., Rattanarat, P., Wongravee, K., Chailapakul, O., Srisa-Art, M., Droplet-based glucosamine sensor using gold nanoparticles and polyaniline-modified electrode. Talanta 158 (2016), 134\u2013141.", "@id": "29", "ref-info": {"ref-publicationyear": {"@first": "2016"}, "ref-title": {"ref-titletext": "Droplet-based glucosamine sensor using gold nanoparticles and polyaniline-modified electrode"}, "refd-itemidlist": {"itemid": [{"$": "bib29", "@idtype": "FRAGMENTID"}, {"$": "84975797298", "@idtype": "SGR"}]}, "ref-volisspag": {"voliss": {"@volume": "158"}, "pagerange": {"@first": "134", "@last": "141"}}, "ref-authors": {"author": [{"@seq": "1", "ce:initials": "A.", "@_fa": "true", "ce:surname": "Suea-Ngam", "ce:indexed-name": "Suea-Ngam A."}, {"@seq": "2", "ce:initials": "P.", "@_fa": "true", "ce:surname": "Rattanarat", "ce:indexed-name": "Rattanarat P."}, {"@seq": "3", "ce:initials": "K.", "@_fa": "true", "ce:surname": "Wongravee", "ce:indexed-name": "Wongravee K."}, {"@seq": "4", "ce:initials": "O.", "@_fa": "true", "ce:surname": "Chailapakul", "ce:indexed-name": "Chailapakul O."}, {"@seq": "5", "ce:initials": "M.", "@_fa": "true", "ce:surname": "Srisa-Art", "ce:indexed-name": "Srisa-Art M."}]}, "ref-sourcetitle": "Talanta"}}, {"ref-fulltext": "Mohajeri, S., Aziz, H.A., Isa, M.H., Zahed, M.A., Adlan, M.N., Statistical optimization of process parameters for landfill leachate treatment using electro-Fenton technique. J. Hazard Mater. 176:1\u20133 (2010), 749\u2013758.", "@id": "30", "ref-info": {"ref-publicationyear": {"@first": "2010"}, "ref-title": {"ref-titletext": "Statistical optimization of process parameters for landfill leachate treatment using electro-Fenton technique"}, "refd-itemidlist": {"itemid": [{"$": "bib30", "@idtype": "FRAGMENTID"}, {"$": "74449086327", "@idtype": "SGR"}]}, "ref-volisspag": {"voliss": {"@volume": "176", "@issue": "1-3"}, "pagerange": {"@first": "749", "@last": "758"}}, "ref-authors": {"author": [{"@seq": "1", "ce:initials": "S.", "@_fa": "true", "ce:surname": "Mohajeri", "ce:indexed-name": "Mohajeri S."}, {"@seq": "2", "ce:initials": "H.A.", "@_fa": "true", "ce:surname": "Aziz", "ce:indexed-name": "Aziz H.A."}, {"@seq": "3", "ce:initials": "M.H.", "@_fa": "true", "ce:surname": "Isa", "ce:indexed-name": "Isa M.H."}, {"@seq": "4", "ce:initials": "M.A.", "@_fa": "true", "ce:surname": "Zahed", "ce:indexed-name": "Zahed M.A."}, {"@seq": "5", "ce:initials": "M.N.", "@_fa": "true", "ce:surname": "Adlan", "ce:indexed-name": "Adlan M.N."}]}, "ref-sourcetitle": "J. Hazard Mater."}}, {"ref-fulltext": "Hummers, W.S., Offeman, R.E., Preparation of graphitic oxide. J. Am. Chem. Soc., 80, 1958 (1339-1339).", "@id": "31", "ref-info": {"ref-publicationyear": {"@first": "1958"}, "ref-title": {"ref-titletext": "Preparation of graphitic oxide"}, "refd-itemidlist": {"itemid": [{"$": "bib31", "@idtype": "FRAGMENTID"}, {"$": "33947461960", "@idtype": "SGR"}]}, "ref-volisspag": {"voliss": {"@volume": "80"}}, "ref-text": "(1339-1339)", "ref-authors": {"author": [{"@seq": "1", "ce:initials": "W.S.", "@_fa": "true", "ce:surname": "Hummers", "ce:indexed-name": "Hummers W.S."}, {"@seq": "2", "ce:initials": "R.E.", "@_fa": "true", "ce:surname": "Offeman", "ce:indexed-name": "Offeman R.E."}]}, "ref-sourcetitle": "J. Am. Chem. Soc."}}, {"ref-fulltext": "Kimling, J., Maier, M., Okenve, B., Kotaidis, V., Ballot, H., Plech, A., Turkevich method for gold nanoparticle synthesis revisited. J. Phys. Chem. B 110:32 (2006), 15700\u201315707.", "@id": "32", "ref-info": {"ref-publicationyear": {"@first": "2006"}, "ref-title": {"ref-titletext": "Turkevich method for gold nanoparticle synthesis revisited"}, "refd-itemidlist": {"itemid": [{"$": "bib32", "@idtype": "FRAGMENTID"}, {"$": "33748547223", "@idtype": "SGR"}]}, "ref-volisspag": {"voliss": {"@volume": "110", "@issue": "32"}, "pagerange": {"@first": "15700", "@last": "15707"}}, "ref-authors": {"author": [{"@seq": "1", "ce:initials": "J.", "@_fa": "true", "ce:surname": "Kimling", "ce:indexed-name": "Kimling J."}, {"@seq": "2", "ce:initials": "M.", "@_fa": "true", "ce:surname": "Maier", "ce:indexed-name": "Maier M."}, {"@seq": "3", "ce:initials": "B.", "@_fa": "true", "ce:surname": "Okenve", "ce:indexed-name": "Okenve B."}, {"@seq": "4", "ce:initials": "V.", "@_fa": "true", "ce:surname": "Kotaidis", "ce:indexed-name": "Kotaidis V."}, {"@seq": "5", "ce:initials": "H.", "@_fa": "true", "ce:surname": "Ballot", "ce:indexed-name": "Ballot H."}, {"@seq": "6", "ce:initials": "A.", "@_fa": "true", "ce:surname": "Plech", "ce:indexed-name": "Plech A."}]}, "ref-sourcetitle": "J. Phys. Chem. B"}}, {"ref-fulltext": "Zare-Dorabei, R., Ferdowsi, S.M., Barzin, A., Tadjarodi, A., Highly efficient simultaneous ultrasonic-assisted adsorption of Pb(II), Cd(II), Ni(II) and Cu (II) ions from aqueous solutions by graphene oxide modified with 2,2\u2032-dipyridylamine: central composite design optimization. Ultrason. Sonochem. 32 (2016), 265\u2013276.", "@id": "33", "ref-info": {"ref-publicationyear": {"@first": "2016"}, "ref-title": {"ref-titletext": "Highly efficient simultaneous ultrasonic-assisted adsorption of Pb(II), Cd(II), Ni(II) and Cu (II) ions from aqueous solutions by graphene oxide modified with 2,2\u2032-dipyridylamine: central composite design optimization"}, "refd-itemidlist": {"itemid": [{"$": "bib33", "@idtype": "FRAGMENTID"}, {"$": "84962034519", "@idtype": "SGR"}]}, "ref-volisspag": {"voliss": {"@volume": "32"}, "pagerange": {"@first": "265", "@last": "276"}}, "ref-authors": {"author": [{"@seq": "1", "ce:initials": "R.", "@_fa": "true", "ce:surname": "Zare-Dorabei", "ce:indexed-name": "Zare-Dorabei R."}, {"@seq": "2", "ce:initials": "S.M.", "@_fa": "true", "ce:surname": "Ferdowsi", "ce:indexed-name": "Ferdowsi S.M."}, {"@seq": "3", "ce:initials": "A.", "@_fa": "true", "ce:surname": "Barzin", "ce:indexed-name": "Barzin A."}, {"@seq": "4", "ce:initials": "A.", "@_fa": "true", "ce:surname": "Tadjarodi", "ce:indexed-name": "Tadjarodi A."}]}, "ref-sourcetitle": "Ultrason. Sonochem."}}, {"ref-fulltext": "Huang, X., El-Sayed, M.A., Gold nanoparticles: optical properties and implementations in cancer diagnosis and photothermal therapy. J. Adv. Res. 1:1 (2010), 13\u201328.", "@id": "34", "ref-info": {"ref-publicationyear": {"@first": "2010"}, "ref-title": {"ref-titletext": "Gold nanoparticles: optical properties and implementations in cancer diagnosis and photothermal therapy"}, "refd-itemidlist": {"itemid": [{"$": "bib34", "@idtype": "FRAGMENTID"}, {"$": "77950123499", "@idtype": "SGR"}]}, "ref-volisspag": {"voliss": {"@volume": "1", "@issue": "1"}, "pagerange": {"@first": "13", "@last": "28"}}, "ref-authors": {"author": [{"@seq": "1", "ce:initials": "X.", "@_fa": "true", "ce:surname": "Huang", "ce:indexed-name": "Huang X."}, {"@seq": "2", "ce:initials": "M.A.", "@_fa": "true", "ce:surname": "El-Sayed", "ce:indexed-name": "El-Sayed M.A."}]}, "ref-sourcetitle": "J. Adv. Res."}}, {"ref-fulltext": "Suea-Ngam, A., Rattanarat, P., Chailapakul, O., Srisa-Art, M., Electrochemical droplet-based microfluidics using chip-based carbon paste electrodes for high-throughput analysis in pharmaceutical applications. Anal. Chim. Acta 883 (2015), 45\u201354.", "@id": "35", "ref-info": {"ref-publicationyear": {"@first": "2015"}, "ref-title": {"ref-titletext": "Electrochemical droplet-based microfluidics using chip-based carbon paste electrodes for high-throughput analysis in pharmaceutical applications"}, "refd-itemidlist": {"itemid": [{"$": "bib35", "@idtype": "FRAGMENTID"}, {"$": "84931003667", "@idtype": "SGR"}]}, "ref-volisspag": {"voliss": {"@volume": "883"}, "pagerange": {"@first": "45", "@last": "54"}}, "ref-authors": {"author": [{"@seq": "1", "ce:initials": "A.", "@_fa": "true", "ce:surname": "Suea-Ngam", "ce:indexed-name": "Suea-Ngam A."}, {"@seq": "2", "ce:initials": "P.", "@_fa": "true", "ce:surname": "Rattanarat", "ce:indexed-name": "Rattanarat P."}, {"@seq": "3", "ce:initials": "O.", "@_fa": "true", "ce:surname": "Chailapakul", "ce:indexed-name": "Chailapakul O."}, {"@seq": "4", "ce:initials": "M.", "@_fa": "true", "ce:surname": "Srisa-Art", "ce:indexed-name": "Srisa-Art M."}]}, "ref-sourcetitle": "Anal. Chim. Acta"}}, {"ref-fulltext": "Jampasa, S., Siangproh, W., Duangmal, K., Chailapakul, O., Electrochemically reduced graphene oxide-modified screen-printed carbon electrodes for a simple and highly sensitive electrochemical detection of synthetic colorants in beverages. Talanta 160 (2016), 113\u2013124.", "@id": "36", "ref-info": {"ref-publicationyear": {"@first": "2016"}, "ref-title": {"ref-titletext": "Electrochemically reduced graphene oxide-modified screen-printed carbon electrodes for a simple and highly sensitive electrochemical detection of synthetic colorants in beverages"}, "refd-itemidlist": {"itemid": [{"$": "bib36", "@idtype": "FRAGMENTID"}, {"$": "84978506865", "@idtype": "SGR"}]}, "ref-volisspag": {"voliss": {"@volume": "160"}, "pagerange": {"@first": "113", "@last": "124"}}, "ref-authors": {"author": [{"@seq": "1", "ce:initials": "S.", "@_fa": "true", "ce:surname": "Jampasa", "ce:indexed-name": "Jampasa S."}, {"@seq": "2", "ce:initials": "W.", "@_fa": "true", "ce:surname": "Siangproh", "ce:indexed-name": "Siangproh W."}, {"@seq": "3", "ce:initials": "K.", "@_fa": "true", "ce:surname": "Duangmal", "ce:indexed-name": "Duangmal K."}, {"@seq": "4", "ce:initials": "O.", "@_fa": "true", "ce:surname": "Chailapakul", "ce:indexed-name": "Chailapakul O."}]}, "ref-sourcetitle": "Talanta"}}]}}}}, "affiliation": [{"affiliation-city": "Bangkok", "@id": "60028190", "affilname": "Chulalongkorn University", "@href": "https://api.elsevier.com/content/affiliation/affiliation_id/60028190", "affiliation-country": "Thailand"}, {"affiliation-city": "Bangkok", "@id": "60022676", "affilname": "Ramkhamhaeng University", "@href": "https://api.elsevier.com/content/affiliation/affiliation_id/60022676", "affiliation-country": "Thailand"}], "coredata": {"srctype": "j", "eid": "2-s2.0-85025595727", "dc:description": "Carbofuran is a highly toxic pesticide that is heavily used in agriculture due to its high effectiveness and low cost. Improved methods that are simpler and lower cost are needed for carbofuran detection in food and agricultural samples. Herein, we describe the development of a unique electrochemical method for carbofuran-phenol, which is the main hydrolysis product of carbofuran. We have successfully developed a highly accurate and precise method in a portable size using a screen-printed carbon electrode (SPCE) that is modified with graphene oxide (GO) and gold nanoparticles (AuNPs). Consequently, the developed electrode is highly sensitive to and selective for carbofuran. Using the central composite design (CCD) approach, we optimized the method for analysis parameters including the electrode surface loadings of GO and AuNPs as well as the working solution pH. The method exhibited a wide linear range of 1\u2013250 \u00b5M for analyte detection using differential pulse voltammetry (DPV) on AuNPs/GO-SPCE under the optimized conditions. The limits of detection and quantitation were 0.22 and 0.72 \u00b5M, respectively. In addition, we also report the application of the method for carbofuran determination in real cucumber and rice samples. This sensitive and selective carbofuran detection method is very promising for simple and low cost analysis in real agricultural fields.", "pubmed-id": "28841999", "prism:coverDate": "2017-12-01", "prism:aggregationType": "Journal", "prism:url": "https://api.elsevier.com/content/abstract/scopus_id/85025595727", "dc:creator": {"author": [{"ce:given-name": "Apapond", "preferred-name": {"ce:given-name": "Apapond", "ce:initials": "A.", "ce:surname": "Jirasirichote", "ce:indexed-name": "Jirasirichote A."}, "@seq": "1", "ce:initials": "A.", "@_fa": "true", "affiliation": {"@id": "60028190", "@href": "https://api.elsevier.com/content/affiliation/affiliation_id/60028190"}, "ce:surname": "Jirasirichote", "@auid": "55982033900", "author-url": "https://api.elsevier.com/content/author/author_id/55982033900", "ce:indexed-name": "Jirasirichote A."}]}, "link": [{"@_fa": "true", "@rel": "self", "@href": "https://api.elsevier.com/content/abstract/scopus_id/85025595727"}, {"@_fa": "true", "@rel": "scopus", "@href": "https://www.scopus.com/inward/record.uri?partnerID=HzOxMe3b&scp=85025595727&origin=inward"}, {"@_fa": "true", "@rel": "scopus-citedby", "@href": "https://www.scopus.com/inward/citedby.uri?partnerID=HzOxMe3b&scp=85025595727&origin=inward"}], "source-id": "24555", "pii": "S0039914017307725", "citedby-count": "75", "prism:volume": "175", "subtype": "ar", "dc:title": "Voltammetric detection of carbofuran determination using screen-printed carbon electrodes modified with gold nanoparticles and graphene oxide", "openaccess": "0", "prism:issn": "00399140", "publishercopyright": "\u00a9 2017 Elsevier B.V.", "subtypeDescription": "Article", "prism:publicationName": "Talanta", "prism:pageRange": "331-337", "prism:endingPage": "337", "openaccessFlag": "false", "prism:doi": "10.1016/j.talanta.2017.07.050", "prism:startingPage": "331", "dc:identifier": "SCOPUS_ID:85025595727", "dc:publisher": "Elsevier B.V."}, "idxterms": {"mainterm": [{"$": "Carbofurans", "@weight": "b", "@candidate": "n"}, {"$": "Central composite designs", "@weight": "b", "@candidate": "n"}, {"$": "Differential pulse voltammetry", "@weight": "b", "@candidate": "n"}, {"$": "ELectrochemical methods", "@weight": "b", "@candidate": "n"}, {"$": "Limits of detection and quantitation", "@weight": "b", "@candidate": "n"}, {"$": "Optimized conditions", "@weight": "b", "@candidate": "n"}, {"$": "Screen-printed carbon electrodes", "@weight": "b", "@candidate": "n"}, {"$": "Voltammetric detection", "@weight": "b", "@candidate": "n"}, {"$": "Carbofuran", "@weight": "b", "@candidate": "n"}, {"$": "Carbon", "@weight": "b", "@candidate": "n"}, {"$": "Cucumis sativus", "@weight": "b", "@candidate": "n"}, {"$": "Electrochemical Techniques", "@weight": "b", "@candidate": "n"}, {"$": "Electrodes", "@weight": "b", "@candidate": "n"}, {"$": "Gold", "@weight": "b", "@candidate": "n"}, {"$": "Graphite", "@weight": "b", "@candidate": "n"}, {"$": "Limit of Detection", "@weight": "b", "@candidate": "n"}, {"$": "Metal Nanoparticles", "@weight": "b", "@candidate": "n"}, {"$": "Oryza", "@weight": "b", "@candidate": "n"}, {"$": "Oxides", "@weight": "b", "@candidate": "n"}, {"$": "Pesticides", "@weight": "b", "@candidate": "n"}]}, "language": {"@xml:lang": "eng"}, "authkeywords": {"author-keyword": [{"@_fa": "true", "$": "Carbofuran"}, {"@_fa": "true", "$": "Central composite design"}, {"@_fa": "true", "$": "Gold nanoparticles"}, {"@_fa": "true", "$": "Graphene oxide"}, {"@_fa": "true", "$": "Screen-printed carbon electrode"}]}, "subject-areas": {"subject-area": [{"@_fa": "true", "$": "Analytical Chemistry", "@code": "1602", "@abbrev": "CHEM"}]}, "authors": {"author": [{"ce:given-name": "Apapond", "preferred-name": {"ce:given-name": "Apapond", "ce:initials": "A.", "ce:surname": "Jirasirichote", "ce:indexed-name": "Jirasirichote A."}, "@seq": "1", "ce:initials": "A.", "@_fa": "true", "affiliation": {"@id": "60028190", "@href": "https://api.elsevier.com/content/affiliation/affiliation_id/60028190"}, "ce:surname": "Jirasirichote", "@auid": "55982033900", "author-url": "https://api.elsevier.com/content/author/author_id/55982033900", "ce:indexed-name": "Jirasirichote A."}, {"ce:given-name": "Eakkasit", "preferred-name": {"ce:given-name": "Eakkasit", "ce:initials": "E.", "ce:surname": "Punrat", "ce:indexed-name": "Punrat E."}, "@seq": "2", "ce:initials": "E.", "@_fa": "true", "affiliation": {"@id": "60022676", "@href": "https://api.elsevier.com/content/affiliation/affiliation_id/60022676"}, "ce:surname": "Punrat", "@auid": "55342437100", "author-url": "https://api.elsevier.com/content/author/author_id/55342437100", "ce:indexed-name": "Punrat E."}, {"ce:given-name": "Akkapol", "preferred-name": {"ce:given-name": "Akkapol", "ce:initials": "A.", "ce:surname": "Suea-Ngam", "ce:indexed-name": "Suea-Ngam A."}, "@seq": "3", "ce:initials": "A.", "@_fa": "true", "affiliation": {"@id": "60028190", "@href": "https://api.elsevier.com/content/affiliation/affiliation_id/60028190"}, "ce:surname": "Suea-Ngam", "@auid": "56556963700", "author-url": "https://api.elsevier.com/content/author/author_id/56556963700", "ce:indexed-name": "Suea-Ngam A."}, {"ce:given-name": "Orawon", "preferred-name": {"ce:given-name": "Orawon", "ce:initials": "O.", "ce:surname": "Chailapakul", "ce:indexed-name": "Chailapakul O."}, "@seq": "4", "ce:initials": "O.", "@_fa": "true", "affiliation": {"@id": "60028190", "@href": "https://api.elsevier.com/content/affiliation/affiliation_id/60028190"}, "ce:surname": "Chailapakul", "@auid": "6602082849", "author-url": "https://api.elsevier.com/content/author/author_id/6602082849", "ce:indexed-name": "Chailapakul O."}, {"ce:given-name": "Suchada", "preferred-name": {"ce:given-name": "Suchada", "ce:initials": "S.", "ce:surname": "Chuanuwatanakul", "ce:indexed-name": "Chuanuwatanakul S."}, "@seq": "5", "ce:initials": "S.", "@_fa": "true", "affiliation": {"@id": "60028190", "@href": "https://api.elsevier.com/content/affiliation/affiliation_id/60028190"}, "ce:surname": "Chuanuwatanakul", "@auid": "8445135400", "author-url": "https://api.elsevier.com/content/author/author_id/8445135400", "ce:indexed-name": "Chuanuwatanakul S."}]}}}