{"abstracts-retrieval-response": {"item": {"ait:process-info": {"ait:status": {"@state": "update", "@type": "core", "@stage": "S300"}, "ait:date-delivered": {"@day": "13", "@year": "2019", "@timestamp": "2019-10-13T09:07:49.000049-04:00", "@month": "10"}, "ait:date-sort": {"@day": "01", "@year": "2017", "@month": "12"}}, "xocs:meta": {"xocs:funding-list": {"@pui-match": "primary", "@has-funding-info": "1", "xocs:funding-addon-generated-timestamp": "2021-05-09T08:33:07.011074Z", "xocs:funding-addon-type": "http://vtw.elsevier.com/data/voc/AddOnTypes/50.7/aggregated-refined"}}, "bibrecord": {"head": {"author-group": [{"affiliation": {"country": "Thailand", "postal-code": "10330", "@afid": "60028190", "@country": "tha", "city": "Patumwan", "organization": [{"$": "Graduate Program in Clinical Biochemistry and Molecular Medicine"}, {"$": "Faculty of Allied Health Sciences"}, {"$": "Chulalongkorn University"}], "affiliation-id": {"@afid": "60028190", "@dptid": "107134507"}, "state": "Bangkok", "@dptid": "107134507"}, "author": [{"ce:given-name": "Irin", "preferred-name": {"ce:given-name": "Irin", "ce:initials": "I.", "ce:surname": "Hongwarittorrn", "ce:indexed-name": "Hongwarittorrn I."}, "@seq": "1", "ce:initials": "I.", "@_fa": "true", "@type": "auth", "ce:surname": "Hongwarittorrn", "@auid": "56503905400", "ce:indexed-name": "Hongwarittorrn I."}]}, {"affiliation": {"country": "Thailand", "postal-code": "10330", "@afid": "60028190", "@country": "tha", "city": "Patumwan", "organization": [{"$": "Department of Transfusion Medicine and Clinical Microbiology"}, {"$": "Faculty of Allied Health Sciences"}, {"$": "Chulalongkorn University"}], "affiliation-id": {"@afid": "60028190", "@dptid": "113132759"}, "state": "Bangkok", "@dptid": "113132759"}, "author": [{"ce:given-name": "Nuntaree", "preferred-name": {"ce:given-name": "Nuntaree", "ce:initials": "N.", "ce:surname": "Chaichanawongsaroj", "ce:indexed-name": "Chaichanawongsaroj N."}, "@seq": "2", "ce:initials": "N.", "@_fa": "true", "@type": "auth", "ce:surname": "Chaichanawongsaroj", "@auid": "6507287057", "ce:indexed-name": "Chaichanawongsaroj N."}]}, {"affiliation": {"country": "Thailand", "postal-code": "10330", "@afid": "60028190", "@country": "tha", "city": "Patumwan", "organization": [{"$": "Department of Clinical Chemistry"}, {"$": "Faculty of Allied Health Sciences"}, {"$": "Chulalongkorn University"}], "affiliation-id": {"@afid": "60028190", "@dptid": "108127358"}, "state": "Bangkok", "@dptid": "108127358"}, "author": [{"ce:given-name": "Wanida", "preferred-name": {"ce:given-name": "Wanida", "ce:initials": "W.", "ce:surname": "Laiwattanapaisal", "ce:indexed-name": "Laiwattanapaisal W."}, "@seq": "3", "ce:initials": "W.", "@_fa": "true", "@type": "auth", "ce:surname": "Laiwattanapaisal", "@auid": "26027974500", "ce:indexed-name": "Laiwattanapaisal W."}]}], "citation-title": "Semi-quantitative visual detection of loop mediated isothermal amplification (LAMP)-generated DNA by distance-based measurement on a paper device", "abstracts": "\u00a9 2017 Elsevier B.V.A distance-based paper analytical device (dPAD) for loop mediated isothermal amplification (LAMP) detection based on distance measurement was proposed. This approach relied on visual detection by the length of colour developed on the dPAD with reference to semi-quantitative determination of the initial amount of genomic DNA. In this communication, E. coli DNA was chosen as a template DNA for LAMP reaction. In accordance with the principle, the dPAD was immobilized by polyethylenimine (PEI), which is a strong cationic polymer, in the hydrophilic channel of the paper device. Hydroxynaphthol blue (HNB), a colourimetric indicator for monitoring the change of magnesium ion concentration in the LAMP reaction, was used to react with the immobilized PEI. The positive charges of PEI react with the negative charges of free HNB in the LAMP reaction, producing a blue colour deposit on the paper device. Consequently, the apparently visual distance appeared within 5 min and length of distance correlated to the amount of DNA in the sample. The distance-based PAD for the visual detection of the LAMP reaction could quantify the initial concentration of genomic DNA as low as 4.14 \u00d7 103 copies \u00b5L\u22121. This distance-based visual semi-quantitative platform is suitable for choice of LAMP detection method, particular in resource-limited settings because of the advantages of low cost, simple fabrication and operation, disposability and portable detection of the dPAD device.", "correspondence": {"affiliation": {"country": "Thailand", "postal-code": "10330", "@country": "tha", "city": "Patumwan", "organization": [{"$": "Department of Clinical Chemistry"}, {"$": "Faculty of Allied Health Sciences"}, {"$": "Chulalongkorn University"}], "state": "Bangkok"}, "person": {"ce:given-name": "Wanida", "ce:initials": "W.", "ce:surname": "Laiwattanapaisal", "ce:indexed-name": "Laiwattanapaisal W."}}, "citation-info": {"author-keywords": {"author-keyword": [{"$": "Distance-based paper analytical devices", "@xml:lang": "eng"}, {"$": "Hydroxynaphthol blue (HNB)", "@xml:lang": "eng"}, {"$": "Loop mediated isothermal amplification (LAMP)", "@xml:lang": "eng"}, {"$": "Polyethylenimine (PEI)", "@xml:lang": "eng"}]}, "citation-type": {"@code": "ar"}, "citation-language": {"@language": "English", "@xml:lang": "eng"}, "abstract-language": {"@language": "English", "@xml:lang": "eng"}}, "source": {"website": {"ce:e-address": {"$": "https://www.journals.elsevier.com/talanta", "@type": "email"}}, "translated-sourcetitle": {"$": "Talanta", "@xml:lang": "eng"}, "volisspag": {"voliss": {"@volume": "175"}, "pagerange": {"@first": "135", "@last": "142"}}, "@type": "j", "sourcetitle": "Talanta", "publicationdate": {"month": "12", "year": "2017", "date-text": {"@xfab-added": "true", "$": "1 December 2017"}, "day": "01"}, "codencode": "TLNTA", "sourcetitle-abbrev": "Talanta", "@country": "nld", "issn": {"$": "00399140", "@type": "print"}, "publicationyear": {"@first": "2017"}, "publisher": {"publishername": "Elsevier B.V."}, "@srcid": "24555"}, "enhancement": {"classificationgroup": {"classifications": [{"@type": "CPXCLASS", "classification": [{"classification-code": "461.2", "classification-description": "Biological Materials"}, {"classification-code": "531.1", "classification-description": "Metallurgy"}, {"classification-code": "801", "classification-description": "Chemistry"}]}, {"@type": "FLXCLASS", "classification": {"classification-code": "902", "classification-description": "FLUIDEX; Related Topics"}}, {"@type": "ASJC", "classification": "1602"}, {"@type": "SUBJABBR", "classification": "CHEM"}]}, "chemicalgroup": {"chemicals": [{"@source": "esbd", "chemical": {"cas-registry-number": "74913-72-7", "chemical-name": "polyethyleneimine"}}, {"@source": "nlm", "chemical": [{"chemical-name": "DNA, Bacterial"}, {"chemical-name": "Naphthalenesulfonates"}, {"chemical-name": "Polyethyleneimine"}, {"chemical-name": "trisodium 3-hydroxy-4-((2Z)-2-(2-oxo-4-sulfonatonaphthalen-1-ylidene)hydrazinyl)naphthalene-2,7-disulfonate"}]}]}}, "grantlist": {"@complete": "y", "grant-text": {"$": "This research was financially supported by the National Research University Project, the Office of Higher Education Commission (NRU59-008-HR) and the 90th Anniversary of Chulalongkorn University Fund (Grant no. GCUGR1125593075M).", "@xml:lang": "eng"}}}, "item-info": {"copyright": {"$": "Copyright 2019 Elsevier B.V., All rights reserved.", "@type": "Elsevier"}, "dbcollection": [{"$": "CHEM"}, {"$": "CPX"}, {"$": "REAXYSCAR"}, {"$": "SCOPUS"}, {"$": "Scopusbase"}, {"$": "MEDL"}], "history": {"date-created": {"@day": "01", "@year": "2019", "@timestamp": "BST 08:01:00", "@month": "08"}}, "itemidlist": {"itemid": [{"$": "617348115", "@idtype": "PUI"}, {"$": "666707439", "@idtype": "CAR-ID"}, {"$": "2017141986", "@idtype": "CHEM"}, {"$": "20172903963155", "@idtype": "CPX"}, {"$": "20171289871", "@idtype": "REAXYSCAR"}, {"$": "20183474775", "@idtype": "SCOPUS"}, {"$": "85024501714", "@idtype": "SCP"}, {"$": "85024501714", "@idtype": "SGR"}, {"$": "623667820", "@idtype": "PUIsecondary"}, {"$": "28841970", "@idtype": "MEDL"}], "ce:pii": "S0039914017307300", "ce:doi": "10.1016/j.talanta.2017.07.019"}}, "tail": {"bibliography": {"@refcount": "34", "reference": [{"ref-fulltext": "Notomi, T., Okayama, H., Masubuchi, H., Yonekawa, T., Watanabe, K., Amino, N., Hase, T., Loop-mediated isothermal amplification of DNA. Nucleic Acids Res., 28(12), 2000 (e63-e63).", "@id": "1", "ref-info": {"ref-publicationyear": {"@first": "2000"}, "ref-title": {"ref-titletext": "Loop-mediated isothermal amplification of DNA"}, "refd-itemidlist": {"itemid": [{"$": "bib1", "@idtype": "FRAGMENTID"}, {"$": "0034658936", "@idtype": "SGR"}]}, "ref-volisspag": {"voliss": {"@volume": "28", "@issue": "12"}}, "ref-text": "(e63-e63)", "ref-authors": {"author": [{"@seq": "1", "ce:initials": "T.", "@_fa": "true", "ce:surname": "Notomi", "ce:indexed-name": "Notomi T."}, {"@seq": "2", "ce:initials": "H.", "@_fa": "true", "ce:surname": "Okayama", "ce:indexed-name": "Okayama H."}, {"@seq": "3", "ce:initials": "H.", "@_fa": "true", "ce:surname": "Masubuchi", "ce:indexed-name": "Masubuchi H."}, {"@seq": "4", "ce:initials": "T.", "@_fa": "true", "ce:surname": "Yonekawa", "ce:indexed-name": "Yonekawa T."}, {"@seq": "5", "ce:initials": "K.", "@_fa": "true", "ce:surname": "Watanabe", "ce:indexed-name": "Watanabe K."}, {"@seq": "6", "ce:initials": "N.", "@_fa": "true", "ce:surname": "Amino", "ce:indexed-name": "Amino N."}, {"@seq": "7", "ce:initials": "T.", "@_fa": "true", "ce:surname": "Hase", "ce:indexed-name": "Hase T."}]}, "ref-sourcetitle": "Nucleic Acids Res."}}, {"ref-fulltext": "Mori, Y., Nagamine, K., Tomita, N., Notomi, T., Detection of loop-mediated isothermal amplification reaction by turbidity derived from magnesium pyrophosphate formation. Biochem. Biophys. Res. Commun. 289:1 (2001), 150\u2013154.", "@id": "2", "ref-info": {"ref-publicationyear": {"@first": "2001"}, "ref-title": {"ref-titletext": "Detection of loop-mediated isothermal amplification reaction by turbidity derived from magnesium pyrophosphate formation"}, "refd-itemidlist": {"itemid": [{"$": "bib2", "@idtype": "FRAGMENTID"}, {"$": "0035940965", "@idtype": "SGR"}]}, "ref-volisspag": {"voliss": {"@volume": "289", "@issue": "1"}, "pagerange": {"@first": "150", "@last": "154"}}, "ref-authors": {"author": [{"@seq": "1", "ce:initials": "Y.", "@_fa": "true", "ce:surname": "Mori", "ce:indexed-name": "Mori Y."}, {"@seq": "2", "ce:initials": "K.", "@_fa": "true", "ce:surname": "Nagamine", "ce:indexed-name": "Nagamine K."}, {"@seq": "3", "ce:initials": "N.", "@_fa": "true", "ce:surname": "Tomita", "ce:indexed-name": "Tomita N."}, {"@seq": "4", "ce:initials": "T.", "@_fa": "true", "ce:surname": "Notomi", "ce:indexed-name": "Notomi T."}]}, "ref-sourcetitle": "Biochem. Biophys. Res. Commun."}}, {"ref-fulltext": "Mori, Y., Kitao, M., Tomita, N., Notomi, T., Real-time turbidimetry of LAMP reaction for quantifying template DNA. J. Biochem. Biophys. Methods 59:2 (2004), 145\u2013157.", "@id": "3", "ref-info": {"ref-publicationyear": {"@first": "2004"}, "ref-title": {"ref-titletext": "Real-time turbidimetry of LAMP reaction for quantifying template DNA"}, "refd-itemidlist": {"itemid": [{"$": "bib3", "@idtype": "FRAGMENTID"}, {"$": "2442610695", "@idtype": "SGR"}]}, "ref-volisspag": {"voliss": {"@volume": "59", "@issue": "2"}, "pagerange": {"@first": "145", "@last": "157"}}, "ref-authors": {"author": [{"@seq": "1", "ce:initials": "Y.", "@_fa": "true", "ce:surname": "Mori", "ce:indexed-name": "Mori Y."}, {"@seq": "2", "ce:initials": "M.", "@_fa": "true", "ce:surname": "Kitao", "ce:indexed-name": "Kitao M."}, {"@seq": "3", "ce:initials": "N.", "@_fa": "true", "ce:surname": "Tomita", "ce:indexed-name": "Tomita N."}, {"@seq": "4", "ce:initials": "T.", "@_fa": "true", "ce:surname": "Notomi", "ce:indexed-name": "Notomi T."}]}, "ref-sourcetitle": "J. Biochem. Biophys. Methods"}}, {"ref-fulltext": "Parida, M., Horioke, K., Ishida, H., Dash, P.K., Saxena, P., Jana, A.M., Islam, M.A., Inoue, S., Hosaka, N., Morita, K., Rapid detection and differentiation of dengue virus serotypes by a real-time reverse transcription-loop-mediated isothermal amplification assay. J. Clin. Microbiol. 43:6 (2005), 2895\u20132903.", "@id": "4", "ref-info": {"ref-publicationyear": {"@first": "2005"}, "ref-title": {"ref-titletext": "Rapid detection and differentiation of dengue virus serotypes by a real-time reverse transcription-loop-mediated isothermal amplification assay"}, "refd-itemidlist": {"itemid": [{"$": "bib4", "@idtype": "FRAGMENTID"}, {"$": "20444506796", "@idtype": "SGR"}]}, "ref-volisspag": {"voliss": {"@volume": "43", "@issue": "6"}, "pagerange": {"@first": "2895", "@last": "2903"}}, "ref-authors": {"author": [{"@seq": "1", "ce:initials": "M.", "@_fa": "true", "ce:surname": "Parida", "ce:indexed-name": "Parida M."}, {"@seq": "2", "ce:initials": "K.", "@_fa": "true", "ce:surname": "Horioke", "ce:indexed-name": "Horioke K."}, {"@seq": "3", "ce:initials": "H.", "@_fa": "true", "ce:surname": "Ishida", "ce:indexed-name": "Ishida H."}, {"@seq": "4", "ce:initials": "P.K.", "@_fa": "true", "ce:surname": "Dash", "ce:indexed-name": "Dash P.K."}, {"@seq": "5", "ce:initials": "P.", "@_fa": "true", "ce:surname": "Saxena", "ce:indexed-name": "Saxena P."}, {"@seq": "6", "ce:initials": "A.M.", "@_fa": "true", "ce:surname": "Jana", "ce:indexed-name": "Jana A.M."}, {"@seq": "7", "ce:initials": "M.A.", "@_fa": "true", "ce:surname": "Islam", "ce:indexed-name": "Islam M.A."}, {"@seq": "8", "ce:initials": "S.", "@_fa": "true", "ce:surname": "Inoue", "ce:indexed-name": "Inoue S."}, {"@seq": "9", "ce:initials": "N.", "@_fa": "true", "ce:surname": "Hosaka", "ce:indexed-name": "Hosaka N."}, {"@seq": "10", "ce:initials": "K.", "@_fa": "true", "ce:surname": "Morita", "ce:indexed-name": "Morita K."}]}, "ref-sourcetitle": "J. Clin. Microbiol."}}, {"ref-fulltext": "Hill, J., Beriwal, S., Chandra, I., Paul, V.K., Kapil, A., Singh, T., Wadowsky, R.M., Singh, V., Goyal, A., Jahnukainen, T., Loop-mediated isothermal amplification assay for rapid detection of common strains of Escherichia coli. J. Clin. Microbiol. 46:8 (2008), 2800\u20132804.", "@id": "5", "ref-info": {"ref-publicationyear": {"@first": "2008"}, "ref-title": {"ref-titletext": "Loop-mediated isothermal amplification assay for rapid detection of common strains of Escherichia coli"}, "refd-itemidlist": {"itemid": [{"$": "bib5", "@idtype": "FRAGMENTID"}, {"$": "53149112380", "@idtype": "SGR"}]}, "ref-volisspag": {"voliss": {"@volume": "46", "@issue": "8"}, "pagerange": {"@first": "2800", "@last": "2804"}}, "ref-authors": {"author": [{"@seq": "1", "ce:initials": "J.", "@_fa": "true", "ce:surname": "Hill", "ce:indexed-name": "Hill J."}, {"@seq": "2", "ce:initials": "S.", "@_fa": "true", "ce:surname": "Beriwal", "ce:indexed-name": "Beriwal S."}, {"@seq": "3", "ce:initials": "I.", "@_fa": "true", "ce:surname": "Chandra", "ce:indexed-name": "Chandra I."}, {"@seq": "4", "ce:initials": "V.K.", "@_fa": "true", "ce:surname": "Paul", "ce:indexed-name": "Paul V.K."}, {"@seq": "5", "ce:initials": "A.", "@_fa": "true", "ce:surname": "Kapil", "ce:indexed-name": "Kapil A."}, {"@seq": "6", "ce:initials": "T.", "@_fa": "true", "ce:surname": "Singh", "ce:indexed-name": "Singh T."}, {"@seq": "7", "ce:initials": "R.M.", "@_fa": "true", "ce:surname": "Wadowsky", "ce:indexed-name": "Wadowsky R.M."}, {"@seq": "8", "ce:initials": "V.", "@_fa": "true", "ce:surname": "Singh", "ce:indexed-name": "Singh V."}, {"@seq": "9", "ce:initials": "A.", "@_fa": "true", "ce:surname": "Goyal", "ce:indexed-name": "Goyal A."}, {"@seq": "10", "ce:initials": "T.", "@_fa": "true", "ce:surname": "Jahnukainen", "ce:indexed-name": "Jahnukainen T."}]}, "ref-sourcetitle": "J. Clin. Microbiol."}}, {"ref-fulltext": "Dukes, J.P., King, D.P., Alexandersen, S., Novel reverse transcription loop-mediated isothermal amplification for rapid detection of foot-and-mouth disease virus. Arch. Virol. 151:6 (2006), 1093\u20131106.", "@id": "6", "ref-info": {"ref-publicationyear": {"@first": "2006"}, "ref-title": {"ref-titletext": "Novel reverse transcription loop-mediated isothermal amplification for rapid detection of foot-and-mouth disease virus"}, "refd-itemidlist": {"itemid": [{"$": "bib6", "@idtype": "FRAGMENTID"}, {"$": "33744490340", "@idtype": "SGR"}]}, "ref-volisspag": {"voliss": {"@volume": "151", "@issue": "6"}, "pagerange": {"@first": "1093", "@last": "1106"}}, "ref-authors": {"author": [{"@seq": "1", "ce:initials": "J.P.", "@_fa": "true", "ce:surname": "Dukes", "ce:indexed-name": "Dukes J.P."}, {"@seq": "2", "ce:initials": "D.P.", "@_fa": "true", "ce:surname": "King", "ce:indexed-name": "King D.P."}, {"@seq": "3", "ce:initials": "S.", "@_fa": "true", "ce:surname": "Alexandersen", "ce:indexed-name": "Alexandersen S."}]}, "ref-sourcetitle": "Arch. Virol."}}, {"ref-fulltext": "Goto, M., Honda, E., Ogura, A., Nomoto, A., Hanaki, K., Colorimetric detection of loop-mediated isothermal amplification reaction by using hydroxy naphthol blue. BioTechniques 46:3 (2009), 167\u2013172.", "@id": "7", "ref-info": {"ref-publicationyear": {"@first": "2009"}, "ref-title": {"ref-titletext": "Colorimetric detection of loop-mediated isothermal amplification reaction by using hydroxy naphthol blue"}, "refd-itemidlist": {"itemid": [{"$": "bib7", "@idtype": "FRAGMENTID"}, {"$": "65449166818", "@idtype": "SGR"}]}, "ref-volisspag": {"voliss": {"@volume": "46", "@issue": "3"}, "pagerange": {"@first": "167", "@last": "172"}}, "ref-authors": {"author": [{"@seq": "1", "ce:initials": "M.", "@_fa": "true", "ce:surname": "Goto", "ce:indexed-name": "Goto M."}, {"@seq": "2", "ce:initials": "E.", "@_fa": "true", "ce:surname": "Honda", "ce:indexed-name": "Honda E."}, {"@seq": "3", "ce:initials": "A.", "@_fa": "true", "ce:surname": "Ogura", "ce:indexed-name": "Ogura A."}, {"@seq": "4", "ce:initials": "A.", "@_fa": "true", "ce:surname": "Nomoto", "ce:indexed-name": "Nomoto A."}, {"@seq": "5", "ce:initials": "K.", "@_fa": "true", "ce:surname": "Hanaki", "ce:indexed-name": "Hanaki K."}]}, "ref-sourcetitle": "BioTechniques"}}, {"ref-fulltext": "Safavieh, M., Ahmed, M.U., Sokullu, E., Ng, A., Braescu, L., Zourob, M., A simple cassette as point-of-care diagnostic device for naked-eye colorimetric bacteria detection. Analyst 139:2 (2014), 482\u2013487.", "@id": "8", "ref-info": {"ref-publicationyear": {"@first": "2014"}, "ref-title": {"ref-titletext": "A simple cassette as point-of-care diagnostic device for naked-eye colorimetric bacteria detection"}, "refd-itemidlist": {"itemid": [{"$": "bib8", "@idtype": "FRAGMENTID"}, {"$": "84890088905", "@idtype": "SGR"}]}, "ref-volisspag": {"voliss": {"@volume": "139", "@issue": "2"}, "pagerange": {"@first": "482", "@last": "487"}}, "ref-authors": {"author": [{"@seq": "1", "ce:initials": "M.", "@_fa": "true", "ce:surname": "Safavieh", "ce:indexed-name": "Safavieh M."}, {"@seq": "2", "ce:initials": "M.U.", "@_fa": "true", "ce:surname": "Ahmed", "ce:indexed-name": "Ahmed M.U."}, {"@seq": "3", "ce:initials": "E.", "@_fa": "true", "ce:surname": "Sokullu", "ce:indexed-name": "Sokullu E."}, {"@seq": "4", "ce:initials": "A.", "@_fa": "true", "ce:surname": "Ng", "ce:indexed-name": "Ng A."}, {"@seq": "5", "ce:initials": "L.", "@_fa": "true", "ce:surname": "Braescu", "ce:indexed-name": "Braescu L."}, {"@seq": "6", "ce:initials": "M.", "@_fa": "true", "ce:surname": "Zourob", "ce:indexed-name": "Zourob M."}]}, "ref-sourcetitle": "Analyst"}}, {"ref-fulltext": "Cui, L., Ge, Y., Qi, X., Xu, G., Li, H., Zhao, K., Wu, B., Shi, Z., Guo, X., Hu, L., You, Q., Zhang, L.H., Freiberg, A.N., Yu, X., Wang, H., Zhou, M., Tang, Y.W., Detection of severe fever with thrombocytopenia syndrome virus by reverse transcription-cross-priming amplification coupled with vertical flow visualization. J. Clin. Microbiol. 50:12 (2012), 3881\u20133885.", "@id": "9", "ref-info": {"ref-publicationyear": {"@first": "2012"}, "ref-title": {"ref-titletext": "Detection of severe fever with thrombocytopenia syndrome virus by reverse transcription-cross-priming amplification coupled with vertical flow visualization"}, "refd-itemidlist": {"itemid": [{"$": "bib9", "@idtype": "FRAGMENTID"}, {"$": "84869228754", "@idtype": "SGR"}]}, "ref-volisspag": {"voliss": {"@volume": "50", "@issue": "12"}, "pagerange": {"@first": "3881", "@last": "3885"}}, "ref-authors": {"author": [{"@seq": "1", "ce:initials": "L.", "@_fa": "true", "ce:surname": "Cui", "ce:indexed-name": "Cui L."}, {"@seq": "2", "ce:initials": "Y.", "@_fa": "true", "ce:surname": "Ge", "ce:indexed-name": "Ge Y."}, {"@seq": "3", "ce:initials": "X.", "@_fa": "true", "ce:surname": "Qi", "ce:indexed-name": "Qi X."}, {"@seq": "4", "ce:initials": "G.", "@_fa": "true", "ce:surname": "Xu", "ce:indexed-name": "Xu G."}, {"@seq": "5", "ce:initials": "H.", "@_fa": "true", "ce:surname": "Li", "ce:indexed-name": "Li H."}, {"@seq": "6", "ce:initials": "K.", "@_fa": "true", "ce:surname": "Zhao", "ce:indexed-name": "Zhao K."}, {"@seq": "7", "ce:initials": "B.", "@_fa": "true", "ce:surname": "Wu", "ce:indexed-name": "Wu B."}, {"@seq": "8", "ce:initials": "Z.", "@_fa": "true", "ce:surname": "Shi", "ce:indexed-name": "Shi Z."}, {"@seq": "9", "ce:initials": "X.", "@_fa": "true", "ce:surname": "Guo", "ce:indexed-name": "Guo X."}, {"@seq": "10", "ce:initials": "L.", "@_fa": "true", "ce:surname": "Hu", "ce:indexed-name": "Hu L."}, {"@seq": "11", "ce:initials": "Q.", "@_fa": "true", "ce:surname": "You", "ce:indexed-name": "You Q."}, {"@seq": "12", "ce:initials": "L.H.", "@_fa": "true", "ce:surname": "Zhang", "ce:indexed-name": "Zhang L.H."}, {"@seq": "13", "ce:initials": "A.N.", "@_fa": "true", "ce:surname": "Freiberg", "ce:indexed-name": "Freiberg A.N."}, {"@seq": "14", "ce:initials": "X.", "@_fa": "true", "ce:surname": "Yu", "ce:indexed-name": "Yu X."}, {"@seq": "15", "ce:initials": "H.", "@_fa": "true", "ce:surname": "Wang", "ce:indexed-name": "Wang H."}, {"@seq": "16", "ce:initials": "M.", "@_fa": "true", "ce:surname": "Zhou", "ce:indexed-name": "Zhou M."}, {"@seq": "17", "ce:initials": "Y.W.", "@_fa": "true", "ce:surname": "Tang", "ce:indexed-name": "Tang Y.W."}]}, "ref-sourcetitle": "J. Clin. Microbiol."}}, {"ref-fulltext": "Jung, J.H., Oh, S.J., Kim, Y.T., Kim, S.Y., Kim, W.J., Jung, J., Seo, T.S., Combination of multiplex reverse-transcription loop-mediated isothermal amplification with an immunochromatographic strip for subtyping influenza A virus. Anal. Chim. Acta 853 (2015), 541\u2013547.", "@id": "10", "ref-info": {"ref-publicationyear": {"@first": "2015"}, "ref-title": {"ref-titletext": "Combination of multiplex reverse-transcription loop-mediated isothermal amplification with an immunochromatographic strip for subtyping influenza A virus"}, "refd-itemidlist": {"itemid": [{"$": "bib10", "@idtype": "FRAGMENTID"}, {"$": "84922426313", "@idtype": "SGR"}]}, "ref-volisspag": {"voliss": {"@volume": "853"}, "pagerange": {"@first": "541", "@last": "547"}}, "ref-authors": {"author": [{"@seq": "1", "ce:initials": "J.H.", "@_fa": "true", "ce:surname": "Jung", "ce:indexed-name": "Jung J.H."}, {"@seq": "2", "ce:initials": "S.J.", "@_fa": "true", "ce:surname": "Oh", "ce:indexed-name": "Oh S.J."}, {"@seq": "3", "ce:initials": "Y.T.", "@_fa": "true", "ce:surname": "Kim", "ce:indexed-name": "Kim Y.T."}, {"@seq": "4", "ce:initials": "S.Y.", "@_fa": "true", "ce:surname": "Kim", "ce:indexed-name": "Kim S.Y."}, {"@seq": "5", "ce:initials": "W.J.", "@_fa": "true", "ce:surname": "Kim", "ce:indexed-name": "Kim W.J."}, {"@seq": "6", "ce:initials": "J.", "@_fa": "true", "ce:surname": "Jung", "ce:indexed-name": "Jung J."}, {"@seq": "7", "ce:initials": "T.S.", "@_fa": "true", "ce:surname": "Seo", "ce:indexed-name": "Seo T.S."}]}, "ref-sourcetitle": "Anal. Chim. Acta"}}, {"ref-fulltext": "Cao, Z., Wang, H., Wang, L., Li, L., Jin, H., Xu, C., Feng, N., Wang, J., Li, Q., Zhao, Y., Wang, T., Gao, Y., Lu, Y., Yang, S., Xia, X., Visual detection of West Nile virus using reverse transcription loop-mediated isothermal amplification combined with a vertical flow visualization strip. Front. Microbiol., 7, 2016, 554.", "@id": "11", "ref-info": {"ref-publicationyear": {"@first": "2016"}, "ref-title": {"ref-titletext": "Visual detection of West Nile virus using reverse transcription loop-mediated isothermal amplification combined with a vertical flow visualization strip"}, "refd-itemidlist": {"itemid": [{"$": "bib11", "@idtype": "FRAGMENTID"}, {"$": "84966711053", "@idtype": "SGR"}]}, "ref-volisspag": {"voliss": {"@volume": "7"}, "pagerange": {"@first": "554"}}, "ref-authors": {"author": [{"@seq": "1", "ce:initials": "Z.", "@_fa": "true", "ce:surname": "Cao", "ce:indexed-name": "Cao Z."}, {"@seq": "2", "ce:initials": "H.", "@_fa": "true", "ce:surname": "Wang", "ce:indexed-name": "Wang H."}, {"@seq": "3", "ce:initials": "L.", "@_fa": "true", "ce:surname": "Wang", "ce:indexed-name": "Wang L."}, {"@seq": "4", "ce:initials": "L.", "@_fa": "true", "ce:surname": "Li", "ce:indexed-name": "Li L."}, {"@seq": "5", "ce:initials": "H.", "@_fa": "true", "ce:surname": "Jin", "ce:indexed-name": "Jin H."}, {"@seq": "6", "ce:initials": "C.", "@_fa": "true", "ce:surname": "Xu", "ce:indexed-name": "Xu C."}, {"@seq": "7", "ce:initials": "N.", "@_fa": "true", "ce:surname": "Feng", "ce:indexed-name": "Feng N."}, {"@seq": "8", "ce:initials": "J.", "@_fa": "true", "ce:surname": "Wang", "ce:indexed-name": "Wang J."}, {"@seq": "9", "ce:initials": "Q.", "@_fa": "true", "ce:surname": "Li", "ce:indexed-name": "Li Q."}, {"@seq": "10", "ce:initials": "Y.", "@_fa": "true", "ce:surname": "Zhao", "ce:indexed-name": "Zhao Y."}, {"@seq": "11", "ce:initials": "T.", "@_fa": "true", "ce:surname": "Wang", "ce:indexed-name": "Wang T."}, {"@seq": "12", "ce:initials": "Y.", "@_fa": "true", "ce:surname": "Gao", "ce:indexed-name": "Gao Y."}, {"@seq": "13", "ce:initials": "Y.", "@_fa": "true", "ce:surname": "Lu", "ce:indexed-name": "Lu Y."}, {"@seq": "14", "ce:initials": "S.", "@_fa": "true", "ce:surname": "Yang", "ce:indexed-name": "Yang S."}, {"@seq": "15", "ce:initials": "X.", "@_fa": "true", "ce:surname": "Xia", "ce:indexed-name": "Xia X."}]}, "ref-sourcetitle": "Front. Microbiol."}}, {"ref-fulltext": "Nimitphak, T., Kiatpathomchai, W., Flegel, T.W., Shrimp hepatopancreatic parvovirus detection by combining loop-mediated isothermal amplification with a lateral flow dipstick. J. Virol. Methods 154:1\u20132 (2008), 56\u201360.", "@id": "12", "ref-info": {"ref-publicationyear": {"@first": "2008"}, "ref-title": {"ref-titletext": "Shrimp hepatopancreatic parvovirus detection by combining loop-mediated isothermal amplification with a lateral flow dipstick"}, "refd-itemidlist": {"itemid": [{"$": "bib12", "@idtype": "FRAGMENTID"}, {"$": "56249121841", "@idtype": "SGR"}]}, "ref-volisspag": {"voliss": {"@volume": "154", "@issue": "1-2"}, "pagerange": {"@first": "56", "@last": "60"}}, "ref-authors": {"author": [{"@seq": "1", "ce:initials": "T.", "@_fa": "true", "ce:surname": "Nimitphak", "ce:indexed-name": "Nimitphak T."}, {"@seq": "2", "ce:initials": "W.", "@_fa": "true", "ce:surname": "Kiatpathomchai", "ce:indexed-name": "Kiatpathomchai W."}, {"@seq": "3", "ce:initials": "T.W.", "@_fa": "true", "ce:surname": "Flegel", "ce:indexed-name": "Flegel T.W."}]}, "ref-sourcetitle": "J. Virol. Methods"}}, {"ref-fulltext": "Ding, W.C., Chen, J., Shi, Y.H., Lu, X.J., Li, M.Y., Rapid and sensitive detection of infectious spleen and kidney necrosis virus by loop-mediated isothermal amplification combined with a lateral flow dipstick. Arch. Virol. 155:3 (2010), 385\u2013389.", "@id": "13", "ref-info": {"ref-publicationyear": {"@first": "2010"}, "ref-title": {"ref-titletext": "Rapid and sensitive detection of infectious spleen and kidney necrosis virus by loop-mediated isothermal amplification combined with a lateral flow dipstick"}, "refd-itemidlist": {"itemid": [{"$": "bib13", "@idtype": "FRAGMENTID"}, {"$": "77949899696", "@idtype": "SGR"}]}, "ref-volisspag": {"voliss": {"@volume": "155", "@issue": "3"}, "pagerange": {"@first": "385", "@last": "389"}}, "ref-authors": {"author": [{"@seq": "1", "ce:initials": "W.C.", "@_fa": "true", "ce:surname": "Ding", "ce:indexed-name": "Ding W.C."}, {"@seq": "2", "ce:initials": "J.", "@_fa": "true", "ce:surname": "Chen", "ce:indexed-name": "Chen J."}, {"@seq": "3", "ce:initials": "Y.H.", "@_fa": "true", "ce:surname": "Shi", "ce:indexed-name": "Shi Y.H."}, {"@seq": "4", "ce:initials": "X.J.", "@_fa": "true", "ce:surname": "Lu", "ce:indexed-name": "Lu X.J."}, {"@seq": "5", "ce:initials": "M.Y.", "@_fa": "true", "ce:surname": "Li", "ce:indexed-name": "Li M.Y."}]}, "ref-sourcetitle": "Arch. Virol."}}, {"ref-fulltext": "Kaewphinit, T., Arunrut, N., Kiatpathomchai, W., Santiwatanakul, S., Jaratsing, P., Chansiri, K., Detection of Mycobacterium tuberculosis by using loop-mediated isothermal amplification combined with a lateral flow dipstick in clinical samples. BioMed. Res. Int., 2013, 2013, 926230.", "@id": "14", "ref-info": {"ref-publicationyear": {"@first": "2013"}, "ref-title": {"ref-titletext": "Detection of Mycobacterium tuberculosis by using loop-mediated isothermal amplification combined with a lateral flow dipstick in clinical samples"}, "refd-itemidlist": {"itemid": [{"$": "bib14", "@idtype": "FRAGMENTID"}, {"$": "84875754885", "@idtype": "SGR"}]}, "ref-volisspag": {"voliss": {"@volume": "2013"}, "pagerange": {"@first": "926230"}}, "ref-authors": {"author": [{"@seq": "1", "ce:initials": "T.", "@_fa": "true", "ce:surname": "Kaewphinit", "ce:indexed-name": "Kaewphinit T."}, {"@seq": "2", "ce:initials": "N.", "@_fa": "true", "ce:surname": "Arunrut", "ce:indexed-name": "Arunrut N."}, {"@seq": "3", "ce:initials": "W.", "@_fa": "true", "ce:surname": "Kiatpathomchai", "ce:indexed-name": "Kiatpathomchai W."}, {"@seq": "4", "ce:initials": "S.", "@_fa": "true", "ce:surname": "Santiwatanakul", "ce:indexed-name": "Santiwatanakul S."}, {"@seq": "5", "ce:initials": "P.", "@_fa": "true", "ce:surname": "Jaratsing", "ce:indexed-name": "Jaratsing P."}, {"@seq": "6", "ce:initials": "K.", "@_fa": "true", "ce:surname": "Chansiri", "ce:indexed-name": "Chansiri K."}]}, "ref-sourcetitle": "BioMed. Res. Int."}}, {"ref-fulltext": "Rigano, L.A., Malamud, F., Orce, I.G., Filippone, M.P., Marano, M.R., do Amaral, A.M., Castagnaro, A.P., Vojnov, A.A., Rapid and sensitive detection of Candidatus Liberibacter asiaticus by loop mediated isothermal amplification combined with a lateral flow dipstick. BMC Microbiol., 14, 2014, 86.", "@id": "15", "ref-info": {"ref-publicationyear": {"@first": "2014"}, "ref-title": {"ref-titletext": "Rapid and sensitive detection of Candidatus Liberibacter asiaticus by loop mediated isothermal amplification combined with a lateral flow dipstick"}, "refd-itemidlist": {"itemid": [{"$": "bib15", "@idtype": "FRAGMENTID"}, {"$": "84899492716", "@idtype": "SGR"}]}, "ref-volisspag": {"voliss": {"@volume": "14"}, "pagerange": {"@first": "86"}}, "ref-authors": {"author": [{"@seq": "1", "ce:initials": "L.A.", "@_fa": "true", "ce:surname": "Rigano", "ce:indexed-name": "Rigano L.A."}, {"@seq": "2", "ce:initials": "F.", "@_fa": "true", "ce:surname": "Malamud", "ce:indexed-name": "Malamud F."}, {"@seq": "3", "ce:initials": "I.G.", "@_fa": "true", "ce:surname": "Orce", "ce:indexed-name": "Orce I.G."}, {"@seq": "4", "ce:initials": "M.P.", "@_fa": "true", "ce:surname": "Filippone", "ce:indexed-name": "Filippone M.P."}, {"@seq": "5", "ce:initials": "M.R.", "@_fa": "true", "ce:surname": "Marano", "ce:indexed-name": "Marano M.R."}, {"@seq": "6", "ce:initials": "A.M.", "@_fa": "true", "ce:surname": "do Amaral", "ce:indexed-name": "do Amaral A.M."}, {"@seq": "7", "ce:initials": "A.P.", "@_fa": "true", "ce:surname": "Castagnaro", "ce:indexed-name": "Castagnaro A.P."}, {"@seq": "8", "ce:initials": "A.A.", "@_fa": "true", "ce:surname": "Vojnov", "ce:indexed-name": "Vojnov A.A."}]}, "ref-sourcetitle": "BMC Microbiol."}}, {"ref-fulltext": "Zhou, Y., Wu, J., Lin, F., Chen, N., Yuan, S., Ding, L., Gao, L., Hang, B., Rapid detection of Bombyx mori nucleopolyhedrovirus (BmNPV) by loop-mediated isothermal amplification assay combined with a lateral flow dipstick method. Mol. Cell Probes 29:6 (2015), 389\u2013395.", "@id": "16", "ref-info": {"ref-publicationyear": {"@first": "2015"}, "ref-title": {"ref-titletext": "Rapid detection of Bombyx mori nucleopolyhedrovirus (BmNPV) by loop-mediated isothermal amplification assay combined with a lateral flow dipstick method"}, "refd-itemidlist": {"itemid": [{"$": "bib16", "@idtype": "FRAGMENTID"}, {"$": "84951574087", "@idtype": "SGR"}]}, "ref-volisspag": {"voliss": {"@volume": "29", "@issue": "6"}, "pagerange": {"@first": "389", "@last": "395"}}, "ref-authors": {"author": [{"@seq": "1", "ce:initials": "Y.", "@_fa": "true", "ce:surname": "Zhou", "ce:indexed-name": "Zhou Y."}, {"@seq": "2", "ce:initials": "J.", "@_fa": "true", "ce:surname": "Wu", "ce:indexed-name": "Wu J."}, {"@seq": "3", "ce:initials": "F.", "@_fa": "true", "ce:surname": "Lin", "ce:indexed-name": "Lin F."}, {"@seq": "4", "ce:initials": "N.", "@_fa": "true", "ce:surname": "Chen", "ce:indexed-name": "Chen N."}, {"@seq": "5", "ce:initials": "S.", "@_fa": "true", "ce:surname": "Yuan", "ce:indexed-name": "Yuan S."}, {"@seq": "6", "ce:initials": "L.", "@_fa": "true", "ce:surname": "Ding", "ce:indexed-name": "Ding L."}, {"@seq": "7", "ce:initials": "L.", "@_fa": "true", "ce:surname": "Gao", "ce:indexed-name": "Gao L."}, {"@seq": "8", "ce:initials": "B.", "@_fa": "true", "ce:surname": "Hang", "ce:indexed-name": "Hang B."}]}, "ref-sourcetitle": "Mol. Cell Probes"}}, {"ref-fulltext": "Yang, Y., Li, Q., Wang, S., Chen, X., Du, A., Rapid and sensitive detection of Babesia bovis and Babesia bigemina by loop-mediated isothermal amplification combined with a lateral flow dipstick. Vet. Parasitol. 219 (2016), 71\u201376.", "@id": "17", "ref-info": {"ref-publicationyear": {"@first": "2016"}, "ref-title": {"ref-titletext": "Rapid and sensitive detection of Babesia bovis and Babesia bigemina by loop-mediated isothermal amplification combined with a lateral flow dipstick"}, "refd-itemidlist": {"itemid": [{"$": "bib17", "@idtype": "FRAGMENTID"}, {"$": "84960098307", "@idtype": "SGR"}]}, "ref-volisspag": {"voliss": {"@volume": "219"}, "pagerange": {"@first": "71", "@last": "76"}}, "ref-authors": {"author": [{"@seq": "1", "ce:initials": "Y.", "@_fa": "true", "ce:surname": "Yang", "ce:indexed-name": "Yang Y."}, {"@seq": "2", "ce:initials": "Q.", "@_fa": "true", "ce:surname": "Li", "ce:indexed-name": "Li Q."}, {"@seq": "3", "ce:initials": "S.", "@_fa": "true", "ce:surname": "Wang", "ce:indexed-name": "Wang S."}, {"@seq": "4", "ce:initials": "X.", "@_fa": "true", "ce:surname": "Chen", "ce:indexed-name": "Chen X."}, {"@seq": "5", "ce:initials": "A.", "@_fa": "true", "ce:surname": "Du", "ce:indexed-name": "Du A."}]}, "ref-sourcetitle": "Vet. Parasitol."}}, {"ref-fulltext": "Nurul Najian, A.B., Syafirah, E.A. Engku Nur, Ismail, N., Mohamed, M., Yean, C.Y., Development of multiplex loop mediated isothermal amplification (m-LAMP) label-based gold nanoparticles lateral flow dipstick biosensor for detection of pathogenic Leptospira. Anal. Chim. Acta 903 (2016), 142\u2013148.", "@id": "18", "ref-info": {"ref-publicationyear": {"@first": "2016"}, "ref-title": {"ref-titletext": "Development of multiplex loop mediated isothermal amplification (m-LAMP) label-based gold nanoparticles lateral flow dipstick biosensor for detection of pathogenic Leptospira"}, "refd-itemidlist": {"itemid": [{"$": "bib18", "@idtype": "FRAGMENTID"}, {"$": "84957079449", "@idtype": "SGR"}]}, "ref-volisspag": {"voliss": {"@volume": "903"}, "pagerange": {"@first": "142", "@last": "148"}}, "ref-authors": {"author": [{"@seq": "1", "ce:initials": "A.B.", "@_fa": "true", "ce:surname": "Nurul Najian", "ce:indexed-name": "Nurul Najian A.B."}, {"ce:given-name": "E.A. Engku Nur", "@seq": "2", "ce:initials": "E.A.E.N.", "@_fa": "true", "ce:surname": "Syafirah", "ce:indexed-name": "Syafirah E.A.E.N."}, {"@seq": "3", "ce:initials": "N.", "@_fa": "true", "ce:surname": "Ismail", "ce:indexed-name": "Ismail N."}, {"@seq": "4", "ce:initials": "M.", "@_fa": "true", "ce:surname": "Mohamed", "ce:indexed-name": "Mohamed M."}, {"@seq": "5", "ce:initials": "C.Y.", "@_fa": "true", "ce:surname": "Yean", "ce:indexed-name": "Yean C.Y."}]}, "ref-sourcetitle": "Anal. Chim. Acta"}}, {"ref-fulltext": "Martinez, A.W., Phillips, S.T., Whitesides, G.M., Carrilho, E., Diagnostics for the developing world: microfluidic paper-based analytical devices. Anal. Chem. 82:1 (2009), 3\u201310.", "@id": "19", "ref-info": {"ref-publicationyear": {"@first": "2009"}, "ref-title": {"ref-titletext": "Diagnostics for the developing world: microfluidic paper-based analytical devices"}, "refd-itemidlist": {"itemid": [{"$": "bib19", "@idtype": "FRAGMENTID"}, {"$": "75749113741", "@idtype": "SGR"}]}, "ref-volisspag": {"voliss": {"@volume": "82", "@issue": "1"}, "pagerange": {"@first": "3", "@last": "10"}}, "ref-authors": {"author": [{"@seq": "1", "ce:initials": "A.W.", "@_fa": "true", "ce:surname": "Martinez", "ce:indexed-name": "Martinez A.W."}, {"@seq": "2", "ce:initials": "S.T.", "@_fa": "true", "ce:surname": "Phillips", "ce:indexed-name": "Phillips S.T."}, {"@seq": "3", "ce:initials": "G.M.", "@_fa": "true", "ce:surname": "Whitesides", "ce:indexed-name": "Whitesides G.M."}, {"@seq": "4", "ce:initials": "E.", "@_fa": "true", "ce:surname": "Carrilho", "ce:indexed-name": "Carrilho E."}]}, "ref-sourcetitle": "Anal. Chem."}}, {"ref-fulltext": "Martinez, A.W., Phillips, S.T., Butte, M.J., Whitesides, G.M., Patterned paper as a platform for inexpensive, low\u2010volume, portable bioassays. Angew. Chem. Int. Ed. 46:8 (2007), 1318\u20131320.", "@id": "20", "ref-info": {"ref-publicationyear": {"@first": "2007"}, "ref-title": {"ref-titletext": "Patterned paper as a platform for inexpensive, low\u2010volume, portable bioassays"}, "refd-itemidlist": {"itemid": [{"$": "bib20", "@idtype": "FRAGMENTID"}, {"$": "34247273993", "@idtype": "SGR"}]}, "ref-volisspag": {"voliss": {"@volume": "46", "@issue": "8"}, "pagerange": {"@first": "1318", "@last": "1320"}}, "ref-authors": {"author": [{"@seq": "1", "ce:initials": "A.W.", "@_fa": "true", "ce:surname": "Martinez", "ce:indexed-name": "Martinez A.W."}, {"@seq": "2", "ce:initials": "S.T.", "@_fa": "true", "ce:surname": "Phillips", "ce:indexed-name": "Phillips S.T."}, {"@seq": "3", "ce:initials": "M.J.", "@_fa": "true", "ce:surname": "Butte", "ce:indexed-name": "Butte M.J."}, {"@seq": "4", "ce:initials": "G.M.", "@_fa": "true", "ce:surname": "Whitesides", "ce:indexed-name": "Whitesides G.M."}]}, "ref-sourcetitle": "Angew. Chem. Int. Ed."}}, {"ref-fulltext": "Connelly, J.T., Rolland, J.P., Whitesides, G.M., \u201cPaper machine\u201d for molecular diagnostics. Anal. Chem. 87:15 (2015), 7595\u20137601.", "@id": "21", "ref-info": {"ref-publicationyear": {"@first": "2015"}, "ref-title": {"ref-titletext": "\u201cPaper machine\u201d for molecular diagnostics"}, "refd-itemidlist": {"itemid": [{"$": "bib21", "@idtype": "FRAGMENTID"}, {"$": "84938674862", "@idtype": "SGR"}]}, "ref-volisspag": {"voliss": {"@volume": "87", "@issue": "15"}, "pagerange": {"@first": "7595", "@last": "7601"}}, "ref-authors": {"author": [{"@seq": "1", "ce:initials": "J.T.", "@_fa": "true", "ce:surname": "Connelly", "ce:indexed-name": "Connelly J.T."}, {"@seq": "2", "ce:initials": "J.P.", "@_fa": "true", "ce:surname": "Rolland", "ce:indexed-name": "Rolland J.P."}, {"@seq": "3", "ce:initials": "G.M.", "@_fa": "true", "ce:surname": "Whitesides", "ce:indexed-name": "Whitesides G.M."}]}, "ref-sourcetitle": "Anal. Chem."}}, {"ref-fulltext": "Lathwal, S., Sikes, H.D., Assessment of colorimetric amplification methods in a paper-based immunoassay for diagnosis of malaria. Lab Chip 16:8 (2016), 1374\u20131382.", "@id": "22", "ref-info": {"ref-publicationyear": {"@first": "2016"}, "ref-title": {"ref-titletext": "Assessment of colorimetric amplification methods in a paper-based immunoassay for diagnosis of malaria"}, "refd-itemidlist": {"itemid": [{"$": "bib22", "@idtype": "FRAGMENTID"}, {"$": "84964981067", "@idtype": "SGR"}]}, "ref-volisspag": {"voliss": {"@volume": "16", "@issue": "8"}, "pagerange": {"@first": "1374", "@last": "1382"}}, "ref-authors": {"author": [{"@seq": "1", "ce:initials": "S.", "@_fa": "true", "ce:surname": "Lathwal", "ce:indexed-name": "Lathwal S."}, {"@seq": "2", "ce:initials": "H.D.", "@_fa": "true", "ce:surname": "Sikes", "ce:indexed-name": "Sikes H.D."}]}, "ref-sourcetitle": "Lab Chip"}}, {"ref-fulltext": "Xu, Y., Liu, M., Kong, N., Liu, J., Lab-on-paper micro- and nano-analytical devices: fabrication, modification, detection and emerging applications. Microchim. Acta 183:5 (2016), 1521\u20131542.", "@id": "23", "ref-info": {"ref-publicationyear": {"@first": "2016"}, "ref-title": {"ref-titletext": "Lab-on-paper micro- and nano-analytical devices: fabrication, modification, detection and emerging applications"}, "refd-itemidlist": {"itemid": [{"$": "bib23", "@idtype": "FRAGMENTID"}, {"$": "84962019963", "@idtype": "SGR"}]}, "ref-volisspag": {"voliss": {"@volume": "183", "@issue": "5"}, "pagerange": {"@first": "1521", "@last": "1542"}}, "ref-authors": {"author": [{"@seq": "1", "ce:initials": "Y.", "@_fa": "true", "ce:surname": "Xu", "ce:indexed-name": "Xu Y."}, {"@seq": "2", "ce:initials": "M.", "@_fa": "true", "ce:surname": "Liu", "ce:indexed-name": "Liu M."}, {"@seq": "3", "ce:initials": "N.", "@_fa": "true", "ce:surname": "Kong", "ce:indexed-name": "Kong N."}, {"@seq": "4", "ce:initials": "J.", "@_fa": "true", "ce:surname": "Liu", "ce:indexed-name": "Liu J."}]}, "ref-sourcetitle": "Microchim. Acta"}}, {"ref-fulltext": "Hossain, S.M., Ozimok, C., Sicard, C., Aguirre, S.D., Ali, M.M., Li, Y., Brennan, J.D., Multiplexed paper test strip for quantitative bacterial detection. Anal. Bioanal. Chem. 403:6 (2012), 1567\u20131576.", "@id": "24", "ref-info": {"ref-publicationyear": {"@first": "2012"}, "ref-title": {"ref-titletext": "Multiplexed paper test strip for quantitative bacterial detection"}, "refd-itemidlist": {"itemid": [{"$": "bib24", "@idtype": "FRAGMENTID"}, {"$": "84861234935", "@idtype": "SGR"}]}, "ref-volisspag": {"voliss": {"@volume": "403", "@issue": "6"}, "pagerange": {"@first": "1567", "@last": "1576"}}, "ref-authors": {"author": [{"@seq": "1", "ce:initials": "S.M.", "@_fa": "true", "ce:surname": "Hossain", "ce:indexed-name": "Hossain S.M."}, {"@seq": "2", "ce:initials": "C.", "@_fa": "true", "ce:surname": "Ozimok", "ce:indexed-name": "Ozimok C."}, {"@seq": "3", "ce:initials": "C.", "@_fa": "true", "ce:surname": "Sicard", "ce:indexed-name": "Sicard C."}, {"@seq": "4", "ce:initials": "S.D.", "@_fa": "true", "ce:surname": "Aguirre", "ce:indexed-name": "Aguirre S.D."}, {"@seq": "5", "ce:initials": "M.M.", "@_fa": "true", "ce:surname": "Ali", "ce:indexed-name": "Ali M.M."}, {"@seq": "6", "ce:initials": "Y.", "@_fa": "true", "ce:surname": "Li", "ce:indexed-name": "Li Y."}, {"@seq": "7", "ce:initials": "J.D.", "@_fa": "true", "ce:surname": "Brennan", "ce:indexed-name": "Brennan J.D."}]}, "ref-sourcetitle": "Anal. Bioanal. Chem."}}, {"ref-fulltext": "Ellerbee, A.K., Phillips, S.T., Siegel, A.C., Mirica, K.A., Martinez, A.W., Striehl, P., Jain, N., Prentiss, M., Whitesides, G.M., Quantifying colorimetric assays in paper-based microfluidic devices by measuring the transmission of light through paper. Anal. Chem. 81:20 (2009), 8447\u20138452.", "@id": "25", "ref-info": {"ref-publicationyear": {"@first": "2009"}, "ref-title": {"ref-titletext": "Quantifying colorimetric assays in paper-based microfluidic devices by measuring the transmission of light through paper"}, "refd-itemidlist": {"itemid": [{"$": "bib25", "@idtype": "FRAGMENTID"}, {"$": "70449922272", "@idtype": "SGR"}]}, "ref-volisspag": {"voliss": {"@volume": "81", "@issue": "20"}, "pagerange": {"@first": "8447", "@last": "8452"}}, "ref-authors": {"author": [{"@seq": "1", "ce:initials": "A.K.", "@_fa": "true", "ce:surname": "Ellerbee", "ce:indexed-name": "Ellerbee A.K."}, {"@seq": "2", "ce:initials": "S.T.", "@_fa": "true", "ce:surname": "Phillips", "ce:indexed-name": "Phillips S.T."}, {"@seq": "3", "ce:initials": "A.C.", "@_fa": "true", "ce:surname": "Siegel", "ce:indexed-name": "Siegel A.C."}, {"@seq": "4", "ce:initials": "K.A.", "@_fa": "true", "ce:surname": "Mirica", "ce:indexed-name": "Mirica K.A."}, {"@seq": "5", "ce:initials": "A.W.", "@_fa": "true", "ce:surname": "Martinez", "ce:indexed-name": "Martinez A.W."}, {"@seq": "6", "ce:initials": "P.", "@_fa": "true", "ce:surname": "Striehl", "ce:indexed-name": "Striehl P."}, {"@seq": "7", "ce:initials": "N.", "@_fa": "true", "ce:surname": "Jain", "ce:indexed-name": "Jain N."}, {"@seq": "8", "ce:initials": "M.", "@_fa": "true", "ce:surname": "Prentiss", "ce:indexed-name": "Prentiss M."}, {"@seq": "9", "ce:initials": "G.M.", "@_fa": "true", "ce:surname": "Whitesides", "ce:indexed-name": "Whitesides G.M."}]}, "ref-sourcetitle": "Anal. Chem."}}, {"ref-fulltext": "Cate, D.M., Noblitt, S.D., Volckens, J., Henry, C.S., Multiplexed paper analytical device for quantification of metals using distance-based detection. Lab Chip 15:13 (2015), 2808\u20132818.", "@id": "26", "ref-info": {"ref-publicationyear": {"@first": "2015"}, "ref-title": {"ref-titletext": "Multiplexed paper analytical device for quantification of metals using distance-based detection"}, "refd-itemidlist": {"itemid": [{"$": "bib26", "@idtype": "FRAGMENTID"}, {"$": "84934937060", "@idtype": "SGR"}]}, "ref-volisspag": {"voliss": {"@volume": "15", "@issue": "13"}, "pagerange": {"@first": "2808", "@last": "2818"}}, "ref-authors": {"author": [{"@seq": "1", "ce:initials": "D.M.", "@_fa": "true", "ce:surname": "Cate", "ce:indexed-name": "Cate D.M."}, {"@seq": "2", "ce:initials": "S.D.", "@_fa": "true", "ce:surname": "Noblitt", "ce:indexed-name": "Noblitt S.D."}, {"@seq": "3", "ce:initials": "J.", "@_fa": "true", "ce:surname": "Volckens", "ce:indexed-name": "Volckens J."}, {"@seq": "4", "ce:initials": "C.S.", "@_fa": "true", "ce:surname": "Henry", "ce:indexed-name": "Henry C.S."}]}, "ref-sourcetitle": "Lab Chip"}}, {"ref-fulltext": "Cate, D.M., Dungchai, W., Cunningham, J.C., Volckens, J., Henry, C.S., Simple, distance-based measurement for paper analytical devices. Lab Chip 13:12 (2013), 2397\u20132404.", "@id": "27", "ref-info": {"ref-publicationyear": {"@first": "2013"}, "ref-title": {"ref-titletext": "Simple, distance-based measurement for paper analytical devices"}, "refd-itemidlist": {"itemid": [{"$": "bib27", "@idtype": "FRAGMENTID"}, {"$": "84878040377", "@idtype": "SGR"}]}, "ref-volisspag": {"voliss": {"@volume": "13", "@issue": "12"}, "pagerange": {"@first": "2397", "@last": "2404"}}, "ref-authors": {"author": [{"@seq": "1", "ce:initials": "D.M.", "@_fa": "true", "ce:surname": "Cate", "ce:indexed-name": "Cate D.M."}, {"@seq": "2", "ce:initials": "W.", "@_fa": "true", "ce:surname": "Dungchai", "ce:indexed-name": "Dungchai W."}, {"@seq": "3", "ce:initials": "J.C.", "@_fa": "true", "ce:surname": "Cunningham", "ce:indexed-name": "Cunningham J.C."}, {"@seq": "4", "ce:initials": "J.", "@_fa": "true", "ce:surname": "Volckens", "ce:indexed-name": "Volckens J."}, {"@seq": "5", "ce:initials": "C.S.", "@_fa": "true", "ce:surname": "Henry", "ce:indexed-name": "Henry C.S."}]}, "ref-sourcetitle": "Lab Chip"}}, {"ref-fulltext": "Tian, T., Li, J., Song, Y., Zhou, L., Zhu, Z., Yang, C.J., Distance-based microfluidic quantitative detection methods for point-of-care testing. Lab Chip 16:7 (2016), 1139\u20131151.", "@id": "28", "ref-info": {"ref-publicationyear": {"@first": "2016"}, "ref-title": {"ref-titletext": "Distance-based microfluidic quantitative detection methods for point-of-care testing"}, "refd-itemidlist": {"itemid": [{"$": "bib28", "@idtype": "FRAGMENTID"}, {"$": "84962118499", "@idtype": "SGR"}]}, "ref-volisspag": {"voliss": {"@volume": "16", "@issue": "7"}, "pagerange": {"@first": "1139", "@last": "1151"}}, "ref-authors": {"author": [{"@seq": "1", "ce:initials": "T.", "@_fa": "true", "ce:surname": "Tian", "ce:indexed-name": "Tian T."}, {"@seq": "2", "ce:initials": "J.", "@_fa": "true", "ce:surname": "Li", "ce:indexed-name": "Li J."}, {"@seq": "3", "ce:initials": "Y.", "@_fa": "true", "ce:surname": "Song", "ce:indexed-name": "Song Y."}, {"@seq": "4", "ce:initials": "L.", "@_fa": "true", "ce:surname": "Zhou", "ce:indexed-name": "Zhou L."}, {"@seq": "5", "ce:initials": "Z.", "@_fa": "true", "ce:surname": "Zhu", "ce:indexed-name": "Zhu Z."}, {"@seq": "6", "ce:initials": "C.J.", "@_fa": "true", "ce:surname": "Yang", "ce:indexed-name": "Yang C.J."}]}, "ref-sourcetitle": "Lab Chip"}}, {"ref-fulltext": "Yamada, K., Henares, T.G., Suzuki, K., Citterio, D., Distance-based tear lactoferrin assay on microfluidic paper device using interfacial interactions on surface-modified cellulose. ACS Appl. Mater. Interfaces 7:44 (2015), 24864\u201324875.", "@id": "29", "ref-info": {"ref-publicationyear": {"@first": "2015"}, "ref-title": {"ref-titletext": "Distance-based tear lactoferrin assay on microfluidic paper device using interfacial interactions on surface-modified cellulose"}, "refd-itemidlist": {"itemid": [{"$": "bib29", "@idtype": "FRAGMENTID"}, {"$": "84947080936", "@idtype": "SGR"}]}, "ref-volisspag": {"voliss": {"@volume": "7", "@issue": "44"}, "pagerange": {"@first": "24864", "@last": "24875"}}, "ref-authors": {"author": [{"@seq": "1", "ce:initials": "K.", "@_fa": "true", "ce:surname": "Yamada", "ce:indexed-name": "Yamada K."}, {"@seq": "2", "ce:initials": "T.G.", "@_fa": "true", "ce:surname": "Henares", "ce:indexed-name": "Henares T.G."}, {"@seq": "3", "ce:initials": "K.", "@_fa": "true", "ce:surname": "Suzuki", "ce:indexed-name": "Suzuki K."}, {"@seq": "4", "ce:initials": "D.", "@_fa": "true", "ce:surname": "Citterio", "ce:indexed-name": "Citterio D."}]}, "ref-sourcetitle": "ACS Appl. Mater. Interfaces"}}, {"ref-fulltext": "Wei, X., Tian, T., Jia, S., Zhu, Z., Ma, Y., Sun, J., Lin, Z., Yang, C.J., Microfluidic distance readout sweet hydrogel integrated paper-based analytical device (\u03bcDiSH-PAD) for visual quantitative point-of-care testing. Anal. Chem. 88:4 (2016), 2345\u20132352.", "@id": "30", "ref-info": {"ref-publicationyear": {"@first": "2016"}, "ref-title": {"ref-titletext": "Microfluidic distance readout sweet hydrogel integrated paper-based analytical device (\u03bcDiSH-PAD) for visual quantitative point-of-care testing"}, "refd-itemidlist": {"itemid": [{"$": "bib30", "@idtype": "FRAGMENTID"}, {"$": "84958213762", "@idtype": "SGR"}]}, "ref-volisspag": {"voliss": {"@volume": "88", "@issue": "4"}, "pagerange": {"@first": "2345", "@last": "2352"}}, "ref-authors": {"author": [{"@seq": "1", "ce:initials": "X.", "@_fa": "true", "ce:surname": "Wei", "ce:indexed-name": "Wei X."}, {"@seq": "2", "ce:initials": "T.", "@_fa": "true", "ce:surname": "Tian", "ce:indexed-name": "Tian T."}, {"@seq": "3", "ce:initials": "S.", "@_fa": "true", "ce:surname": "Jia", "ce:indexed-name": "Jia S."}, {"@seq": "4", "ce:initials": "Z.", "@_fa": "true", "ce:surname": "Zhu", "ce:indexed-name": "Zhu Z."}, {"@seq": "5", "ce:initials": "Y.", "@_fa": "true", "ce:surname": "Ma", "ce:indexed-name": "Ma Y."}, {"@seq": "6", "ce:initials": "J.", "@_fa": "true", "ce:surname": "Sun", "ce:indexed-name": "Sun J."}, {"@seq": "7", "ce:initials": "Z.", "@_fa": "true", "ce:surname": "Lin", "ce:indexed-name": "Lin Z."}, {"@seq": "8", "ce:initials": "C.J.", "@_fa": "true", "ce:surname": "Yang", "ce:indexed-name": "Yang C.J."}]}, "ref-sourcetitle": "Anal. Chem."}}, {"ref-fulltext": "Lu, Y., Shi, W., Qin, J., Lin, B., Fabrication and characterization of paper-based microfluidics prepared in nitrocellulose membrane by wax printing. Anal. Chem. 82:1 (2009), 329\u2013335.", "@id": "31", "ref-info": {"ref-publicationyear": {"@first": "2009"}, "ref-title": {"ref-titletext": "Fabrication and characterization of paper-based microfluidics prepared in nitrocellulose membrane by wax printing"}, "refd-itemidlist": {"itemid": [{"$": "bib31", "@idtype": "FRAGMENTID"}, {"$": "75749111702", "@idtype": "SGR"}]}, "ref-volisspag": {"voliss": {"@volume": "82", "@issue": "1"}, "pagerange": {"@first": "329", "@last": "335"}}, "ref-authors": {"author": [{"@seq": "1", "ce:initials": "Y.", "@_fa": "true", "ce:surname": "Lu", "ce:indexed-name": "Lu Y."}, {"@seq": "2", "ce:initials": "W.", "@_fa": "true", "ce:surname": "Shi", "ce:indexed-name": "Shi W."}, {"@seq": "3", "ce:initials": "J.", "@_fa": "true", "ce:surname": "Qin", "ce:indexed-name": "Qin J."}, {"@seq": "4", "ce:initials": "B.", "@_fa": "true", "ce:surname": "Lin", "ce:indexed-name": "Lin B."}]}, "ref-sourcetitle": "Anal. Chem."}}, {"ref-fulltext": "Safavieh, M., Ahmed, M.U., Tolba, M., Zourob, M., Microfluidic electrochemical assay for rapid detection and quantification of Escherichia coli. Biosens. Bioelectron. 31:1 (2012), 523\u2013528.", "@id": "32", "ref-info": {"ref-publicationyear": {"@first": "2012"}, "ref-title": {"ref-titletext": "Microfluidic electrochemical assay for rapid detection and quantification of Escherichia coli"}, "refd-itemidlist": {"itemid": [{"$": "bib32", "@idtype": "FRAGMENTID"}, {"$": "84455202278", "@idtype": "SGR"}]}, "ref-volisspag": {"voliss": {"@volume": "31", "@issue": "1"}, "pagerange": {"@first": "523", "@last": "528"}}, "ref-authors": {"author": [{"@seq": "1", "ce:initials": "M.", "@_fa": "true", "ce:surname": "Safavieh", "ce:indexed-name": "Safavieh M."}, {"@seq": "2", "ce:initials": "M.U.", "@_fa": "true", "ce:surname": "Ahmed", "ce:indexed-name": "Ahmed M.U."}, {"@seq": "3", "ce:initials": "M.", "@_fa": "true", "ce:surname": "Tolba", "ce:indexed-name": "Tolba M."}, {"@seq": "4", "ce:initials": "M.", "@_fa": "true", "ce:surname": "Zourob", "ce:indexed-name": "Zourob M."}]}, "ref-sourcetitle": "Biosens. Bioelectron."}}, {"ref-fulltext": "Zhang, F., Wang, R., Wang, L., Wu, J., Ying, Y., Tracing phosphate ions generated during DNA amplification and its simple use for visual detection of isothermal amplified products. Chem. Commun. 50:92 (2014), 14382\u201314385.", "@id": "33", "ref-info": {"ref-publicationyear": {"@first": "2014"}, "ref-title": {"ref-titletext": "Tracing phosphate ions generated during DNA amplification and its simple use for visual detection of isothermal amplified products"}, "refd-itemidlist": {"itemid": [{"$": "bib33", "@idtype": "FRAGMENTID"}, {"$": "84908377512", "@idtype": "SGR"}]}, "ref-volisspag": {"voliss": {"@volume": "50", "@issue": "92"}, "pagerange": {"@first": "14382", "@last": "14385"}}, "ref-authors": {"author": [{"@seq": "1", "ce:initials": "F.", "@_fa": "true", "ce:surname": "Zhang", "ce:indexed-name": "Zhang F."}, {"@seq": "2", "ce:initials": "R.", "@_fa": "true", "ce:surname": "Wang", "ce:indexed-name": "Wang R."}, {"@seq": "3", "ce:initials": "L.", "@_fa": "true", "ce:surname": "Wang", "ce:indexed-name": "Wang L."}, {"@seq": "4", "ce:initials": "J.", "@_fa": "true", "ce:surname": "Wu", "ce:indexed-name": "Wu J."}, {"@seq": "5", "ce:initials": "Y.", "@_fa": "true", "ce:surname": "Ying", "ce:indexed-name": "Ying Y."}]}, "ref-sourcetitle": "Chem. Commun."}}, {"ref-fulltext": "Liu, C., Mauk, M.G., Bau, H.H., A disposable, integrated loop-mediated isothermal amplification cassette with thermally actuated valves. Microfluid. Nanofluid. 11:2 (2011), 209\u2013220.", "@id": "34", "ref-info": {"ref-publicationyear": {"@first": "2011"}, "ref-title": {"ref-titletext": "A disposable, integrated loop-mediated isothermal amplification cassette with thermally actuated valves"}, "refd-itemidlist": {"itemid": [{"$": "bib34", "@idtype": "FRAGMENTID"}, {"$": "84855933243", "@idtype": "SGR"}]}, "ref-volisspag": {"voliss": {"@volume": "11", "@issue": "2"}, "pagerange": {"@first": "209", "@last": "220"}}, "ref-authors": {"author": [{"@seq": "1", "ce:initials": "C.", "@_fa": "true", "ce:surname": "Liu", "ce:indexed-name": "Liu C."}, {"@seq": "2", "ce:initials": "M.G.", "@_fa": "true", "ce:surname": "Mauk", "ce:indexed-name": "Mauk M.G."}, {"@seq": "3", "ce:initials": "H.H.", "@_fa": "true", "ce:surname": "Bau", "ce:indexed-name": "Bau H.H."}]}, "ref-sourcetitle": "Microfluid. Nanofluid."}}]}}}}, "affiliation": {"affiliation-city": "Bangkok", "@id": "60028190", "affilname": "Chulalongkorn University", "@href": "https://api.elsevier.com/content/affiliation/affiliation_id/60028190", "affiliation-country": "Thailand"}, "coredata": {"srctype": "j", "eid": "2-s2.0-85024501714", "dc:description": "A distance-based paper analytical device (dPAD) for loop mediated isothermal amplification (LAMP) detection based on distance measurement was proposed. This approach relied on visual detection by the length of colour developed on the dPAD with reference to semi-quantitative determination of the initial amount of genomic DNA. In this communication, E. coli DNA was chosen as a template DNA for LAMP reaction. In accordance with the principle, the dPAD was immobilized by polyethylenimine (PEI), which is a strong cationic polymer, in the hydrophilic channel of the paper device. Hydroxynaphthol blue (HNB), a colourimetric indicator for monitoring the change of magnesium ion concentration in the LAMP reaction, was used to react with the immobilized PEI. The positive charges of PEI react with the negative charges of free HNB in the LAMP reaction, producing a blue colour deposit on the paper device. Consequently, the apparently visual distance appeared within 5 min and length of distance correlated to the amount of DNA in the sample. The distance-based PAD for the visual detection of the LAMP reaction could quantify the initial concentration of genomic DNA as low as 4.14 \u00d7 103 copies \u00b5L\u22121. This distance-based visual semi-quantitative platform is suitable for choice of LAMP detection method, particular in resource-limited settings because of the advantages of low cost, simple fabrication and operation, disposability and portable detection of the dPAD device.", "pubmed-id": "28841970", "prism:coverDate": "2017-12-01", "prism:aggregationType": "Journal", "prism:url": "https://api.elsevier.com/content/abstract/scopus_id/85024501714", "dc:creator": {"author": [{"ce:given-name": "Irin", "preferred-name": {"ce:given-name": "Irin", "ce:initials": "I.", "ce:surname": "Hongwarittorrn", "ce:indexed-name": "Hongwarittorrn I."}, "@seq": "1", "ce:initials": "I.", "@_fa": "true", "affiliation": {"@id": "60028190", "@href": "https://api.elsevier.com/content/affiliation/affiliation_id/60028190"}, "ce:surname": "Hongwarittorrn", "@auid": "56503905400", "author-url": "https://api.elsevier.com/content/author/author_id/56503905400", "ce:indexed-name": "Hongwarittorrn I."}]}, "link": [{"@_fa": "true", "@rel": "self", "@href": "https://api.elsevier.com/content/abstract/scopus_id/85024501714"}, {"@_fa": "true", "@rel": "scopus", "@href": "https://www.scopus.com/inward/record.uri?partnerID=HzOxMe3b&scp=85024501714&origin=inward"}, {"@_fa": "true", "@rel": "scopus-citedby", "@href": "https://www.scopus.com/inward/citedby.uri?partnerID=HzOxMe3b&scp=85024501714&origin=inward"}], "source-id": "24555", "pii": "S0039914017307300", "citedby-count": "61", "prism:volume": "175", "subtype": "ar", "dc:title": "Semi-quantitative visual detection of loop mediated isothermal amplification (LAMP)-generated DNA by distance-based measurement on a paper device", "openaccess": "0", "prism:issn": "00399140", "publishercopyright": "\u00a9 2017 Elsevier B.V.", "subtypeDescription": "Article", "prism:publicationName": "Talanta", "prism:pageRange": "135-142", "prism:endingPage": "142", "openaccessFlag": "false", "prism:doi": "10.1016/j.talanta.2017.07.019", "prism:startingPage": "135", "dc:identifier": "SCOPUS_ID:85024501714", "dc:publisher": "Elsevier B.V."}, "idxterms": {"mainterm": [{"$": "Cationic polymers", "@weight": "b", "@candidate": "n"}, {"$": "Distance-based", "@weight": "b", "@candidate": "n"}, {"$": "Hydrophilic channels", "@weight": "b", "@candidate": "n"}, {"$": "Hydroxynaphthol blue (HNB)", "@weight": "b", "@candidate": "n"}, {"$": "Initial concentration", "@weight": "b", "@candidate": "n"}, {"$": "Loop mediated isothermal amplifications", "@weight": "b", "@candidate": "n"}, {"$": "Polyethylenimines", "@weight": "b", "@candidate": "n"}, {"$": "Quantitative determinations", "@weight": "b", "@candidate": "n"}, {"$": "Colorimetry", "@weight": "b", "@candidate": "n"}, {"$": "DNA, Bacterial", "@weight": "b", "@candidate": "n"}, {"$": "Equipment Design", "@weight": "b", "@candidate": "n"}, {"$": "Escherichia coli", "@weight": "b", "@candidate": "n"}, {"$": "Gram-Negative Bacteria", "@weight": "b", "@candidate": "n"}, {"$": "Gram-Negative Bacterial Infections", "@weight": "b", "@candidate": "n"}, {"$": "Humans", "@weight": "b", "@candidate": "n"}, {"$": "Naphthalenesulfonates", "@weight": "b", "@candidate": "n"}, {"$": "Nucleic Acid Amplification Techniques", "@weight": "b", "@candidate": "n"}, {"$": "Paper", "@weight": "a", "@candidate": "n"}, {"$": "Polyethyleneimine", "@weight": "b", "@candidate": "n"}]}, "language": {"@xml:lang": "eng"}, "authkeywords": {"author-keyword": [{"@_fa": "true", "$": "Distance-based paper analytical devices"}, {"@_fa": "true", "$": "Hydroxynaphthol blue (HNB)"}, {"@_fa": "true", "$": "Loop mediated isothermal amplification (LAMP)"}, {"@_fa": "true", "$": "Polyethylenimine (PEI)"}]}, "subject-areas": {"subject-area": [{"@_fa": "true", "$": "Analytical Chemistry", "@code": "1602", "@abbrev": "CHEM"}]}, "authors": {"author": [{"ce:given-name": "Irin", "preferred-name": {"ce:given-name": "Irin", "ce:initials": "I.", "ce:surname": "Hongwarittorrn", "ce:indexed-name": "Hongwarittorrn I."}, "@seq": "1", "ce:initials": "I.", "@_fa": "true", "affiliation": {"@id": "60028190", "@href": "https://api.elsevier.com/content/affiliation/affiliation_id/60028190"}, "ce:surname": "Hongwarittorrn", "@auid": "56503905400", "author-url": "https://api.elsevier.com/content/author/author_id/56503905400", "ce:indexed-name": "Hongwarittorrn I."}, {"ce:given-name": "Nuntaree", "preferred-name": {"ce:given-name": "Nuntaree", "ce:initials": "N.", "ce:surname": "Chaichanawongsaroj", "ce:indexed-name": "Chaichanawongsaroj N."}, "@seq": "2", "ce:initials": "N.", "@_fa": "true", "affiliation": {"@id": "60028190", "@href": "https://api.elsevier.com/content/affiliation/affiliation_id/60028190"}, "ce:surname": "Chaichanawongsaroj", "@auid": "6507287057", "author-url": "https://api.elsevier.com/content/author/author_id/6507287057", "ce:indexed-name": "Chaichanawongsaroj N."}, {"ce:given-name": "Wanida", "preferred-name": {"ce:given-name": "Wanida", "ce:initials": "W.", "ce:surname": "Laiwattanapaisal", "ce:indexed-name": "Laiwattanapaisal W."}, "@seq": "3", "ce:initials": "W.", "@_fa": "true", "affiliation": {"@id": "60028190", "@href": "https://api.elsevier.com/content/affiliation/affiliation_id/60028190"}, "ce:surname": "Laiwattanapaisal", "@auid": "26027974500", "author-url": "https://api.elsevier.com/content/author/author_id/26027974500", "ce:indexed-name": "Laiwattanapaisal W."}]}}}