{"abstracts-retrieval-response": {"item": {"ait:process-info": {"ait:status": {"@state": "update", "@type": "core", "@stage": "S300"}, "ait:date-delivered": {"@day": "20", "@year": "2023", "@timestamp": "2023-01-20T21:27:39.000039-05:00", "@month": "01"}, "ait:date-sort": {"@day": "28", "@year": "2017", "@month": "12"}}, "xocs:meta": {"xocs:funding-list": {"@pui-match": "primary", "@has-funding-info": "1", "xocs:funding": {"xocs:funding-agency-acronym": "JSPS", "xocs:funding-agency": "Japan Society for the Promotion of Science", "xocs:funding-id": "17K06510", "xocs:funding-agency-id": "http://data.elsevier.com/vocabulary/SciValFunders/501100001691", "xocs:funding-agency-country": "http://sws.geonames.org/1861060/"}, "xocs:funding-addon-generated-timestamp": "2021-05-27T16:11:18.769Z", "xocs:funding-addon-type": "http://vtw.elsevier.com/data/voc/AddOnTypes/50.7/aggregated-refined"}}, "bibrecord": {"head": {"author-group": [{"affiliation": {"country": "Thailand", "@afid": "60028190", "@country": "tha", "city": "Bangkok", "organization": [{"$": "Department of Civil Engineering"}, {"$": "Faculty of Engineering"}, {"$": "Chulalongkorn University"}], "affiliation-id": {"@afid": "60028190", "@dptid": "104425662"}, "@dptid": "104425662"}, "author": [{"ce:given-name": "Veerasak", "preferred-name": {"ce:given-name": "Veerasak", "ce:initials": "V.", "ce:surname": "Likhitruangsilp", "ce:indexed-name": "Likhitruangsilp V."}, "@seq": "1", "ce:initials": "V.", "@_fa": "true", "@type": "auth", "ce:surname": "Likhitruangsilp", "@auid": "9043521100", "ce:indexed-name": "Likhitruangsilp V."}, {"ce:given-name": "Sy Tien", "preferred-name": {"ce:given-name": "Sy Tien", "ce:initials": "S.T.", "ce:surname": "Do", "ce:indexed-name": "Do S.T."}, "@seq": "2", "ce:initials": "S.T.", "@_fa": "true", "@type": "auth", "ce:surname": "Do", "@auid": "57220520498", "ce:indexed-name": "Do S.T."}]}, {"affiliation": {"country": "Viet Nam", "@afid": "60272237", "@country": "vnm", "city": "Ho Chi Minh", "organization": [{"$": "Faculty of Civil Engineering"}, {"$": "Ho Chi Minh City University of Technology"}], "affiliation-id": {"@afid": "60272237", "@dptid": "128836339"}, "@dptid": "128836339"}, "author": [{"ce:given-name": "Sy Tien", "preferred-name": {"ce:given-name": "Sy Tien", "ce:initials": "S.T.", "ce:surname": "Do", "ce:indexed-name": "Do S.T."}, "@seq": "2", "ce:initials": "S.T.", "@_fa": "true", "@type": "auth", "ce:surname": "Do", "@auid": "57220520498", "ce:indexed-name": "Do S.T."}]}, {"affiliation": {"country": "Japan", "@afid": "60011001", "@country": "jpn", "city": "Kyoto", "organization": [{"$": "Department of Planning and Management Systems"}, {"$": "Kyoto University"}], "affiliation-id": {"@afid": "60011001", "@dptid": "120016957"}, "@dptid": "120016957"}, "author": [{"ce:given-name": "Masamitsu", "preferred-name": {"ce:given-name": "Masamitsu", "ce:initials": "M.", "ce:surname": "Onishi", "ce:indexed-name": "Onishi M."}, "@seq": "3", "ce:initials": "M.", "@date-locked": "2018-01-25T04:46:07.963", "@_fa": "true", "@type": "auth", "ce:surname": "Onishi", "@auid": "7102474567", "ce:indexed-name": "Onishi M."}]}], "citation-title": "A comparative study on the risk perceptions of the public and private sectors in public-private partnership (PPP) transportation projects in Vietnam", "abstracts": "\u00a9 2017, Chulalongkorn University. All rights reserved.Large transportation projects such as highways are expensive, complex, and dynamic in nature. Acquiring large investment capitals for these projects is always a major challenge for every nation. To solve this problem, Vietnamese government has called for the participation of private entities in the form of public-private partnership (PPP). Attracting private investors is a vital and challenging step for implementing PPP transportation projects in Vietnam. This paper examines the similarities and differences of risk perceptions of the public and private sectors for the investment of PPP transportation projects in Vietnam. Questionnaire surveys are used to collect data for assessing the likelihoods of occurrence and impacts of risk factors from 123 experienced professionals from both public and private entities. We found that the two most critical risk factors (CRFs) are land acquisition and compensation, and delay in project approvals and permits. The results from an independent sample t-test indicate the different risk perceptions of the public and private sectors for eight CRFs: (1) corruption, (2) change of project scope, (3) lack of transparency in bidding, (4) inflation, (5) payment issues, (6) inadequate feasibility study, (7) inappropriate allocation of responsibility and risk, and (8) fluctuation of interest rate. These eight CRFs are categorized into three major groups: the tendering process, commercial problems, and payment issues. These results can be used for establishing appropriate public policies to promote private investments in PPP transportation projects. Meanwhile, private investors would also have a better understanding of PPP transportation project development in Vietnam.", "correspondence": {"affiliation": {"country": "Thailand", "@country": "tha", "city": "Bangkok", "organization": [{"$": "Department of Civil Engineering"}, {"$": "Faculty of Engineering"}, {"$": "Chulalongkorn University"}]}, "person": {"ce:given-name": "Sy Tien", "ce:initials": "S.T.", "ce:surname": "Do", "ce:indexed-name": "Do S.T."}}, "citation-info": {"author-keywords": {"author-keyword": [{"$": "Critical risk factor (CRF)", "@xml:lang": "eng"}, {"$": "Public-private partnership (PPP)", "@xml:lang": "eng"}, {"$": "Risk management", "@xml:lang": "eng"}, {"$": "Risk perceptions", "@xml:lang": "eng"}, {"$": "Transportation projects", "@xml:lang": "eng"}, {"$": "Vietnam", "@xml:lang": "eng"}]}, "citation-type": {"@code": "ar"}, "citation-language": {"@language": "English", "@xml:lang": "eng"}, "abstract-language": {"@language": "English", "@xml:lang": "eng"}}, "source": {"sourcetitle-abbrev": "Eng. J.", "website": {"ce:e-address": {"$": "http://engj.org/index.php/ej/article/download/1661/677", "@type": "email"}}, "@country": "tha", "translated-sourcetitle": {"$": "Engineering Journal", "@xml:lang": "eng"}, "issn": {"$": "01258281", "@type": "print"}, "volisspag": {"voliss": {"@volume": "21", "@issue": "7"}, "pagerange": {"@first": "213", "@last": "231"}}, "@type": "j", "publicationyear": {"@first": "2017"}, "publisher": {"publishername": "Chulalongkorn University", "ce:e-address": {"$": "yan.z@chula.ac.th", "@type": "email"}}, "sourcetitle": "Engineering Journal", "@srcid": "21100197000", "publicationdate": {"month": "12", "year": "2017", "date-text": {"@xfab-added": "true", "$": "28 December 2017"}, "day": "28"}}, "enhancement": {"classificationgroup": {"classifications": [{"@type": "ASJC", "classification": "2200"}, {"@type": "SUBJABBR", "classification": "ENGI"}]}}}, "item-info": {"copyright": {"$": "Copyright 2017 Elsevier B.V., All rights reserved.", "@type": "Elsevier"}, "dbcollection": [{"$": "REAXYSCAR"}, {"$": "SCOPUS"}, {"$": "SNCPX"}, {"$": "Scopusbase"}], "history": {"date-created": {"@day": "06", "@year": "2018", "@timestamp": "BST 06:05:11", "@month": "01"}}, "itemidlist": {"itemid": [{"$": "620004249", "@idtype": "PUI"}, {"$": "889023189", "@idtype": "CAR-ID"}, {"$": "20180025924", "@idtype": "REAXYSCAR"}, {"$": "20180033756", "@idtype": "SCOPUS"}, {"$": "2018001365", "@idtype": "SNCPX"}, {"$": "85039897067", "@idtype": "SCP"}, {"$": "85039897067", "@idtype": "SGR"}], "ce:doi": "10.4186/ej.2017.21.7.213"}}, "tail": {"bibliography": {"@refcount": "34", "reference": [{"ref-fulltext": "Decree No.108/2009/ND-CP on Investment in the Form of Build-Operate-Transfer, Build-Transfer-Operate or Build-Transfer Contract, 2009.", "@id": "1", "ref-info": {"ref-publicationyear": {"@first": "2009"}, "refd-itemidlist": {"itemid": {"$": "85039908013", "@idtype": "SGR"}}, "ref-sourcetitle": "Decree No.108/2009/ND-CP on Investment in the Form of Build-Operate-Transfer, Build-Transfer-Operate or Build-Transfer Contract"}}, {"ref-fulltext": "Decision No.71/2010/QD-TTg of the Prime Minister Dated November 9, 2010 Promulgating the Regulations on Pilot Investment in the Public-Private Partnership Form, 2010.", "@id": "2", "ref-info": {"ref-publicationyear": {"@first": "2010"}, "refd-itemidlist": {"itemid": {"$": "85039913267", "@idtype": "SGR"}}, "ref-sourcetitle": "Decision No.71/2010/QD-TTg of the Prime Minister Dated November 9, 2010 Promulgating the Regulations on Pilot Investment in the Public-Private Partnership Form"}}, {"ref-fulltext": "Ashurst. (2012). A Star in the Ascendant? PPP Opportunities in Vietnam [Ashurst insight: Infrastructure Opportunities] [Online]. Available: https://www.ashurst.com/doc.aspx?id_Content=6542", "@id": "3", "ref-info": {"ref-publicationyear": {"@first": "2012"}, "ref-website": {"ce:e-address": {"$": "https://www.ashurst.com/doc.aspx?id_Content=6542", "@type": "email"}}, "refd-itemidlist": {"itemid": {"$": "85039905058", "@idtype": "SGR"}}, "ref-text": "Online]. Available", "ref-authors": {"collaboration": {"@seq": "1", "ce:text": "Ashurst", "ce:indexed-name": "Ashurst"}}, "ref-sourcetitle": "A Star in the Ascendant? PPP Opportunities in Vietnam [Ashurst insight: Infrastructure Opportunities]"}}, {"ref-fulltext": "Decree No.15/2015/ND-CP on PPP Investment Form Dated Feb 14, 2015, 2015.", "@id": "4", "ref-info": {"ref-publicationyear": {"@first": "2015"}, "refd-itemidlist": {"itemid": {"$": "85039917472", "@idtype": "SGR"}}, "ref-sourcetitle": "Decree No.15/2015/ND-CP on PPP Investment Form Dated Feb 14, 2015"}}, {"ref-fulltext": "T. Merna and N. J. Smith, Guide to the Preparation and Evaluation of Build-Own-Operate-Transfer (BOOT) Project Tenders. Asia Law & Practice Limited, 1996.", "@id": "5", "ref-info": {"ref-publicationyear": {"@first": "1996"}, "refd-itemidlist": {"itemid": {"$": "0006562559", "@idtype": "SGR"}}, "ref-text": "Asia Law & Practice Limited", "ref-authors": {"author": [{"@seq": "1", "ce:initials": "T.", "@_fa": "true", "ce:surname": "Merna", "ce:indexed-name": "Merna T."}, {"@seq": "2", "ce:initials": "N.J.", "@_fa": "true", "ce:surname": "Smith", "ce:indexed-name": "Smith N.J."}]}, "ref-sourcetitle": "Guide to the Preparation and Evaluation of Build-Own-Operate-Transfer (BOOT) Project Tenders"}}, {"ref-fulltext": "V. Ongipattanakul, Bangkok Expressway: Imminent Debt Restructuring Success. Emerging Markets Equity Research. Bangkok: Bloomberg, 1999.", "@id": "6", "ref-info": {"ref-publicationyear": {"@first": "1999"}, "refd-itemidlist": {"itemid": {"$": "85039900481", "@idtype": "SGR"}}, "ref-text": "Bangkok: Bloomberg", "ref-authors": {"author": [{"@seq": "1", "ce:initials": "V.", "@_fa": "true", "ce:surname": "Ongipattanakul", "ce:indexed-name": "Ongipattanakul V."}]}, "ref-sourcetitle": "Bangkok Expressway: Imminent Debt Restructuring Success. Emerging Markets Equity Research"}}, {"ref-fulltext": "N. T. Toan and K. Ozawa, \u201cStakeholders\u2019 perception on risks of BOT infrastructure projects in Vietnam,\u201d presented at CIB W107 Construction in Developing Countries International Symposium, Trinidad & Tobago, Jan. 16-18, 2008.", "@id": "7", "ref-info": {"ref-publicationyear": {"@first": "2008"}, "ref-title": {"ref-titletext": "Stakeholders\u2019 perception on risks of BOT infrastructure projects in Vietnam"}, "refd-itemidlist": {"itemid": {"$": "85039911263", "@idtype": "SGR"}}, "ref-text": "Trinidad & Tobago, Jan. 16-18", "ref-authors": {"author": [{"@seq": "1", "ce:initials": "N.T.", "@_fa": "true", "ce:surname": "Toan", "ce:indexed-name": "Toan N.T."}, {"@seq": "2", "ce:initials": "K.", "@_fa": "true", "ce:surname": "Ozawa", "ce:indexed-name": "Ozawa K."}]}, "ref-sourcetitle": "Presented at CIB W107 Construction in Developing Countries International Symposium"}}, {"ref-fulltext": "A. V. Thomas, S. N. Kalidindi, and K. Ananthanarayanan, \u201cRisk perception analysis of BOT road project participants in India,\u201d Construction Management and Economics, vol. 21, no. 4, pp. 393-407, 2003.", "@id": "8", "ref-info": {"ref-publicationyear": {"@first": "2003"}, "ref-title": {"ref-titletext": "Risk perception analysis of BOT road project participants in India"}, "refd-itemidlist": {"itemid": {"$": "0041707895", "@idtype": "SGR"}}, "ref-volisspag": {"voliss": {"@volume": "21", "@issue": "4"}, "pagerange": {"@first": "393", "@last": "407"}}, "ref-authors": {"author": [{"@seq": "1", "ce:initials": "A.V.", "@_fa": "true", "ce:surname": "Thomas", "ce:indexed-name": "Thomas A.V."}, {"@seq": "2", "ce:initials": "S.N.", "@_fa": "true", "ce:surname": "Kalidindi", "ce:indexed-name": "Kalidindi S.N."}, {"@seq": "3", "ce:initials": "K.", "@_fa": "true", "ce:surname": "Ananthanarayanan", "ce:indexed-name": "Ananthanarayanan K."}]}, "ref-sourcetitle": "Construction Management and Economics"}}, {"ref-fulltext": "K. Iyer and M. Sagheer, \u201cHierarchical structuring of PPP risks using interpretative structural modeling,\u201d Journal of Construction Engineering and Management, vol. 136, no. 2, pp. 151-159, 2010.", "@id": "9", "ref-info": {"ref-publicationyear": {"@first": "2010"}, "ref-title": {"ref-titletext": "Hierarchical structuring of PPP risks using interpretative structural modeling"}, "refd-itemidlist": {"itemid": {"$": "75649141315", "@idtype": "SGR"}}, "ref-volisspag": {"voliss": {"@volume": "136", "@issue": "2"}, "pagerange": {"@first": "151", "@last": "159"}}, "ref-authors": {"author": [{"@seq": "1", "ce:initials": "K.", "@_fa": "true", "ce:surname": "Iyer", "ce:indexed-name": "Iyer K."}, {"@seq": "2", "ce:initials": "M.", "@_fa": "true", "ce:surname": "Sagheer", "ce:indexed-name": "Sagheer M."}]}, "ref-sourcetitle": "Journal of Construction Engineering and Management"}}, {"ref-fulltext": "Y. Xu, J. F. Y. Yeung, A. P. C. Chan, D. W. M. Chan, S. Q. Wang, and Y. Ke, \u201cDeveloping a risk assessment model for PPP projects in China-A fuzzy synthetic evaluation approach,\u201d Automation in Construction, vol. 19, pp. 929-943, 2010.", "@id": "10", "ref-info": {"ref-publicationyear": {"@first": "2010"}, "ref-title": {"ref-titletext": "Developing a risk assessment model for PPP projects in China-A fuzzy synthetic evaluation approach"}, "refd-itemidlist": {"itemid": {"$": "77956613793", "@idtype": "SGR"}}, "ref-volisspag": {"voliss": {"@volume": "19"}, "pagerange": {"@first": "929", "@last": "943"}}, "ref-authors": {"author": [{"@seq": "1", "ce:initials": "Y.", "@_fa": "true", "ce:surname": "Xu", "ce:indexed-name": "Xu Y."}, {"@seq": "2", "ce:initials": "J.F.Y.", "@_fa": "true", "ce:surname": "Yeung", "ce:indexed-name": "Yeung J.F.Y."}, {"@seq": "3", "ce:initials": "A.P.C.", "@_fa": "true", "ce:surname": "Chan", "ce:indexed-name": "Chan A.P.C."}, {"@seq": "4", "ce:initials": "D.W.M.", "@_fa": "true", "ce:surname": "Chan", "ce:indexed-name": "Chan D.W.M."}, {"@seq": "5", "ce:initials": "S.Q.", "@_fa": "true", "ce:surname": "Wang", "ce:indexed-name": "Wang S.Q."}, {"@seq": "6", "ce:initials": "Y.", "@_fa": "true", "ce:surname": "Ke", "ce:indexed-name": "Ke Y."}]}, "ref-sourcetitle": "Automation in Construction"}}, {"ref-fulltext": "Y. Ke, S. Wang, A. P. C. Chan, and E. Cheung, \u201cUnderstanding the risks in China\u2019s PPP projects: Ranking of their probability and consequence,\u201d Engineering, Construction and Architectural Management, vol. 18, no. 5, pp. 481-496, 2011.", "@id": "11", "ref-info": {"ref-publicationyear": {"@first": "2011"}, "ref-title": {"ref-titletext": "Understanding the risks in China\u2019s PPP projects: Ranking of their probability and consequence"}, "refd-itemidlist": {"itemid": {"$": "80054913512", "@idtype": "SGR"}}, "ref-volisspag": {"voliss": {"@volume": "18", "@issue": "5"}, "pagerange": {"@first": "481", "@last": "496"}}, "ref-authors": {"author": [{"@seq": "1", "ce:initials": "Y.", "@_fa": "true", "ce:surname": "Ke", "ce:indexed-name": "Ke Y."}, {"@seq": "2", "ce:initials": "S.", "@_fa": "true", "ce:surname": "Wang", "ce:indexed-name": "Wang S."}, {"@seq": "3", "ce:initials": "A.P.C.", "@_fa": "true", "ce:surname": "Chan", "ce:indexed-name": "Chan A.P.C."}, {"@seq": "4", "ce:initials": "E.", "@_fa": "true", "ce:surname": "Cheung", "ce:indexed-name": "Cheung E."}]}, "ref-sourcetitle": "Engineering, Construction and Architectural Management"}}, {"ref-fulltext": "B. G. Hwang, X. Zhao, and M. J. S Gay, \u201cPublic private partnership projects in Singapore: Factors, critical risks and preferred risk allocation from the perspective of contractors,\u201d International Journal of Project Management, vol. 31, pp. 424-433, 2013.", "@id": "12", "ref-info": {"ref-publicationyear": {"@first": "2013"}, "ref-title": {"ref-titletext": "Public private partnership projects in Singapore: Factors, critical risks and preferred risk allocation from the perspective of contractors"}, "refd-itemidlist": {"itemid": {"$": "84874303376", "@idtype": "SGR"}}, "ref-volisspag": {"voliss": {"@volume": "31"}, "pagerange": {"@first": "424", "@last": "433"}}, "ref-authors": {"author": [{"@seq": "1", "ce:initials": "B.G.", "@_fa": "true", "ce:surname": "Hwang", "ce:indexed-name": "Hwang B.G."}, {"@seq": "2", "ce:initials": "X.", "@_fa": "true", "ce:surname": "Zhao", "ce:indexed-name": "Zhao X."}, {"@seq": "3", "ce:initials": "M.J.S.", "@_fa": "true", "ce:surname": "Gay", "ce:indexed-name": "Gay M.J.S."}]}, "ref-sourcetitle": "International Journal of Project Management"}}, {"ref-fulltext": "D. Cooper, G. Stephen, R. Geoffrey, and W. Phil, Managing Risk in Large Projects and Complex Procurements. England: John Wiley & Sons, 2004.", "@id": "13", "ref-info": {"ref-publicationyear": {"@first": "2004"}, "refd-itemidlist": {"itemid": {"$": "32644470661", "@idtype": "SGR"}}, "ref-text": "England: John Wiley & Sons", "ref-authors": {"author": [{"@seq": "1", "ce:initials": "D.", "@_fa": "true", "ce:surname": "Cooper", "ce:indexed-name": "Cooper D."}, {"@seq": "2", "ce:initials": "G.", "@_fa": "true", "ce:surname": "Stephen", "ce:indexed-name": "Stephen G."}, {"@seq": "3", "ce:initials": "R.", "@_fa": "true", "ce:surname": "Geoffrey", "ce:indexed-name": "Geoffrey R."}, {"@seq": "4", "ce:initials": "W.", "@_fa": "true", "ce:surname": "Phil", "ce:indexed-name": "Phil W."}]}, "ref-sourcetitle": "Managing Risk in Large Projects and Complex Procurements"}}, {"ref-fulltext": "S. T. Do, \u201cRisk management for international construction joint ventures-Case studies of Vietnamese contractors,\u201d Master\u2019s thesis, Chulalongkorn University, Bangkok, Thailand, 2011.", "@id": "14", "ref-info": {"ref-publicationyear": {"@first": "2011"}, "refd-itemidlist": {"itemid": {"$": "85039908054", "@idtype": "SGR"}}, "ref-text": "Master\u2019s thesis, Chulalongkorn University, Bangkok, Thailand", "ref-authors": {"author": [{"@seq": "1", "ce:initials": "S.T.", "@_fa": "true", "ce:surname": "Do", "ce:indexed-name": "Do S.T."}]}, "ref-sourcetitle": "Risk management for international construction joint ventures-Case studies of Vietnamese contractors"}}, {"ref-fulltext": "A. Dias and P. G. Ioannou, \u201cCompany and project evaluation model for privately promoted infrastructure projects,\u201d Journal of Construction Engineering and Management, vol. 122, no. 1, pp. 71-82, 1996.", "@id": "15", "ref-info": {"ref-publicationyear": {"@first": "1996"}, "ref-title": {"ref-titletext": "Company and project evaluation model for privately promoted infrastructure projects"}, "refd-itemidlist": {"itemid": {"$": "0029747848", "@idtype": "SGR"}}, "ref-volisspag": {"voliss": {"@volume": "122", "@issue": "1"}, "pagerange": {"@first": "71", "@last": "82"}}, "ref-authors": {"author": [{"@seq": "1", "ce:initials": "A.", "@_fa": "true", "ce:surname": "Dias", "ce:indexed-name": "Dias A."}, {"@seq": "2", "ce:initials": "P.G.", "@_fa": "true", "ce:surname": "Ioannou", "ce:indexed-name": "Ioannou P.G."}]}, "ref-sourcetitle": "Journal of Construction Engineering and Management"}}, {"ref-fulltext": "A. Ng and M. Loosemore, \u201cRisk allocation in the private provision of public infrastructure,\u201d International Journal of Project Management, vol. 25, no. 1, pp. 66-76, 2007.", "@id": "16", "ref-info": {"ref-publicationyear": {"@first": "2007"}, "ref-title": {"ref-titletext": "Risk allocation in the private provision of public infrastructure"}, "refd-itemidlist": {"itemid": {"$": "33845671757", "@idtype": "SGR"}}, "ref-volisspag": {"voliss": {"@volume": "25", "@issue": "1"}, "pagerange": {"@first": "66", "@last": "76"}}, "ref-authors": {"author": [{"@seq": "1", "ce:initials": "A.", "@_fa": "true", "ce:surname": "Ng", "ce:indexed-name": "Ng A."}, {"@seq": "2", "ce:initials": "M.", "@_fa": "true", "ce:surname": "Loosemore", "ce:indexed-name": "Loosemore M."}]}, "ref-sourcetitle": "International Journal of Project Management"}}, {"ref-fulltext": "A. Karim and N. Alkaf, \u201cRisk allocation in public private partnership (PPP) project: A review on risk factors,\u201d International Journal of Sustainable Construction Engineering and Technology, vol. 2, no. 2, pp. 8-16, 2011.", "@id": "17", "ref-info": {"ref-publicationyear": {"@first": "2011"}, "ref-title": {"ref-titletext": "Risk allocation in public private partnership (PPP) project: A review on risk factors"}, "refd-itemidlist": {"itemid": {"$": "84926329183", "@idtype": "SGR"}}, "ref-volisspag": {"voliss": {"@volume": "2", "@issue": "2"}, "pagerange": {"@first": "8", "@last": "16"}}, "ref-authors": {"author": [{"@seq": "1", "ce:initials": "A.", "@_fa": "true", "ce:surname": "Karim", "ce:indexed-name": "Karim A."}, {"@seq": "2", "ce:initials": "N.", "@_fa": "true", "ce:surname": "Alkaf", "ce:indexed-name": "Alkaf N."}]}, "ref-sourcetitle": "International Journal of Sustainable Construction Engineering and Technology"}}, {"ref-fulltext": "A. S. Ezeldin and Y. Badran, \u201cRisk decision support system for public private partnership projects in Egypt,\u201d International Journal of Engineering and Innovative Technology, vol. 3, no. 2, pp. 479-486, 2013.", "@id": "18", "ref-info": {"ref-publicationyear": {"@first": "2013"}, "ref-title": {"ref-titletext": "Risk decision support system for public private partnership projects in Egypt"}, "refd-itemidlist": {"itemid": {"$": "85039910567", "@idtype": "SGR"}}, "ref-volisspag": {"voliss": {"@volume": "3", "@issue": "2"}, "pagerange": {"@first": "479", "@last": "486"}}, "ref-authors": {"author": [{"@seq": "1", "ce:initials": "A.S.", "@_fa": "true", "ce:surname": "Ezeldin", "ce:indexed-name": "Ezeldin A.S."}, {"@seq": "2", "ce:initials": "Y.", "@_fa": "true", "ce:surname": "Badran", "ce:indexed-name": "Badran Y."}]}, "ref-sourcetitle": "International Journal of Engineering and Innovative Technology"}}, {"ref-fulltext": "S. Ogunlana and M. P. Abednego, \u201cCase study II - Governance issues in the Yen Lenh bridge BOT project,\u201d in Public-Private Partnership in Infrastructure Development: Case Studies from Asia and Europe, H. W. Alfen, Ed. Weimar, Germany: Bauhaus-Universit\u00e4t Weimar, 2009, pp. 63-88.", "@id": "19", "ref-info": {"ref-publicationyear": {"@first": "2009"}, "ref-title": {"ref-titletext": "Case study II - Governance issues in the Yen Lenh bridge BOT project"}, "refd-itemidlist": {"itemid": {"$": "85039919966", "@idtype": "SGR"}}, "ref-volisspag": {"pagerange": {"@first": "63", "@last": "88"}}, "ref-text": "H. W. Alfen, Ed. Weimar, Germany: Bauhaus-Universit\u00e4t Weimar", "ref-authors": {"author": [{"@seq": "1", "ce:initials": "S.", "@_fa": "true", "ce:surname": "Ogunlana", "ce:indexed-name": "Ogunlana S."}, {"@seq": "2", "ce:initials": "M.P.", "@_fa": "true", "ce:surname": "Abednego", "ce:indexed-name": "Abednego M.P."}]}, "ref-sourcetitle": "Public-Private Partnership in Infrastructure Development: Case Studies from Asia and Europe"}}, {"ref-fulltext": "N. D. Long, S. Ogunlana, T. Quang, and K. C. Lam, \u201cLarge construction projects in developing countries: A case study from Vietnam,\u201d International Journal of Project Management, vol. 22, no. 7, pp. 553-561, 2004.", "@id": "20", "ref-info": {"ref-publicationyear": {"@first": "2004"}, "ref-title": {"ref-titletext": "Large construction projects in developing countries: A case study from Vietnam"}, "refd-itemidlist": {"itemid": {"$": "3342970967", "@idtype": "SGR"}}, "ref-volisspag": {"voliss": {"@volume": "22", "@issue": "7"}, "pagerange": {"@first": "553", "@last": "561"}}, "ref-authors": {"author": [{"@seq": "1", "ce:initials": "N.D.", "@_fa": "true", "ce:surname": "Long", "ce:indexed-name": "Long N.D."}, {"@seq": "2", "ce:initials": "S.", "@_fa": "true", "ce:surname": "Ogunlana", "ce:indexed-name": "Ogunlana S."}, {"@seq": "3", "ce:initials": "T.", "@_fa": "true", "ce:surname": "Quang", "ce:indexed-name": "Quang T."}, {"@seq": "4", "ce:initials": "K.C.", "@_fa": "true", "ce:surname": "Lam", "ce:indexed-name": "Lam K.C."}]}, "ref-sourcetitle": "International Journal of Project Management"}}, {"ref-fulltext": "World Bank, Infrastructure Strategy - Cross-Sectoral Issues, 2006.", "@id": "21", "ref-info": {"ref-publicationyear": {"@first": "2006"}, "refd-itemidlist": {"itemid": {"$": "75149197756", "@idtype": "SGR"}}, "ref-authors": {"collaboration": {"@seq": "1", "ce:text": "World Bank", "ce:indexed-name": "World Bank"}}, "ref-sourcetitle": "Infrastructure Strategy - Cross-Sectoral Issues"}}, {"ref-fulltext": "B. Li, A. Akintoye, P. Edwards, and C. Hardcastle, \u201cThe allocation of risk in PPP/PFI construction projects in the UK,\u201d International Journal of Project Management, vol. 23, pp. 25-35, 2005.", "@id": "22", "ref-info": {"ref-publicationyear": {"@first": "2005"}, "ref-title": {"ref-titletext": "The allocation of risk in PPP/PFI construction projects in the UK"}, "refd-itemidlist": {"itemid": {"$": "12144255380", "@idtype": "SGR"}}, "ref-volisspag": {"voliss": {"@volume": "23"}, "pagerange": {"@first": "25", "@last": "35"}}, "ref-authors": {"author": [{"@seq": "1", "ce:initials": "B.", "@_fa": "true", "ce:surname": "Li", "ce:indexed-name": "Li B."}, {"@seq": "2", "ce:initials": "A.", "@_fa": "true", "ce:surname": "Akintoye", "ce:indexed-name": "Akintoye A."}, {"@seq": "3", "ce:initials": "P.", "@_fa": "true", "ce:surname": "Edwards", "ce:indexed-name": "Edwards P."}, {"@seq": "4", "ce:initials": "C.", "@_fa": "true", "ce:surname": "Hardcastle", "ce:indexed-name": "Hardcastle C."}]}, "ref-sourcetitle": "International Journal of Project Management"}}, {"ref-fulltext": "M. Kert, A. B. Izaguirre, and K. Ada, Revival of Private Participation in Developing Country Infrastructure. Gridlines; No. 16. Washington, DC: World Bank, 2007. [Online]. Available: http://documents.worldbank.org/curated/en/771931468314374532/Revival-of-private-participation-in-developing-country-infrastructure", "@id": "23", "ref-info": {"ref-publicationyear": {"@first": "2007"}, "ref-website": {"ce:e-address": {"$": "http://documents.worldbank.org/curated/en/771931468314374532/Revival-of-private-participation-in-developing-country-infrastructure", "@type": "email"}}, "ref-title": {"ref-titletext": "Revival of Private Participation in Developing Country Infrastructure"}, "refd-itemidlist": {"itemid": {"$": "70350042604", "@idtype": "SGR"}}, "ref-text": "Washington, DC: World Bank, [Online]. Available", "ref-authors": {"author": [{"@seq": "1", "ce:initials": "M.", "@_fa": "true", "ce:surname": "Kert", "ce:indexed-name": "Kert M."}, {"@seq": "2", "ce:initials": "A.B.", "@_fa": "true", "ce:surname": "Izaguirre", "ce:indexed-name": "Izaguirre A.B."}, {"@seq": "3", "ce:initials": "K.", "@_fa": "true", "ce:surname": "Ada", "ce:indexed-name": "Ada K."}]}, "ref-sourcetitle": "Gridlines; No. 16"}}, {"ref-fulltext": "J. Valentine, PPP in Infrastructure - Best Practices from International Experience and Applications for Thailand, 2008.", "@id": "24", "ref-info": {"ref-publicationyear": {"@first": "2008"}, "refd-itemidlist": {"itemid": {"$": "84895046360", "@idtype": "SGR"}}, "ref-authors": {"author": [{"@seq": "1", "ce:initials": "J.", "@_fa": "true", "ce:surname": "Valentine", "ce:indexed-name": "Valentine J."}]}, "ref-sourcetitle": "PPP in Infrastructure - Best Practices from International Experience and Applications for Thailand"}}, {"ref-fulltext": "A. Pantelias and Z. Zhang, \u201cMethodological framework for evaluation of financial viability of public-private partnerships: Investment risk approach,\u201d Journal of Infrastructure Systems, vol. 16, no. 4, pp. 241-250, 2010.", "@id": "25", "ref-info": {"ref-publicationyear": {"@first": "2010"}, "ref-title": {"ref-titletext": "Methodological framework for evaluation of financial viability of public-private partnerships: Investment risk approach"}, "refd-itemidlist": {"itemid": {"$": "78449243827", "@idtype": "SGR"}}, "ref-volisspag": {"voliss": {"@volume": "16", "@issue": "4"}, "pagerange": {"@first": "241", "@last": "250"}}, "ref-authors": {"author": [{"@seq": "1", "ce:initials": "A.", "@_fa": "true", "ce:surname": "Pantelias", "ce:indexed-name": "Pantelias A."}, {"@seq": "2", "ce:initials": "Z.", "@_fa": "true", "ce:surname": "Zhang", "ce:indexed-name": "Zhang Z."}]}, "ref-sourcetitle": "Journal of Infrastructure Systems"}}, {"ref-fulltext": "J. Cohen, Statistical Power Analysis for the Behavioral Sciences, 2nd ed. Hillsdale, NJ: Lawrence Erlbaum Associates, 1988.", "@id": "26", "ref-info": {"ref-publicationyear": {"@first": "1988"}, "refd-itemidlist": {"itemid": {"$": "0003577917", "@idtype": "SGR"}}, "ref-text": "2nd ed. Hillsdale, NJ: Lawrence Erlbaum Associates", "ref-authors": {"author": [{"@seq": "1", "ce:initials": "J.", "@_fa": "true", "ce:surname": "Cohen", "ce:indexed-name": "Cohen J."}]}, "ref-sourcetitle": "Statistical Power Analysis for the Behavioral Sciences"}}, {"ref-fulltext": "A. Roumboutsos and N. Chiara, Public Private Partnerships: A Strategic Partnering Approach, Revamping PPPs\u2019 Symposium - From \u2018Revisiting and Rethinking\u2019 to \u2018Revamping and Revitalizing\u2019 PPPs. Hong Kong: The University of Hong Kong, 28 February 2009.", "@id": "27", "ref-info": {"ref-publicationyear": {"@first": "2009"}, "refd-itemidlist": {"itemid": {"$": "85039898608", "@idtype": "SGR"}}, "ref-text": "Hong Kong: The University of Hong Kong, 28 February", "ref-authors": {"author": [{"@seq": "1", "ce:initials": "A.", "@_fa": "true", "ce:surname": "Roumboutsos", "ce:indexed-name": "Roumboutsos A."}, {"@seq": "2", "ce:initials": "N.", "@_fa": "true", "ce:surname": "Chiara", "ce:indexed-name": "Chiara N."}]}, "ref-sourcetitle": "Public Private Partnerships: A Strategic Partnering Approach, Revamping PPPs\u2019 Symposium - From \u2018Revisiting and Rethinking\u2019 to \u2018Revamping and Revitalizing\u2019 PPPs"}}, {"ref-fulltext": "S. O. Babatunde, A. Opawole, and O. E. Akinsiku, \u201cCritical success factors in public-private partnership (PPP) on infrastructure delivery in Nigeria,\u201d Journal of Facilities Management, vol. 10, no. 3, pp. 212-225, 2012.", "@id": "28", "ref-info": {"ref-publicationyear": {"@first": "2012"}, "ref-title": {"ref-titletext": "Critical success factors in public-private partnership (PPP) on infrastructure delivery in Nigeria"}, "refd-itemidlist": {"itemid": {"$": "84879396211", "@idtype": "SGR"}}, "ref-volisspag": {"voliss": {"@volume": "10", "@issue": "3"}, "pagerange": {"@first": "212", "@last": "225"}}, "ref-authors": {"author": [{"@seq": "1", "ce:initials": "S.O.", "@_fa": "true", "ce:surname": "Babatunde", "ce:indexed-name": "Babatunde S.O."}, {"@seq": "2", "ce:initials": "A.", "@_fa": "true", "ce:surname": "Opawole", "ce:indexed-name": "Opawole A."}, {"@seq": "3", "ce:initials": "O.E.", "@_fa": "true", "ce:surname": "Akinsiku", "ce:indexed-name": "Akinsiku O.E."}]}, "ref-sourcetitle": "Journal of Facilities Management"}}, {"ref-fulltext": "J. Ward and J. Sussman. (2005). Analysis of the Malaysian Toll Road Public-Private Partnership Program and Recommendations for Policy Improvements [Online]. Available: http://esd.mit.edu/staging/WPS/esd-wp-2005-09.pdf", "@id": "29", "ref-info": {"ref-publicationyear": {"@first": "2005"}, "ref-website": {"ce:e-address": {"$": "http://esd.mit.edu/staging/WPS/esd-wp-2005-09.pdf", "@type": "email"}}, "refd-itemidlist": {"itemid": {"$": "84905106642", "@idtype": "SGR"}}, "ref-text": "[Online]. Available", "ref-authors": {"author": [{"@seq": "1", "ce:initials": "J.", "@_fa": "true", "ce:surname": "Ward", "ce:indexed-name": "Ward J."}, {"@seq": "2", "ce:initials": "J.", "@_fa": "true", "ce:surname": "Sussman", "ce:indexed-name": "Sussman J."}]}, "ref-sourcetitle": "Analysis of the Malaysian Toll Road Public-Private Partnership Program and Recommendations for Policy Improvements"}}, {"ref-fulltext": "V. Cuttaree, Key Success Factors for PPP Projects based on International Experience. St. Petersburg: World Bank, Europe & Central Asia Region, 2008.", "@id": "30", "ref-info": {"ref-publicationyear": {"@first": "2008"}, "refd-itemidlist": {"itemid": {"$": "85039904723", "@idtype": "SGR"}}, "ref-text": "St. Petersburg: World Bank, Europe & Central Asia Region", "ref-authors": {"author": [{"@seq": "1", "ce:initials": "V.", "@_fa": "true", "ce:surname": "Cuttaree", "ce:indexed-name": "Cuttaree V."}]}, "ref-sourcetitle": "Key Success Factors for PPP Projects based on International Experience"}}, {"ref-fulltext": "ADB, Developing Best Practices for Promoting Private Sector Investment in Infrastructure: Airports and Air Traffic Control. Asian Development Bank, 2000.", "@id": "31", "ref-info": {"ref-publicationyear": {"@first": "2000"}, "refd-itemidlist": {"itemid": {"$": "9144258141", "@idtype": "SGR"}}, "ref-text": "Asian Development Bank", "ref-authors": {"collaboration": {"@seq": "1", "ce:text": "ADB", "ce:indexed-name": "ADB"}}, "ref-sourcetitle": "Developing Best Practices for Promoting Private Sector Investment in Infrastructure: Airports and Air Traffic Control"}}, {"ref-fulltext": "I. D. Ozdoganm and M. T. Birgonul, \u201cA decision support framework for project sponsors in the planning stage of build-operate-transfer (BOT) projects,\u201d Construction Management and Economics, vol. 18, no. 3, pp. 343-353, 2000.", "@id": "32", "ref-info": {"ref-publicationyear": {"@first": "2000"}, "ref-title": {"ref-titletext": "A decision support framework for project sponsors in the planning stage of build-operate-transfer (BOT) projects"}, "refd-itemidlist": {"itemid": {"$": "0034062993", "@idtype": "SGR"}}, "ref-volisspag": {"voliss": {"@volume": "18", "@issue": "3"}, "pagerange": {"@first": "343", "@last": "353"}}, "ref-authors": {"author": [{"@seq": "1", "ce:initials": "I.D.", "@_fa": "true", "ce:surname": "Ozdoganm", "ce:indexed-name": "Ozdoganm I.D."}, {"@seq": "2", "ce:initials": "M.T.", "@_fa": "true", "ce:surname": "Birgonul", "ce:indexed-name": "Birgonul M.T."}]}, "ref-sourcetitle": "Construction Management and Economics"}}, {"ref-fulltext": "Y. H. Kwak, Y. Chih, and C. W. Ibbs, \u201cTowards a comprehensive understanding of public private partnerships for infrastructure development,\u201d California Management Review, vol. 51, pp. 51-78, 2009.", "@id": "33", "ref-info": {"ref-publicationyear": {"@first": "2009"}, "ref-title": {"ref-titletext": "Towards a comprehensive understanding of public private partnerships for infrastructure development"}, "refd-itemidlist": {"itemid": {"$": "65249137645", "@idtype": "SGR"}}, "ref-volisspag": {"voliss": {"@volume": "51"}, "pagerange": {"@first": "51", "@last": "78"}}, "ref-authors": {"author": [{"@seq": "1", "ce:initials": "Y.H.", "@_fa": "true", "ce:surname": "Kwak", "ce:indexed-name": "Kwak Y.H."}, {"@seq": "2", "ce:initials": "Y.", "@_fa": "true", "ce:surname": "Chih", "ce:indexed-name": "Chih Y."}, {"@seq": "3", "ce:initials": "C.W.", "@_fa": "true", "ce:surname": "Ibbs", "ce:indexed-name": "Ibbs C.W."}]}, "ref-sourcetitle": "California Management Review"}}, {"ref-fulltext": "Y. Ke, S. Wang, A. P. C. Chan, and P. T. I. Lam, \u201cPreferred risk allocation in China\u2019s public-private partnership (PPP) projects,\u201d International Journal of Project Management, vol. 28, no. 5, pp. 482-492, 2010.", "@id": "34", "ref-info": {"ref-publicationyear": {"@first": "2010"}, "ref-title": {"ref-titletext": "Preferred risk allocation in China\u2019s public-private partnership (PPP) projects"}, "refd-itemidlist": {"itemid": {"$": "77952582780", "@idtype": "SGR"}}, "ref-volisspag": {"voliss": {"@volume": "28", "@issue": "5"}, "pagerange": {"@first": "482", "@last": "492"}}, "ref-authors": {"author": [{"@seq": "1", "ce:initials": "Y.", "@_fa": "true", "ce:surname": "Ke", "ce:indexed-name": "Ke Y."}, {"@seq": "2", "ce:initials": "S.", "@_fa": "true", "ce:surname": "Wang", "ce:indexed-name": "Wang S."}, {"@seq": "3", "ce:initials": "A.P.C.", "@_fa": "true", "ce:surname": "Chan", "ce:indexed-name": "Chan A.P.C."}, {"@seq": "4", "ce:initials": "P.T.I.", "@_fa": "true", "ce:surname": "Lam", "ce:indexed-name": "Lam P.T.I."}]}, "ref-sourcetitle": "International Journal of Project Management"}}]}}}}, "affiliation": [{"affiliation-city": "Ho Chi Minh City", "@id": "60272237", "affilname": "Ho Chi Minh City University of Technology - HCMUT", "@href": "https://api.elsevier.com/content/affiliation/affiliation_id/60272237", "affiliation-country": "Viet Nam"}, {"affiliation-city": "Bangkok", "@id": "60028190", "affilname": "Chulalongkorn University", "@href": "https://api.elsevier.com/content/affiliation/affiliation_id/60028190", "affiliation-country": "Thailand"}, {"affiliation-city": "Kyoto", "@id": "60011001", "affilname": "Kyoto University", "@href": "https://api.elsevier.com/content/affiliation/affiliation_id/60011001", "affiliation-country": "Japan"}], "coredata": {"srctype": "j", "eid": "2-s2.0-85039897067", "dc:description": "Large transportation projects such as highways are expensive, complex, and dynamic in nature. Acquiring large investment capitals for these projects is always a major challenge for every nation. To solve this problem, Vietnamese government has called for the participation of private entities in the form of public-private partnership (PPP). Attracting private investors is a vital and challenging step for implementing PPP transportation projects in Vietnam. This paper examines the similarities and differences of risk perceptions of the public and private sectors for the investment of PPP transportation projects in Vietnam. Questionnaire surveys are used to collect data for assessing the likelihoods of occurrence and impacts of risk factors from 123 experienced professionals from both public and private entities. We found that the two most critical risk factors (CRFs) are land acquisition and compensation, and delay in project approvals and permits. The results from an independent sample t-test indicate the different risk perceptions of the public and private sectors for eight CRFs: (1) corruption, (2) change of project scope, (3) lack of transparency in bidding, (4) inflation, (5) payment issues, (6) inadequate feasibility study, (7) inappropriate allocation of responsibility and risk, and (8) fluctuation of interest rate. These eight CRFs are categorized into three major groups: the tendering process, commercial problems, and payment issues. These results can be used for establishing appropriate public policies to promote private investments in PPP transportation projects. Meanwhile, private investors would also have a better understanding of PPP transportation project development in Vietnam.", "prism:coverDate": "2017-12-28", "prism:aggregationType": "Journal", "prism:url": "https://api.elsevier.com/content/abstract/scopus_id/85039897067", "dc:creator": {"author": [{"ce:given-name": "Veerasak", "preferred-name": {"ce:given-name": "Veerasak", "ce:initials": "V.", "ce:surname": "Likhitruangsilp", "ce:indexed-name": "Likhitruangsilp V."}, "@seq": "1", "ce:initials": "V.", "@_fa": "true", "affiliation": {"@id": "60028190", "@href": "https://api.elsevier.com/content/affiliation/affiliation_id/60028190"}, "ce:surname": "Likhitruangsilp", "@auid": "9043521100", "author-url": "https://api.elsevier.com/content/author/author_id/9043521100", "ce:indexed-name": "Likhitruangsilp V."}]}, "link": [{"@_fa": "true", "@rel": "self", "@href": "https://api.elsevier.com/content/abstract/scopus_id/85039897067"}, {"@_fa": "true", "@rel": "scopus", "@href": "https://www.scopus.com/inward/record.uri?partnerID=HzOxMe3b&scp=85039897067&origin=inward"}, {"@_fa": "true", "@rel": "scopus-citedby", "@href": "https://www.scopus.com/inward/citedby.uri?partnerID=HzOxMe3b&scp=85039897067&origin=inward"}], "source-id": "21100197000", "citedby-count": "23", "prism:volume": "21", "subtype": "ar", "dc:title": "A comparative study on the risk perceptions of the public and private sectors in public-private partnership (PPP) transportation projects in Vietnam", "openaccess": "1", "prism:issn": "01258281", "publishercopyright": "\u00a9 2017, Chulalongkorn University. All rights reserved.", "prism:issueIdentifier": "7", "subtypeDescription": "Article", "prism:publicationName": "Engineering Journal", "prism:pageRange": "213-231", "prism:endingPage": "231", "openaccessFlag": "true", "prism:doi": "10.4186/ej.2017.21.7.213", "prism:startingPage": "213", "dc:identifier": "SCOPUS_ID:85039897067", "dc:publisher": "Chulalongkorn Universityyan.z@chula.ac.th"}, "idxterms": null, "language": {"@xml:lang": "eng"}, "authkeywords": {"author-keyword": [{"@_fa": "true", "$": "Critical risk factor (CRF)"}, {"@_fa": "true", "$": "Public-private partnership (PPP)"}, {"@_fa": "true", "$": "Risk management"}, {"@_fa": "true", "$": "Risk perceptions"}, {"@_fa": "true", "$": "Transportation projects"}, {"@_fa": "true", "$": "Vietnam"}]}, "subject-areas": {"subject-area": [{"@_fa": "true", "$": "Engineering (all)", "@code": "2200", "@abbrev": "ENGI"}]}, "authors": {"author": [{"ce:given-name": "Veerasak", "preferred-name": {"ce:given-name": "Veerasak", "ce:initials": "V.", "ce:surname": "Likhitruangsilp", "ce:indexed-name": "Likhitruangsilp V."}, "@seq": "1", "ce:initials": "V.", "@_fa": "true", "affiliation": {"@id": "60028190", "@href": "https://api.elsevier.com/content/affiliation/affiliation_id/60028190"}, "ce:surname": "Likhitruangsilp", "@auid": "9043521100", "author-url": "https://api.elsevier.com/content/author/author_id/9043521100", "ce:indexed-name": "Likhitruangsilp V."}, {"ce:given-name": "Sy Tien", "preferred-name": {"ce:given-name": "Sy Tien", "ce:initials": "S.T.", "ce:surname": "Do", "ce:indexed-name": "Do S.T."}, "@seq": "2", "ce:initials": "S.T.", "@_fa": "true", "affiliation": [{"@id": "60028190", "@href": "https://api.elsevier.com/content/affiliation/affiliation_id/60028190"}, {"@id": "60272237", "@href": "https://api.elsevier.com/content/affiliation/affiliation_id/60272237"}], "ce:surname": "Do", "@auid": "57220520498", "author-url": "https://api.elsevier.com/content/author/author_id/57220520498", "ce:indexed-name": "Do S.T."}, {"ce:given-name": "Masamitsu", "preferred-name": {"ce:given-name": "Masamitsu", "ce:initials": "M.", "ce:surname": "Onishi", "ce:indexed-name": "Onishi M."}, "@seq": "3", "ce:initials": "M.", "@_fa": "true", "affiliation": {"@id": "60011001", "@href": "https://api.elsevier.com/content/affiliation/affiliation_id/60011001"}, "ce:surname": "Onishi", "@auid": "7102474567", "author-url": "https://api.elsevier.com/content/author/author_id/7102474567", "ce:indexed-name": "Onishi M."}]}}}