{"abstracts-retrieval-response": {"item": {"ait:process-info": {"ait:status": {"@state": "update", "@type": "core", "@stage": "S300"}, "ait:date-delivered": {"@day": "02", "@timestamp": "2023-02-02T22:13:37.000037-05:00", "@year": "2023", "@month": "02"}, "ait:date-sort": {"@day": "01", "@year": "2017", "@month": "12"}}, "bibrecord": {"head": {"author-group": [{"affiliation": {"country": "Thailand", "address-part": "Bangkok", "@afid": "60028190", "@country": "tha", "organization": [{"$": "Advanced Virtual and Intelligent Computing (AVIC) Center"}, {"$": "Department of Mathematics and Computer Science"}, {"$": "Faculty of Science"}, {"$": "Chulalongkorn University"}], "affiliation-id": {"@afid": "60028190", "@dptid": "113870560"}, "@dptid": "113870560"}, "author": [{"ce:given-name": "Sasiporn", "preferred-name": {"ce:given-name": "Sasiporn", "ce:initials": "S.", "ce:surname": "Tongman", "ce:indexed-name": "Tongman S."}, "@seq": "1", "ce:initials": "S.", "@date-locked": "2021-09-19T20:12:31.299", "@_fa": "true", "@type": "auth", "ce:surname": "Tongman", "@auid": "57194692035", "ce:indexed-name": "Tongman S."}, {"ce:given-name": "Kitiporn", "preferred-name": {"ce:given-name": "Kitiporn", "ce:initials": "K.", "ce:surname": "Plaimas", "ce:indexed-name": "Plaimas K."}, "@seq": "4", "ce:initials": "K.", "@_fa": "true", "@type": "auth", "ce:surname": "Plaimas", "@auid": "36342774400", "ce:indexed-name": "Plaimas K."}, {"ce:given-name": "Chidchanok", "preferred-name": {"ce:given-name": "Chidchanok", "ce:initials": "C.", "ce:surname": "Lursinsap", "ce:indexed-name": "Lursinsap C."}, "@seq": "5", "ce:initials": "C.", "@_fa": "true", "@type": "auth", "ce:surname": "Lursinsap", "@auid": "55396044200", "ce:indexed-name": "Lursinsap C."}]}, {"affiliation": {"country": "Thailand", "address-part": "Bangkok", "@afid": "60028190", "@country": "tha", "organization": [{"$": "Department of Biochemistry"}, {"$": "Faculty of Science"}, {"$": "Chulalongkorn University"}], "affiliation-id": {"@afid": "60028190", "@dptid": "112978483"}, "@dptid": "112978483"}, "author": [{"ce:given-name": "Suchart", "preferred-name": {"ce:given-name": "Suchart", "ce:initials": "S.", "ce:surname": "Chanama", "ce:indexed-name": "Chanama S."}, "@seq": "2", "ce:initials": "S.", "@_fa": "true", "@type": "auth", "ce:surname": "Chanama", "@auid": "8559489000", "ce:indexed-name": "Chanama S."}]}, {"affiliation": {"country": "Thailand", "address-part": "Bangkok", "@afid": "60012718", "@country": "tha", "organization": [{"$": "Department of Microbiology"}, {"$": "Faculty of Public Health"}, {"$": "Mahidol University"}], "affiliation-id": {"@afid": "60012718", "@dptid": "105494722"}, "@dptid": "105494722"}, "author": [{"ce:given-name": "Manee", "preferred-name": {"ce:given-name": "Manee", "ce:initials": "M.", "ce:surname": "Chanama", "ce:indexed-name": "Chanama M."}, "@seq": "3", "ce:initials": "M.", "@_fa": "true", "@type": "auth", "ce:surname": "Chanama", "@auid": "6505730055", "ce:indexed-name": "Chanama M."}]}], "citation-title": "Metabolic pathway synthesis based on predicting compound transformable pairs by using neural classifiers with imbalanced data handling", "abstracts": "\u00a9 2017 Elsevier LtdAutomatic in silico synthesis of metabolic pathway can practically reduce the cost of wet laboratories. To achieve this, predicting whether or not two metabolites are transformable is the first essential step. The problems of predicting the possibility of transforming one metabolite into another and how to computationally synthesize a metabolic pathway were studied. These two problems were transformed to the problem of classifying features of metabolite pairs into transformable or non-transformable classes. The following two main issues were contributed in this study: (1) two new feature schemes, i.e. the projected features on their first principal component and the average features, for representing transform-ability of each metabolite pair using 2D and 3D compound structural features and (2) a method of modified imbalanced data handling by adding synthetic boundary data of different classes to balance data. Based on the E. coli reference pathways, the results of proposed features with feature selection and our imbalanced data handling approach show the better performance than the results from other methods when evaluated by several metrics. Our significant feature group possibly achieves high classification correctness of computational pathway synthesis. In pathway recovery results by a group of neural network models, 19 pathways were significantly recovered by our feature group at each recovery ratio of at least 0.5, whereas the other compared feature group gave only four significantly recovered pathways.", "correspondence": {"affiliation": {"country": "Thailand", "address-part": "Bangkok", "@country": "tha", "organization": [{"$": "Advanced Virtual and Intelligent Computing (AVIC) Center"}, {"$": "Department of Mathematics and Computer Science"}, {"$": "Faculty of Science"}, {"$": "Chulalongkorn University"}]}, "person": {"ce:given-name": "Sasiporn", "ce:initials": "S.", "ce:surname": "Tongman", "ce:indexed-name": "Tongman S."}}, "citation-info": {"author-keywords": {"author-keyword": [{"$": "Classification", "@xml:lang": "eng"}, {"$": "Feature", "@xml:lang": "eng"}, {"$": "Imbalanced data", "@xml:lang": "eng"}, {"$": "Metabolite", "@xml:lang": "eng"}, {"$": "Neural networks", "@xml:lang": "eng"}, {"$": "Pathway", "@xml:lang": "eng"}]}, "citation-type": {"@code": "ar"}, "citation-language": {"@language": "English", "@xml:lang": "eng"}, "abstract-language": {"@language": "English", "@xml:lang": "eng"}}, "source": {"codencode": "ESAPE", "sourcetitle-abbrev": "Expert Sys Appl", "@country": "gbr", "translated-sourcetitle": {"$": "Expert Systems with Applications", "@xml:lang": "eng"}, "issn": {"$": "09574174", "@type": "print"}, "volisspag": {"voliss": {"@volume": "88"}, "pagerange": {"@first": "45", "@last": "57"}}, "@type": "j", "publicationyear": {"@first": "2017"}, "publisher": {"publishername": "Elsevier Ltd"}, "sourcetitle": "Expert Systems with Applications", "@srcid": "24201", "publicationdate": {"month": "12", "year": "2017", "date-text": {"@xfab-added": "true", "$": "1 December 2017"}, "day": "01"}}, "enhancement": {"classificationgroup": {"classifications": [{"@type": "CPXCLASS", "classification": [{"classification-code": "461.9", "classification-description": "Biology"}, {"classification-code": "716.1", "classification-description": "Information and Communication Theory"}, {"classification-code": "723.2", "classification-description": "Data Processing"}, {"classification-code": "922.2", "classification-description": "Mathematical Statistics"}]}, {"@type": "FLXCLASS", "classification": {"classification-code": "902", "classification-description": "FLUIDEX; Related Topics"}}, {"@type": "ASJC", "classification": [{"$": "2200"}, {"$": "1706"}, {"$": "1702"}]}, {"@type": "SUBJABBR", "classification": [{"$": "ENGI"}, {"$": "COMP"}]}]}}}, "item-info": {"copyright": {"$": "Copyright 2017 Elsevier B.V., All rights reserved.", "@type": "Elsevier"}, "dbcollection": [{"$": "CPX"}, {"$": "REAXYSCAR"}, {"$": "SCOPUS"}, {"$": "Scopusbase"}], "history": {"date-created": {"@day": "06", "@timestamp": "BST 12:35:24", "@year": "2017", "@month": "07"}}, "itemidlist": {"itemid": [{"$": "617043191", "@idtype": "PUI"}, {"$": "666376244", "@idtype": "CAR-ID"}, {"$": "20172703889491", "@idtype": "CPX"}, {"$": "20171179351", "@idtype": "REAXYSCAR"}, {"$": "85021632147", "@idtype": "SCP"}, {"$": "85021632147", "@idtype": "SGR"}], "ce:pii": "S0957417417304438", "ce:doi": "10.1016/j.eswa.2017.06.026"}}, "tail": {"bibliography": {"@refcount": "59", "reference": [{"ref-fulltext": "Alcal\u00e1-Fdez, J., Fern\u00e1ndez, A., Luengo, J., Derrac, J., Garc\u00eda, S., KEEL data-mining software tool: Data set repository integration of algorithms and experimental analysis framework. Journal of Multiple-Valued Logic and Soft Computing 17 (2011), 255\u2013287.", "@id": "1", "ref-info": {"ref-publicationyear": {"@first": "2011"}, "ref-title": {"ref-titletext": "KEEL data-mining software tool: Data set repository integration of algorithms and experimental analysis framework"}, "refd-itemidlist": {"itemid": [{"$": "bib0001", "@idtype": "FRAGMENTID"}, {"$": "79951829331", "@idtype": "SGR"}]}, "ref-volisspag": {"voliss": {"@volume": "17"}, "pagerange": {"@first": "255", "@last": "287"}}, "ref-authors": {"author": [{"@seq": "1", "ce:initials": "J.", "@_fa": "true", "ce:surname": "Alcal\u00e1-Fdez", "ce:indexed-name": "Alcala-Fdez J."}, {"@seq": "2", "ce:initials": "A.", "@_fa": "true", "ce:surname": "Fern\u00e1ndez", "ce:indexed-name": "Fernandez A."}, {"@seq": "3", "ce:initials": "J.", "@_fa": "true", "ce:surname": "Luengo", "ce:indexed-name": "Luengo J."}, {"@seq": "4", "ce:initials": "J.", "@_fa": "true", "ce:surname": "Derrac", "ce:indexed-name": "Derrac J."}, {"@seq": "5", "ce:initials": "S.", "@_fa": "true", "ce:surname": "Garc\u00eda", "ce:indexed-name": "Garcia S."}]}, "ref-sourcetitle": "Journal of Multiple-Valued Logic and Soft Computing"}}, {"ref-fulltext": "Apweiler, R., Bairoch, A., Wu, C.H., Barker, W.C., Boeckmann, B., Ferro, S., Yeh, L.-S.L., Uniprot: The universal protein knowledgebase. Nucleic Acids Research 32:suppl 1 (2004), D115\u2013D119, 10.1093/nar/gkh131.", "@id": "2", "ref-info": {"ref-publicationyear": {"@first": "2004"}, "ref-title": {"ref-titletext": "Uniprot: The universal protein knowledgebase"}, "refd-itemidlist": {"itemid": [{"$": "10.1093/nar/gkh131", "@idtype": "DOI"}, {"$": "bib0002", "@idtype": "FRAGMENTID"}, {"$": "9144232912", "@idtype": "SGR"}]}, "ref-volisspag": {"voliss": {"@volume": "32"}, "pagerange": {"@first": "D115", "@last": "D119"}}, "ref-authors": {"author": [{"@seq": "1", "ce:initials": "R.", "@_fa": "true", "ce:surname": "Apweiler", "ce:indexed-name": "Apweiler R."}, {"@seq": "2", "ce:initials": "A.", "@_fa": "true", "ce:surname": "Bairoch", "ce:indexed-name": "Bairoch A."}, {"@seq": "3", "ce:initials": "C.H.", "@_fa": "true", "ce:surname": "Wu", "ce:indexed-name": "Wu C.H."}, {"@seq": "4", "ce:initials": "W.C.", "@_fa": "true", "ce:surname": "Barker", "ce:indexed-name": "Barker W.C."}, {"@seq": "5", "ce:initials": "B.", "@_fa": "true", "ce:surname": "Boeckmann", "ce:indexed-name": "Boeckmann B."}, {"@seq": "6", "ce:initials": "S.", "@_fa": "true", "ce:surname": "Ferro", "ce:indexed-name": "Ferro S."}, {"@seq": "7", "ce:initials": "L.-S.L.", "@_fa": "true", "ce:surname": "Yeh", "ce:indexed-name": "Yeh L.-S.L."}]}, "ref-sourcetitle": "Nucleic Acids Research"}}, {"ref-fulltext": "Barthelmes, J., Ebeling, C., Chang, A., Schomburg, I., Schomburg, D., BRENDA, AMENDA And FRENDA: The enzyme information system in 2007. Nucleic Acids Research 35:suppl 1 (2007), D511\u2013D514, 10.1093/nar/gkl972.", "@id": "3", "ref-info": {"ref-publicationyear": {"@first": "2007"}, "ref-title": {"ref-titletext": "BRENDA, AMENDA And FRENDA: The enzyme information system in 2007"}, "refd-itemidlist": {"itemid": [{"$": "10.1093/nar/gkl972", "@idtype": "DOI"}, {"$": "bib0003", "@idtype": "FRAGMENTID"}, {"$": "33846114132", "@idtype": "SGR"}]}, "ref-volisspag": {"voliss": {"@volume": "35"}, "pagerange": {"@first": "D511", "@last": "D514"}}, "ref-authors": {"author": [{"@seq": "1", "ce:initials": "J.", "@_fa": "true", "ce:surname": "Barthelmes", "ce:indexed-name": "Barthelmes J."}, {"@seq": "2", "ce:initials": "C.", "@_fa": "true", "ce:surname": "Ebeling", "ce:indexed-name": "Ebeling C."}, {"@seq": "3", "ce:initials": "A.", "@_fa": "true", "ce:surname": "Chang", "ce:indexed-name": "Chang A."}, {"@seq": "4", "ce:initials": "I.", "@_fa": "true", "ce:surname": "Schomburg", "ce:indexed-name": "Schomburg I."}, {"@seq": "5", "ce:initials": "D.", "@_fa": "true", "ce:surname": "Schomburg", "ce:indexed-name": "Schomburg D."}]}, "ref-sourcetitle": "Nucleic Acids Research"}}, {"ref-fulltext": "Batista, G.E.A.P.A., Prati, R.C., Monard, M.C., A study of the behavior of several methods for balancing machine learning training data. SIGKDD Explorations Newsletter 6:1 (2004), 20\u201329, 10.1145/1007730.1007735.", "@id": "4", "ref-info": {"ref-publicationyear": {"@first": "2004"}, "ref-title": {"ref-titletext": "A study of the behavior of several methods for balancing machine learning training data"}, "refd-itemidlist": {"itemid": [{"$": "10.1145/1007730.1007735", "@idtype": "DOI"}, {"$": "bib0004", "@idtype": "FRAGMENTID"}, {"$": "27144531570", "@idtype": "SGR"}]}, "ref-volisspag": {"voliss": {"@volume": "6", "@issue": "1"}, "pagerange": {"@first": "20", "@last": "29"}}, "ref-authors": {"author": [{"@seq": "1", "ce:initials": "G.E.A.P.A.", "@_fa": "true", "ce:surname": "Batista", "ce:indexed-name": "Batista G.E.A.P.A."}, {"@seq": "2", "ce:initials": "R.C.", "@_fa": "true", "ce:surname": "Prati", "ce:indexed-name": "Prati R.C."}, {"@seq": "3", "ce:initials": "M.C.", "@_fa": "true", "ce:surname": "Monard", "ce:indexed-name": "Monard M.C."}]}, "ref-sourcetitle": "SIGKDD Explorations Newsletter"}}, {"ref-fulltext": "Beyan, C., Fisher, R., Classifying imbalanced data sets using similarity based hierarchical decomposition. Pattern Recognition 48:5 (2015), 1653\u20131672, 10.1016/j.patcog.2014.10.032.", "@id": "5", "ref-info": {"ref-publicationyear": {"@first": "2015"}, "ref-title": {"ref-titletext": "Classifying imbalanced data sets using similarity based hierarchical decomposition"}, "refd-itemidlist": {"itemid": [{"$": "10.1016/j.patcog.2014.10.032", "@idtype": "DOI"}, {"$": "bib0005", "@idtype": "FRAGMENTID"}, {"$": "84921689324", "@idtype": "SGR"}]}, "ref-volisspag": {"voliss": {"@volume": "48", "@issue": "5"}, "pagerange": {"@first": "1653", "@last": "1672"}}, "ref-authors": {"author": [{"@seq": "1", "ce:initials": "C.", "@_fa": "true", "ce:surname": "Beyan", "ce:indexed-name": "Beyan C."}, {"@seq": "2", "ce:initials": "R.", "@_fa": "true", "ce:surname": "Fisher", "ce:indexed-name": "Fisher R."}]}, "ref-sourcetitle": "Pattern Recognition"}}, {"ref-fulltext": "Blagus, R., Lusa, L., Class prediction for high-dimensional class-imbalanced data. BMC Bioinformatics 11:1 (2010), 1\u201317, 10.1186/1471-2105-11-523.", "@id": "6", "ref-info": {"ref-publicationyear": {"@first": "2010"}, "ref-title": {"ref-titletext": "Class prediction for high-dimensional class-imbalanced data"}, "refd-itemidlist": {"itemid": [{"$": "10.1186/1471-2105-11-523", "@idtype": "DOI"}, {"$": "bib0006", "@idtype": "FRAGMENTID"}, {"$": "77957988489", "@idtype": "SGR"}]}, "ref-volisspag": {"voliss": {"@volume": "11", "@issue": "1"}, "pagerange": {"@first": "1", "@last": "17"}}, "ref-authors": {"author": [{"@seq": "1", "ce:initials": "R.", "@_fa": "true", "ce:surname": "Blagus", "ce:indexed-name": "Blagus R."}, {"@seq": "2", "ce:initials": "L.", "@_fa": "true", "ce:surname": "Lusa", "ce:indexed-name": "Lusa L."}]}, "ref-sourcetitle": "BMC Bioinformatics"}}, {"ref-fulltext": "Browne, A., Hudson, B.D., Whitley, D.C., Ford, M.G., Picton, P., Biological data mining with neural networks: implementation and application of a flexible decision tree extraction algorithm to genomic problem domains. Neurocomputing 57 (2004), 275\u2013293, 10.1016/j.neucom.2003.10.007.", "@id": "7", "ref-info": {"ref-publicationyear": {"@first": "2004"}, "ref-title": {"ref-titletext": "Biological data mining with neural networks: implementation and application of a flexible decision tree extraction algorithm to genomic problem domains"}, "refd-itemidlist": {"itemid": [{"$": "10.1016/j.neucom.2003.10.007", "@idtype": "DOI"}, {"$": "bib0007", "@idtype": "FRAGMENTID"}, {"$": "1542576024", "@idtype": "SGR"}]}, "ref-volisspag": {"voliss": {"@volume": "57"}, "pagerange": {"@first": "275", "@last": "293"}}, "ref-authors": {"author": [{"@seq": "1", "ce:initials": "A.", "@_fa": "true", "ce:surname": "Browne", "ce:indexed-name": "Browne A."}, {"@seq": "2", "ce:initials": "B.D.", "@_fa": "true", "ce:surname": "Hudson", "ce:indexed-name": "Hudson B.D."}, {"@seq": "3", "ce:initials": "D.C.", "@_fa": "true", "ce:surname": "Whitley", "ce:indexed-name": "Whitley D.C."}, {"@seq": "4", "ce:initials": "M.G.", "@_fa": "true", "ce:surname": "Ford", "ce:indexed-name": "Ford M.G."}, {"@seq": "5", "ce:initials": "P.", "@_fa": "true", "ce:surname": "Picton", "ce:indexed-name": "Picton P."}]}, "ref-sourcetitle": "Neurocomputing"}}, {"ref-fulltext": "Bunkhumpornpat, C., Sinapiromsaran, K., Lursinsap, C., Safe-level-SMOTE: Safe-level-synthetic minority over-sampling technique for handling the class imbalanced Problem. Proceedings of the 13th Pacific-Asia conference on advances in knowledge discovery and data mining (PAKDD \u201909), 2009, 475\u2013482, 10.1007/978-3-642-01307-2_43.", "@id": "8", "ref-info": {"ref-publicationyear": {"@first": "2009"}, "ref-title": {"ref-titletext": "Safe-level-SMOTE: Safe-level-synthetic minority over-sampling technique for handling the class imbalanced Problem"}, "refd-itemidlist": {"itemid": [{"$": "10.1007/978-3-642-01307-2_43", "@idtype": "DOI"}, {"$": "bib0008", "@idtype": "FRAGMENTID"}, {"$": "67650694660", "@idtype": "SGR"}]}, "ref-volisspag": {"pagerange": {"@first": "475", "@last": "482"}}, "ref-authors": {"author": [{"@seq": "1", "ce:initials": "C.", "@_fa": "true", "ce:surname": "Bunkhumpornpat", "ce:indexed-name": "Bunkhumpornpat C."}, {"@seq": "2", "ce:initials": "K.", "@_fa": "true", "ce:surname": "Sinapiromsaran", "ce:indexed-name": "Sinapiromsaran K."}, {"@seq": "3", "ce:initials": "C.", "@_fa": "true", "ce:surname": "Lursinsap", "ce:indexed-name": "Lursinsap C."}]}, "ref-sourcetitle": "Proceedings of the 13th Pacific-Asia conference on advances in knowledge discovery and data mining (PAKDD \u201909)"}}, {"ref-fulltext": "Bunkhumpornpat, C., Sinapiromsaran, K., Lursinsap, C., DBSMOTE: Density-based synthetic minority over-sampling technique. Applied Intelligence 36:3 (2012), 664\u2013684, 10.1007/s10489-011-0287-y.", "@id": "9", "ref-info": {"ref-publicationyear": {"@first": "2012"}, "ref-title": {"ref-titletext": "DBSMOTE: Density-based synthetic minority over-sampling technique"}, "refd-itemidlist": {"itemid": [{"$": "10.1007/s10489-011-0287-y", "@idtype": "DOI"}, {"$": "bib0009", "@idtype": "FRAGMENTID"}, {"$": "84862140885", "@idtype": "SGR"}]}, "ref-volisspag": {"voliss": {"@volume": "36", "@issue": "3"}, "pagerange": {"@first": "664", "@last": "684"}}, "ref-authors": {"author": [{"@seq": "1", "ce:initials": "C.", "@_fa": "true", "ce:surname": "Bunkhumpornpat", "ce:indexed-name": "Bunkhumpornpat C."}, {"@seq": "2", "ce:initials": "K.", "@_fa": "true", "ce:surname": "Sinapiromsaran", "ce:indexed-name": "Sinapiromsaran K."}, {"@seq": "3", "ce:initials": "C.", "@_fa": "true", "ce:surname": "Lursinsap", "ce:indexed-name": "Lursinsap C."}]}, "ref-sourcetitle": "Applied Intelligence"}}, {"ref-fulltext": "Chawla, N., Data mining for imbalanced datasets: An overview. Maimon, O., Rokach, L., (eds.) Data mining and knowledge discovery handbook, 2005, Springer US, 853\u2013867, 10.1007/0-387-25465-X_40.", "@id": "10", "ref-info": {"ref-publicationyear": {"@first": "2005"}, "ref-title": {"ref-titletext": "Data mining for imbalanced datasets: An overview"}, "refd-itemidlist": {"itemid": [{"$": "10.1007/0-387-25465-X_40", "@idtype": "DOI"}, {"$": "bib0010", "@idtype": "FRAGMENTID"}, {"$": "37949004300", "@idtype": "SGR"}]}, "ref-volisspag": {"pagerange": {"@first": "853", "@last": "867"}}, "ref-text": "O. Maimon L. Rokach Springer US", "ref-authors": {"author": [{"@seq": "1", "ce:initials": "N.", "@_fa": "true", "ce:surname": "Chawla", "ce:indexed-name": "Chawla N."}]}, "ref-sourcetitle": "Data mining and knowledge discovery handbook"}}, {"ref-fulltext": "Chawla, N.V., Bowyer, K.W., Hall, L.O., Kegelmeyer, W.P., SMOTE: Synthetic minority over-sampling technique. Journal of Artificial Intelligence Research 16:1 (2002), 321\u2013357, 10.1613/jair.953.", "@id": "11", "ref-info": {"ref-publicationyear": {"@first": "2002"}, "ref-title": {"ref-titletext": "SMOTE: Synthetic minority over-sampling technique"}, "refd-itemidlist": {"itemid": [{"$": "10.1613/jair.953", "@idtype": "DOI"}, {"$": "bib0011", "@idtype": "FRAGMENTID"}, {"$": "0346586663", "@idtype": "SGR"}]}, "ref-volisspag": {"voliss": {"@volume": "16", "@issue": "1"}, "pagerange": {"@first": "321", "@last": "357"}}, "ref-authors": {"author": [{"@seq": "1", "ce:initials": "N.V.", "@_fa": "true", "ce:surname": "Chawla", "ce:indexed-name": "Chawla N.V."}, {"@seq": "2", "ce:initials": "K.W.", "@_fa": "true", "ce:surname": "Bowyer", "ce:indexed-name": "Bowyer K.W."}, {"@seq": "3", "ce:initials": "L.O.", "@_fa": "true", "ce:surname": "Hall", "ce:indexed-name": "Hall L.O."}, {"@seq": "4", "ce:initials": "W.P.", "@_fa": "true", "ce:surname": "Kegelmeyer", "ce:indexed-name": "Kegelmeyer W.P."}]}, "ref-sourcetitle": "Journal of Artificial Intelligence Research"}}, {"ref-fulltext": "Chen, S., He, H., Garcia, E., RAMOBoost: Ranked minority oversampling in boosting. IEEE Transactions on Neural Networks 21:10 (2010), 1624\u20131642, 10.1109/TNN.2010.2066988.", "@id": "12", "ref-info": {"ref-publicationyear": {"@first": "2010"}, "ref-title": {"ref-titletext": "RAMOBoost: Ranked minority oversampling in boosting"}, "refd-itemidlist": {"itemid": [{"$": "10.1109/TNN.2010.2066988", "@idtype": "DOI"}, {"$": "bib0012", "@idtype": "FRAGMENTID"}, {"$": "77957793322", "@idtype": "SGR"}]}, "ref-volisspag": {"voliss": {"@volume": "21", "@issue": "10"}, "pagerange": {"@first": "1624", "@last": "1642"}}, "ref-authors": {"author": [{"@seq": "1", "ce:initials": "S.", "@_fa": "true", "ce:surname": "Chen", "ce:indexed-name": "Chen S."}, {"@seq": "2", "ce:initials": "H.", "@_fa": "true", "ce:surname": "He", "ce:indexed-name": "He H."}, {"@seq": "3", "ce:initials": "E.", "@_fa": "true", "ce:surname": "Garcia", "ce:indexed-name": "Garcia E."}]}, "ref-sourcetitle": "IEEE Transactions on Neural Networks"}}, {"ref-fulltext": "Clarke, R., Ressom, H.W., Wang, A., Xuan, J., Liu, M.C., Gehan, E.A., Wang, Y., The properties of high-dimensional data spaces: implications for exploring gene and protein expression data. Nature Reviews Cancer 8:1 (2008), 37\u201349, 10.1038/nrc2294.", "@id": "13", "ref-info": {"ref-publicationyear": {"@first": "2008"}, "ref-title": {"ref-titletext": "The properties of high-dimensional data spaces: implications for exploring gene and protein expression data"}, "refd-itemidlist": {"itemid": [{"$": "10.1038/nrc2294", "@idtype": "DOI"}, {"$": "bib0013", "@idtype": "FRAGMENTID"}, {"$": "37549029793", "@idtype": "SGR"}]}, "ref-volisspag": {"voliss": {"@volume": "8", "@issue": "1"}, "pagerange": {"@first": "37", "@last": "49"}}, "ref-authors": {"author": [{"@seq": "1", "ce:initials": "R.", "@_fa": "true", "ce:surname": "Clarke", "ce:indexed-name": "Clarke R."}, {"@seq": "2", "ce:initials": "H.W.", "@_fa": "true", "ce:surname": "Ressom", "ce:indexed-name": "Ressom H.W."}, {"@seq": "3", "ce:initials": "A.", "@_fa": "true", "ce:surname": "Wang", "ce:indexed-name": "Wang A."}, {"@seq": "4", "ce:initials": "J.", "@_fa": "true", "ce:surname": "Xuan", "ce:indexed-name": "Xuan J."}, {"@seq": "5", "ce:initials": "M.C.", "@_fa": "true", "ce:surname": "Liu", "ce:indexed-name": "Liu M.C."}, {"@seq": "6", "ce:initials": "E.A.", "@_fa": "true", "ce:surname": "Gehan", "ce:indexed-name": "Gehan E.A."}, {"@seq": "7", "ce:initials": "Y.", "@_fa": "true", "ce:surname": "Wang", "ce:indexed-name": "Wang Y."}]}, "ref-sourcetitle": "Nature Reviews Cancer"}}, {"ref-fulltext": "Cortes, C., Vapnik, V., Support-vector networks. Machine Learning 20:3 (1995), 273\u2013297, 10.1007/BF00994018.", "@id": "14", "ref-info": {"ref-publicationyear": {"@first": "1995"}, "ref-title": {"ref-titletext": "Support-vector networks"}, "refd-itemidlist": {"itemid": [{"$": "10.1007/BF00994018", "@idtype": "DOI"}, {"$": "bib0014", "@idtype": "FRAGMENTID"}, {"$": "34249753618", "@idtype": "SGR"}]}, "ref-volisspag": {"voliss": {"@volume": "20", "@issue": "3"}, "pagerange": {"@first": "273", "@last": "297"}}, "ref-authors": {"author": [{"@seq": "1", "ce:initials": "C.", "@_fa": "true", "ce:surname": "Cortes", "ce:indexed-name": "Cortes C."}, {"@seq": "2", "ce:initials": "V.", "@_fa": "true", "ce:surname": "Vapnik", "ce:indexed-name": "Vapnik V."}]}, "ref-sourcetitle": "Machine Learning"}}, {"ref-fulltext": "Daqi, G., Yan, J., Classification methodologies of multilayer perceptrons with sigmoid activation functions. Pattern Recognition 38:10 (2005), 1469\u20131482, 10.1016/j.patcog.2005.03.024.", "@id": "15", "ref-info": {"ref-publicationyear": {"@first": "2005"}, "ref-title": {"ref-titletext": "Classification methodologies of multilayer perceptrons with sigmoid activation functions"}, "refd-itemidlist": {"itemid": [{"$": "bib0015", "@idtype": "FRAGMENTID"}, {"$": "10.1016/j.patcog.2005.03.024", "@idtype": "DOI"}, {"$": "22844434823", "@idtype": "SGR"}]}, "ref-volisspag": {"voliss": {"@volume": "38", "@issue": "10"}, "pagerange": {"@first": "1469", "@last": "1482"}}, "ref-authors": {"author": [{"@seq": "1", "ce:initials": "G.", "@_fa": "true", "ce:surname": "Daqi", "ce:indexed-name": "Daqi G."}, {"@seq": "2", "ce:initials": "J.", "@_fa": "true", "ce:surname": "Yan", "ce:indexed-name": "Yan J."}]}, "ref-sourcetitle": "Pattern Recognition"}}, {"ref-fulltext": "Dem\u0161ar, J., Statistical comparisons of classifiers over multiple data sets. Journal of Machine Learning Research 7 (2006), 1\u201330.", "@id": "16", "ref-info": {"ref-publicationyear": {"@first": "2006"}, "ref-title": {"ref-titletext": "Statistical comparisons of classifiers over multiple data sets"}, "refd-itemidlist": {"itemid": [{"$": "bib0016", "@idtype": "FRAGMENTID"}, {"$": "29644438050", "@idtype": "SGR"}]}, "ref-volisspag": {"voliss": {"@volume": "7"}, "pagerange": {"@first": "1", "@last": "30"}}, "ref-authors": {"author": [{"@seq": "1", "ce:initials": "J.", "@_fa": "true", "ce:surname": "Dem\u0161ar", "ce:indexed-name": "Demsar J."}]}, "ref-sourcetitle": "Journal of Machine Learning Research"}}, {"ref-fulltext": "Durot, M., Bourguignon, P.-Y., Schachter, V., Genome-scale models of bacterial metabolism: reconstruction and applications. FEMS Microbiology Reviews 33:1 (2009), 164\u2013190, 10.1111/j.1574-6976.2008.00146.x.", "@id": "17", "ref-info": {"ref-publicationyear": {"@first": "2009"}, "ref-title": {"ref-titletext": "Genome-scale models of bacterial metabolism: reconstruction and applications"}, "refd-itemidlist": {"itemid": [{"$": "10.1111/j.1574-6976.2008.00146.x", "@idtype": "DOI"}, {"$": "bib0017", "@idtype": "FRAGMENTID"}, {"$": "57549102595", "@idtype": "SGR"}]}, "ref-volisspag": {"voliss": {"@volume": "33", "@issue": "1"}, "pagerange": {"@first": "164", "@last": "190"}}, "ref-authors": {"author": [{"@seq": "1", "ce:initials": "M.", "@_fa": "true", "ce:surname": "Durot", "ce:indexed-name": "Durot M."}, {"@seq": "2", "ce:initials": "P.-Y.", "@_fa": "true", "ce:surname": "Bourguignon", "ce:indexed-name": "Bourguignon P.-Y."}, {"@seq": "3", "ce:initials": "V.", "@_fa": "true", "ce:surname": "Schachter", "ce:indexed-name": "Schachter V."}]}, "ref-sourcetitle": "FEMS Microbiology Reviews"}}, {"ref-fulltext": "Ertekin, S., Huang, J., Giles, C.L., Active learning for class imbalance problem. Proceedings of the 30th annual international ACM SIGIR conference on research and development in information retrieval(sigir \u201907), 2007, 823\u2013824, 10.1145/1277741.1277927.", "@id": "18", "ref-info": {"ref-publicationyear": {"@first": "2007"}, "ref-title": {"ref-titletext": "Active learning for class imbalance problem"}, "refd-itemidlist": {"itemid": [{"$": "10.1145/1277741.1277927", "@idtype": "DOI"}, {"$": "bib0018", "@idtype": "FRAGMENTID"}, {"$": "36448992227", "@idtype": "SGR"}]}, "ref-volisspag": {"pagerange": {"@first": "823", "@last": "824"}}, "ref-authors": {"author": [{"@seq": "1", "ce:initials": "S.", "@_fa": "true", "ce:surname": "Ertekin", "ce:indexed-name": "Ertekin S."}, {"@seq": "2", "ce:initials": "J.", "@_fa": "true", "ce:surname": "Huang", "ce:indexed-name": "Huang J."}, {"@seq": "3", "ce:initials": "C.L.", "@_fa": "true", "ce:surname": "Giles", "ce:indexed-name": "Giles C.L."}]}, "ref-sourcetitle": "Proceedings of the 30th annual international ACM SIGIR conference on research and development in information retrieval(sigir \u201907)"}}, {"ref-fulltext": "Fu, X., Wang, L., Chua, K.S., Chu, F., Training RBF neural networks on unbalanced data. Proceedings of the 9th international conference on neural information processing (ICONIP'02), 2, 2002, 1016\u20131020, 10.1109/ICONIP.2002.1198214.", "@id": "19", "ref-info": {"ref-publicationyear": {"@first": "2002"}, "ref-title": {"ref-titletext": "Training RBF neural networks on unbalanced data"}, "refd-itemidlist": {"itemid": [{"$": "10.1109/ICONIP.2002.1198214", "@idtype": "DOI"}, {"$": "bib0019", "@idtype": "FRAGMENTID"}, {"$": "84964461238", "@idtype": "SGR"}]}, "ref-volisspag": {"voliss": {"@volume": "2"}, "pagerange": {"@first": "1016", "@last": "1020"}}, "ref-authors": {"author": [{"@seq": "1", "ce:initials": "X.", "@_fa": "true", "ce:surname": "Fu", "ce:indexed-name": "Fu X."}, {"@seq": "2", "ce:initials": "L.", "@_fa": "true", "ce:surname": "Wang", "ce:indexed-name": "Wang L."}, {"@seq": "3", "ce:initials": "K.S.", "@_fa": "true", "ce:surname": "Chua", "ce:indexed-name": "Chua K.S."}, {"@seq": "4", "ce:initials": "F.", "@_fa": "true", "ce:surname": "Chu", "ce:indexed-name": "Chu F."}]}, "ref-sourcetitle": "Proceedings of the 9th international conference on neural information processing (ICONIP'02)"}}, {"ref-fulltext": "Galar, M., Fernandez, A., Barrenechea, E., Bustince, H., Herrera, F., A review on ensembles for the class imbalance problem: bagging-, boosting-, and hybrid-based approaches. IEEE Transactions on Systems, Man, and Cybernetics, Part C 42:4 (2012), 463\u2013484, 10.1109/TSMCC.2011.2161285.", "@id": "20", "ref-info": {"ref-publicationyear": {"@first": "2012"}, "ref-title": {"ref-titletext": "A review on ensembles for the class imbalance problem: bagging-, boosting-, and hybrid-based approaches"}, "refd-itemidlist": {"itemid": [{"$": "10.1109/TSMCC.2011.2161285", "@idtype": "DOI"}, {"$": "bib0020", "@idtype": "FRAGMENTID"}, {"$": "84862515469", "@idtype": "SGR"}]}, "ref-volisspag": {"voliss": {"@volume": "42", "@issue": "4"}, "pagerange": {"@first": "463", "@last": "484"}}, "ref-authors": {"author": [{"@seq": "1", "ce:initials": "M.", "@_fa": "true", "ce:surname": "Galar", "ce:indexed-name": "Galar M."}, {"@seq": "2", "ce:initials": "A.", "@_fa": "true", "ce:surname": "Fernandez", "ce:indexed-name": "Fernandez A."}, {"@seq": "3", "ce:initials": "E.", "@_fa": "true", "ce:surname": "Barrenechea", "ce:indexed-name": "Barrenechea E."}, {"@seq": "4", "ce:initials": "H.", "@_fa": "true", "ce:surname": "Bustince", "ce:indexed-name": "Bustince H."}, {"@seq": "5", "ce:initials": "F.", "@_fa": "true", "ce:surname": "Herrera", "ce:indexed-name": "Herrera F."}]}, "ref-sourcetitle": "IEEE Transactions on Systems, Man, and Cybernetics, Part C"}}, {"ref-fulltext": "Galar, M., Fern\u00e1ndez, A., Barrenechea, E., Herrera, F., Eusboost: Enhancing ensembles for highly imbalanced data-sets by evolutionary undersampling. Pattern Recognition 46:12 (2013), 3460\u20133471, 10.1016/j.patcog.2013.05.006.", "@id": "21", "ref-info": {"ref-publicationyear": {"@first": "2013"}, "ref-title": {"ref-titletext": "Eusboost: Enhancing ensembles for highly imbalanced data-sets by evolutionary undersampling"}, "refd-itemidlist": {"itemid": [{"$": "10.1016/j.patcog.2013.05.006", "@idtype": "DOI"}, {"$": "bib0021", "@idtype": "FRAGMENTID"}, {"$": "84881072864", "@idtype": "SGR"}]}, "ref-volisspag": {"voliss": {"@volume": "46", "@issue": "12"}, "pagerange": {"@first": "3460", "@last": "3471"}}, "ref-authors": {"author": [{"@seq": "1", "ce:initials": "M.", "@_fa": "true", "ce:surname": "Galar", "ce:indexed-name": "Galar M."}, {"@seq": "2", "ce:initials": "A.", "@_fa": "true", "ce:surname": "Fern\u00e1ndez", "ce:indexed-name": "Fernandez A."}, {"@seq": "3", "ce:initials": "E.", "@_fa": "true", "ce:surname": "Barrenechea", "ce:indexed-name": "Barrenechea E."}, {"@seq": "4", "ce:initials": "F.", "@_fa": "true", "ce:surname": "Herrera", "ce:indexed-name": "Herrera F."}]}, "ref-sourcetitle": "Pattern Recognition"}}, {"ref-fulltext": "Goto, S., Okuno, Y., Hattori, M., Nishioka, T., Kanehisa, M., LIGAND: Database of chemical compounds and reactions in biological pathways. Nucleic Acids Research 30:1 (2002), 402\u2013404, 10.1093/nar/30.1.402.", "@id": "22", "ref-info": {"ref-publicationyear": {"@first": "2002"}, "ref-title": {"ref-titletext": "LIGAND: Database of chemical compounds and reactions in biological pathways"}, "refd-itemidlist": {"itemid": [{"$": "10.1093/nar/30.1.402", "@idtype": "DOI"}, {"$": "bib0022", "@idtype": "FRAGMENTID"}, {"$": "0036081122", "@idtype": "SGR"}]}, "ref-volisspag": {"voliss": {"@volume": "30", "@issue": "1"}, "pagerange": {"@first": "402", "@last": "404"}}, "ref-authors": {"author": [{"@seq": "1", "ce:initials": "S.", "@_fa": "true", "ce:surname": "Goto", "ce:indexed-name": "Goto S."}, {"@seq": "2", "ce:initials": "Y.", "@_fa": "true", "ce:surname": "Okuno", "ce:indexed-name": "Okuno Y."}, {"@seq": "3", "ce:initials": "M.", "@_fa": "true", "ce:surname": "Hattori", "ce:indexed-name": "Hattori M."}, {"@seq": "4", "ce:initials": "T.", "@_fa": "true", "ce:surname": "Nishioka", "ce:indexed-name": "Nishioka T."}, {"@seq": "5", "ce:initials": "M.", "@_fa": "true", "ce:surname": "Kanehisa", "ce:indexed-name": "Kanehisa M."}]}, "ref-sourcetitle": "Nucleic Acids Research"}}, {"ref-fulltext": "Guha, R., Howard, M., Hutchison, G., Murray-Rust, P., Rzepa, H., Steinbeck, C., Willighagen, E.L., The blue Obelisk\u2013Interoperability in chemical informatics. Journal of Chemical Information and Modeling 46:3 (2006), 991\u2013998, 10.1021/ci050400b.", "@id": "23", "ref-info": {"ref-publicationyear": {"@first": "2006"}, "ref-title": {"ref-titletext": "The blue Obelisk\u2013Interoperability in chemical informatics"}, "refd-itemidlist": {"itemid": [{"$": "10.1021/ci050400b", "@idtype": "DOI"}, {"$": "bib0023", "@idtype": "FRAGMENTID"}, {"$": "33745359822", "@idtype": "SGR"}]}, "ref-volisspag": {"voliss": {"@volume": "46", "@issue": "3"}, "pagerange": {"@first": "991", "@last": "998"}}, "ref-authors": {"author": [{"@seq": "1", "ce:initials": "R.", "@_fa": "true", "ce:surname": "Guha", "ce:indexed-name": "Guha R."}, {"@seq": "2", "ce:initials": "M.", "@_fa": "true", "ce:surname": "Howard", "ce:indexed-name": "Howard M."}, {"@seq": "3", "ce:initials": "G.", "@_fa": "true", "ce:surname": "Hutchison", "ce:indexed-name": "Hutchison G."}, {"@seq": "4", "ce:initials": "P.", "@_fa": "true", "ce:surname": "Murray-Rust", "ce:indexed-name": "Murray-Rust P."}, {"@seq": "5", "ce:initials": "H.", "@_fa": "true", "ce:surname": "Rzepa", "ce:indexed-name": "Rzepa H."}, {"@seq": "6", "ce:initials": "C.", "@_fa": "true", "ce:surname": "Steinbeck", "ce:indexed-name": "Steinbeck C."}, {"@seq": "7", "ce:initials": "E.L.", "@_fa": "true", "ce:surname": "Willighagen", "ce:indexed-name": "Willighagen E.L."}]}, "ref-sourcetitle": "Journal of Chemical Information and Modeling"}}, {"ref-fulltext": "Guo, X., Yin, Y., Dong, C., Yang, G., Zhou, G., On the class imbalance problem. Fourth international conference on natural computation (ICNC \u201908), 4, 2008, 192\u2013201, 10.1109/ICNC.2008.871.", "@id": "24", "ref-info": {"ref-publicationyear": {"@first": "2008"}, "ref-title": {"ref-titletext": "On the class imbalance problem"}, "refd-itemidlist": {"itemid": [{"$": "10.1109/ICNC.2008.871", "@idtype": "DOI"}, {"$": "bib0024", "@idtype": "FRAGMENTID"}, {"$": "57649123451", "@idtype": "SGR"}]}, "ref-volisspag": {"voliss": {"@volume": "4"}, "pagerange": {"@first": "192", "@last": "201"}}, "ref-authors": {"author": [{"@seq": "1", "ce:initials": "X.", "@_fa": "true", "ce:surname": "Guo", "ce:indexed-name": "Guo X."}, {"@seq": "2", "ce:initials": "Y.", "@_fa": "true", "ce:surname": "Yin", "ce:indexed-name": "Yin Y."}, {"@seq": "3", "ce:initials": "C.", "@_fa": "true", "ce:surname": "Dong", "ce:indexed-name": "Dong C."}, {"@seq": "4", "ce:initials": "G.", "@_fa": "true", "ce:surname": "Yang", "ce:indexed-name": "Yang G."}, {"@seq": "5", "ce:initials": "G.", "@_fa": "true", "ce:surname": "Zhou", "ce:indexed-name": "Zhou G."}]}, "ref-sourcetitle": "Fourth international conference on natural computation (ICNC \u201908)"}}, {"ref-fulltext": "Guyon, I., Elisseeff, A., An introduction to variable and feature selection. Journal of Machine Learning Research 3 (2003), 1157\u20131182.", "@id": "25", "ref-info": {"ref-publicationyear": {"@first": "2003"}, "ref-title": {"ref-titletext": "An introduction to variable and feature selection"}, "refd-itemidlist": {"itemid": [{"$": "bib0025", "@idtype": "FRAGMENTID"}, {"$": "33745561205", "@idtype": "SGR"}]}, "ref-volisspag": {"voliss": {"@volume": "3"}, "pagerange": {"@first": "1157", "@last": "1182"}}, "ref-authors": {"author": [{"@seq": "1", "ce:initials": "I.", "@_fa": "true", "ce:surname": "Guyon", "ce:indexed-name": "Guyon I."}, {"@seq": "2", "ce:initials": "A.", "@_fa": "true", "ce:surname": "Elisseeff", "ce:indexed-name": "Elisseeff A."}]}, "ref-sourcetitle": "Journal of Machine Learning Research"}}, {"ref-fulltext": "Han, H., Wang, W.-Y., Mao, B.-H., Borderline-SMOTE: A new over-sampling method in imbalanced data sets learning. Proceedings of the 2005 international conference on advances in intelligent computing - volume part I (ICIC \u201905), 2005, 878\u2013887, 10.1007/11538059_91.", "@id": "26", "ref-info": {"ref-publicationyear": {"@first": "2005"}, "ref-title": {"ref-titletext": "Borderline-SMOTE: A new over-sampling method in imbalanced data sets learning"}, "refd-itemidlist": {"itemid": [{"$": "10.1007/11538059_91", "@idtype": "DOI"}, {"$": "bib0026", "@idtype": "FRAGMENTID"}, {"$": "27144501672", "@idtype": "SGR"}]}, "ref-volisspag": {"pagerange": {"@first": "878", "@last": "887"}}, "ref-authors": {"author": [{"@seq": "1", "ce:initials": "H.", "@_fa": "true", "ce:surname": "Han", "ce:indexed-name": "Han H."}, {"@seq": "2", "ce:initials": "W.-Y.", "@_fa": "true", "ce:surname": "Wang", "ce:indexed-name": "Wang W.-Y."}, {"@seq": "3", "ce:initials": "B.-H.", "@_fa": "true", "ce:surname": "Mao", "ce:indexed-name": "Mao B.-H."}]}, "ref-sourcetitle": "Proceedings of the 2005 international conference on advances in intelligent computing - volume part I (ICIC \u201905)"}}, {"ref-fulltext": "Han, J., Kamber, M., Pei, J., Data mining: Concepts and techniques. 3rd, 2011, Morgan Kaufmann Publishers Inc, San Francisco, CA, USA.", "@id": "27", "ref-info": {"ref-publicationyear": {"@first": "2011"}, "ref-title": {"ref-titletext": "Data mining: Concepts and techniques"}, "refd-itemidlist": {"itemid": [{"$": "bib0027", "@idtype": "FRAGMENTID"}, {"$": "84990941766", "@idtype": "SGR"}]}, "ref-text": "3rd Morgan Kaufmann Publishers Inc San Francisco, CA, USA", "ref-authors": {"author": [{"@seq": "1", "ce:initials": "J.", "@_fa": "true", "ce:surname": "Han", "ce:indexed-name": "Han J."}, {"@seq": "2", "ce:initials": "M.", "@_fa": "true", "ce:surname": "Kamber", "ce:indexed-name": "Kamber M."}, {"@seq": "3", "ce:initials": "J.", "@_fa": "true", "ce:surname": "Pei", "ce:indexed-name": "Pei J."}]}}}, {"ref-fulltext": "Hattori, M., Tanaka, N., Kanehisa, M., Goto, S., SIMCOMP/SUBCOMP: Chemical structure search servers for network analyses. Nucleic Acids Research 38:suppl 2 (2010), W652\u2013W656, 10.1093/nar/gkq367.", "@id": "28", "ref-info": {"ref-publicationyear": {"@first": "2010"}, "ref-title": {"ref-titletext": "SIMCOMP/SUBCOMP: Chemical structure search servers for network analyses"}, "refd-itemidlist": {"itemid": [{"$": "10.1093/nar/gkq367", "@idtype": "DOI"}, {"$": "bib0028", "@idtype": "FRAGMENTID"}, {"$": "77954288984", "@idtype": "SGR"}]}, "ref-volisspag": {"voliss": {"@volume": "38"}, "pagerange": {"@first": "W652", "@last": "W656"}}, "ref-authors": {"author": [{"@seq": "1", "ce:initials": "M.", "@_fa": "true", "ce:surname": "Hattori", "ce:indexed-name": "Hattori M."}, {"@seq": "2", "ce:initials": "N.", "@_fa": "true", "ce:surname": "Tanaka", "ce:indexed-name": "Tanaka N."}, {"@seq": "3", "ce:initials": "M.", "@_fa": "true", "ce:surname": "Kanehisa", "ce:indexed-name": "Kanehisa M."}, {"@seq": "4", "ce:initials": "S.", "@_fa": "true", "ce:surname": "Goto", "ce:indexed-name": "Goto S."}]}, "ref-sourcetitle": "Nucleic Acids Research"}}, {"ref-fulltext": "He, H., Garcia, E.A., Learning from imbalanced data. IEEE Transactions on Knowledge and Data Engineering 21:9 (2009), 1263\u20131284, 10.1109/TKDE.2008.239.", "@id": "29", "ref-info": {"ref-publicationyear": {"@first": "2009"}, "ref-title": {"ref-titletext": "Learning from imbalanced data"}, "refd-itemidlist": {"itemid": [{"$": "10.1109/TKDE.2008.239", "@idtype": "DOI"}, {"$": "bib0029", "@idtype": "FRAGMENTID"}, {"$": "68549133155", "@idtype": "SGR"}]}, "ref-volisspag": {"voliss": {"@volume": "21", "@issue": "9"}, "pagerange": {"@first": "1263", "@last": "1284"}}, "ref-authors": {"author": [{"@seq": "1", "ce:initials": "H.", "@_fa": "true", "ce:surname": "He", "ce:indexed-name": "He H."}, {"@seq": "2", "ce:initials": "E.A.", "@_fa": "true", "ce:surname": "Garcia", "ce:indexed-name": "Garcia E.A."}]}, "ref-sourcetitle": "IEEE Transactions on Knowledge and Data Engineering"}}, {"ref-fulltext": "Heath, A.P., Bennett, G.N., Kavraki, L.E., Finding metabolic pathways using atom tracking. Bioinformatics 26:12 (2010), 1548\u20131555, 10.1093/bioinformatics/btq223.", "@id": "30", "ref-info": {"ref-publicationyear": {"@first": "2010"}, "ref-title": {"ref-titletext": "Finding metabolic pathways using atom tracking"}, "refd-itemidlist": {"itemid": [{"$": "10.1093/bioinformatics/btq223", "@idtype": "DOI"}, {"$": "bib0030", "@idtype": "FRAGMENTID"}, {"$": "77954188312", "@idtype": "SGR"}]}, "ref-volisspag": {"voliss": {"@volume": "26", "@issue": "12"}, "pagerange": {"@first": "1548", "@last": "1555"}}, "ref-authors": {"author": [{"@seq": "1", "ce:initials": "A.P.", "@_fa": "true", "ce:surname": "Heath", "ce:indexed-name": "Heath A.P."}, {"@seq": "2", "ce:initials": "G.N.", "@_fa": "true", "ce:surname": "Bennett", "ce:indexed-name": "Bennett G.N."}, {"@seq": "3", "ce:initials": "L.E.", "@_fa": "true", "ce:surname": "Kavraki", "ce:indexed-name": "Kavraki L.E."}]}, "ref-sourcetitle": "Bioinformatics"}}, {"ref-fulltext": "Heinonen, M., Lappalainen, S., Mielik\u00e4inen, T., Rousu, J., Computing atom mappings for biochemical reactions without subgraph isomorphism. Journal of Computational Biology 18:1 (2011), 43\u201358, 10.1089/cmb.2009.0216.", "@id": "31", "ref-info": {"ref-publicationyear": {"@first": "2011"}, "ref-title": {"ref-titletext": "Computing atom mappings for biochemical reactions without subgraph isomorphism"}, "refd-itemidlist": {"itemid": [{"$": "10.1089/cmb.2009.0216", "@idtype": "DOI"}, {"$": "bib0031", "@idtype": "FRAGMENTID"}, {"$": "78651301358", "@idtype": "SGR"}]}, "ref-volisspag": {"voliss": {"@volume": "18", "@issue": "1"}, "pagerange": {"@first": "43", "@last": "58"}}, "ref-authors": {"author": [{"@seq": "1", "ce:initials": "M.", "@_fa": "true", "ce:surname": "Heinonen", "ce:indexed-name": "Heinonen M."}, {"@seq": "2", "ce:initials": "S.", "@_fa": "true", "ce:surname": "Lappalainen", "ce:indexed-name": "Lappalainen S."}, {"@seq": "3", "ce:initials": "T.", "@_fa": "true", "ce:surname": "Mielik\u00e4inen", "ce:indexed-name": "Mielikainen T."}, {"@seq": "4", "ce:initials": "J.", "@_fa": "true", "ce:surname": "Rousu", "ce:indexed-name": "Rousu J."}]}, "ref-sourcetitle": "Journal of Computational Biology"}}, {"ref-fulltext": "Hou, B., Ellis, L., Wackett, L.P., Encoding microbial metabolic logic: Predicting biodegradation. Journal of Industrial Microbiology and Biotechnology 31:6 (2004), 261\u2013272, 10.1007/s10295-004-0144-7.", "@id": "32", "ref-info": {"ref-publicationyear": {"@first": "2004"}, "ref-title": {"ref-titletext": "Encoding microbial metabolic logic: Predicting biodegradation"}, "refd-itemidlist": {"itemid": [{"$": "10.1007/s10295-004-0144-7", "@idtype": "DOI"}, {"$": "bib0032", "@idtype": "FRAGMENTID"}, {"$": "4344685196", "@idtype": "SGR"}]}, "ref-volisspag": {"voliss": {"@volume": "31", "@issue": "6"}, "pagerange": {"@first": "261", "@last": "272"}}, "ref-authors": {"author": [{"@seq": "1", "ce:initials": "B.", "@_fa": "true", "ce:surname": "Hou", "ce:indexed-name": "Hou B."}, {"@seq": "2", "ce:initials": "L.", "@_fa": "true", "ce:surname": "Ellis", "ce:indexed-name": "Ellis L."}, {"@seq": "3", "ce:initials": "L.P.", "@_fa": "true", "ce:surname": "Wackett", "ce:indexed-name": "Wackett L.P."}]}, "ref-sourcetitle": "Journal of Industrial Microbiology and Biotechnology"}}, {"ref-fulltext": "Hwang, J.P., Park, S., Kim, E., A new weighted approach to imbalanced data classification problem via support vector machine with quadratic cost function. Expert Systems with Applications 38:7 (2011), 8580\u20138585, 10.1016/j.eswa.2011.01.061.", "@id": "33", "ref-info": {"ref-publicationyear": {"@first": "2011"}, "ref-title": {"ref-titletext": "A new weighted approach to imbalanced data classification problem via support vector machine with quadratic cost function"}, "refd-itemidlist": {"itemid": [{"$": "10.1016/j.eswa.2011.01.061", "@idtype": "DOI"}, {"$": "bib0033", "@idtype": "FRAGMENTID"}, {"$": "79952441195", "@idtype": "SGR"}]}, "ref-volisspag": {"voliss": {"@volume": "38", "@issue": "7"}, "pagerange": {"@first": "8580", "@last": "8585"}}, "ref-authors": {"author": [{"@seq": "1", "ce:initials": "J.P.", "@_fa": "true", "ce:surname": "Hwang", "ce:indexed-name": "Hwang J.P."}, {"@seq": "2", "ce:initials": "S.", "@_fa": "true", "ce:surname": "Park", "ce:indexed-name": "Park S."}, {"@seq": "3", "ce:initials": "E.", "@_fa": "true", "ce:surname": "Kim", "ce:indexed-name": "Kim E."}]}, "ref-sourcetitle": "Expert Systems with Applications"}}, {"ref-fulltext": "Jurman, G., Riccadonna, S., Furlanello, C., A comparison of MCC and CEN error measures in multi-Class prediction. PLoS One, 7(8), 2012, e41882, 10.1371/journal.pone.0041882.", "@id": "34", "ref-info": {"ref-publicationyear": {"@first": "2012"}, "ref-title": {"ref-titletext": "A comparison of MCC and CEN error measures in multi-Class prediction"}, "refd-itemidlist": {"itemid": [{"$": "10.1371/journal.pone.0041882", "@idtype": "DOI"}, {"$": "bib0034", "@idtype": "FRAGMENTID"}, {"$": "84864668842", "@idtype": "SGR"}]}, "ref-volisspag": {"voliss": {"@volume": "7", "@issue": "8"}, "pagerange": {"@first": "e41882"}}, "ref-authors": {"author": [{"@seq": "1", "ce:initials": "G.", "@_fa": "true", "ce:surname": "Jurman", "ce:indexed-name": "Jurman G."}, {"@seq": "2", "ce:initials": "S.", "@_fa": "true", "ce:surname": "Riccadonna", "ce:indexed-name": "Riccadonna S."}, {"@seq": "3", "ce:initials": "C.", "@_fa": "true", "ce:surname": "Furlanello", "ce:indexed-name": "Furlanello C."}]}, "ref-sourcetitle": "PLoS One"}}, {"ref-fulltext": "Kanehisa, M., Goto, S., KEGG: Kyoto encyclopedia of genes and genomes. Nucleic Acids Research 28:1 (2000), 27\u201330, 10.1093/nar/28.1.27.", "@id": "35", "ref-info": {"ref-publicationyear": {"@first": "2000"}, "ref-title": {"ref-titletext": "KEGG: Kyoto encyclopedia of genes and genomes"}, "refd-itemidlist": {"itemid": [{"$": "10.1093/nar/28.1.27", "@idtype": "DOI"}, {"$": "bib0035", "@idtype": "FRAGMENTID"}, {"$": "0033982936", "@idtype": "SGR"}]}, "ref-volisspag": {"voliss": {"@volume": "28", "@issue": "1"}, "pagerange": {"@first": "27", "@last": "30"}}, "ref-authors": {"author": [{"@seq": "1", "ce:initials": "M.", "@_fa": "true", "ce:surname": "Kanehisa", "ce:indexed-name": "Kanehisa M."}, {"@seq": "2", "ce:initials": "S.", "@_fa": "true", "ce:surname": "Goto", "ce:indexed-name": "Goto S."}]}, "ref-sourcetitle": "Nucleic Acids Research"}}, {"ref-fulltext": "Karp, P.D., Riley, M., Paley, S.M., Pellegrini-Toole, A., The metacyc database. Nucleic Acids Research 30:1 (2002), 59\u201361, 10.1093/nar/30.1.59.", "@id": "36", "ref-info": {"ref-publicationyear": {"@first": "2002"}, "ref-title": {"ref-titletext": "The metacyc database"}, "refd-itemidlist": {"itemid": [{"$": "10.1093/nar/30.1.59", "@idtype": "DOI"}, {"$": "bib0036", "@idtype": "FRAGMENTID"}, {"$": "0036086299", "@idtype": "SGR"}]}, "ref-volisspag": {"voliss": {"@volume": "30", "@issue": "1"}, "pagerange": {"@first": "59", "@last": "61"}}, "ref-authors": {"author": [{"@seq": "1", "ce:initials": "P.D.", "@_fa": "true", "ce:surname": "Karp", "ce:indexed-name": "Karp P.D."}, {"@seq": "2", "ce:initials": "M.", "@_fa": "true", "ce:surname": "Riley", "ce:indexed-name": "Riley M."}, {"@seq": "3", "ce:initials": "S.M.", "@_fa": "true", "ce:surname": "Paley", "ce:indexed-name": "Paley S.M."}, {"@seq": "4", "ce:initials": "A.", "@_fa": "true", "ce:surname": "Pellegrini-Toole", "ce:indexed-name": "Pellegrini-Toole A."}]}, "ref-sourcetitle": "Nucleic Acids Research"}}, {"ref-fulltext": "Kotera, M., Tabei, Y., Yamanishi, Y., Moriya, Y., Tokimatsu, T., Kanehisa, M., Goto, S., KCF-S: KEGG chemical function and substructure for improved interpretability and prediction in chemical bioinformatics. BMC Systems Biology 7:6 (2013), 1\u201317, 10.1186/1752-0509-7-S6-S2.", "@id": "37", "ref-info": {"ref-publicationyear": {"@first": "2013"}, "ref-title": {"ref-titletext": "KCF-S: KEGG chemical function and substructure for improved interpretability and prediction in chemical bioinformatics"}, "refd-itemidlist": {"itemid": [{"$": "10.1186/1752-0509-7-S6-S2", "@idtype": "DOI"}, {"$": "bib0037", "@idtype": "FRAGMENTID"}, {"$": "84902497562", "@idtype": "SGR"}]}, "ref-volisspag": {"voliss": {"@volume": "7", "@issue": "6"}, "pagerange": {"@first": "1", "@last": "17"}}, "ref-authors": {"author": [{"@seq": "1", "ce:initials": "M.", "@_fa": "true", "ce:surname": "Kotera", "ce:indexed-name": "Kotera M."}, {"@seq": "2", "ce:initials": "Y.", "@_fa": "true", "ce:surname": "Tabei", "ce:indexed-name": "Tabei Y."}, {"@seq": "3", "ce:initials": "Y.", "@_fa": "true", "ce:surname": "Yamanishi", "ce:indexed-name": "Yamanishi Y."}, {"@seq": "4", "ce:initials": "Y.", "@_fa": "true", "ce:surname": "Moriya", "ce:indexed-name": "Moriya Y."}, {"@seq": "5", "ce:initials": "T.", "@_fa": "true", "ce:surname": "Tokimatsu", "ce:indexed-name": "Tokimatsu T."}, {"@seq": "6", "ce:initials": "M.", "@_fa": "true", "ce:surname": "Kanehisa", "ce:indexed-name": "Kanehisa M."}, {"@seq": "7", "ce:initials": "S.", "@_fa": "true", "ce:surname": "Goto", "ce:indexed-name": "Goto S."}]}, "ref-sourcetitle": "BMC Systems Biology"}}, {"ref-fulltext": "Kotera, M., Tabei, Y., Yamanishi, Y., Muto, A., Moriya, Y., Tokimatsu, T., Goto, S., Metabolome-scale prediction of intermediate compounds in multistep metabolic pathways with a recursive supervised approach. Bioinformatics 30:12 (2014), i165\u2013i174, 10.1093/bioinformatics/btu265.", "@id": "38", "ref-info": {"ref-publicationyear": {"@first": "2014"}, "ref-title": {"ref-titletext": "Metabolome-scale prediction of intermediate compounds in multistep metabolic pathways with a recursive supervised approach"}, "refd-itemidlist": {"itemid": [{"$": "10.1093/bioinformatics/btu265", "@idtype": "DOI"}, {"$": "bib0038", "@idtype": "FRAGMENTID"}, {"$": "84902435876", "@idtype": "SGR"}]}, "ref-volisspag": {"voliss": {"@volume": "30", "@issue": "12"}, "pagerange": {"@first": "i165", "@last": "i174"}}, "ref-authors": {"author": [{"@seq": "1", "ce:initials": "M.", "@_fa": "true", "ce:surname": "Kotera", "ce:indexed-name": "Kotera M."}, {"@seq": "2", "ce:initials": "Y.", "@_fa": "true", "ce:surname": "Tabei", "ce:indexed-name": "Tabei Y."}, {"@seq": "3", "ce:initials": "Y.", "@_fa": "true", "ce:surname": "Yamanishi", "ce:indexed-name": "Yamanishi Y."}, {"@seq": "4", "ce:initials": "A.", "@_fa": "true", "ce:surname": "Muto", "ce:indexed-name": "Muto A."}, {"@seq": "5", "ce:initials": "Y.", "@_fa": "true", "ce:surname": "Moriya", "ce:indexed-name": "Moriya Y."}, {"@seq": "6", "ce:initials": "T.", "@_fa": "true", "ce:surname": "Tokimatsu", "ce:indexed-name": "Tokimatsu T."}, {"@seq": "7", "ce:initials": "S.", "@_fa": "true", "ce:surname": "Goto", "ce:indexed-name": "Goto S."}]}, "ref-sourcetitle": "Bioinformatics"}}, {"ref-fulltext": "Kotera, M., Tabei, Y., Yamanishi, Y., Tokimatsu, T., Goto, S., Supervised de novo reconstruction of metabolic pathways from metabolome-scale compound sets. Bioinformatics 29:13 (2013), i135\u2013i144, 10.1093/bioinformatics/btt244.", "@id": "39", "ref-info": {"ref-publicationyear": {"@first": "2013"}, "ref-title": {"ref-titletext": "Supervised de novo reconstruction of metabolic pathways from metabolome-scale compound sets"}, "refd-itemidlist": {"itemid": [{"$": "10.1093/bioinformatics/btt244", "@idtype": "DOI"}, {"$": "bib0039", "@idtype": "FRAGMENTID"}, {"$": "84879916305", "@idtype": "SGR"}]}, "ref-volisspag": {"voliss": {"@volume": "29", "@issue": "13"}, "pagerange": {"@first": "i135", "@last": "i144"}}, "ref-authors": {"author": [{"@seq": "1", "ce:initials": "M.", "@_fa": "true", "ce:surname": "Kotera", "ce:indexed-name": "Kotera M."}, {"@seq": "2", "ce:initials": "Y.", "@_fa": "true", "ce:surname": "Tabei", "ce:indexed-name": "Tabei Y."}, {"@seq": "3", "ce:initials": "Y.", "@_fa": "true", "ce:surname": "Yamanishi", "ce:indexed-name": "Yamanishi Y."}, {"@seq": "4", "ce:initials": "T.", "@_fa": "true", "ce:surname": "Tokimatsu", "ce:indexed-name": "Tokimatsu T."}, {"@seq": "5", "ce:initials": "S.", "@_fa": "true", "ce:surname": "Goto", "ce:indexed-name": "Goto S."}]}, "ref-sourcetitle": "Bioinformatics"}}, {"ref-fulltext": "Laboratoire de Bioinformatique des G\u00e9nomes et des R\u00e9seaux (BiGRe) (2010). Network analysis tools (NeAT): Metabolic pathfinder. http://rsat.bigre.ulb.ac.be/pathfindingsupplementref/ReferencePathways.html. Accessed 05.08.10.", "@id": "40", "ref-info": {"ref-publicationyear": {"@first": "2010"}, "ref-website": {"ce:e-address": {"$": "http://rsat.bigre.ulb.ac.be/pathfindingsupplementref/ReferencePathways.html", "@type": "email"}}, "refd-itemidlist": {"itemid": [{"$": "bib0040", "@idtype": "FRAGMENTID"}, {"$": "85021653922", "@idtype": "SGR"}]}, "ref-text": "Network analysis tools (NeAT): Metabolic pathfinder. Accessed 05.08.10.", "ref-authors": {"collaboration": {"@seq": "1", "ce:text": "Laboratoire de Bioinformatique des G\u00e9nomes et des R\u00e9seaux (BiGRe)", "ce:indexed-name": "Laboratoire de Bioinformatique des Genomes et des Reseaux (BiGRe)"}}}}, {"ref-fulltext": "Lemer, C., Antezana, E., Couche, F., Fays, F., Santolaria, X., Janky, R., Wodak, S.J., The amaze lightbench: A web interface to a relational database of cellular processes. Nucleic Acids Research 32:Database-Issue (2004), 443\u2013448, 10.1093/nar/gkh139.", "@id": "41", "ref-info": {"ref-publicationyear": {"@first": "2004"}, "ref-title": {"ref-titletext": "The amaze lightbench: A web interface to a relational database of cellular processes."}, "refd-itemidlist": {"itemid": [{"$": "10.1093/nar/gkh139", "@idtype": "DOI"}, {"$": "bib0041", "@idtype": "FRAGMENTID"}, {"$": "0345863903", "@idtype": "SGR"}]}, "ref-volisspag": {"voliss": {"@volume": "32", "@issue": "Database-Issue"}, "pagerange": {"@first": "443", "@last": "448"}}, "ref-authors": {"author": [{"@seq": "1", "ce:initials": "C.", "@_fa": "true", "ce:surname": "Lemer", "ce:indexed-name": "Lemer C."}, {"@seq": "2", "ce:initials": "E.", "@_fa": "true", "ce:surname": "Antezana", "ce:indexed-name": "Antezana E."}, {"@seq": "3", "ce:initials": "F.", "@_fa": "true", "ce:surname": "Couche", "ce:indexed-name": "Couche F."}, {"@seq": "4", "ce:initials": "F.", "@_fa": "true", "ce:surname": "Fays", "ce:indexed-name": "Fays F."}, {"@seq": "5", "ce:initials": "X.", "@_fa": "true", "ce:surname": "Santolaria", "ce:indexed-name": "Santolaria X."}, {"@seq": "6", "ce:initials": "R.", "@_fa": "true", "ce:surname": "Janky", "ce:indexed-name": "Janky R."}, {"@seq": "7", "ce:initials": "S.J.", "@_fa": "true", "ce:surname": "Wodak", "ce:indexed-name": "Wodak S.J."}]}, "ref-sourcetitle": "Nucleic Acids Research"}}, {"ref-fulltext": "Li, C., Henry, C.S., Jankowski, M.D., Ionita, J.A., Hatzimanikatis, V., Broadbelt, L.J., Computational discovery of biochemical routes to specialty chemicals. Chemical Engineering Science 59:22\u201323 (2004), 5051\u20135060, 10.1016/j.ces.2004.09.021.", "@id": "42", "ref-info": {"ref-publicationyear": {"@first": "2004"}, "ref-title": {"ref-titletext": "Computational discovery of biochemical routes to specialty chemicals"}, "refd-itemidlist": {"itemid": [{"$": "10.1016/j.ces.2004.09.021", "@idtype": "DOI"}, {"$": "bib0042", "@idtype": "FRAGMENTID"}, {"$": "8744251043", "@idtype": "SGR"}]}, "ref-volisspag": {"voliss": {"@volume": "59", "@issue": "22-23"}, "pagerange": {"@first": "5051", "@last": "5060"}}, "ref-authors": {"author": [{"@seq": "1", "ce:initials": "C.", "@_fa": "true", "ce:surname": "Li", "ce:indexed-name": "Li C."}, {"@seq": "2", "ce:initials": "C.S.", "@_fa": "true", "ce:surname": "Henry", "ce:indexed-name": "Henry C.S."}, {"@seq": "3", "ce:initials": "M.D.", "@_fa": "true", "ce:surname": "Jankowski", "ce:indexed-name": "Jankowski M.D."}, {"@seq": "4", "ce:initials": "J.A.", "@_fa": "true", "ce:surname": "Ionita", "ce:indexed-name": "Ionita J.A."}, {"@seq": "5", "ce:initials": "V.", "@_fa": "true", "ce:surname": "Hatzimanikatis", "ce:indexed-name": "Hatzimanikatis V."}, {"@seq": "6", "ce:initials": "L.J.", "@_fa": "true", "ce:surname": "Broadbelt", "ce:indexed-name": "Broadbelt L.J."}]}, "ref-sourcetitle": "Chemical Engineering Science"}}, {"ref-fulltext": "Liu, X.-Y., Wu, J., Zhou, Z.-H., Exploratory under-sampling for class-imbalance learning. Sixth international conference on data mining (ICDM \u201906), 2006, 965\u2013969, 10.1109/ICDM.2006.68.", "@id": "43", "ref-info": {"ref-publicationyear": {"@first": "2006"}, "ref-title": {"ref-titletext": "Exploratory under-sampling for class-imbalance learning"}, "refd-itemidlist": {"itemid": [{"$": "10.1109/ICDM.2006.68", "@idtype": "DOI"}, {"$": "bib0043", "@idtype": "FRAGMENTID"}, {"$": "84878083672", "@idtype": "SGR"}]}, "ref-volisspag": {"pagerange": {"@first": "965", "@last": "969"}}, "ref-authors": {"author": [{"@seq": "1", "ce:initials": "X.-Y.", "@_fa": "true", "ce:surname": "Liu", "ce:indexed-name": "Liu X.-Y."}, {"@seq": "2", "ce:initials": "J.", "@_fa": "true", "ce:surname": "Wu", "ce:indexed-name": "Wu J."}, {"@seq": "3", "ce:initials": "Z.-H.", "@_fa": "true", "ce:surname": "Zhou", "ce:indexed-name": "Zhou Z.-H."}]}, "ref-sourcetitle": "Sixth international conference on data mining (ICDM \u201906)"}}, {"ref-fulltext": "Mu, F., Unkefer, C.J., Unkefer, P.J., Hlavacek, W.S., Prediction of metabolic reactions based on atomic and molecular properties of small-molecule compounds. Bioinformatics 27:11 (2011), 1537\u20131545, 10.1093/bioinformatics/btr177.", "@id": "44", "ref-info": {"ref-publicationyear": {"@first": "2011"}, "ref-title": {"ref-titletext": "Prediction of metabolic reactions based on atomic and molecular properties of small-molecule compounds"}, "refd-itemidlist": {"itemid": [{"$": "10.1093/bioinformatics/btr177", "@idtype": "DOI"}, {"$": "bib0044", "@idtype": "FRAGMENTID"}, {"$": "79957842729", "@idtype": "SGR"}]}, "ref-volisspag": {"voliss": {"@volume": "27", "@issue": "11"}, "pagerange": {"@first": "1537", "@last": "1545"}}, "ref-authors": {"author": [{"@seq": "1", "ce:initials": "F.", "@_fa": "true", "ce:surname": "Mu", "ce:indexed-name": "Mu F."}, {"@seq": "2", "ce:initials": "C.J.", "@_fa": "true", "ce:surname": "Unkefer", "ce:indexed-name": "Unkefer C.J."}, {"@seq": "3", "ce:initials": "P.J.", "@_fa": "true", "ce:surname": "Unkefer", "ce:indexed-name": "Unkefer P.J."}, {"@seq": "4", "ce:initials": "W.S.", "@_fa": "true", "ce:surname": "Hlavacek", "ce:indexed-name": "Hlavacek W.S."}]}, "ref-sourcetitle": "Bioinformatics"}}, {"ref-fulltext": "Nelson, D.L., Cox, M.M., Lehninger principles of biochemistry. 4th, 2004, W. H. Freeman, New York.", "@id": "45", "ref-info": {"ref-publicationyear": {"@first": "2004"}, "ref-title": {"ref-titletext": "Lehninger principles of biochemistry"}, "refd-itemidlist": {"itemid": [{"$": "bib0045", "@idtype": "FRAGMENTID"}, {"$": "0004026407", "@idtype": "SGR"}]}, "ref-text": "4th W. H. Freeman New York", "ref-authors": {"author": [{"@seq": "1", "ce:initials": "D.L.", "@_fa": "true", "ce:surname": "Nelson", "ce:indexed-name": "Nelson D.L."}, {"@seq": "2", "ce:initials": "M.M.", "@_fa": "true", "ce:surname": "Cox", "ce:indexed-name": "Cox M.M."}]}}}, {"ref-fulltext": "Quinlan, J.R., C4.5: Programs for machine learning. 1993, Morgan Kaufmann Publishers Inc., San Francisco, CA, USA.", "@id": "46", "ref-info": {"ref-publicationyear": {"@first": "1993"}, "ref-title": {"ref-titletext": "C4.5: Programs for machine learning"}, "refd-itemidlist": {"itemid": [{"$": "bib0046", "@idtype": "FRAGMENTID"}, {"$": "0003500248", "@idtype": "SGR"}]}, "ref-text": "Morgan Kaufmann Publishers Inc. San Francisco, CA, USA", "ref-authors": {"author": [{"@seq": "1", "ce:initials": "J.R.", "@_fa": "true", "ce:surname": "Quinlan", "ce:indexed-name": "Quinlan J.R."}]}}}, {"ref-fulltext": "Raymond, J.W., Gardiner, E.J., Willett, P., Heuristics for similarity searching of chemical graphs using a maximum common edge subgraph algorithm. Journal of Chemical Information and Computer Sciences 42:2 (2002), 305\u2013316, 10.1021/ci010381f.", "@id": "47", "ref-info": {"ref-publicationyear": {"@first": "2002"}, "ref-title": {"ref-titletext": "Heuristics for similarity searching of chemical graphs using a maximum common edge subgraph algorithm"}, "refd-itemidlist": {"itemid": [{"$": "10.1021/ci010381f", "@idtype": "DOI"}, {"$": "bib0047", "@idtype": "FRAGMENTID"}, {"$": "0036522746", "@idtype": "SGR"}]}, "ref-volisspag": {"voliss": {"@volume": "42", "@issue": "2"}, "pagerange": {"@first": "305", "@last": "316"}}, "ref-authors": {"author": [{"@seq": "1", "ce:initials": "J.W.", "@_fa": "true", "ce:surname": "Raymond", "ce:indexed-name": "Raymond J.W."}, {"@seq": "2", "ce:initials": "E.J.", "@_fa": "true", "ce:surname": "Gardiner", "ce:indexed-name": "Gardiner E.J."}, {"@seq": "3", "ce:initials": "P.", "@_fa": "true", "ce:surname": "Willett", "ce:indexed-name": "Willett P."}]}, "ref-sourcetitle": "Journal of Chemical Information and Computer Sciences"}}, {"ref-fulltext": "Rousseeuw, P.J., Silhouettes: A graphical aid to the interpretation and validation of cluster analysis. Journal of Applied Mathematics and Computing 20 (1987), 53\u201365, 10.1016/0377-0427(87)90125-7.", "@id": "48", "ref-info": {"ref-publicationyear": {"@first": "1987"}, "ref-title": {"ref-titletext": "Silhouettes: A graphical aid to the interpretation and validation of cluster analysis"}, "refd-itemidlist": {"itemid": [{"$": "10.1016/0377-0427(87)90125-7", "@idtype": "DOI"}, {"$": "bib0048", "@idtype": "FRAGMENTID"}, {"$": "0023453329", "@idtype": "SGR"}]}, "ref-volisspag": {"voliss": {"@volume": "20"}, "pagerange": {"@first": "53", "@last": "65"}}, "ref-authors": {"author": [{"@seq": "1", "ce:initials": "P.J.", "@_fa": "true", "ce:surname": "Rousseeuw", "ce:indexed-name": "Rousseeuw P.J."}]}, "ref-sourcetitle": "Journal of Applied Mathematics and Computing"}}, {"ref-fulltext": "Saeys, Y., Inza, I.n., Larra\u00f1aga, P., A review of feature selection techniques in bioinformatics. Bioinformatics 23:19 (2007), 2507\u20132517, 10.1093/bioinformatics/btm344.", "@id": "49", "ref-info": {"ref-publicationyear": {"@first": "2007"}, "ref-title": {"ref-titletext": "A review of feature selection techniques in bioinformatics"}, "refd-itemidlist": {"itemid": [{"$": "10.1093/bioinformatics/btm344", "@idtype": "DOI"}, {"$": "bib0049", "@idtype": "FRAGMENTID"}, {"$": "35748932917", "@idtype": "SGR"}]}, "ref-volisspag": {"voliss": {"@volume": "23", "@issue": "19"}, "pagerange": {"@first": "2507", "@last": "2517"}}, "ref-authors": {"author": [{"@seq": "1", "ce:initials": "Y.", "@_fa": "true", "ce:surname": "Saeys", "ce:indexed-name": "Saeys Y."}, {"@seq": "2", "ce:initials": "I.N.", "@_fa": "true", "ce:surname": "Inza", "ce:indexed-name": "Inza I.N."}, {"@seq": "3", "ce:initials": "P.", "@_fa": "true", "ce:surname": "Larra\u00f1aga", "ce:indexed-name": "Larranaga P."}]}, "ref-sourcetitle": "Bioinformatics"}}, {"ref-fulltext": "Steinbeck, C., Han, Y., Kuhn, S., Horlacher, O., Luttmann, E., Willighagen, E., The chemistry development kit (CDK): An open-source java library for chemo- and bioinformatics. Journal of Chemical Information and Computer Sciences 43:2 (2003), 493\u2013500, 10.1021/ci025584y.", "@id": "50", "ref-info": {"ref-publicationyear": {"@first": "2003"}, "ref-title": {"ref-titletext": "The chemistry development kit (CDK): An open-source java library for chemo- and bioinformatics."}, "refd-itemidlist": {"itemid": [{"$": "10.1021/ci025584y", "@idtype": "DOI"}, {"$": "bib0050", "@idtype": "FRAGMENTID"}, {"$": "0037361967", "@idtype": "SGR"}]}, "ref-volisspag": {"voliss": {"@volume": "43", "@issue": "2"}, "pagerange": {"@first": "493", "@last": "500"}}, "ref-authors": {"author": [{"@seq": "1", "ce:initials": "C.", "@_fa": "true", "ce:surname": "Steinbeck", "ce:indexed-name": "Steinbeck C."}, {"@seq": "2", "ce:initials": "Y.", "@_fa": "true", "ce:surname": "Han", "ce:indexed-name": "Han Y."}, {"@seq": "3", "ce:initials": "S.", "@_fa": "true", "ce:surname": "Kuhn", "ce:indexed-name": "Kuhn S."}, {"@seq": "4", "ce:initials": "O.", "@_fa": "true", "ce:surname": "Horlacher", "ce:indexed-name": "Horlacher O."}, {"@seq": "5", "ce:initials": "E.", "@_fa": "true", "ce:surname": "Luttmann", "ce:indexed-name": "Luttmann E."}, {"@seq": "6", "ce:initials": "E.", "@_fa": "true", "ce:surname": "Willighagen", "ce:indexed-name": "Willighagen E."}]}, "ref-sourcetitle": "Journal of Chemical Information and Computer Sciences"}}, {"ref-fulltext": "Stewart, J.J.P., Optimization of parameters for semiempirical methods V: Modification of NDDO approximations and application to 70 elements. Journal of Molecular Model 13:12 (2007), 1173\u20131213, 10.1007/s00894-007-0233-4.", "@id": "51", "ref-info": {"ref-publicationyear": {"@first": "2007"}, "ref-title": {"ref-titletext": "Optimization of parameters for semiempirical methods V: Modification of NDDO approximations and application to 70 elements"}, "refd-itemidlist": {"itemid": [{"$": "10.1007/s00894-007-0233-4", "@idtype": "DOI"}, {"$": "bib0051", "@idtype": "FRAGMENTID"}, {"$": "35448937584", "@idtype": "SGR"}]}, "ref-volisspag": {"voliss": {"@volume": "13", "@issue": "12"}, "pagerange": {"@first": "1173", "@last": "1213"}}, "ref-authors": {"author": [{"@seq": "1", "ce:initials": "J.J.P.", "@_fa": "true", "ce:surname": "Stewart", "ce:indexed-name": "Stewart J.J.P."}]}, "ref-sourcetitle": "Journal of Molecular Model"}}, {"ref-fulltext": "Sun, Y., Wong, A.K.C., Kamel, M.S., Classification of imbalanced data: A review. International Journal Pattern of Recognition 23:04 (2009), 687\u2013719, 10.1142/S0218001409007326.", "@id": "52", "ref-info": {"ref-publicationyear": {"@first": "2009"}, "ref-title": {"ref-titletext": "Classification of imbalanced data: A review"}, "refd-itemidlist": {"itemid": [{"$": "10.1142/S0218001409007326", "@idtype": "DOI"}, {"$": "bib0052", "@idtype": "FRAGMENTID"}, {"$": "67650706774", "@idtype": "SGR"}]}, "ref-volisspag": {"voliss": {"@volume": "23", "@issue": "4"}, "pagerange": {"@first": "687", "@last": "719"}}, "ref-authors": {"author": [{"@seq": "1", "ce:initials": "Y.", "@_fa": "true", "ce:surname": "Sun", "ce:indexed-name": "Sun Y."}, {"@seq": "2", "ce:initials": "A.K.C.", "@_fa": "true", "ce:surname": "Wong", "ce:indexed-name": "Wong A.K.C."}, {"@seq": "3", "ce:initials": "M.S.", "@_fa": "true", "ce:surname": "Kamel", "ce:indexed-name": "Kamel M.S."}]}, "ref-sourcetitle": "International Journal Pattern of Recognition"}}, {"ref-fulltext": "Thanathamathee, P., Lursinsap, C., Handling imbalanced data sets with synthetic boundary data generation using bootstrap re-sampling and adaboost techniques. Pattern Recognition Letters 34:12 (2013), 1339\u20131347, 10.1016/j.patrec.2013.04.019.", "@id": "53", "ref-info": {"ref-publicationyear": {"@first": "2013"}, "ref-title": {"ref-titletext": "Handling imbalanced data sets with synthetic boundary data generation using bootstrap re-sampling and adaboost techniques"}, "refd-itemidlist": {"itemid": [{"$": "10.1016/j.patrec.2013.04.019", "@idtype": "DOI"}, {"$": "bib0053", "@idtype": "FRAGMENTID"}, {"$": "84878457382", "@idtype": "SGR"}]}, "ref-volisspag": {"voliss": {"@volume": "34", "@issue": "12"}, "pagerange": {"@first": "1339", "@last": "1347"}}, "ref-authors": {"author": [{"@seq": "1", "ce:initials": "P.", "@_fa": "true", "ce:surname": "Thanathamathee", "ce:indexed-name": "Thanathamathee P."}, {"@seq": "2", "ce:initials": "C.", "@_fa": "true", "ce:surname": "Lursinsap", "ce:indexed-name": "Lursinsap C."}]}, "ref-sourcetitle": "Pattern Recognition Letters"}}, {"ref-fulltext": "Visa, S., Issues in mining imbalanced data sets - a review paper. Proceedings of the sixteen midwest artificial intelligence and cognitive science conference, 2005, 67\u201373.", "@id": "54", "ref-info": {"ref-publicationyear": {"@first": "2005"}, "ref-title": {"ref-titletext": "Issues in mining imbalanced data sets - a review paper"}, "refd-itemidlist": {"itemid": [{"$": "bib0054", "@idtype": "FRAGMENTID"}, {"$": "44649122417", "@idtype": "SGR"}]}, "ref-volisspag": {"pagerange": {"@first": "67", "@last": "73"}}, "ref-authors": {"author": [{"@seq": "1", "ce:initials": "S.", "@_fa": "true", "ce:surname": "Visa", "ce:indexed-name": "Visa S."}]}, "ref-sourcetitle": "Proceedings of the sixteen midwest artificial intelligence and cognitive science conference"}}, {"ref-fulltext": "Wasikowski, M., w. Chen, X., Combating the small sample class imbalance problem using feature selection. IEEE Transactions on Knowledge and Data Engineering 22:10 (2010), 1388\u20131400, 10.1109/TKDE.2009.187.", "@id": "55", "ref-info": {"ref-publicationyear": {"@first": "2010"}, "ref-title": {"ref-titletext": "Combating the small sample class imbalance problem using feature selection"}, "refd-itemidlist": {"itemid": [{"$": "10.1109/TKDE.2009.187", "@idtype": "DOI"}, {"$": "bib0055", "@idtype": "FRAGMENTID"}, {"$": "77956023732", "@idtype": "SGR"}]}, "ref-volisspag": {"voliss": {"@volume": "22", "@issue": "10"}, "pagerange": {"@first": "1388", "@last": "1400"}}, "ref-authors": {"author": [{"@seq": "1", "ce:initials": "M.", "@_fa": "true", "ce:surname": "Wasikowski", "ce:indexed-name": "Wasikowski M."}, {"@seq": "2", "ce:initials": "X.", "@_fa": "true", "ce:surname": "w. Chen", "ce:indexed-name": "w. Chen X."}]}, "ref-sourcetitle": "IEEE Transactions on Knowledge and Data Engineering"}}, {"ref-fulltext": "Wood, M.J., Hirst, J.D., Recent applications of neural networks in bioinformatics. Apolloni, B., Marinaro, M., Tagliaferri, R., (eds.) Biological and artificial intelligence environments, 2005, Springer Netherlands, 91\u201397, 10.1007/1-4020-3432-6_11.", "@id": "56", "ref-info": {"ref-publicationyear": {"@first": "2005"}, "ref-title": {"ref-titletext": "Recent applications of neural networks in bioinformatics"}, "refd-itemidlist": {"itemid": [{"$": "10.1007/1-4020-3432-6_11", "@idtype": "DOI"}, {"$": "bib0056", "@idtype": "FRAGMENTID"}, {"$": "45949104347", "@idtype": "SGR"}]}, "ref-volisspag": {"pagerange": {"@first": "91", "@last": "97"}}, "ref-text": "B. Apolloni M. Marinaro R. Tagliaferri Springer Netherlands", "ref-authors": {"author": [{"@seq": "1", "ce:initials": "M.J.", "@_fa": "true", "ce:surname": "Wood", "ce:indexed-name": "Wood M.J."}, {"@seq": "2", "ce:initials": "J.D.", "@_fa": "true", "ce:surname": "Hirst", "ce:indexed-name": "Hirst J.D."}]}, "ref-sourcetitle": "Biological and artificial intelligence environments"}}, {"ref-fulltext": "Yoon, K., Kwek, S., An unsupervised learning approach to resolving the data imbalanced issue in supervised learning problems in functional genomics. Fifth international conference on hybrid intelligent systems (HIS'05), 2005, 6, 10.1109/ICHIS.2005.23.", "@id": "57", "ref-info": {"ref-publicationyear": {"@first": "2005"}, "ref-title": {"ref-titletext": "An unsupervised learning approach to resolving the data imbalanced issue in supervised learning problems in functional genomics"}, "refd-itemidlist": {"itemid": [{"$": "10.1109/ICHIS.2005.23", "@idtype": "DOI"}, {"$": "bib0057", "@idtype": "FRAGMENTID"}, {"$": "33846986488", "@idtype": "SGR"}]}, "ref-volisspag": {"pagerange": {"@first": "6"}}, "ref-authors": {"author": [{"@seq": "1", "ce:initials": "K.", "@_fa": "true", "ce:surname": "Yoon", "ce:indexed-name": "Yoon K."}, {"@seq": "2", "ce:initials": "S.", "@_fa": "true", "ce:surname": "Kwek", "ce:indexed-name": "Kwek S."}]}, "ref-sourcetitle": "Fifth international conference on hybrid intelligent systems (HIS'05)"}}, {"ref-fulltext": "Zheng, Z., Wu, X., Srihari, R., Feature selection for text categorization on imbalanced data. SIGKDD Explorations Newsletter 6:1 (2004), 80\u201389, 10.1145/1007730.1007741.", "@id": "58", "ref-info": {"ref-publicationyear": {"@first": "2004"}, "ref-title": {"ref-titletext": "Feature selection for text categorization on imbalanced data"}, "refd-itemidlist": {"itemid": [{"$": "10.1145/1007730.1007741", "@idtype": "DOI"}, {"$": "bib0058", "@idtype": "FRAGMENTID"}, {"$": "16644402628", "@idtype": "SGR"}]}, "ref-volisspag": {"voliss": {"@volume": "6", "@issue": "1"}, "pagerange": {"@first": "80", "@last": "89"}}, "ref-authors": {"author": [{"@seq": "1", "ce:initials": "Z.", "@_fa": "true", "ce:surname": "Zheng", "ce:indexed-name": "Zheng Z."}, {"@seq": "2", "ce:initials": "X.", "@_fa": "true", "ce:surname": "Wu", "ce:indexed-name": "Wu X."}, {"@seq": "3", "ce:initials": "R.", "@_fa": "true", "ce:surname": "Srihari", "ce:indexed-name": "Srihari R."}]}, "ref-sourcetitle": "SIGKDD Explorations Newsletter"}}, {"ref-fulltext": "Zhou, W., Nakhleh, L., The strength of chemical linkage as a criterion for pruning metabolic graphs. Bioinformatics 27:14 (2011), 1957\u20131963, 10.1093/bioinformatics/btr271.", "@id": "59", "ref-info": {"ref-publicationyear": {"@first": "2011"}, "ref-title": {"ref-titletext": "The strength of chemical linkage as a criterion for pruning metabolic graphs"}, "refd-itemidlist": {"itemid": [{"$": "10.1093/bioinformatics/btr271", "@idtype": "DOI"}, {"$": "bib0059", "@idtype": "FRAGMENTID"}, {"$": "79960138128", "@idtype": "SGR"}]}, "ref-volisspag": {"voliss": {"@volume": "27", "@issue": "14"}, "pagerange": {"@first": "1957", "@last": "1963"}}, "ref-authors": {"author": [{"@seq": "1", "ce:initials": "W.", "@_fa": "true", "ce:surname": "Zhou", "ce:indexed-name": "Zhou W."}, {"@seq": "2", "ce:initials": "L.", "@_fa": "true", "ce:surname": "Nakhleh", "ce:indexed-name": "Nakhleh L."}]}, "ref-sourcetitle": "Bioinformatics"}}]}}}}, "affiliation": [{"affiliation-city": "Bangkok", "@id": "60028190", "affilname": "Chulalongkorn University", "@href": "https://api.elsevier.com/content/affiliation/affiliation_id/60028190", "affiliation-country": "Thailand"}, {"affiliation-city": "Nakhon Pathom", "@id": "60012718", "affilname": "Mahidol University", "@href": "https://api.elsevier.com/content/affiliation/affiliation_id/60012718", "affiliation-country": "Thailand"}], "coredata": {"srctype": "j", "eid": "2-s2.0-85021632147", "dc:description": "Automatic in silico synthesis of metabolic pathway can practically reduce the cost of wet laboratories. To achieve this, predicting whether or not two metabolites are transformable is the first essential step. The problems of predicting the possibility of transforming one metabolite into another and how to computationally synthesize a metabolic pathway were studied. These two problems were transformed to the problem of classifying features of metabolite pairs into transformable or non-transformable classes. The following two main issues were contributed in this study: (1) two new feature schemes, i.e. the projected features on their first principal component and the average features, for representing transform-ability of each metabolite pair using 2D and 3D compound structural features and (2) a method of modified imbalanced data handling by adding synthetic boundary data of different classes to balance data. Based on the E. coli reference pathways, the results of proposed features with feature selection and our imbalanced data handling approach show the better performance than the results from other methods when evaluated by several metrics. Our significant feature group possibly achieves high classification correctness of computational pathway synthesis. In pathway recovery results by a group of neural network models, 19 pathways were significantly recovered by our feature group at each recovery ratio of at least 0.5, whereas the other compared feature group gave only four significantly recovered pathways.", "prism:coverDate": "2017-12-01", "prism:aggregationType": "Journal", "prism:url": "https://api.elsevier.com/content/abstract/scopus_id/85021632147", "dc:creator": {"author": [{"ce:given-name": "Sasiporn", "preferred-name": {"ce:given-name": "Sasiporn", "ce:initials": "S.", "ce:surname": "Tongman", "ce:indexed-name": "Tongman S."}, "@seq": "1", "ce:initials": "S.", "@_fa": "true", "affiliation": {"@id": "60028190", "@href": "https://api.elsevier.com/content/affiliation/affiliation_id/60028190"}, "ce:surname": "Tongman", "@auid": "57194692035", "author-url": "https://api.elsevier.com/content/author/author_id/57194692035", "ce:indexed-name": "Tongman S."}]}, "link": [{"@_fa": "true", "@rel": "self", "@href": "https://api.elsevier.com/content/abstract/scopus_id/85021632147"}, {"@_fa": "true", "@rel": "scopus", "@href": "https://www.scopus.com/inward/record.uri?partnerID=HzOxMe3b&scp=85021632147&origin=inward"}, {"@_fa": "true", "@rel": "scopus-citedby", "@href": "https://www.scopus.com/inward/citedby.uri?partnerID=HzOxMe3b&scp=85021632147&origin=inward"}], "source-id": "24201", "pii": "S0957417417304438", "citedby-count": "5", "prism:volume": "88", "subtype": "ar", "dc:title": "Metabolic pathway synthesis based on predicting compound transformable pairs by using neural classifiers with imbalanced data handling", "openaccess": "0", "prism:issn": "09574174", "publishercopyright": "\u00a9 2017 Elsevier Ltd", "subtypeDescription": "Article", "prism:publicationName": "Expert Systems with Applications", "prism:pageRange": "45-57", "prism:endingPage": "57", "openaccessFlag": "false", "prism:doi": "10.1016/j.eswa.2017.06.026", "prism:startingPage": "45", "dc:identifier": "SCOPUS_ID:85021632147", "dc:publisher": "Elsevier Ltd"}, "idxterms": {"mainterm": [{"$": "Feature", "@weight": "b", "@candidate": "n"}, {"$": "First principal components", "@weight": "b", "@candidate": "n"}, {"$": "Imbalanced data", "@weight": "b", "@candidate": "n"}, {"$": "Metabolic pathways", "@weight": "b", "@candidate": "n"}, {"$": "Neural classifiers", "@weight": "b", "@candidate": "n"}, {"$": "Neural network model", "@weight": "b", "@candidate": "n"}, {"$": "Pathway", "@weight": "b", "@candidate": "n"}, {"$": "Structural feature", "@weight": "b", "@candidate": "n"}]}, "language": {"@xml:lang": "eng"}, "authkeywords": {"author-keyword": [{"@_fa": "true", "$": "Classification"}, {"@_fa": "true", "$": "Feature"}, {"@_fa": "true", "$": "Imbalanced data"}, {"@_fa": "true", "$": "Metabolite"}, {"@_fa": "true", "$": "Neural networks"}, {"@_fa": "true", "$": "Pathway"}]}, "subject-areas": {"subject-area": [{"@_fa": "true", "$": "Engineering (all)", "@code": "2200", "@abbrev": "ENGI"}, {"@_fa": "true", "$": "Computer Science Applications", "@code": "1706", "@abbrev": "COMP"}, {"@_fa": "true", "$": "Artificial Intelligence", "@code": "1702", "@abbrev": "COMP"}]}, "authors": {"author": [{"ce:given-name": "Sasiporn", "preferred-name": {"ce:given-name": "Sasiporn", "ce:initials": "S.", "ce:surname": "Tongman", "ce:indexed-name": "Tongman S."}, "@seq": "1", "ce:initials": "S.", "@_fa": "true", "affiliation": {"@id": "60028190", "@href": "https://api.elsevier.com/content/affiliation/affiliation_id/60028190"}, "ce:surname": "Tongman", "@auid": "57194692035", "author-url": "https://api.elsevier.com/content/author/author_id/57194692035", "ce:indexed-name": "Tongman S."}, {"ce:given-name": "Suchart", "preferred-name": {"ce:given-name": "Suchart", "ce:initials": "S.", "ce:surname": "Chanama", "ce:indexed-name": "Chanama S."}, "@seq": "2", "ce:initials": "S.", "@_fa": "true", "affiliation": {"@id": "60028190", "@href": "https://api.elsevier.com/content/affiliation/affiliation_id/60028190"}, "ce:surname": "Chanama", "@auid": "8559489000", "author-url": "https://api.elsevier.com/content/author/author_id/8559489000", "ce:indexed-name": "Chanama S."}, {"ce:given-name": "Manee", "preferred-name": {"ce:given-name": "Manee", "ce:initials": "M.", "ce:surname": "Chanama", "ce:indexed-name": "Chanama M."}, "@seq": "3", "ce:initials": "M.", "@_fa": "true", "affiliation": {"@id": "60012718", "@href": "https://api.elsevier.com/content/affiliation/affiliation_id/60012718"}, "ce:surname": "Chanama", "@auid": "6505730055", "author-url": "https://api.elsevier.com/content/author/author_id/6505730055", "ce:indexed-name": "Chanama M."}, {"ce:given-name": "Kitiporn", "preferred-name": {"ce:given-name": "Kitiporn", "ce:initials": "K.", "ce:surname": "Plaimas", "ce:indexed-name": "Plaimas K."}, "@seq": "4", "ce:initials": "K.", "@_fa": "true", "affiliation": {"@id": "60028190", "@href": "https://api.elsevier.com/content/affiliation/affiliation_id/60028190"}, "ce:surname": "Plaimas", "@auid": "36342774400", "author-url": "https://api.elsevier.com/content/author/author_id/36342774400", "ce:indexed-name": "Plaimas K."}, {"ce:given-name": "Chidchanok", "preferred-name": {"ce:given-name": "Chidchanok", "ce:initials": "C.", "ce:surname": "Lursinsap", "ce:indexed-name": "Lursinsap C."}, "@seq": "5", "ce:initials": "C.", "@_fa": "true", "affiliation": {"@id": "60028190", "@href": "https://api.elsevier.com/content/affiliation/affiliation_id/60028190"}, "ce:surname": "Lursinsap", "@auid": "55396044200", "author-url": "https://api.elsevier.com/content/author/author_id/55396044200", "ce:indexed-name": "Lursinsap C."}]}}}