{"abstracts-retrieval-response": {"item": {"ait:process-info": {"ait:status": {"@state": "update", "@type": "core", "@stage": "S300"}, "ait:date-delivered": {"@day": "29", "@timestamp": "2021-03-29T09:08:18.000018-04:00", "@year": "2021", "@month": "03"}, "ait:date-sort": {"@day": "01", "@year": "2017", "@month": "12"}}, "bibrecord": {"head": {"author-group": [{"affiliation": {"country": "Thailand", "@afid": "60199578", "@country": "tha", "city": "Bangkok", "organization": [{"$": "Section for Clinical Epidemiology and Biostatistics"}, {"$": "Faculty of Medicine"}, {"$": "Ramathibodi Hospital"}, {"$": "Mahidol University"}], "affiliation-id": [{"@afid": "60199578", "@dptid": "125771270"}, {"@afid": "60012718"}], "@dptid": "125771270"}, "author": [{"ce:given-name": "Attawood", "preferred-name": {"ce:given-name": "Attawood", "ce:initials": "A.", "ce:surname": "Lertpimonchai", "ce:indexed-name": "Lertpimonchai A."}, "@seq": "1", "ce:initials": "A.", "@_fa": "true", "@type": "auth", "ce:surname": "Lertpimonchai", "@auid": "57194638493", "ce:indexed-name": "Lertpimonchai A."}, {"ce:given-name": "Sasivimol", "preferred-name": {"ce:given-name": "Sasivimol", "ce:initials": "S.", "ce:surname": "Rattanasiri", "ce:indexed-name": "Rattanasiri S."}, "@seq": "2", "ce:initials": "S.", "@_fa": "true", "@type": "auth", "ce:surname": "Rattanasiri", "@auid": "10040489100", "ce:indexed-name": "Rattanasiri S."}, {"ce:given-name": "Sakda", "preferred-name": {"ce:given-name": "Sakda", "ce:initials": "S.", "ce:surname": "Arj-Ong Vallibhakara", "ce:indexed-name": "Arj-Ong Vallibhakara S."}, "@seq": "3", "ce:initials": "S.", "@date-locked": "2018-07-26T19:35:36.762", "@_fa": "true", "@type": "auth", "ce:surname": "Arj-Ong Vallibhakara", "@auid": "57191753773", "ce:indexed-name": "Arj-Ong Vallibhakara S."}, {"ce:given-name": "Ammarin", "preferred-name": {"ce:given-name": "Ammarin", "ce:initials": "A.", "ce:surname": "Thakkinstian", "ce:indexed-name": "Thakkinstian A."}, "@seq": "5", "ce:initials": "A.", "@_fa": "true", "@type": "auth", "ce:surname": "Thakkinstian", "@auid": "6602111727", "ce:indexed-name": "Thakkinstian A."}]}, {"affiliation": {"country": "Thailand", "@afid": "60028190", "@country": "tha", "city": "Bangkok", "organization": [{"$": "Department of Periodontology"}, {"$": "Faculty of Dentistry"}, {"$": "Chulalongkorn University"}], "affiliation-id": {"@afid": "60028190", "@dptid": "104425709"}, "@dptid": "104425709"}, "author": [{"ce:given-name": "Attawood", "preferred-name": {"ce:given-name": "Attawood", "ce:initials": "A.", "ce:surname": "Lertpimonchai", "ce:indexed-name": "Lertpimonchai A."}, "@seq": "1", "ce:initials": "A.", "@_fa": "true", "@type": "auth", "ce:surname": "Lertpimonchai", "@auid": "57194638493", "ce:indexed-name": "Lertpimonchai A."}]}, {"affiliation": {"country": "Australia", "@afid": "60183191", "@country": "aus", "city": "Newcastle", "organization": [{"$": "School of Medicine and Public Health"}, {"$": "Centre for Clinical Epidemiology and Biostatistics"}, {"$": "University of Newcastle"}], "affiliation-id": [{"@afid": "60183191"}, {"@afid": "60010571"}, {"@afid": "60017054"}], "state": "NSW"}, "author": [{"ce:given-name": "John", "preferred-name": {"ce:given-name": "John", "ce:initials": "J.", "ce:surname": "Attia", "ce:indexed-name": "Attia J."}, "@seq": "4", "ce:initials": "J.", "@date-locked": "2018-03-16T15:15:14.853", "@_fa": "true", "@type": "auth", "ce:surname": "Attia", "@auid": "7003299759", "ce:indexed-name": "Attia J."}]}, {"affiliation": {"country": "Australia", "@afid": "60089816", "@country": "aus", "city": "Newcastle", "organization": {"$": "Hunter Medical Research Institute"}, "affiliation-id": {"@afid": "60089816"}, "state": "NSW"}, "author": [{"ce:given-name": "John", "preferred-name": {"ce:given-name": "John", "ce:initials": "J.", "ce:surname": "Attia", "ce:indexed-name": "Attia J."}, "@seq": "4", "ce:initials": "J.", "@date-locked": "2018-03-16T15:15:14.853", "@_fa": "true", "@type": "auth", "ce:surname": "Attia", "@auid": "7003299759", "ce:indexed-name": "Attia J."}]}], "citation-title": "The association between oral hygiene and periodontitis: a systematic review and meta-analysis", "abstracts": "\u00a9 2017 The Authors. International Dental Journal published by John Wiley & Sons Ltd on behalf of World Dental Federation.Objective: Dental plaque accumulation and inadequate personal oral hygiene (OH) are known major risk factors of periodontitis. Nevertheless, the magnitude of their effects has not yet been the subject of a meta-analysis. Material and methods: The Medline and Scopus databases were searched up to May 2016. Observational studies were eligible if they assessed associations between OH and periodontitis in adult subjects. A multivariate random-effects meta-analysis was used to pool the effects of fair/poor OH versus good OH on periodontitis across studies. The associations between oral care habits and periodontitis were also assessed. Results: A total of 50 studies were eligible; 15 were used for pooling the effect of fair OH versus good OH and poor OH versus good OH on periodontitis, with pooled odds ratios (ORs) of 2.04 [95% confidence interval (CI): 1.65\u20132.53] and 5.01 (95% CI: 3.40\u20137.39), respectively. Eleven studies examined oral care habits measured according to toothbrushing regularity and dental visit frequency; pooled ORs of 0.66 (95% CI: 0.47\u20130.94) and 0.68 (95% CI: 0.47\u20130.98) were obtained, respectively. Conclusions: Fair to poor OH increases the risk of periodontitis by two- to five-fold. This risk can be reduced by regular toothbrushing and dental visits.", "correspondence": {"affiliation": {"country": "Thailand", "@country": "tha", "city": "Bangkok", "organization": [{"$": "Section for Clinical Epidemiology and Biostatistics"}, {"$": "Faculty of Medicine"}, {"$": "Ramathibodi Hospital"}, {"$": "Mahidol University"}]}, "person": {"ce:given-name": "Sasivimol", "ce:initials": "S.", "ce:surname": "Rattanasiri", "ce:indexed-name": "Rattanasiri S."}}, "citation-info": {"author-keywords": {"author-keyword": [{"$": "Meta-analysis", "@xml:lang": "eng"}, {"$": "oral hygiene", "@xml:lang": "eng"}, {"$": "periodontitis", "@xml:lang": "eng"}, {"$": "risk factor", "@xml:lang": "eng"}, {"$": "systematic review", "@xml:lang": "eng"}]}, "citation-type": {"@code": "re"}, "citation-language": {"@language": "English", "@xml:lang": "eng"}, "abstract-language": {"@language": "English", "@xml:lang": "eng"}}, "source": {"sourcetitle-abbrev": "Int. Dent. J.", "website": {"ce:e-address": {"$": "https://www.sciencedirect.com/journal/international-dental-journal", "@type": "email"}}, "@country": "gbr", "translated-sourcetitle": {"$": "International Dental Journal", "@xml:lang": "eng"}, "issn": [{"$": "1875595X", "@type": "electronic"}, {"$": "00206539", "@type": "print"}], "volisspag": {"voliss": {"@volume": "67", "@issue": "6"}, "pagerange": {"@first": "332", "@last": "343"}}, "@type": "j", "publicationyear": {"@first": "2017"}, "publisher": {"publishername": "Blackwell Publishing Ltd"}, "sourcetitle": "International Dental Journal", "@srcid": "25609", "publicationdate": {"month": "12", "year": "2017", "date-text": "December 2017", "day": "01"}}, "enhancement": {"classificationgroup": {"classifications": [{"@type": "ASJC", "classification": "3500"}, {"@type": "SUBJABBR", "classification": "DENT"}]}}}, "item-info": {"copyright": {"$": "Copyright 2021 Elsevier B.V., All rights reserved.", "@type": "Elsevier"}, "dbcollection": [{"$": "MOSYEA"}, {"$": "NURSNG"}, {"$": "REAXYSCAR"}, {"$": "SCOPUS"}, {"$": "SNEMB"}, {"$": "Scopusbase"}, {"$": "MEDL"}], "history": {"date-created": {"@day": "10", "@timestamp": "BST 11:47:03", "@year": "2021", "@month": "03"}}, "itemidlist": {"itemid": [{"$": "617013885", "@idtype": "PUI"}, {"$": "666292585", "@idtype": "CAR-ID"}, {"$": "2017075806", "@idtype": "MOSYEA"}, {"$": "2017223606", "@idtype": "NURSNG"}, {"$": "20171152972", "@idtype": "REAXYSCAR"}, {"$": "20172837193", "@idtype": "SCOPUS"}, {"$": "2017094050", "@idtype": "SNEMB"}, {"$": "85021387122", "@idtype": "SCP"}, {"$": "85021387122", "@idtype": "SGR"}, {"$": "623395610", "@idtype": "PUIsecondary"}, {"$": "28646499", "@idtype": "MEDL"}], "ce:pii": "S0020653920318554", "ce:doi": "10.1111/idj.12317"}}, "tail": {"bibliography": {"@refcount": "77", "reference": [{"ref-fulltext": "Kassebaum NJ, Bernabe E, Dahiya M et al. Global burden of severe periodontitis in 1990\u20132010: a systematic review and meta-regression. J Dent Res 2014 93: 1045\u20131053.", "@id": "1", "ref-info": {"ref-publicationyear": {"@first": "2014"}, "ref-title": {"ref-titletext": "Global burden of severe periodontitis in 1990\u20132010: a systematic review and meta-regression"}, "refd-itemidlist": {"itemid": [{"$": "idj12317-cit-0001", "@idtype": "FRAGMENTID"}, {"$": "84910049225", "@idtype": "SGR"}]}, "ref-volisspag": {"voliss": {"@volume": "93"}, "pagerange": {"@first": "1045", "@last": "1053"}}, "ref-authors": {"author": [{"@seq": "1", "ce:initials": "N.J.", "@_fa": "true", "ce:surname": "Kassebaum", "ce:indexed-name": "Kassebaum N.J."}, {"@seq": "2", "ce:initials": "E.", "@_fa": "true", "ce:surname": "Bernabe", "ce:indexed-name": "Bernabe E."}, {"@seq": "3", "ce:initials": "M.", "@_fa": "true", "ce:surname": "Dahiya", "ce:indexed-name": "Dahiya M."}], "et-al": null}, "ref-sourcetitle": "J Dent Res"}}, {"ref-fulltext": "Van Dyke TE, Sheilesh D. Risk factors for periodontitis. J Int Acad Periodontol 2005 7: 3\u20137.", "@id": "2", "ref-info": {"ref-publicationyear": {"@first": "2005"}, "ref-title": {"ref-titletext": "Risk factors for periodontitis"}, "refd-itemidlist": {"itemid": [{"$": "idj12317-cit-0002", "@idtype": "FRAGMENTID"}, {"$": "14744272786", "@idtype": "SGR"}]}, "ref-volisspag": {"voliss": {"@volume": "7"}, "pagerange": {"@first": "3", "@last": "7"}}, "ref-authors": {"author": [{"@seq": "1", "ce:initials": "T.E.", "@_fa": "true", "ce:surname": "Van Dyke", "ce:indexed-name": "Van Dyke T.E."}, {"@seq": "2", "ce:initials": "D.", "@_fa": "true", "ce:surname": "Sheilesh", "ce:indexed-name": "Sheilesh D."}]}, "ref-sourcetitle": "J Int Acad Periodontol"}}, {"ref-fulltext": "Bakdash B. Oral hygiene and compliance as risk factors in periodontitis. J Periodontol 1994 65(5 Suppl): 539\u2013544.", "@id": "3", "ref-info": {"ref-publicationyear": {"@first": "1994"}, "ref-title": {"ref-titletext": "Oral hygiene and compliance as risk factors in periodontitis"}, "refd-itemidlist": {"itemid": [{"$": "idj12317-cit-0003", "@idtype": "FRAGMENTID"}, {"$": "0028431709", "@idtype": "SGR"}]}, "ref-volisspag": {"voliss": {"@volume": "65", "@issue": "5"}, "pagerange": {"@first": "539", "@last": "544"}}, "ref-authors": {"author": [{"@seq": "1", "ce:initials": "B.", "@_fa": "true", "ce:surname": "Bakdash", "ce:indexed-name": "Bakdash B."}]}, "ref-sourcetitle": "J Periodontol"}}, {"ref-fulltext": "Moher D, Liberati A, Tetzlaff J et al. Preferred reporting items for systematic reviews and meta-analyses: the PRISMA statement. PLoS Med 2009 6: e1000097.", "@id": "4", "ref-info": {"ref-publicationyear": {"@first": "2009"}, "ref-title": {"ref-titletext": "Preferred reporting items for systematic reviews and meta-analyses: the PRISMA statement"}, "refd-itemidlist": {"itemid": [{"$": "idj12317-cit-0004", "@idtype": "FRAGMENTID"}, {"$": "e1000097", "@idtype": "ARTNUM"}, {"$": "68049122102", "@idtype": "SGR"}]}, "ref-volisspag": {"voliss": {"@volume": "6"}}, "ref-authors": {"author": [{"@seq": "1", "ce:initials": "D.", "@_fa": "true", "ce:surname": "Moher", "ce:indexed-name": "Moher D."}, {"@seq": "2", "ce:initials": "A.", "@_fa": "true", "ce:surname": "Liberati", "ce:indexed-name": "Liberati A."}, {"@seq": "3", "ce:initials": "J.", "@_fa": "true", "ce:surname": "Tetzlaff", "ce:indexed-name": "Tetzlaff J."}], "et-al": null}, "ref-sourcetitle": "PLoS Med"}}, {"ref-fulltext": "Greene JC, Vermillion JR. The simplified oral hygiene index. J Am Dent Assoc 1964 68: 7\u201313.", "@id": "5", "ref-info": {"ref-publicationyear": {"@first": "1964"}, "ref-title": {"ref-titletext": "The simplified oral hygiene index"}, "refd-itemidlist": {"itemid": [{"$": "idj12317-cit-0005", "@idtype": "FRAGMENTID"}, {"$": "0002800575", "@idtype": "SGR"}]}, "ref-volisspag": {"voliss": {"@volume": "68"}, "pagerange": {"@first": "7", "@last": "13"}}, "ref-authors": {"author": [{"@seq": "1", "ce:initials": "J.C.", "@_fa": "true", "ce:surname": "Greene", "ce:indexed-name": "Greene J.C."}, {"@seq": "2", "ce:initials": "J.R.", "@_fa": "true", "ce:surname": "Vermillion", "ce:indexed-name": "Vermillion J.R."}]}, "ref-sourcetitle": "J Am Dent Assoc"}}, {"ref-fulltext": "Silness J, Loe H. Periodontal disease in pregnancy. II. Correlation between oral hygiene and periodontal condition. Acta Odontol Scand 1964 22: 121\u2013135.", "@id": "6", "ref-info": {"ref-publicationyear": {"@first": "1964"}, "ref-title": {"ref-titletext": "Periodontal disease in pregnancy. II. Correlation between oral hygiene and periodontal condition"}, "refd-itemidlist": {"itemid": [{"$": "idj12317-cit-0006", "@idtype": "FRAGMENTID"}, {"$": "75949163484", "@idtype": "SGR"}]}, "ref-volisspag": {"voliss": {"@volume": "22"}, "pagerange": {"@first": "121", "@last": "135"}}, "ref-authors": {"author": [{"@seq": "1", "ce:initials": "J.", "@_fa": "true", "ce:surname": "Silness", "ce:indexed-name": "Silness J."}, {"@seq": "2", "ce:initials": "H.", "@_fa": "true", "ce:surname": "Loe", "ce:indexed-name": "Loe H."}]}, "ref-sourcetitle": "Acta Odontol Scand"}}, {"ref-fulltext": "O'Leary TJ, Drake RB, Naylor JE. The plaque control record. J Periodontol 1972 43: 38.", "@id": "7", "ref-info": {"ref-publicationyear": {"@first": "1972"}, "ref-title": {"ref-titletext": "The plaque control record"}, "refd-itemidlist": {"itemid": [{"$": "idj12317-cit-0007", "@idtype": "FRAGMENTID"}, {"$": "0015265378", "@idtype": "SGR"}]}, "ref-volisspag": {"voliss": {"@volume": "43"}, "pagerange": {"@first": "38"}}, "ref-authors": {"author": [{"@seq": "1", "ce:initials": "T.J.", "@_fa": "true", "ce:surname": "O'Leary", "ce:indexed-name": "O'Leary T.J."}, {"@seq": "2", "ce:initials": "R.B.", "@_fa": "true", "ce:surname": "Drake", "ce:indexed-name": "Drake R.B."}, {"@seq": "3", "ce:initials": "J.E.", "@_fa": "true", "ce:surname": "Naylor", "ce:indexed-name": "Naylor J.E."}]}, "ref-sourcetitle": "J Periodontol"}}, {"ref-fulltext": "Wells GA, Shea B, O'Connell D et al. The Newcastle-Ottawa Scale (NOS) for assessing the quality of nonrandomised studies in meta-analyses. Available from: http://www.ohri.ca/programs/clinical_epidemiology/oxford.asp. Accessed 22 August 2016.", "@id": "8", "ref-info": {"ref-website": {"ce:e-address": {"$": "http://www.ohri.ca/programs/clinical_epidemiology/oxford.asp", "@type": "email"}}, "refd-itemidlist": {"itemid": [{"$": "idj12317-cit-0008", "@idtype": "FRAGMENTID"}, {"$": "13644257725", "@idtype": "SGR"}]}, "ref-text": "Available from, Accessed 22 August 2016", "ref-authors": {"author": [{"@seq": "1", "ce:initials": "G.A.", "@_fa": "true", "ce:surname": "Wells", "ce:indexed-name": "Wells G.A."}, {"@seq": "2", "ce:initials": "B.", "@_fa": "true", "ce:surname": "Shea", "ce:indexed-name": "Shea B."}, {"@seq": "3", "ce:initials": "D.", "@_fa": "true", "ce:surname": "O'Connell", "ce:indexed-name": "O'Connell D."}], "et-al": null}, "ref-sourcetitle": "The Newcastle-Ottawa Scale (NOS) for assessing the quality of nonrandomised studies in meta-analyses"}}, {"ref-fulltext": "White IR. Multivariate random-effects meta-regression: updates to mvmeta. Stata J 2011 11: 255\u2013270.", "@id": "9", "ref-info": {"ref-publicationyear": {"@first": "2011"}, "ref-title": {"ref-titletext": "Multivariate random-effects meta-regression: updates to mvmeta"}, "refd-itemidlist": {"itemid": [{"$": "idj12317-cit-0009", "@idtype": "FRAGMENTID"}, {"$": "79960824714", "@idtype": "SGR"}]}, "ref-volisspag": {"voliss": {"@volume": "11"}, "pagerange": {"@first": "255", "@last": "270"}}, "ref-authors": {"author": [{"@seq": "1", "ce:initials": "I.R.", "@_fa": "true", "ce:surname": "White", "ce:indexed-name": "White I.R."}]}, "ref-sourcetitle": "Stata J"}}, {"ref-fulltext": "Riley RD, Thompson JR, Abrams KR. An alternative model for bivariate random-effects meta-analysis when the within-study correlations are unknown. Biostatistics 2008 9: 172\u2013186.", "@id": "10", "ref-info": {"ref-publicationyear": {"@first": "2008"}, "ref-title": {"ref-titletext": "An alternative model for bivariate random-effects meta-analysis when the within-study correlations are unknown"}, "refd-itemidlist": {"itemid": [{"$": "idj12317-cit-0010", "@idtype": "FRAGMENTID"}, {"$": "37249067617", "@idtype": "SGR"}]}, "ref-volisspag": {"voliss": {"@volume": "9"}, "pagerange": {"@first": "172", "@last": "186"}}, "ref-authors": {"author": [{"@seq": "1", "ce:initials": "R.D.", "@_fa": "true", "ce:surname": "Riley", "ce:indexed-name": "Riley R.D."}, {"@seq": "2", "ce:initials": "J.R.", "@_fa": "true", "ce:surname": "Thompson", "ce:indexed-name": "Thompson J.R."}, {"@seq": "3", "ce:initials": "K.R.", "@_fa": "true", "ce:surname": "Abrams", "ce:indexed-name": "Abrams K.R."}]}, "ref-sourcetitle": "Biostatistics"}}, {"ref-fulltext": "DerSimonian R, Laird N. Meta-analysis in clinical trials. Control CliniTrials 1986 7: 177\u2013188.", "@id": "11", "ref-info": {"ref-publicationyear": {"@first": "1986"}, "refd-itemidlist": {"itemid": [{"$": "idj12317-cit-0011", "@idtype": "FRAGMENTID"}, {"$": "0022992740", "@idtype": "SGR"}]}, "ref-volisspag": {"voliss": {"@volume": "7"}, "pagerange": {"@first": "177", "@last": "188"}}, "ref-authors": {"author": [{"@seq": "1", "ce:initials": "R.", "@_fa": "true", "ce:surname": "DerSimonian", "ce:indexed-name": "DerSimonian R."}, {"@seq": "2", "ce:initials": "N.", "@_fa": "true", "ce:surname": "Laird", "ce:indexed-name": "Laird N."}]}, "ref-sourcetitle": "Meta-analysis in clinical trials. Control CliniTrials"}}, {"ref-fulltext": "Atkins D, Best D, Briss PA et al. Grading quality of evidence and strength of recommendations. BMJ 2004 328: 1490.", "@id": "12", "ref-info": {"ref-publicationyear": {"@first": "2004"}, "ref-title": {"ref-titletext": "Grading quality of evidence and strength of recommendations"}, "refd-itemidlist": {"itemid": [{"$": "idj12317-cit-0012", "@idtype": "FRAGMENTID"}, {"$": "84974793861", "@idtype": "SGR"}]}, "ref-volisspag": {"voliss": {"@volume": "328"}, "pagerange": {"@first": "1490"}}, "ref-authors": {"author": [{"@seq": "1", "ce:initials": "D.", "@_fa": "true", "ce:surname": "Atkins", "ce:indexed-name": "Atkins D."}, {"@seq": "2", "ce:initials": "D.", "@_fa": "true", "ce:surname": "Best", "ce:indexed-name": "Best D."}, {"@seq": "3", "ce:initials": "P.A.", "@_fa": "true", "ce:surname": "Briss", "ce:indexed-name": "Briss P.A."}], "et-al": null}, "ref-sourcetitle": "BMJ"}}, {"ref-fulltext": "Guyatt G, Oxman AD, Akl EA et al. GRADE guidelines: 1. Introduction-GRADE evidence profiles and summary of findings tables. J Clin Epidemiol 2011 64: 383\u2013394.", "@id": "13", "ref-info": {"ref-publicationyear": {"@first": "2011"}, "ref-title": {"ref-titletext": "GRADE guidelines: 1. Introduction-GRADE evidence profiles and summary of findings tables"}, "refd-itemidlist": {"itemid": [{"$": "idj12317-cit-0013", "@idtype": "FRAGMENTID"}, {"$": "79951952372", "@idtype": "SGR"}]}, "ref-volisspag": {"voliss": {"@volume": "64"}, "pagerange": {"@first": "383", "@last": "394"}}, "ref-authors": {"author": [{"@seq": "1", "ce:initials": "G.", "@_fa": "true", "ce:surname": "Guyatt", "ce:indexed-name": "Guyatt G."}, {"@seq": "2", "ce:initials": "A.D.", "@_fa": "true", "ce:surname": "Oxman", "ce:indexed-name": "Oxman A.D."}, {"@seq": "3", "ce:initials": "E.A.", "@_fa": "true", "ce:surname": "Akl", "ce:indexed-name": "Akl E.A."}], "et-al": null}, "ref-sourcetitle": "J Clin Epidemiol"}}, {"ref-fulltext": "Bagramian RA, Farghaly MM, Lopatin D et al. A comparison of periodontal disease among rural Amish and non-Amish adults. J Clin Periodontol 1994 21: 386\u2013390.", "@id": "14", "ref-info": {"ref-publicationyear": {"@first": "1994"}, "ref-title": {"ref-titletext": "A comparison of periodontal disease among rural Amish and non-Amish adults"}, "refd-itemidlist": {"itemid": [{"$": "idj12317-cit-0014", "@idtype": "FRAGMENTID"}, {"$": "0028471819", "@idtype": "SGR"}]}, "ref-volisspag": {"voliss": {"@volume": "21"}, "pagerange": {"@first": "386", "@last": "390"}}, "ref-authors": {"author": [{"@seq": "1", "ce:initials": "R.A.", "@_fa": "true", "ce:surname": "Bagramian", "ce:indexed-name": "Bagramian R.A."}, {"@seq": "2", "ce:initials": "M.M.", "@_fa": "true", "ce:surname": "Farghaly", "ce:indexed-name": "Farghaly M.M."}, {"@seq": "3", "ce:initials": "D.", "@_fa": "true", "ce:surname": "Lopatin", "ce:indexed-name": "Lopatin D."}], "et-al": null}, "ref-sourcetitle": "J Clin Periodontol"}}, {"ref-fulltext": "Imaki M, Yoshida Y, Tanada S. Relation between smoking and periodontal disease by oral hygiene status in Japanese factory workers. Appl Human Sci 1997 16: 77\u201381.", "@id": "15", "ref-info": {"ref-publicationyear": {"@first": "1997"}, "ref-title": {"ref-titletext": "Relation between smoking and periodontal disease by oral hygiene status in Japanese factory workers"}, "refd-itemidlist": {"itemid": [{"$": "idj12317-cit-0015", "@idtype": "FRAGMENTID"}, {"$": "0031090402", "@idtype": "SGR"}]}, "ref-volisspag": {"voliss": {"@volume": "16"}, "pagerange": {"@first": "77", "@last": "81"}}, "ref-authors": {"author": [{"@seq": "1", "ce:initials": "M.", "@_fa": "true", "ce:surname": "Imaki", "ce:indexed-name": "Imaki M."}, {"@seq": "2", "ce:initials": "Y.", "@_fa": "true", "ce:surname": "Yoshida", "ce:indexed-name": "Yoshida Y."}, {"@seq": "3", "ce:initials": "S.", "@_fa": "true", "ce:surname": "Tanada", "ce:indexed-name": "Tanada S."}]}, "ref-sourcetitle": "Appl Human Sci"}}, {"ref-fulltext": "Norderyd O, Hugoson A. Risk of severe periodontal disease in a Swedish adult population. A cross-sectional study. J Clin Periodontol 1998 25: 1022\u20131028.", "@id": "16", "ref-info": {"ref-publicationyear": {"@first": "1998"}, "ref-title": {"ref-titletext": "Risk of severe periodontal disease in a Swedish adult population. A cross-sectional study"}, "refd-itemidlist": {"itemid": [{"$": "idj12317-cit-0016", "@idtype": "FRAGMENTID"}, {"$": "0032240414", "@idtype": "SGR"}]}, "ref-volisspag": {"voliss": {"@volume": "25"}, "pagerange": {"@first": "1022", "@last": "1028"}}, "ref-authors": {"author": [{"@seq": "1", "ce:initials": "O.", "@_fa": "true", "ce:surname": "Norderyd", "ce:indexed-name": "Norderyd O."}, {"@seq": "2", "ce:initials": "A.", "@_fa": "true", "ce:surname": "Hugoson", "ce:indexed-name": "Hugoson A."}]}, "ref-sourcetitle": "J Clin Periodontol"}}, {"ref-fulltext": "Wakai K, Kawamura T, Umemura O et al. Associations of medical status and physical fitness with periodontal disease. J Clin Periodontol 1999 26: 664\u2013672.", "@id": "17", "ref-info": {"ref-publicationyear": {"@first": "1999"}, "ref-title": {"ref-titletext": "Associations of medical status and physical fitness with periodontal disease"}, "refd-itemidlist": {"itemid": [{"$": "idj12317-cit-0017", "@idtype": "FRAGMENTID"}, {"$": "0033208784", "@idtype": "SGR"}]}, "ref-volisspag": {"voliss": {"@volume": "26"}, "pagerange": {"@first": "664", "@last": "672"}}, "ref-authors": {"author": [{"@seq": "1", "ce:initials": "K.", "@_fa": "true", "ce:surname": "Wakai", "ce:indexed-name": "Wakai K."}, {"@seq": "2", "ce:initials": "T.", "@_fa": "true", "ce:surname": "Kawamura", "ce:indexed-name": "Kawamura T."}, {"@seq": "3", "ce:initials": "O.", "@_fa": "true", "ce:surname": "Umemura", "ce:indexed-name": "Umemura O."}], "et-al": null}, "ref-sourcetitle": "J Clin Periodontol"}}, {"ref-fulltext": "Papapanou PN, Neiderud AM, Papadimitriou A et al. \u201cCheckerboard\u201d assessments of periodontal microbiota and serum antibody responses: a case-control study. J Periodontol 2000 71: 885\u2013897.", "@id": "18", "ref-info": {"ref-publicationyear": {"@first": "2000"}, "ref-title": {"ref-titletext": "Checkerboard\u201d assessments of periodontal microbiota and serum antibody responses: a case-control study"}, "refd-itemidlist": {"itemid": [{"$": "idj12317-cit-0018", "@idtype": "FRAGMENTID"}, {"$": "0034202930", "@idtype": "SGR"}]}, "ref-volisspag": {"voliss": {"@volume": "71"}, "pagerange": {"@first": "885", "@last": "897"}}, "ref-authors": {"author": [{"@seq": "1", "ce:initials": "P.N.", "@_fa": "true", "ce:surname": "Papapanou", "ce:indexed-name": "Papapanou P.N."}, {"@seq": "2", "ce:initials": "A.M.", "@_fa": "true", "ce:surname": "Neiderud", "ce:indexed-name": "Neiderud A.M."}, {"@seq": "3", "ce:initials": "A.", "@_fa": "true", "ce:surname": "Papadimitriou", "ce:indexed-name": "Papadimitriou A."}], "et-al": null}, "ref-sourcetitle": "J Periodontol"}}, {"ref-fulltext": "Hashim R, Thomson WM, Pack ARC. Smoking in adolescence as a predictor of early loss of periodontal attachment. Community Dent Oral Epidemiol 2001 29: 130\u2013135.", "@id": "19", "ref-info": {"ref-publicationyear": {"@first": "2001"}, "ref-title": {"ref-titletext": "Smoking in adolescence as a predictor of early loss of periodontal attachment"}, "refd-itemidlist": {"itemid": [{"$": "idj12317-cit-0019", "@idtype": "FRAGMENTID"}, {"$": "0035318824", "@idtype": "SGR"}]}, "ref-volisspag": {"voliss": {"@volume": "29"}, "pagerange": {"@first": "130", "@last": "135"}}, "ref-authors": {"author": [{"@seq": "1", "ce:initials": "R.", "@_fa": "true", "ce:surname": "Hashim", "ce:indexed-name": "Hashim R."}, {"@seq": "2", "ce:initials": "W.M.", "@_fa": "true", "ce:surname": "Thomson", "ce:indexed-name": "Thomson W.M."}, {"@seq": "3", "ce:initials": "A.R.C.", "@_fa": "true", "ce:surname": "Pack", "ce:indexed-name": "Pack A.R.C."}]}, "ref-sourcetitle": "Community Dent Oral Epidemiol"}}, {"ref-fulltext": "Tezal M, Grossi SG, Ho AW et al. The effect of alcohol consumption on periodontal disease. J Periodontol 2001 72: 183\u2013189.", "@id": "20", "ref-info": {"ref-publicationyear": {"@first": "2001"}, "ref-title": {"ref-titletext": "The effect of alcohol consumption on periodontal disease"}, "refd-itemidlist": {"itemid": [{"$": "idj12317-cit-0020", "@idtype": "FRAGMENTID"}, {"$": "0035259047", "@idtype": "SGR"}]}, "ref-volisspag": {"voliss": {"@volume": "72"}, "pagerange": {"@first": "183", "@last": "189"}}, "ref-authors": {"author": [{"@seq": "1", "ce:initials": "M.", "@_fa": "true", "ce:surname": "Tezal", "ce:indexed-name": "Tezal M."}, {"@seq": "2", "ce:initials": "S.G.", "@_fa": "true", "ce:surname": "Grossi", "ce:indexed-name": "Grossi S.G."}, {"@seq": "3", "ce:initials": "A.W.", "@_fa": "true", "ce:surname": "Ho", "ce:indexed-name": "Ho A.W."}], "et-al": null}, "ref-sourcetitle": "J Periodontol"}}, {"ref-fulltext": "Hugoson A, Ljungquist B, Breivik T. The relationship of some negative events and psychological factors to periodontal disease in an adult Swedish population 50 to 80 years of age. J Clin Periodontol 2002 29: 247\u2013253.", "@id": "21", "ref-info": {"ref-publicationyear": {"@first": "2002"}, "ref-title": {"ref-titletext": "The relationship of some negative events and psychological factors to periodontal disease in an adult Swedish population 50 to 80 years of age"}, "refd-itemidlist": {"itemid": [{"$": "idj12317-cit-0021", "@idtype": "FRAGMENTID"}, {"$": "0036513222", "@idtype": "SGR"}]}, "ref-volisspag": {"voliss": {"@volume": "29"}, "pagerange": {"@first": "247", "@last": "253"}}, "ref-authors": {"author": [{"@seq": "1", "ce:initials": "A.", "@_fa": "true", "ce:surname": "Hugoson", "ce:indexed-name": "Hugoson A."}, {"@seq": "2", "ce:initials": "B.", "@_fa": "true", "ce:surname": "Ljungquist", "ce:indexed-name": "Ljungquist B."}, {"@seq": "3", "ce:initials": "T.", "@_fa": "true", "ce:surname": "Breivik", "ce:indexed-name": "Breivik T."}]}, "ref-sourcetitle": "J Clin Periodontol"}}, {"ref-fulltext": "Do GL, Spencer AJ, Roberts-Thomson K et al. Smoking as a risk indicator for periodontal disease in the middle-aged Vietnamese population. Community Dent Oral Epidemiol 2003 31: 437\u2013446.", "@id": "22", "ref-info": {"ref-publicationyear": {"@first": "2003"}, "ref-title": {"ref-titletext": "Smoking as a risk indicator for periodontal disease in the middle-aged Vietnamese population"}, "refd-itemidlist": {"itemid": [{"$": "idj12317-cit-0022", "@idtype": "FRAGMENTID"}, {"$": "0344394176", "@idtype": "SGR"}]}, "ref-volisspag": {"voliss": {"@volume": "31"}, "pagerange": {"@first": "437", "@last": "446"}}, "ref-authors": {"author": [{"@seq": "1", "ce:initials": "G.L.", "@_fa": "true", "ce:surname": "Do", "ce:indexed-name": "Do G.L."}, {"@seq": "2", "ce:initials": "A.J.", "@_fa": "true", "ce:surname": "Spencer", "ce:indexed-name": "Spencer A.J."}, {"@seq": "3", "ce:initials": "K.", "@_fa": "true", "ce:surname": "Roberts-Thomson", "ce:indexed-name": "Roberts-Thomson K."}], "et-al": null}, "ref-sourcetitle": "Community Dent Oral Epidemiol"}}, {"ref-fulltext": "Meisel P, Siegemund A, Grimm R et al. The interleukin-1 polymorphism, smoking, and the risk of periodontal disease in the population-based SHIP study. J Dent Res 2003 82: 189\u2013193.", "@id": "23", "ref-info": {"ref-publicationyear": {"@first": "2003"}, "ref-title": {"ref-titletext": "The interleukin-1 polymorphism, smoking, and the risk of periodontal disease in the population-based SHIP study"}, "refd-itemidlist": {"itemid": [{"$": "idj12317-cit-0023", "@idtype": "FRAGMENTID"}, {"$": "0037365948", "@idtype": "SGR"}]}, "ref-volisspag": {"voliss": {"@volume": "82"}, "pagerange": {"@first": "189", "@last": "193"}}, "ref-authors": {"author": [{"@seq": "1", "ce:initials": "P.", "@_fa": "true", "ce:surname": "Meisel", "ce:indexed-name": "Meisel P."}, {"@seq": "2", "ce:initials": "A.", "@_fa": "true", "ce:surname": "Siegemund", "ce:indexed-name": "Siegemund A."}, {"@seq": "3", "ce:initials": "R.", "@_fa": "true", "ce:surname": "Grimm", "ce:indexed-name": "Grimm R."}], "et-al": null}, "ref-sourcetitle": "J Dent Res"}}, {"ref-fulltext": "Alpagot T, Duzgunes N, Wolff LF et al. Risk factors for periodontitis in HIV+ patients. J Periodontal Res 2004 39: 149\u2013157.", "@id": "24", "ref-info": {"ref-publicationyear": {"@first": "2004"}, "ref-title": {"ref-titletext": "Risk factors for periodontitis in HIV+ patients"}, "refd-itemidlist": {"itemid": [{"$": "idj12317-cit-0024", "@idtype": "FRAGMENTID"}, {"$": "2542432924", "@idtype": "SGR"}]}, "ref-volisspag": {"voliss": {"@volume": "39"}, "pagerange": {"@first": "149", "@last": "157"}}, "ref-authors": {"author": [{"@seq": "1", "ce:initials": "T.", "@_fa": "true", "ce:surname": "Alpagot", "ce:indexed-name": "Alpagot T."}, {"@seq": "2", "ce:initials": "N.", "@_fa": "true", "ce:surname": "Duzgunes", "ce:indexed-name": "Duzgunes N."}, {"@seq": "3", "ce:initials": "L.F.", "@_fa": "true", "ce:surname": "Wolff", "ce:indexed-name": "Wolff L.F."}], "et-al": null}, "ref-sourcetitle": "J Periodontal Res"}}, {"ref-fulltext": "Solis ACO, Lotufo RFM, Pannuti CM et al. Association of periodontal disease to anxiety and depression symptoms, and psychosocial stress factors. J Clin Periodontol 2004 31: 633\u2013638.", "@id": "25", "ref-info": {"ref-publicationyear": {"@first": "2004"}, "ref-title": {"ref-titletext": "Association of periodontal disease to anxiety and depression symptoms, and psychosocial stress factors"}, "refd-itemidlist": {"itemid": [{"$": "idj12317-cit-0025", "@idtype": "FRAGMENTID"}, {"$": "4143062323", "@idtype": "SGR"}]}, "ref-volisspag": {"voliss": {"@volume": "31"}, "pagerange": {"@first": "633", "@last": "638"}}, "ref-authors": {"author": [{"@seq": "1", "ce:initials": "A.C.O.", "@_fa": "true", "ce:surname": "Solis", "ce:indexed-name": "Solis A.C.O."}, {"@seq": "2", "ce:initials": "R.F.M.", "@_fa": "true", "ce:surname": "Lotufo", "ce:indexed-name": "Lotufo R.F.M."}, {"@seq": "3", "ce:initials": "C.M.", "@_fa": "true", "ce:surname": "Pannuti", "ce:indexed-name": "Pannuti C.M."}], "et-al": null}, "ref-sourcetitle": "J Clin Periodontol"}}, {"ref-fulltext": "Wickholm S, S\u00f6der P\u00d6, Galanti MR et al. Periodontal disease in a group of Swedish adult snuff and cigarette users. Acta Odontol Scand 2004 62: 333\u2013338.", "@id": "26", "ref-info": {"ref-publicationyear": {"@first": "2004"}, "ref-title": {"ref-titletext": "Periodontal disease in a group of Swedish adult snuff and cigarette users"}, "refd-itemidlist": {"itemid": [{"$": "idj12317-cit-0026", "@idtype": "FRAGMENTID"}, {"$": "14644442375", "@idtype": "SGR"}]}, "ref-volisspag": {"voliss": {"@volume": "62"}, "pagerange": {"@first": "333", "@last": "338"}}, "ref-authors": {"author": [{"@seq": "1", "ce:initials": "S.", "@_fa": "true", "ce:surname": "Wickholm", "ce:indexed-name": "Wickholm S."}, {"@seq": "2", "ce:initials": "P.\u00d6.", "@_fa": "true", "ce:surname": "S\u00f6der", "ce:indexed-name": "Soder P.O."}, {"@seq": "3", "ce:initials": "M.R.", "@_fa": "true", "ce:surname": "Galanti", "ce:indexed-name": "Galanti M.R."}], "et-al": null}, "ref-sourcetitle": "Acta Odontol Scand"}}, {"ref-fulltext": "Natto S, Baljoon M, Bergstrom J. Tobacco smoking and periodontal health in a Saudi Arabian population. J Periodontol 2005 76: 1919\u20131926.", "@id": "27", "ref-info": {"ref-publicationyear": {"@first": "2005"}, "ref-title": {"ref-titletext": "Tobacco smoking and periodontal health in a Saudi Arabian population"}, "refd-itemidlist": {"itemid": [{"$": "idj12317-cit-0027", "@idtype": "FRAGMENTID"}, {"$": "28644435770", "@idtype": "SGR"}]}, "ref-volisspag": {"voliss": {"@volume": "76"}, "pagerange": {"@first": "1919", "@last": "1926"}}, "ref-authors": {"author": [{"@seq": "1", "ce:initials": "S.", "@_fa": "true", "ce:surname": "Natto", "ce:indexed-name": "Natto S."}, {"@seq": "2", "ce:initials": "M.", "@_fa": "true", "ce:surname": "Baljoon", "ce:indexed-name": "Baljoon M."}, {"@seq": "3", "ce:initials": "J.", "@_fa": "true", "ce:surname": "Bergstrom", "ce:indexed-name": "Bergstrom J."}]}, "ref-sourcetitle": "J Periodontol"}}, {"ref-fulltext": "Torrungruang K, Tamsailom S, Rojanasomsith K et al. Risk indicators of periodontal disease in older Thai adults. J Periodontol 2005 76: 558\u2013565.", "@id": "28", "ref-info": {"ref-publicationyear": {"@first": "2005"}, "ref-title": {"ref-titletext": "Risk indicators of periodontal disease in older Thai adults"}, "refd-itemidlist": {"itemid": [{"$": "idj12317-cit-0028", "@idtype": "FRAGMENTID"}, {"$": "21044435941", "@idtype": "SGR"}]}, "ref-volisspag": {"voliss": {"@volume": "76"}, "pagerange": {"@first": "558", "@last": "565"}}, "ref-authors": {"author": [{"@seq": "1", "ce:initials": "K.", "@_fa": "true", "ce:surname": "Torrungruang", "ce:indexed-name": "Torrungruang K."}, {"@seq": "2", "ce:initials": "S.", "@_fa": "true", "ce:surname": "Tamsailom", "ce:indexed-name": "Tamsailom S."}, {"@seq": "3", "ce:initials": "K.", "@_fa": "true", "ce:surname": "Rojanasomsith", "ce:indexed-name": "Rojanasomsith K."}], "et-al": null}, "ref-sourcetitle": "J Periodontol"}}, {"ref-fulltext": "de Mac\u00eado TCN, Costa MdCN, Gomes-Filho IS et al. Factors related to periodontal disease in a rural population. Braz Oral Res 2006 20: 257\u2013262.", "@id": "29", "ref-info": {"ref-publicationyear": {"@first": "2006"}, "ref-title": {"ref-titletext": "Factors related to periodontal disease in a rural population"}, "refd-itemidlist": {"itemid": [{"$": "idj12317-cit-0029", "@idtype": "FRAGMENTID"}, {"$": "33750321877", "@idtype": "SGR"}]}, "ref-volisspag": {"voliss": {"@volume": "20"}, "pagerange": {"@first": "257", "@last": "262"}}, "ref-authors": {"author": [{"@seq": "1", "ce:initials": "T.C.N.", "@_fa": "true", "ce:surname": "de Mac\u00eado", "ce:indexed-name": "de Macedo T.C.N."}, {"@seq": "2", "ce:initials": "M.", "@_fa": "true", "ce:surname": "Costa", "ce:indexed-name": "Costa M."}, {"@seq": "3", "ce:initials": "I.S.", "@_fa": "true", "ce:surname": "Gomes-Filho", "ce:indexed-name": "Gomes-Filho I.S."}], "et-al": null}, "ref-sourcetitle": "Braz Oral Res"}}, {"ref-fulltext": "Khader YS. Factors associated with periodontal diseases in Jordan: principal component and factor analysis approach. J Oral Sci 2006 48: 77\u201384.", "@id": "30", "ref-info": {"ref-publicationyear": {"@first": "2006"}, "ref-title": {"ref-titletext": "Factors associated with periodontal diseases in Jordan: principal component and factor analysis approach"}, "refd-itemidlist": {"itemid": [{"$": "idj12317-cit-0030", "@idtype": "FRAGMENTID"}, {"$": "39049180351", "@idtype": "SGR"}]}, "ref-volisspag": {"voliss": {"@volume": "48"}, "pagerange": {"@first": "77", "@last": "84"}}, "ref-authors": {"author": [{"@seq": "1", "ce:initials": "Y.S.", "@_fa": "true", "ce:surname": "Khader", "ce:indexed-name": "Khader Y.S."}]}, "ref-sourcetitle": "J Oral Sci"}}, {"ref-fulltext": "Vandana KL, Sesha Reddy M. Assessment of periodontal status in dental fluorosis subjects using community periodontal index of treatment needs. Indian J Dent Res 2007 18: 67\u201371.", "@id": "31", "ref-info": {"ref-publicationyear": {"@first": "2007"}, "ref-title": {"ref-titletext": "Assessment of periodontal status in dental fluorosis subjects using community periodontal index of treatment needs"}, "refd-itemidlist": {"itemid": [{"$": "idj12317-cit-0031", "@idtype": "FRAGMENTID"}, {"$": "34249097198", "@idtype": "SGR"}]}, "ref-volisspag": {"voliss": {"@volume": "18"}, "pagerange": {"@first": "67", "@last": "71"}}, "ref-authors": {"author": [{"@seq": "1", "ce:initials": "K.L.", "@_fa": "true", "ce:surname": "Vandana", "ce:indexed-name": "Vandana K.L."}, {"@seq": "2", "ce:initials": "M.", "@_fa": "true", "ce:surname": "Sesha Reddy", "ce:indexed-name": "Sesha Reddy M."}]}, "ref-sourcetitle": "Indian J Dent Res"}}, {"ref-fulltext": "Wang QT, Wu ZF, Wu YF et al. Epidemiology and preventive direction of periodontology in China. J Clin Periodontol 2007 34: 946\u2013951.", "@id": "32", "ref-info": {"ref-publicationyear": {"@first": "2007"}, "ref-title": {"ref-titletext": "Epidemiology and preventive direction of periodontology in China"}, "refd-itemidlist": {"itemid": [{"$": "idj12317-cit-0032", "@idtype": "FRAGMENTID"}, {"$": "35348893141", "@idtype": "SGR"}]}, "ref-volisspag": {"voliss": {"@volume": "34"}, "pagerange": {"@first": "946", "@last": "951"}}, "ref-authors": {"author": [{"@seq": "1", "ce:initials": "Q.T.", "@_fa": "true", "ce:surname": "Wang", "ce:indexed-name": "Wang Q.T."}, {"@seq": "2", "ce:initials": "Z.F.", "@_fa": "true", "ce:surname": "Wu", "ce:indexed-name": "Wu Z.F."}, {"@seq": "3", "ce:initials": "Y.F.", "@_fa": "true", "ce:surname": "Wu", "ce:indexed-name": "Wu Y.F."}], "et-al": null}, "ref-sourcetitle": "J Clin Periodontol"}}, {"ref-fulltext": "Akhter R, Hassan NMM, Aida J et al. Relationship between betel quid additives and established periodontitis among Bangladeshi subjects. J Clin Periodontol 2008 35: 9\u201315.", "@id": "33", "ref-info": {"ref-publicationyear": {"@first": "2008"}, "ref-title": {"ref-titletext": "Relationship between betel quid additives and established periodontitis among Bangladeshi subjects"}, "refd-itemidlist": {"itemid": [{"$": "idj12317-cit-0033", "@idtype": "FRAGMENTID"}, {"$": "37349022079", "@idtype": "SGR"}]}, "ref-volisspag": {"voliss": {"@volume": "35"}, "pagerange": {"@first": "9", "@last": "15"}}, "ref-authors": {"author": [{"@seq": "1", "ce:initials": "R.", "@_fa": "true", "ce:surname": "Akhter", "ce:indexed-name": "Akhter R."}, {"@seq": "2", "ce:initials": "N.M.M.", "@_fa": "true", "ce:surname": "Hassan", "ce:indexed-name": "Hassan N.M.M."}, {"@seq": "3", "ce:initials": "J.", "@_fa": "true", "ce:surname": "Aida", "ce:indexed-name": "Aida J."}], "et-al": null}, "ref-sourcetitle": "J Clin Periodontol"}}, {"ref-fulltext": "Kumar TS, Dagli RJ, Mathur A et al. Oral health status and practices of dentate Bhil adult tribes of southern Rajasthan, India. Int Dent J 2009 59: 133\u2013140.", "@id": "34", "ref-info": {"ref-publicationyear": {"@first": "2009"}, "ref-title": {"ref-titletext": "Oral health status and practices of dentate Bhil adult tribes of southern Rajasthan, India"}, "refd-itemidlist": {"itemid": [{"$": "idj12317-cit-0034", "@idtype": "FRAGMENTID"}, {"$": "68149092011", "@idtype": "SGR"}]}, "ref-volisspag": {"voliss": {"@volume": "59"}, "pagerange": {"@first": "133", "@last": "140"}}, "ref-authors": {"author": [{"@seq": "1", "ce:initials": "T.S.", "@_fa": "true", "ce:surname": "Kumar", "ce:indexed-name": "Kumar T.S."}, {"@seq": "2", "ce:initials": "R.J.", "@_fa": "true", "ce:surname": "Dagli", "ce:indexed-name": "Dagli R.J."}, {"@seq": "3", "ce:initials": "A.", "@_fa": "true", "ce:surname": "Mathur", "ce:indexed-name": "Mathur A."}], "et-al": null}, "ref-sourcetitle": "Int Dent J"}}, {"ref-fulltext": "Benguigui C, Bongard V, Ruidavets JB et al. Metabolic syndrome, insulin resistance, and periodontitis: a cross-sectional study in a middle-aged French population. J Clin Periodontol 2010 37: 601\u2013608.", "@id": "35", "ref-info": {"ref-publicationyear": {"@first": "2010"}, "ref-title": {"ref-titletext": "Metabolic syndrome, insulin resistance, and periodontitis: a cross-sectional study in a middle-aged French population"}, "refd-itemidlist": {"itemid": [{"$": "idj12317-cit-0035", "@idtype": "FRAGMENTID"}, {"$": "77953601533", "@idtype": "SGR"}]}, "ref-volisspag": {"voliss": {"@volume": "37"}, "pagerange": {"@first": "601", "@last": "608"}}, "ref-authors": {"author": [{"@seq": "1", "ce:initials": "C.", "@_fa": "true", "ce:surname": "Benguigui", "ce:indexed-name": "Benguigui C."}, {"@seq": "2", "ce:initials": "V.", "@_fa": "true", "ce:surname": "Bongard", "ce:indexed-name": "Bongard V."}, {"@seq": "3", "ce:initials": "J.B.", "@_fa": "true", "ce:surname": "Ruidavets", "ce:indexed-name": "Ruidavets J.B."}], "et-al": null}, "ref-sourcetitle": "J Clin Periodontol"}}, {"ref-fulltext": "Saxlin T, Ylostalo P, Suominen-Taipale L et al. Overweight and obesity weakly predict the development of periodontal infection. J Clin Periodontol 2010 37: 1059\u20131067.", "@id": "36", "ref-info": {"ref-publicationyear": {"@first": "2010"}, "ref-title": {"ref-titletext": "Overweight and obesity weakly predict the development of periodontal infection"}, "refd-itemidlist": {"itemid": [{"$": "idj12317-cit-0036", "@idtype": "FRAGMENTID"}, {"$": "78649255342", "@idtype": "SGR"}]}, "ref-volisspag": {"voliss": {"@volume": "37"}, "pagerange": {"@first": "1059", "@last": "1067"}}, "ref-authors": {"author": [{"@seq": "1", "ce:initials": "T.", "@_fa": "true", "ce:surname": "Saxlin", "ce:indexed-name": "Saxlin T."}, {"@seq": "2", "ce:initials": "P.", "@_fa": "true", "ce:surname": "Ylostalo", "ce:indexed-name": "Ylostalo P."}, {"@seq": "3", "ce:initials": "L.", "@_fa": "true", "ce:surname": "Suominen-Taipale", "ce:indexed-name": "Suominen-Taipale L."}], "et-al": null}, "ref-sourcetitle": "J Clin Periodontol"}}, {"ref-fulltext": "Bawadi HA, Khader YS, Haroun TF et al. The association between periodontal disease, physical activity and healthy diet among adults in Jordan. J Periodontal Res 2011 46: 74\u201381.", "@id": "37", "ref-info": {"ref-publicationyear": {"@first": "2011"}, "ref-title": {"ref-titletext": "The association between periodontal disease, physical activity and healthy diet among adults in Jordan"}, "refd-itemidlist": {"itemid": [{"$": "idj12317-cit-0037", "@idtype": "FRAGMENTID"}, {"$": "78650919715", "@idtype": "SGR"}]}, "ref-volisspag": {"voliss": {"@volume": "46"}, "pagerange": {"@first": "74", "@last": "81"}}, "ref-authors": {"author": [{"@seq": "1", "ce:initials": "H.A.", "@_fa": "true", "ce:surname": "Bawadi", "ce:indexed-name": "Bawadi H.A."}, {"@seq": "2", "ce:initials": "Y.S.", "@_fa": "true", "ce:surname": "Khader", "ce:indexed-name": "Khader Y.S."}, {"@seq": "3", "ce:initials": "T.F.", "@_fa": "true", "ce:surname": "Haroun", "ce:indexed-name": "Haroun T.F."}], "et-al": null}, "ref-sourcetitle": "J Periodontal Res"}}, {"ref-fulltext": "Carrilho Neto A, De Paula Ramos S, Sant'ana AC et al. Oral health status among hospitalized patients. Int J Dent Hyg 2011 9: 21\u201329.", "@id": "38", "ref-info": {"ref-publicationyear": {"@first": "2011"}, "ref-title": {"ref-titletext": "Oral health status among hospitalized patients"}, "refd-itemidlist": {"itemid": [{"$": "idj12317-cit-0038", "@idtype": "FRAGMENTID"}, {"$": "84855487751", "@idtype": "SGR"}]}, "ref-volisspag": {"voliss": {"@volume": "9"}, "pagerange": {"@first": "21", "@last": "29"}}, "ref-authors": {"author": [{"@seq": "1", "ce:initials": "A.", "@_fa": "true", "ce:surname": "Carrilho Neto", "ce:indexed-name": "Carrilho Neto A."}, {"@seq": "2", "ce:initials": "S.", "@_fa": "true", "ce:surname": "De Paula Ramos", "ce:indexed-name": "De Paula Ramos S."}, {"@seq": "3", "ce:initials": "A.C.", "@_fa": "true", "ce:surname": "Sant'ana", "ce:indexed-name": "Sant'ana A.C."}], "et-al": null}, "ref-sourcetitle": "Int J Dent Hyg"}}, {"ref-fulltext": "Mathur LK, Manohar B, Shankarapillai R et al. Obesity and periodontitis: a clinical study. J Indian Soc Periodontol 2011 15: 240\u2013244.", "@id": "39", "ref-info": {"ref-publicationyear": {"@first": "2011"}, "ref-title": {"ref-titletext": "Obesity and periodontitis: a clinical study"}, "refd-itemidlist": {"itemid": [{"$": "idj12317-cit-0039", "@idtype": "FRAGMENTID"}, {"$": "84865447881", "@idtype": "SGR"}]}, "ref-volisspag": {"voliss": {"@volume": "15"}, "pagerange": {"@first": "240", "@last": "244"}}, "ref-authors": {"author": [{"@seq": "1", "ce:initials": "L.K.", "@_fa": "true", "ce:surname": "Mathur", "ce:indexed-name": "Mathur L.K."}, {"@seq": "2", "ce:initials": "B.", "@_fa": "true", "ce:surname": "Manohar", "ce:indexed-name": "Manohar B."}, {"@seq": "3", "ce:initials": "R.", "@_fa": "true", "ce:surname": "Shankarapillai", "ce:indexed-name": "Shankarapillai R."}], "et-al": null}, "ref-sourcetitle": "J Indian Soc Periodontol"}}, {"ref-fulltext": "Teng PR, Su JM, Chang WH et al. Oral health of psychiatric inpatients: a survey of central Taiwan hospitals. Gen Hosp Psychiatry 2011 33: 253\u2013259.", "@id": "40", "ref-info": {"ref-publicationyear": {"@first": "2011"}, "ref-title": {"ref-titletext": "Oral health of psychiatric inpatients: a survey of central Taiwan hospitals"}, "refd-itemidlist": {"itemid": [{"$": "idj12317-cit-0040", "@idtype": "FRAGMENTID"}, {"$": "79956095964", "@idtype": "SGR"}]}, "ref-volisspag": {"voliss": {"@volume": "33"}, "pagerange": {"@first": "253", "@last": "259"}}, "ref-authors": {"author": [{"@seq": "1", "ce:initials": "P.R.", "@_fa": "true", "ce:surname": "Teng", "ce:indexed-name": "Teng P.R."}, {"@seq": "2", "ce:initials": "J.M.", "@_fa": "true", "ce:surname": "Su", "ce:indexed-name": "Su J.M."}, {"@seq": "3", "ce:initials": "W.H.", "@_fa": "true", "ce:surname": "Chang", "ce:indexed-name": "Chang W.H."}], "et-al": null}, "ref-sourcetitle": "Gen Hosp Psychiatry"}}, {"ref-fulltext": "Crocombe LA, Brennan DS, Slade GD et al. Is self interdental cleaning associated with dental plaque levels, dental calculus, gingivitis and periodontal disease? J Periodontal Res 2012 47: 188\u2013197.", "@id": "41", "ref-info": {"ref-publicationyear": {"@first": "2012"}, "ref-title": {"ref-titletext": "Is self interdental cleaning associated with dental plaque levels, dental calculus, gingivitis and periodontal disease?"}, "refd-itemidlist": {"itemid": [{"$": "idj12317-cit-0041", "@idtype": "FRAGMENTID"}, {"$": "84857446175", "@idtype": "SGR"}]}, "ref-volisspag": {"voliss": {"@volume": "47"}, "pagerange": {"@first": "188", "@last": "197"}}, "ref-authors": {"author": [{"@seq": "1", "ce:initials": "L.A.", "@_fa": "true", "ce:surname": "Crocombe", "ce:indexed-name": "Crocombe L.A."}, {"@seq": "2", "ce:initials": "D.S.", "@_fa": "true", "ce:surname": "Brennan", "ce:indexed-name": "Brennan D.S."}, {"@seq": "3", "ce:initials": "G.D.", "@_fa": "true", "ce:surname": "Slade", "ce:indexed-name": "Slade G.D."}], "et-al": null}, "ref-sourcetitle": "J Periodontal Res"}}, {"ref-fulltext": "Mannem S, Chava VK. The effect of stress on periodontitis: a clinicobiochemical study. J Indian Soc Periodontol 2012 16: 365\u2013369.", "@id": "42", "ref-info": {"ref-publicationyear": {"@first": "2012"}, "ref-title": {"ref-titletext": "The effect of stress on periodontitis: a clinicobiochemical study"}, "refd-itemidlist": {"itemid": [{"$": "idj12317-cit-0042", "@idtype": "FRAGMENTID"}, {"$": "84866651235", "@idtype": "SGR"}]}, "ref-volisspag": {"voliss": {"@volume": "16"}, "pagerange": {"@first": "365", "@last": "369"}}, "ref-authors": {"author": [{"@seq": "1", "ce:initials": "S.", "@_fa": "true", "ce:surname": "Mannem", "ce:indexed-name": "Mannem S."}, {"@seq": "2", "ce:initials": "V.K.", "@_fa": "true", "ce:surname": "Chava", "ce:indexed-name": "Chava V.K."}]}, "ref-sourcetitle": "J Indian Soc Periodontol"}}, {"ref-fulltext": "Raja S, Joshi V, Shirahatti R et al. \u201cIs the periodontium an index of your mind?\u201d A crossectional study to evaluate the relationship between life events and periodontitis. Int J Clin Dent 2012 5: 39\u201348.", "@id": "43", "ref-info": {"ref-publicationyear": {"@first": "2012"}, "ref-title": {"ref-titletext": "Is the periodontium an index of your mind?\u201d A crossectional study to evaluate the relationship between life events and periodontitis"}, "refd-itemidlist": {"itemid": [{"$": "idj12317-cit-0043", "@idtype": "FRAGMENTID"}, {"$": "84866145989", "@idtype": "SGR"}]}, "ref-volisspag": {"voliss": {"@volume": "5"}, "pagerange": {"@first": "39", "@last": "48"}}, "ref-authors": {"author": [{"@seq": "1", "ce:initials": "S.", "@_fa": "true", "ce:surname": "Raja", "ce:indexed-name": "Raja S."}, {"@seq": "2", "ce:initials": "V.", "@_fa": "true", "ce:surname": "Joshi", "ce:indexed-name": "Joshi V."}, {"@seq": "3", "ce:initials": "R.", "@_fa": "true", "ce:surname": "Shirahatti", "ce:indexed-name": "Shirahatti R."}], "et-al": null}, "ref-sourcetitle": "Int J Clin Dent"}}, {"ref-fulltext": "Vogt M, Sallum AW, Cecatti JG et al. Factors associated with the prevalence of periodontal disease in low-risk pregnant women. Reprod Health 2012 9: 3.", "@id": "44", "ref-info": {"ref-publicationyear": {"@first": "2012"}, "ref-title": {"ref-titletext": "Factors associated with the prevalence of periodontal disease in low-risk pregnant women"}, "refd-itemidlist": {"itemid": [{"$": "idj12317-cit-0044", "@idtype": "FRAGMENTID"}, {"$": "84856073644", "@idtype": "SGR"}]}, "ref-volisspag": {"voliss": {"@volume": "9"}, "pagerange": {"@first": "3"}}, "ref-authors": {"author": [{"@seq": "1", "ce:initials": "M.", "@_fa": "true", "ce:surname": "Vogt", "ce:indexed-name": "Vogt M."}, {"@seq": "2", "ce:initials": "A.W.", "@_fa": "true", "ce:surname": "Sallum", "ce:indexed-name": "Sallum A.W."}, {"@seq": "3", "ce:initials": "J.G.", "@_fa": "true", "ce:surname": "Cecatti", "ce:indexed-name": "Cecatti J.G."}], "et-al": null}, "ref-sourcetitle": "Reprod Health"}}, {"ref-fulltext": "Fiyaz M, Ramesh A, Ramalingam K et al. Association of salivary calcium, phosphate, pH and flow rate on oral health: a study on 90 subjects. J Indian Soc Periodontol 2013 17: 454\u2013460.", "@id": "45", "ref-info": {"ref-publicationyear": {"@first": "2013"}, "ref-title": {"ref-titletext": "Association of salivary calcium, phosphate, pH and flow rate on oral health: a study on 90 subjects"}, "refd-itemidlist": {"itemid": [{"$": "idj12317-cit-0045", "@idtype": "FRAGMENTID"}, {"$": "84885640585", "@idtype": "SGR"}]}, "ref-volisspag": {"voliss": {"@volume": "17"}, "pagerange": {"@first": "454", "@last": "460"}}, "ref-authors": {"author": [{"@seq": "1", "ce:initials": "M.", "@_fa": "true", "ce:surname": "Fiyaz", "ce:indexed-name": "Fiyaz M."}, {"@seq": "2", "ce:initials": "A.", "@_fa": "true", "ce:surname": "Ramesh", "ce:indexed-name": "Ramesh A."}, {"@seq": "3", "ce:initials": "K.", "@_fa": "true", "ce:surname": "Ramalingam", "ce:indexed-name": "Ramalingam K."}], "et-al": null}, "ref-sourcetitle": "J Indian Soc Periodontol"}}, {"ref-fulltext": "Palle AR, Reddy CMSK, Shankar BS et al. Association between obesity and chronic periodontitis: a cross-sectional study. J Contemp Dent Pract 2013 14: 168\u2013173.", "@id": "46", "ref-info": {"ref-publicationyear": {"@first": "2013"}, "ref-title": {"ref-titletext": "Association between obesity and chronic periodontitis: a cross-sectional study"}, "refd-itemidlist": {"itemid": [{"$": "idj12317-cit-0046", "@idtype": "FRAGMENTID"}, {"$": "84883138924", "@idtype": "SGR"}]}, "ref-volisspag": {"voliss": {"@volume": "14"}, "pagerange": {"@first": "168", "@last": "173"}}, "ref-authors": {"author": [{"@seq": "1", "ce:initials": "A.R.", "@_fa": "true", "ce:surname": "Palle", "ce:indexed-name": "Palle A.R."}, {"@seq": "2", "ce:initials": "C.M.S.K.", "@_fa": "true", "ce:surname": "Reddy", "ce:indexed-name": "Reddy C.M.S.K."}, {"@seq": "3", "ce:initials": "B.S.", "@_fa": "true", "ce:surname": "Shankar", "ce:indexed-name": "Shankar B.S."}], "et-al": null}, "ref-sourcetitle": "J Contemp Dent Pract"}}, {"ref-fulltext": "Alhabashneh R, Khader Y, Herra Z et al. The association between periodontal disease and metabolic syndrome among outpatients with diabetes in Jordan. J Diabetes Metab Disord 2015 14: 67\u201373.", "@id": "47", "ref-info": {"ref-publicationyear": {"@first": "2015"}, "ref-title": {"ref-titletext": "The association between periodontal disease and metabolic syndrome among outpatients with diabetes in Jordan"}, "refd-itemidlist": {"itemid": [{"$": "idj12317-cit-0047", "@idtype": "FRAGMENTID"}, {"$": "84939421458", "@idtype": "SGR"}]}, "ref-volisspag": {"voliss": {"@volume": "14"}, "pagerange": {"@first": "67", "@last": "73"}}, "ref-authors": {"author": [{"@seq": "1", "ce:initials": "R.", "@_fa": "true", "ce:surname": "Alhabashneh", "ce:indexed-name": "Alhabashneh R."}, {"@seq": "2", "ce:initials": "Y.", "@_fa": "true", "ce:surname": "Khader", "ce:indexed-name": "Khader Y."}, {"@seq": "3", "ce:initials": "Z.", "@_fa": "true", "ce:surname": "Herra", "ce:indexed-name": "Herra Z."}], "et-al": null}, "ref-sourcetitle": "J Diabetes Metab Disord"}}, {"ref-fulltext": "Bhat M, Roberts-Thomson K, Do LG. Clustering of risk indicators for periodontal disease: a population-based study. Community Dent Health 2015 32: 158\u2013162.", "@id": "48", "ref-info": {"ref-publicationyear": {"@first": "2015"}, "ref-title": {"ref-titletext": "Clustering of risk indicators for periodontal disease: a population-based study"}, "refd-itemidlist": {"itemid": [{"$": "idj12317-cit-0048", "@idtype": "FRAGMENTID"}, {"$": "84941212651", "@idtype": "SGR"}]}, "ref-volisspag": {"voliss": {"@volume": "32"}, "pagerange": {"@first": "158", "@last": "162"}}, "ref-authors": {"author": [{"@seq": "1", "ce:initials": "M.", "@_fa": "true", "ce:surname": "Bhat", "ce:indexed-name": "Bhat M."}, {"@seq": "2", "ce:initials": "K.", "@_fa": "true", "ce:surname": "Roberts-Thomson", "ce:indexed-name": "Roberts-Thomson K."}, {"@seq": "3", "ce:initials": "L.G.", "@_fa": "true", "ce:surname": "Do", "ce:indexed-name": "Do L.G."}]}, "ref-sourcetitle": "Community Dent Health"}}, {"ref-fulltext": "Cakmak O, Alkan BA, Ozsoy S et al. Association of gingival crevicular fluid cortisol/dehydroepiandrosterone levels with periodontal status. J Periodontol 2014 85: e287\u2013e294.", "@id": "49", "ref-info": {"ref-publicationyear": {"@first": "2014"}, "ref-title": {"ref-titletext": "Association of gingival crevicular fluid cortisol/dehydroepiandrosterone levels with periodontal status"}, "refd-itemidlist": {"itemid": [{"$": "idj12317-cit-0049", "@idtype": "FRAGMENTID"}, {"$": "84905502884", "@idtype": "SGR"}]}, "ref-volisspag": {"voliss": {"@volume": "85"}, "pagerange": {"@first": "e287", "@last": "e294"}}, "ref-authors": {"author": [{"@seq": "1", "ce:initials": "O.", "@_fa": "true", "ce:surname": "Cakmak", "ce:indexed-name": "Cakmak O."}, {"@seq": "2", "ce:initials": "B.A.", "@_fa": "true", "ce:surname": "Alkan", "ce:indexed-name": "Alkan B.A."}, {"@seq": "3", "ce:initials": "S.", "@_fa": "true", "ce:surname": "Ozsoy", "ce:indexed-name": "Ozsoy S."}], "et-al": null}, "ref-sourcetitle": "J Periodontol"}}, {"ref-fulltext": "Develioglu H, Ozdemir H, Bostanci V. Comparative analysis of the blood flow values of patients with type 2 diabetes mellitus presenting with chronic periodontitis, patients with chronic periodontitis only and healthy individuals. West Indian Med J 2014 63: 359\u2013363.", "@id": "50", "ref-info": {"ref-publicationyear": {"@first": "2014"}, "ref-title": {"ref-titletext": "Comparative analysis of the blood flow values of patients with type 2 diabetes mellitus presenting with chronic periodontitis, patients with chronic periodontitis only and healthy individuals"}, "refd-itemidlist": {"itemid": [{"$": "idj12317-cit-0050", "@idtype": "FRAGMENTID"}, {"$": "85033779135", "@idtype": "SGR"}]}, "ref-volisspag": {"voliss": {"@volume": "63"}, "pagerange": {"@first": "359", "@last": "363"}}, "ref-authors": {"author": [{"@seq": "1", "ce:initials": "H.", "@_fa": "true", "ce:surname": "Develioglu", "ce:indexed-name": "Develioglu H."}, {"@seq": "2", "ce:initials": "H.", "@_fa": "true", "ce:surname": "Ozdemir", "ce:indexed-name": "Ozdemir H."}, {"@seq": "3", "ce:initials": "V.", "@_fa": "true", "ce:surname": "Bostanci", "ce:indexed-name": "Bostanci V."}]}, "ref-sourcetitle": "West Indian Med J"}}, {"ref-fulltext": "Hsiao CN, Ko EC, Shieh TY et al. Relationship between areca nut chewing and periodontal status of people in a typical aboriginal community in Southern Taiwan. J Dent Sci 2015 10: 300\u2013308.", "@id": "51", "ref-info": {"ref-publicationyear": {"@first": "2015"}, "ref-title": {"ref-titletext": "Relationship between areca nut chewing and periodontal status of people in a typical aboriginal community in Southern Taiwan"}, "refd-itemidlist": {"itemid": [{"$": "idj12317-cit-0051", "@idtype": "FRAGMENTID"}, {"$": "84940451959", "@idtype": "SGR"}]}, "ref-volisspag": {"voliss": {"@volume": "10"}, "pagerange": {"@first": "300", "@last": "308"}}, "ref-authors": {"author": [{"@seq": "1", "ce:initials": "C.N.", "@_fa": "true", "ce:surname": "Hsiao", "ce:indexed-name": "Hsiao C.N."}, {"@seq": "2", "ce:initials": "E.C.", "@_fa": "true", "ce:surname": "Ko", "ce:indexed-name": "Ko E.C."}, {"@seq": "3", "ce:initials": "T.Y.", "@_fa": "true", "ce:surname": "Shieh", "ce:indexed-name": "Shieh T.Y."}], "et-al": null}, "ref-sourcetitle": "J Dent Sci"}}, {"ref-fulltext": "Ismail FB, Ismail G, Dumitriu AS et al. Identification of subgingival periodontal pathogens and association with the severity of periodontitis in patients with chronic kidney diseases: a cross-sectional study. Biomed Res Int 2015 2015.", "@id": "52", "ref-info": {"ref-publicationyear": {"@first": "2015"}, "ref-title": {"ref-titletext": "Identification of subgingival periodontal pathogens and association with the severity of periodontitis in patients with chronic kidney diseases: a cross-sectional study"}, "refd-itemidlist": {"itemid": [{"$": "idj12317-cit-0052", "@idtype": "FRAGMENTID"}, {"$": "84928380002", "@idtype": "SGR"}]}, "ref-volisspag": {"voliss": {"@volume": "2015"}}, "ref-authors": {"author": [{"@seq": "1", "ce:initials": "F.B.", "@_fa": "true", "ce:surname": "Ismail", "ce:indexed-name": "Ismail F.B."}, {"@seq": "2", "ce:initials": "G.", "@_fa": "true", "ce:surname": "Ismail", "ce:indexed-name": "Ismail G."}, {"@seq": "3", "ce:initials": "A.S.", "@_fa": "true", "ce:surname": "Dumitriu", "ce:indexed-name": "Dumitriu A.S."}], "et-al": null}, "ref-sourcetitle": "Biomed Res Int"}}, {"ref-fulltext": "Jacob PS, Nath S, Patel RP. Evaluation of interleukin-1\u03b2 and 8 in gutka chewers with periodontitis among a rural Indian population. J Periodontal Implant Sci 2014 44: 126\u2013133.", "@id": "53", "ref-info": {"ref-publicationyear": {"@first": "2014"}, "ref-title": {"ref-titletext": "Evaluation of interleukin-1\u03b2 and 8 in gutka chewers with periodontitis among a rural Indian population"}, "refd-itemidlist": {"itemid": [{"$": "idj12317-cit-0053", "@idtype": "FRAGMENTID"}, {"$": "84902210870", "@idtype": "SGR"}]}, "ref-volisspag": {"voliss": {"@volume": "44"}, "pagerange": {"@first": "126", "@last": "133"}}, "ref-authors": {"author": [{"@seq": "1", "ce:initials": "P.S.", "@_fa": "true", "ce:surname": "Jacob", "ce:indexed-name": "Jacob P.S."}, {"@seq": "2", "ce:initials": "S.", "@_fa": "true", "ce:surname": "Nath", "ce:indexed-name": "Nath S."}, {"@seq": "3", "ce:initials": "R.P.", "@_fa": "true", "ce:surname": "Patel", "ce:indexed-name": "Patel R.P."}]}, "ref-sourcetitle": "J Periodontal Implant Sci"}}, {"ref-fulltext": "Kaur S, Narayanswamy S, Ramesh AV. Comparative evaluation of salivary soluble CD44 levels in periodontal health and disease. J Indian Soc Periodontol 2014 18: 734\u2013738.", "@id": "54", "ref-info": {"ref-publicationyear": {"@first": "2014"}, "ref-title": {"ref-titletext": "Comparative evaluation of salivary soluble CD44 levels in periodontal health and disease"}, "refd-itemidlist": {"itemid": [{"$": "idj12317-cit-0054", "@idtype": "FRAGMENTID"}, {"$": "84920270164", "@idtype": "SGR"}]}, "ref-volisspag": {"voliss": {"@volume": "18"}, "pagerange": {"@first": "734", "@last": "738"}}, "ref-authors": {"author": [{"@seq": "1", "ce:initials": "S.", "@_fa": "true", "ce:surname": "Kaur", "ce:indexed-name": "Kaur S."}, {"@seq": "2", "ce:initials": "S.", "@_fa": "true", "ce:surname": "Narayanswamy", "ce:indexed-name": "Narayanswamy S."}, {"@seq": "3", "ce:initials": "A.V.", "@_fa": "true", "ce:surname": "Ramesh", "ce:indexed-name": "Ramesh A.V."}]}, "ref-sourcetitle": "J Indian Soc Periodontol"}}, {"ref-fulltext": "K\u00f6seo\u0287lu S, Sa\u0287lam M, Pekba\u0287riyanik T et al. Level of interleukin-35 in gingival crevicular fluid, saliva, and plasma in periodontal disease and health. J Periodontol 2015 86: 964\u2013971.", "@id": "55", "ref-info": {"ref-publicationyear": {"@first": "2015"}, "ref-title": {"ref-titletext": "Level of interleukin-35 in gingival crevicular fluid, saliva, and plasma in periodontal disease and health"}, "refd-itemidlist": {"itemid": [{"$": "idj12317-cit-0055", "@idtype": "FRAGMENTID"}, {"$": "84938246705", "@idtype": "SGR"}]}, "ref-volisspag": {"voliss": {"@volume": "86"}, "pagerange": {"@first": "964", "@last": "971"}}, "ref-authors": {"author": [{"@seq": "1", "ce:initials": "S.", "@_fa": "true", "ce:surname": "K\u00f6seo\u0287lu", "ce:indexed-name": "Koseotlu S."}, {"@seq": "2", "ce:initials": "M.", "@_fa": "true", "ce:surname": "Sa\u0287lam", "ce:indexed-name": "Satlam M."}, {"@seq": "3", "ce:initials": "T.", "@_fa": "true", "ce:surname": "Pekba\u0287riyanik", "ce:indexed-name": "Pekbatriyanik T."}], "et-al": null}, "ref-sourcetitle": "J Periodontol"}}, {"ref-fulltext": "Kova\u010devi\u0107 V, Milosavljevi\u0107 M, Ran\u010di\u0107 N et al. Assessment of the periodontal health and community periodontal index in the Army of Serbia. Vojnosanit Pregl 2015 72: 953\u2013960.", "@id": "56", "ref-info": {"ref-publicationyear": {"@first": "2015"}, "ref-title": {"ref-titletext": "Assessment of the periodontal health and community periodontal index in the Army of Serbia"}, "refd-itemidlist": {"itemid": [{"$": "idj12317-cit-0056", "@idtype": "FRAGMENTID"}, {"$": "84946405237", "@idtype": "SGR"}]}, "ref-volisspag": {"voliss": {"@volume": "72"}, "pagerange": {"@first": "953", "@last": "960"}}, "ref-authors": {"author": [{"@seq": "1", "ce:initials": "V.", "@_fa": "true", "ce:surname": "Kova\u010devi\u0107", "ce:indexed-name": "Kovacevic V."}, {"@seq": "2", "ce:initials": "M.", "@_fa": "true", "ce:surname": "Milosavljevi\u0107", "ce:indexed-name": "Milosavljevic M."}, {"@seq": "3", "ce:initials": "N.", "@_fa": "true", "ce:surname": "Ran\u010di\u0107", "ce:indexed-name": "Rancic N."}], "et-al": null}, "ref-sourcetitle": "Vojnosanit Pregl"}}, {"ref-fulltext": "Kvarnvik C, Soljegard E, Charalampakis G et al. Periodontal disease in a remote Asian population: association between clinical and microbiological parameters. J Investig Clin Dent 2016 7: 246\u2013253.", "@id": "57", "ref-info": {"ref-publicationyear": {"@first": "2016"}, "ref-title": {"ref-titletext": "Periodontal disease in a remote Asian population: association between clinical and microbiological parameters"}, "refd-itemidlist": {"itemid": [{"$": "idj12317-cit-0057", "@idtype": "FRAGMENTID"}, {"$": "85032644912", "@idtype": "SGR"}]}, "ref-volisspag": {"voliss": {"@volume": "7"}, "pagerange": {"@first": "246", "@last": "253"}}, "ref-authors": {"author": [{"@seq": "1", "ce:initials": "C.", "@_fa": "true", "ce:surname": "Kvarnvik", "ce:indexed-name": "Kvarnvik C."}, {"@seq": "2", "ce:initials": "E.", "@_fa": "true", "ce:surname": "Soljegard", "ce:indexed-name": "Soljegard E."}, {"@seq": "3", "ce:initials": "G.", "@_fa": "true", "ce:surname": "Charalampakis", "ce:indexed-name": "Charalampakis G."}], "et-al": null}, "ref-sourcetitle": "J Investig Clin Dent"}}, {"ref-fulltext": "Lavu V, Venkatesan V, Bhaskar LV et al. Polymorphic regions in Fcgr and Tnf alpha genes and susceptibility to chronic periodontitis in a cohort from South India. J Periodontol 2016 87: 914\u2013922.", "@id": "58", "ref-info": {"ref-publicationyear": {"@first": "2016"}, "ref-title": {"ref-titletext": "Polymorphic regions in Fcgr and Tnf alpha genes and susceptibility to chronic periodontitis in a cohort from South India"}, "refd-itemidlist": {"itemid": [{"$": "idj12317-cit-0058", "@idtype": "FRAGMENTID"}, {"$": "84979901438", "@idtype": "SGR"}]}, "ref-volisspag": {"voliss": {"@volume": "87"}, "pagerange": {"@first": "914", "@last": "922"}}, "ref-authors": {"author": [{"@seq": "1", "ce:initials": "V.", "@_fa": "true", "ce:surname": "Lavu", "ce:indexed-name": "Lavu V."}, {"@seq": "2", "ce:initials": "V.", "@_fa": "true", "ce:surname": "Venkatesan", "ce:indexed-name": "Venkatesan V."}, {"@seq": "3", "ce:initials": "L.V.", "@_fa": "true", "ce:surname": "Bhaskar", "ce:indexed-name": "Bhaskar L.V."}], "et-al": null}, "ref-sourcetitle": "J Periodontol"}}, {"ref-fulltext": "L\u00fctfio\u011flu M, Aydo\u011fdu A, Sakallio\u011flu EE et al. Gingival crevicular fluid interleukin-8 and lipoxin A4 levels of smokers and nonsmokers with different periodontal status: a cross-sectional study. J Periodontal Res 2015 51: 471\u2013480.", "@id": "59", "ref-info": {"ref-publicationyear": {"@first": "2015"}, "ref-title": {"ref-titletext": "Gingival crevicular fluid interleukin-8 and lipoxin A4 levels of smokers and nonsmokers with different periodontal status: a cross-sectional study"}, "refd-itemidlist": {"itemid": [{"$": "idj12317-cit-0059", "@idtype": "FRAGMENTID"}, {"$": "85027932734", "@idtype": "SGR"}]}, "ref-volisspag": {"voliss": {"@volume": "51"}, "pagerange": {"@first": "471", "@last": "480"}}, "ref-authors": {"author": [{"@seq": "1", "ce:initials": "M.", "@_fa": "true", "ce:surname": "L\u00fctfio\u011flu", "ce:indexed-name": "Lutfioglu M."}, {"@seq": "2", "ce:initials": "A.", "@_fa": "true", "ce:surname": "Aydo\u011fdu", "ce:indexed-name": "Aydogdu A."}, {"@seq": "3", "ce:initials": "E.E.", "@_fa": "true", "ce:surname": "Sakallio\u011flu", "ce:indexed-name": "Sakallioglu E.E."}], "et-al": null}, "ref-sourcetitle": "J Periodontal Res"}}, {"ref-fulltext": "Meenawat A, Govila V, Goel S et al. Evaluation of the effect of nicotine and metabolites on the periodontal status and the mRNA expression of interleukin-1\u03b2 in smokers with chronic periodontitis. J Indian Soc Periodontol 2015 19: 381\u2013387.", "@id": "60", "ref-info": {"ref-publicationyear": {"@first": "2015"}, "ref-title": {"ref-titletext": "Evaluation of the effect of nicotine and metabolites on the periodontal status and the mRNA expression of interleukin-1\u03b2 in smokers with chronic periodontitis"}, "refd-itemidlist": {"itemid": [{"$": "idj12317-cit-0060", "@idtype": "FRAGMENTID"}, {"$": "84939817148", "@idtype": "SGR"}]}, "ref-volisspag": {"voliss": {"@volume": "19"}, "pagerange": {"@first": "381", "@last": "387"}}, "ref-authors": {"author": [{"@seq": "1", "ce:initials": "A.", "@_fa": "true", "ce:surname": "Meenawat", "ce:indexed-name": "Meenawat A."}, {"@seq": "2", "ce:initials": "V.", "@_fa": "true", "ce:surname": "Govila", "ce:indexed-name": "Govila V."}, {"@seq": "3", "ce:initials": "S.", "@_fa": "true", "ce:surname": "Goel", "ce:indexed-name": "Goel S."}], "et-al": null}, "ref-sourcetitle": "J Indian Soc Periodontol"}}, {"ref-fulltext": "Mesa F, Mag\u00e1n-Fern\u00e1ndez A, Mu\u00f1oz R et al. Catecholamine metabolites in Urine, as chronic stress biomarkers, are associated with higher risk of chronic periodontitis in adults. J Periodontol 2014 85: 1755\u20131762.", "@id": "61", "ref-info": {"ref-publicationyear": {"@first": "2014"}, "ref-title": {"ref-titletext": "Catecholamine metabolites in Urine, as chronic stress biomarkers, are associated with higher risk of chronic periodontitis in adults"}, "refd-itemidlist": {"itemid": [{"$": "idj12317-cit-0061", "@idtype": "FRAGMENTID"}, {"$": "84914166228", "@idtype": "SGR"}]}, "ref-volisspag": {"voliss": {"@volume": "85"}, "pagerange": {"@first": "1755", "@last": "1762"}}, "ref-authors": {"author": [{"@seq": "1", "ce:initials": "F.", "@_fa": "true", "ce:surname": "Mesa", "ce:indexed-name": "Mesa F."}, {"@seq": "2", "ce:initials": "A.", "@_fa": "true", "ce:surname": "Mag\u00e1n-Fern\u00e1ndez", "ce:indexed-name": "Magan-Fernandez A."}, {"@seq": "3", "ce:initials": "R.", "@_fa": "true", "ce:surname": "Mu\u00f1oz", "ce:indexed-name": "Munoz R."}], "et-al": null}, "ref-sourcetitle": "J Periodontol"}}, {"ref-fulltext": "Perayil J, Suresh N, Fenol A et al. Comparison of glycated hemoglobin levels in individuals without diabetes and with and without periodontitis before and after non-surgical periodontal therapy. J Periodontol 2014 85: 1658\u20131666.", "@id": "62", "ref-info": {"ref-publicationyear": {"@first": "2014"}, "ref-title": {"ref-titletext": "Comparison of glycated hemoglobin levels in individuals without diabetes and with and without periodontitis before and after non-surgical periodontal therapy"}, "refd-itemidlist": {"itemid": [{"$": "idj12317-cit-0062", "@idtype": "FRAGMENTID"}, {"$": "84914170521", "@idtype": "SGR"}]}, "ref-volisspag": {"voliss": {"@volume": "85"}, "pagerange": {"@first": "1658", "@last": "1666"}}, "ref-authors": {"author": [{"@seq": "1", "ce:initials": "J.", "@_fa": "true", "ce:surname": "Perayil", "ce:indexed-name": "Perayil J."}, {"@seq": "2", "ce:initials": "N.", "@_fa": "true", "ce:surname": "Suresh", "ce:indexed-name": "Suresh N."}, {"@seq": "3", "ce:initials": "A.", "@_fa": "true", "ce:surname": "Fenol", "ce:indexed-name": "Fenol A."}], "et-al": null}, "ref-sourcetitle": "J Periodontol"}}, {"ref-fulltext": "Pereira AL, Franco GC, Cortelli SC et al. Influence of periodontal status and periodontopathogens on levels of oral human \u03b2-defensin-2 in saliva. J Periodontol 2013 84: 1445\u20131453.", "@id": "63", "ref-info": {"ref-publicationyear": {"@first": "2013"}, "ref-title": {"ref-titletext": "Influence of periodontal status and periodontopathogens on levels of oral human \u03b2-defensin-2 in saliva"}, "refd-itemidlist": {"itemid": [{"$": "idj12317-cit-0063", "@idtype": "FRAGMENTID"}, {"$": "84884865829", "@idtype": "SGR"}]}, "ref-volisspag": {"voliss": {"@volume": "84"}, "pagerange": {"@first": "1445", "@last": "1453"}}, "ref-authors": {"author": [{"@seq": "1", "ce:initials": "A.L.", "@_fa": "true", "ce:surname": "Pereira", "ce:indexed-name": "Pereira A.L."}, {"@seq": "2", "ce:initials": "G.C.", "@_fa": "true", "ce:surname": "Franco", "ce:indexed-name": "Franco G.C."}, {"@seq": "3", "ce:initials": "S.C.", "@_fa": "true", "ce:surname": "Cortelli", "ce:indexed-name": "Cortelli S.C."}], "et-al": null}, "ref-sourcetitle": "J Periodontol"}}, {"ref-fulltext": "Petrovi\u0107 SM, Zeli\u0107 K, Mila\u0161in J et al. Detection of herpes simplex virus type 1 in gingival crevicular fluid of gingival sulcus/periodontal pocket using polymerase chain reaction. Srp Arh Celok Lek 2014 142: 296\u2013300.", "@id": "64", "ref-info": {"ref-publicationyear": {"@first": "2014"}, "ref-title": {"ref-titletext": "Detection of herpes simplex virus type 1 in gingival crevicular fluid of gingival sulcus/periodontal pocket using polymerase chain reaction"}, "refd-itemidlist": {"itemid": [{"$": "idj12317-cit-0064", "@idtype": "FRAGMENTID"}, {"$": "84924241830", "@idtype": "SGR"}]}, "ref-volisspag": {"voliss": {"@volume": "142"}, "pagerange": {"@first": "296", "@last": "300"}}, "ref-authors": {"author": [{"@seq": "1", "ce:initials": "S.M.", "@_fa": "true", "ce:surname": "Petrovi\u0107", "ce:indexed-name": "Petrovic S.M."}, {"@seq": "2", "ce:initials": "K.", "@_fa": "true", "ce:surname": "Zeli\u0107", "ce:indexed-name": "Zelic K."}, {"@seq": "3", "ce:initials": "J.", "@_fa": "true", "ce:surname": "Mila\u0161in", "ce:indexed-name": "Milasin J."}], "et-al": null}, "ref-sourcetitle": "Srp Arh Celok Lek"}}, {"ref-fulltext": "Pranckeviciene A, Siudikiene J, Ostrauskas R et al. Severity of periodontal disease in adult patients with diabetes mellitus in relation to the type of diabetes. Biomed Pap Med Fac Univ Palacky Olomouc Czech Repub 2014 158: 117\u2013123.", "@id": "65", "ref-info": {"ref-publicationyear": {"@first": "2014"}, "ref-title": {"ref-titletext": "Severity of periodontal disease in adult patients with diabetes mellitus in relation to the type of diabetes"}, "refd-itemidlist": {"itemid": [{"$": "idj12317-cit-0065", "@idtype": "FRAGMENTID"}, {"$": "84897449265", "@idtype": "SGR"}]}, "ref-volisspag": {"voliss": {"@volume": "158"}, "pagerange": {"@first": "117", "@last": "123"}}, "ref-authors": {"author": [{"@seq": "1", "ce:initials": "A.", "@_fa": "true", "ce:surname": "Pranckeviciene", "ce:indexed-name": "Pranckeviciene A."}, {"@seq": "2", "ce:initials": "J.", "@_fa": "true", "ce:surname": "Siudikiene", "ce:indexed-name": "Siudikiene J."}, {"@seq": "3", "ce:initials": "R.", "@_fa": "true", "ce:surname": "Ostrauskas", "ce:indexed-name": "Ostrauskas R."}], "et-al": null}, "ref-sourcetitle": "Biomed Pap Med Fac Univ Palacky Olomouc Czech Repub"}}, {"ref-fulltext": "Puri K, Chhokra M, Dodwad V et al. Association of interleukin-1 \u03b1 (-889) gene polymorphism in patients with generalized aggressive and chronic periodontitis. Dent Res J (Isfahan) 2015 12: 76\u201382.", "@id": "66", "ref-info": {"ref-publicationyear": {"@first": "2015"}, "ref-title": {"ref-titletext": "Association of interleukin-1 \u03b1 (-889) gene polymorphism in patients with generalized aggressive and chronic periodontitis"}, "refd-itemidlist": {"itemid": [{"$": "idj12317-cit-0066", "@idtype": "FRAGMENTID"}, {"$": "84954358651", "@idtype": "SGR"}]}, "ref-volisspag": {"voliss": {"@volume": "12"}, "pagerange": {"@first": "76", "@last": "82"}}, "ref-authors": {"author": [{"@seq": "1", "ce:initials": "K.", "@_fa": "true", "ce:surname": "Puri", "ce:indexed-name": "Puri K."}, {"@seq": "2", "ce:initials": "M.", "@_fa": "true", "ce:surname": "Chhokra", "ce:indexed-name": "Chhokra M."}, {"@seq": "3", "ce:initials": "V.", "@_fa": "true", "ce:surname": "Dodwad", "ce:indexed-name": "Dodwad V."}], "et-al": null}, "ref-sourcetitle": "Dent Res J (Isfahan)"}}, {"ref-fulltext": "Singh P, Gupta ND, Bey A et al. Salivary TNF-alpha: a potential marker of periodontal destruction. J Indian Soc Periodontol 2014 18: 306\u2013310.", "@id": "67", "ref-info": {"ref-publicationyear": {"@first": "2014"}, "ref-title": {"ref-titletext": "Salivary TNF-alpha: a potential marker of periodontal destruction"}, "refd-itemidlist": {"itemid": [{"$": "idj12317-cit-0067", "@idtype": "FRAGMENTID"}, {"$": "84903782816", "@idtype": "SGR"}]}, "ref-volisspag": {"voliss": {"@volume": "18"}, "pagerange": {"@first": "306", "@last": "310"}}, "ref-authors": {"author": [{"@seq": "1", "ce:initials": "P.", "@_fa": "true", "ce:surname": "Singh", "ce:indexed-name": "Singh P."}, {"@seq": "2", "ce:initials": "N.D.", "@_fa": "true", "ce:surname": "Gupta", "ce:indexed-name": "Gupta N.D."}, {"@seq": "3", "ce:initials": "A.", "@_fa": "true", "ce:surname": "Bey", "ce:indexed-name": "Bey A."}], "et-al": null}, "ref-sourcetitle": "J Indian Soc Periodontol"}}, {"ref-fulltext": "Toyman U, T\u00fcter G, Kurti\u015f B et al. Evaluation of gingival crevicular fluid levels of tissue plasminogen activator, plasminogen activator inhibitor 2, matrix metalloproteinase-3 and interleukin 1-\u03b2 in patients with different periodontal diseases. J Periodontal Res 2015 50: 44\u201351.", "@id": "68", "ref-info": {"ref-publicationyear": {"@first": "2015"}, "ref-title": {"ref-titletext": "Evaluation of gingival crevicular fluid levels of tissue plasminogen activator, plasminogen activator inhibitor 2, matrix metalloproteinase-3 and interleukin 1-\u03b2 in patients with different periodontal diseases"}, "refd-itemidlist": {"itemid": [{"$": "idj12317-cit-0068", "@idtype": "FRAGMENTID"}, {"$": "84920830619", "@idtype": "SGR"}]}, "ref-volisspag": {"voliss": {"@volume": "50"}, "pagerange": {"@first": "44", "@last": "51"}}, "ref-authors": {"author": [{"@seq": "1", "ce:initials": "U.", "@_fa": "true", "ce:surname": "Toyman", "ce:indexed-name": "Toyman U."}, {"@seq": "2", "ce:initials": "G.", "@_fa": "true", "ce:surname": "T\u00fcter", "ce:indexed-name": "Tuter G."}, {"@seq": "3", "ce:initials": "B.", "@_fa": "true", "ce:surname": "Kurti\u015f", "ce:indexed-name": "Kurtis B."}], "et-al": null}, "ref-sourcetitle": "J Periodontal Res"}}, {"ref-fulltext": "Varghese SS, Thomas H, Jayakumar ND et al. Estimation of salivary tumor necrosis factor-alpha in chronic and aggressive periodontitis patients. Contemp Clin Dent 2015 6: S152\u2013S156.", "@id": "69", "ref-info": {"ref-publicationyear": {"@first": "2015"}, "ref-title": {"ref-titletext": "Estimation of salivary tumor necrosis factor-alpha in chronic and aggressive periodontitis patients"}, "refd-itemidlist": {"itemid": [{"$": "idj12317-cit-0069", "@idtype": "FRAGMENTID"}, {"$": "84944885343", "@idtype": "SGR"}]}, "ref-volisspag": {"voliss": {"@volume": "6"}, "pagerange": {"@first": "S152", "@last": "S156"}}, "ref-authors": {"author": [{"@seq": "1", "ce:initials": "S.S.", "@_fa": "true", "ce:surname": "Varghese", "ce:indexed-name": "Varghese S.S."}, {"@seq": "2", "ce:initials": "H.", "@_fa": "true", "ce:surname": "Thomas", "ce:indexed-name": "Thomas H."}, {"@seq": "3", "ce:initials": "N.D.", "@_fa": "true", "ce:surname": "Jayakumar", "ce:indexed-name": "Jayakumar N.D."}], "et-al": null}, "ref-sourcetitle": "Contemp Clin Dent"}}, {"ref-fulltext": "Nelson RG, Shlossman M, Budding LM et al. Periodontal disease and NIDDM in Pima Indians. Diabetes Care 1990 13: 836\u2013840.", "@id": "70", "ref-info": {"ref-publicationyear": {"@first": "1990"}, "ref-title": {"ref-titletext": "Periodontal disease and NIDDM in Pima Indians"}, "refd-itemidlist": {"itemid": [{"$": "idj12317-cit-0070", "@idtype": "FRAGMENTID"}, {"$": "0025013928", "@idtype": "SGR"}]}, "ref-volisspag": {"voliss": {"@volume": "13"}, "pagerange": {"@first": "836", "@last": "840"}}, "ref-authors": {"author": [{"@seq": "1", "ce:initials": "R.G.", "@_fa": "true", "ce:surname": "Nelson", "ce:indexed-name": "Nelson R.G."}, {"@seq": "2", "ce:initials": "M.", "@_fa": "true", "ce:surname": "Shlossman", "ce:indexed-name": "Shlossman M."}, {"@seq": "3", "ce:initials": "L.M.", "@_fa": "true", "ce:surname": "Budding", "ce:indexed-name": "Budding L.M."}], "et-al": null}, "ref-sourcetitle": "Diabetes Care"}}, {"ref-fulltext": "Papapanou PN. Periodontal diseases: epidemiology. Ann Periodontol 1996 1: 1\u201336.", "@id": "71", "ref-info": {"ref-publicationyear": {"@first": "1996"}, "ref-title": {"ref-titletext": "Periodontal diseases: epidemiology"}, "refd-itemidlist": {"itemid": [{"$": "idj12317-cit-0071", "@idtype": "FRAGMENTID"}, {"$": "0030278552", "@idtype": "SGR"}]}, "ref-volisspag": {"voliss": {"@volume": "1"}, "pagerange": {"@first": "1", "@last": "36"}}, "ref-authors": {"author": [{"@seq": "1", "ce:initials": "P.N.", "@_fa": "true", "ce:surname": "Papapanou", "ce:indexed-name": "Papapanou P.N."}]}, "ref-sourcetitle": "Ann Periodontol"}}, {"ref-fulltext": "Suvan J, D'Aiuto F, Moles DR et al. Association between overweight/obesity and periodontitis in adults. A systematic review. Obes Rev 2011 12: e381\u2013e404.", "@id": "72", "ref-info": {"ref-publicationyear": {"@first": "2011"}, "ref-title": {"ref-titletext": "Association between overweight/obesity and periodontitis in adults. A systematic review"}, "refd-itemidlist": {"itemid": [{"$": "idj12317-cit-0072", "@idtype": "FRAGMENTID"}, {"$": "79955045004", "@idtype": "SGR"}]}, "ref-volisspag": {"voliss": {"@volume": "12"}, "pagerange": {"@first": "e381", "@last": "e404"}}, "ref-authors": {"author": [{"@seq": "1", "ce:initials": "J.", "@_fa": "true", "ce:surname": "Suvan", "ce:indexed-name": "Suvan J."}, {"@seq": "2", "ce:initials": "F.", "@_fa": "true", "ce:surname": "D'Aiuto", "ce:indexed-name": "D'Aiuto F."}, {"@seq": "3", "ce:initials": "D.R.", "@_fa": "true", "ce:surname": "Moles", "ce:indexed-name": "Moles D.R."}], "et-al": null}, "ref-sourcetitle": "Obes Rev"}}, {"ref-fulltext": "Zimmermann H, Zimmermann N, Hagenfeld D et al. Is frequency of tooth brushing a risk factor for periodontitis? A systematic review and meta-analysis. Community Dent Oral Epidemiol 2015 43: 116\u2013127.", "@id": "73", "ref-info": {"ref-publicationyear": {"@first": "2015"}, "ref-title": {"ref-titletext": "Is frequency of tooth brushing a risk factor for periodontitis? A systematic review and meta-analysis"}, "refd-itemidlist": {"itemid": [{"$": "idj12317-cit-0073", "@idtype": "FRAGMENTID"}, {"$": "84924427526", "@idtype": "SGR"}]}, "ref-volisspag": {"voliss": {"@volume": "43"}, "pagerange": {"@first": "116", "@last": "127"}}, "ref-authors": {"author": [{"@seq": "1", "ce:initials": "H.", "@_fa": "true", "ce:surname": "Zimmermann", "ce:indexed-name": "Zimmermann H."}, {"@seq": "2", "ce:initials": "N.", "@_fa": "true", "ce:surname": "Zimmermann", "ce:indexed-name": "Zimmermann N."}, {"@seq": "3", "ce:initials": "D.", "@_fa": "true", "ce:surname": "Hagenfeld", "ce:indexed-name": "Hagenfeld D."}], "et-al": null}, "ref-sourcetitle": "Community Dent Oral Epidemiol"}}, {"ref-fulltext": "Berchier CE, Slot DE, Haps S et al. The efficacy of dental floss in addition to a toothbrush on plaque and parameters of gingival inflammation: a systematic review. Int J Dent Hyg 2008 6: 265\u2013279.", "@id": "74", "ref-info": {"ref-publicationyear": {"@first": "2008"}, "ref-title": {"ref-titletext": "The efficacy of dental floss in addition to a toothbrush on plaque and parameters of gingival inflammation: a systematic review"}, "refd-itemidlist": {"itemid": [{"$": "idj12317-cit-0074", "@idtype": "FRAGMENTID"}, {"$": "63349104826", "@idtype": "SGR"}]}, "ref-volisspag": {"voliss": {"@volume": "6"}, "pagerange": {"@first": "265", "@last": "279"}}, "ref-authors": {"author": [{"@seq": "1", "ce:initials": "C.E.", "@_fa": "true", "ce:surname": "Berchier", "ce:indexed-name": "Berchier C.E."}, {"@seq": "2", "ce:initials": "D.E.", "@_fa": "true", "ce:surname": "Slot", "ce:indexed-name": "Slot D.E."}, {"@seq": "3", "ce:initials": "S.", "@_fa": "true", "ce:surname": "Haps", "ce:indexed-name": "Haps S."}], "et-al": null}, "ref-sourcetitle": "Int J Dent Hyg"}}, {"ref-fulltext": "Tonetti MS, Eickholz P, Loos BG et al. Principles in prevention of periodontal diseases: consensus report of group 1 of the 11th European Workshop on Periodontology on effective prevention of periodontal and peri-implant diseases. J Clin Periodontol 2015 42(Suppl 16): S5\u2013S11.", "@id": "75", "ref-info": {"ref-publicationyear": {"@first": "2015"}, "ref-title": {"ref-titletext": "Principles in prevention of periodontal diseases: consensus report of group 1 of the 11th European Workshop on Periodontology on effective prevention of periodontal and peri-implant diseases"}, "refd-itemidlist": {"itemid": [{"$": "idj12317-cit-0075", "@idtype": "FRAGMENTID"}, {"$": "84961330464", "@idtype": "SGR"}]}, "ref-volisspag": {"voliss": {"@volume": "42"}, "pagerange": {"@first": "S5", "@last": "S11"}}, "ref-authors": {"author": [{"@seq": "1", "ce:initials": "M.S.", "@_fa": "true", "ce:surname": "Tonetti", "ce:indexed-name": "Tonetti M.S."}, {"@seq": "2", "ce:initials": "P.", "@_fa": "true", "ce:surname": "Eickholz", "ce:indexed-name": "Eickholz P."}, {"@seq": "3", "ce:initials": "B.G.", "@_fa": "true", "ce:surname": "Loos", "ce:indexed-name": "Loos B.G."}], "et-al": null}, "ref-sourcetitle": "J Clin Periodontol"}}, {"ref-fulltext": "Slot DE, Van der Weijden FA. Group A. Initiator paper. Plaque control: home remedies practiced in developing countries. J Int Acad Periodontol 2015 1(Suppl): 4\u201315.", "@id": "76", "ref-info": {"ref-publicationyear": {"@first": "2015"}, "ref-title": {"ref-titletext": "Group A. Initiator paper. Plaque control: home remedies practiced in developing countries"}, "refd-itemidlist": {"itemid": [{"$": "idj12317-cit-0076", "@idtype": "FRAGMENTID"}, {"$": "84927171946", "@idtype": "SGR"}]}, "ref-volisspag": {"voliss": {"@volume": "1"}, "pagerange": {"@first": "4", "@last": "15"}}, "ref-authors": {"author": [{"@seq": "1", "ce:initials": "D.E.", "@_fa": "true", "ce:surname": "Slot", "ce:indexed-name": "Slot D.E."}, {"@seq": "2", "ce:initials": "F.A.", "@_fa": "true", "ce:surname": "Van der Weijden", "ce:indexed-name": "Van der Weijden F.A."}]}, "ref-sourcetitle": "J Int Acad Periodontol"}}, {"ref-fulltext": "Salzer S, Slot DE, Van der Weijden FA et al. Efficacy of inter-dental mechanical plaque control in managing gingivitis\u2013a meta-review. J Clin Periodontol 2015 42(Suppl 16): S92\u2013S105.", "@id": "77", "ref-info": {"ref-publicationyear": {"@first": "2015"}, "ref-title": {"ref-titletext": "Efficacy of inter-dental mechanical plaque control in managing gingivitis\u2013a meta-review"}, "refd-itemidlist": {"itemid": [{"$": "idj12317-cit-0077", "@idtype": "FRAGMENTID"}, {"$": "84961288031", "@idtype": "SGR"}]}, "ref-volisspag": {"voliss": {"@volume": "42"}, "pagerange": {"@first": "S92", "@last": "S105"}}, "ref-authors": {"author": [{"@seq": "1", "ce:initials": "S.", "@_fa": "true", "ce:surname": "Salzer", "ce:indexed-name": "Salzer S."}, {"@seq": "2", "ce:initials": "D.E.", "@_fa": "true", "ce:surname": "Slot", "ce:indexed-name": "Slot D.E."}, {"@seq": "3", "ce:initials": "F.A.", "@_fa": "true", "ce:surname": "Van der Weijden", "ce:indexed-name": "Van der Weijden F.A."}], "et-al": null}, "ref-sourcetitle": "J Clin Periodontol"}}]}}}}, "affiliation": [{"affiliation-city": "Bangkok", "@id": "60199578", "affilname": "Ramathibodi Hospital", "@href": "https://api.elsevier.com/content/affiliation/affiliation_id/60199578", "affiliation-country": "Thailand"}, {"affiliation-city": "Callaghan", "@id": "60183191", "affilname": "School of Medicine and Public Health", "@href": "https://api.elsevier.com/content/affiliation/affiliation_id/60183191", "affiliation-country": "Australia"}, {"affiliation-city": "Newcastle", "@id": "60089816", "affilname": "Hunter Medical Research Institute, Australia", "@href": "https://api.elsevier.com/content/affiliation/affiliation_id/60089816", "affiliation-country": "Australia"}, {"affiliation-city": "Bangkok", "@id": "60028190", "affilname": "Chulalongkorn University", "@href": "https://api.elsevier.com/content/affiliation/affiliation_id/60028190", "affiliation-country": "Thailand"}], "coredata": {"srctype": "j", "eid": "2-s2.0-85021387122", "dc:description": "Objective: Dental plaque accumulation and inadequate personal oral hygiene (OH) are known major risk factors of periodontitis. Nevertheless, the magnitude of their effects has not yet been the subject of a meta-analysis. Material and methods: The Medline and Scopus databases were searched up to May 2016. Observational studies were eligible if they assessed associations between OH and periodontitis in adult subjects. A multivariate random-effects meta-analysis was used to pool the effects of fair/poor OH versus good OH on periodontitis across studies. The associations between oral care habits and periodontitis were also assessed. Results: A total of 50 studies were eligible; 15 were used for pooling the effect of fair OH versus good OH and poor OH versus good OH on periodontitis, with pooled odds ratios (ORs) of 2.04 [95% confidence interval (CI): 1.65\u20132.53] and 5.01 (95% CI: 3.40\u20137.39), respectively. Eleven studies examined oral care habits measured according to toothbrushing regularity and dental visit frequency; pooled ORs of 0.66 (95% CI: 0.47\u20130.94) and 0.68 (95% CI: 0.47\u20130.98) were obtained, respectively. Conclusions: Fair to poor OH increases the risk of periodontitis by two- to five-fold. This risk can be reduced by regular toothbrushing and dental visits.", "pubmed-id": "28646499", "prism:coverDate": "2017-12-01", "prism:aggregationType": "Journal", "prism:url": "https://api.elsevier.com/content/abstract/scopus_id/85021387122", "dc:creator": {"author": [{"ce:given-name": "Attawood", "preferred-name": {"ce:given-name": "Attawood", "ce:initials": "A.", "ce:surname": "Lertpimonchai", "ce:indexed-name": "Lertpimonchai A."}, "@seq": "1", "ce:initials": "A.", "@_fa": "true", "affiliation": [{"@id": "60199578", "@href": "https://api.elsevier.com/content/affiliation/affiliation_id/60199578"}, {"@id": "60028190", "@href": "https://api.elsevier.com/content/affiliation/affiliation_id/60028190"}], "ce:surname": "Lertpimonchai", "@auid": "57194638493", "author-url": "https://api.elsevier.com/content/author/author_id/57194638493", "ce:indexed-name": "Lertpimonchai A."}]}, "link": [{"@_fa": "true", "@rel": "self", "@href": "https://api.elsevier.com/content/abstract/scopus_id/85021387122"}, {"@_fa": "true", "@rel": "scopus", "@href": "https://www.scopus.com/inward/record.uri?partnerID=HzOxMe3b&scp=85021387122&origin=inward"}, {"@_fa": "true", "@rel": "scopus-citedby", "@href": "https://www.scopus.com/inward/citedby.uri?partnerID=HzOxMe3b&scp=85021387122&origin=inward"}], "source-id": "25609", "pii": "S0020653920318554", "citedby-count": "190", "prism:volume": "67", "subtype": "re", "dc:title": "The association between oral hygiene and periodontitis: a systematic review and meta-analysis", "openaccess": "1", "prism:issn": "1875595X 00206539", "publishercopyright": "\u00a9 2017 The Authors. International Dental Journal published by John Wiley & Sons Ltd on behalf of World Dental Federation.", "prism:issueIdentifier": "6", "subtypeDescription": "Review", "prism:publicationName": "International Dental Journal", "prism:pageRange": "332-343", "prism:endingPage": "343", "openaccessFlag": "true", "prism:doi": "10.1111/idj.12317", "prism:startingPage": "332", "dc:identifier": "SCOPUS_ID:85021387122", "dc:publisher": "Blackwell Publishing Ltd"}, "idxterms": {"mainterm": [{"$": "Humans", "@weight": "b", "@candidate": "n"}, {"$": "Oral Hygiene", "@weight": "a", "@candidate": "n"}, {"$": "Periodontitis", "@weight": "b", "@candidate": "n"}, {"$": "Risk Factors", "@weight": "b", "@candidate": "n"}]}, "language": {"@xml:lang": "eng"}, "authkeywords": {"author-keyword": [{"@_fa": "true", "$": "Meta-analysis"}, {"@_fa": "true", "$": "oral hygiene"}, {"@_fa": "true", "$": "periodontitis"}, {"@_fa": "true", "$": "risk factor"}, {"@_fa": "true", "$": "systematic review"}]}, "subject-areas": {"subject-area": [{"@_fa": "true", "$": "Dentistry (all)", "@code": "3500", "@abbrev": "DENT"}]}, "authors": {"author": [{"ce:given-name": "Attawood", "preferred-name": {"ce:given-name": "Attawood", "ce:initials": "A.", "ce:surname": "Lertpimonchai", "ce:indexed-name": "Lertpimonchai A."}, "@seq": "1", "ce:initials": "A.", "@_fa": "true", "affiliation": [{"@id": "60199578", "@href": "https://api.elsevier.com/content/affiliation/affiliation_id/60199578"}, {"@id": "60028190", "@href": "https://api.elsevier.com/content/affiliation/affiliation_id/60028190"}], "ce:surname": "Lertpimonchai", "@auid": "57194638493", "author-url": "https://api.elsevier.com/content/author/author_id/57194638493", "ce:indexed-name": "Lertpimonchai A."}, {"ce:given-name": "Sasivimol", "preferred-name": {"ce:given-name": "Sasivimol", "ce:initials": "S.", "ce:surname": "Rattanasiri", "ce:indexed-name": "Rattanasiri S."}, "@seq": "2", "ce:initials": "S.", "@_fa": "true", "affiliation": {"@id": "60199578", "@href": "https://api.elsevier.com/content/affiliation/affiliation_id/60199578"}, "ce:surname": "Rattanasiri", "@auid": "10040489100", "author-url": "https://api.elsevier.com/content/author/author_id/10040489100", "ce:indexed-name": "Rattanasiri S."}, {"ce:given-name": "Sakda", "preferred-name": {"ce:given-name": "Sakda", "ce:initials": "S.", "ce:surname": "Arj-Ong Vallibhakara", "ce:indexed-name": "Arj-Ong Vallibhakara S."}, "@seq": "3", "ce:initials": "S.", "@_fa": "true", "affiliation": {"@id": "60199578", "@href": "https://api.elsevier.com/content/affiliation/affiliation_id/60199578"}, "ce:surname": "Arj-Ong Vallibhakara", "@auid": "57191753773", "author-url": "https://api.elsevier.com/content/author/author_id/57191753773", "ce:indexed-name": "Arj-Ong Vallibhakara S."}, {"ce:given-name": "John", "preferred-name": {"ce:given-name": "John", "ce:initials": "J.", "ce:surname": "Attia", "ce:indexed-name": "Attia J."}, "@seq": "4", "ce:initials": "J.", "@_fa": "true", "affiliation": [{"@id": "60183191", "@href": "https://api.elsevier.com/content/affiliation/affiliation_id/60183191"}, {"@id": "60089816", "@href": "https://api.elsevier.com/content/affiliation/affiliation_id/60089816"}], "ce:surname": "Attia", "@auid": "7003299759", "author-url": "https://api.elsevier.com/content/author/author_id/7003299759", "ce:indexed-name": "Attia J."}, {"ce:given-name": "Ammarin", "preferred-name": {"ce:given-name": "Ammarin", "ce:initials": "A.", "ce:surname": "Thakkinstian", "ce:indexed-name": "Thakkinstian A."}, "@seq": "5", "ce:initials": "A.", "@_fa": "true", "affiliation": {"@id": "60199578", "@href": "https://api.elsevier.com/content/affiliation/affiliation_id/60199578"}, "ce:surname": "Thakkinstian", "@auid": "6602111727", "author-url": "https://api.elsevier.com/content/author/author_id/6602111727", "ce:indexed-name": "Thakkinstian A."}]}}}