{"abstracts-retrieval-response": {"item": {"ait:process-info": {"ait:status": {"@state": "update", "@type": "core", "@stage": "S300"}, "ait:date-delivered": {"@day": "14", "@timestamp": "2021-11-14T16:58:37.000037-05:00", "@year": "2021", "@month": "11"}, "ait:date-sort": {"@day": "01", "@year": "2017", "@month": "12"}}, "xocs:meta": {"xocs:funding-list": {"@pui-match": "primary", "@has-funding-info": "1", "xocs:funding": [{"xocs:funding-agency-matched-string": "Department of Civil Engineering, Faculty of Engineering, Chulalongkorn University"}, {"xocs:funding-agency-matched-string": "Department of Mining and Petroleum Engineering"}, {"xocs:funding-agency-matched-string": "Chulalongkorn University", "xocs:funding-agency-acronym": "CU", "xocs:funding-agency": "Chulalongkorn University", "xocs:funding-agency-id": "http://data.elsevier.com/vocabulary/SciValFunders/501100002873", "xocs:funding-agency-country": "http://sws.geonames.org/1605651/"}, {"xocs:funding-agency-matched-string": "Department of Environmental Science", "xocs:funding-agency": "Department of Environmental Sciences, Karakoram International University", "xocs:funding-agency-id": "http://data.elsevier.com/vocabulary/SciValFunders/501100014782", "xocs:funding-agency-country": "http://sws.geonames.org/1168579/"}], "xocs:funding-addon-generated-timestamp": "2021-06-02T07:27:04.093Z", "xocs:funding-text": "This project was supported by Department of Environmental Science, Faculty of Science and partially supported by the Sci Super III Fund (Ratchadaphiseksomphot Endowment Fund) Chulalongkorn University. The authors gratefully acknowledge Department of Mining and Petroleum Engineering, Department of Civil Engineering, Faculty of Engineering, Chulalongkorn University for providing mechanical equipment. The helps of providing concrete residue of Tratmunkong Construction Materials Co., Ltd and fly ash of Mae Moh EGAT power plant used in this investigation are gratefully acknowledged. The authors also would like to thank Dr. Sitthichok Puangthongthub for encouragement and kindly support, Dr.Sarawut Srithongouthai, Dr.Vorapot Kanokantapong and Dr. Pantana Tor-ngern for kindly suggestions.", "xocs:funding-addon-type": "http://vtw.elsevier.com/data/voc/AddOnTypes/50.7/aggregated-refined"}}, "bibrecord": {"head": {"author-group": {"affiliation": {"country": "Thailand", "postal-code": "10330", "@afid": "60028190", "@country": "tha", "city": "Bangkok", "organization": [{"$": "Department of Environmental Science"}, {"$": "Faculty of Science"}, {"$": "Chulalongkorn University"}], "affiliation-id": {"@afid": "60028190", "@dptid": "108085665"}, "@dptid": "108085665"}, "author": [{"ce:given-name": "Siriporn", "preferred-name": {"ce:given-name": "Siriporn", "ce:initials": "S.", "ce:surname": "Sirikingkaew", "ce:indexed-name": "Sirikingkaew S."}, "@seq": "1", "ce:initials": "S.", "@_fa": "true", "@type": "auth", "ce:surname": "Sirikingkaew", "@auid": "57193678113", "ce:indexed-name": "Sirikingkaew S."}, {"ce:given-name": "Nuta", "preferred-name": {"ce:given-name": "Nuta", "ce:initials": "N.", "ce:surname": "Supakata", "ce:indexed-name": "Supakata N."}, "@seq": "2", "ce:initials": "N.", "@_fa": "true", "@type": "auth", "ce:surname": "Supakata", "@auid": "57189382470", "ce:indexed-name": "Supakata N."}]}, "citation-title": "Utilization of fly ash and concrete residue in the production of geopolymer bricks", "abstracts": "\u00a9 2017 by College Publishing. All rights reserved.This study presents the development of geopolymer bricks synthetized from industrial waste, including fly ash mixed with concrete residue containing aluminosilicate compound. The above two ingredients are mixed according to five ratios: 100:0, 95:5, 90:10, 85:15, and 80:20. The mixture\u2019s physico-mechanical properties, in terms of water absorption and the compressive strength of the geopolymer bricks, are investigated according to the TIS 168-2546 standard. Scanning electron microscopy (SEM) and X-ray diffraction (XRD) analyses are used to investigate the microstructure and the elemental and phase composition of the brick specimens. The results indicate that the combination of fly ash and concrete residue represents a suitable approach to brick production, as required by the TIS 168\u20132546 standard.", "correspondence": {"affiliation": {"country": "Thailand", "postal-code": "10330", "@country": "tha", "city": "Bangkok", "organization": [{"$": "Department of Environmental Science"}, {"$": "Faculty of Science"}, {"$": "Chulalongkorn University"}]}, "person": {"ce:given-name": "Nuta", "ce:initials": "N.", "ce:surname": "Supakata", "ce:indexed-name": "Supakata N."}}, "citation-info": {"author-keywords": {"author-keyword": [{"$": "Concrete residue", "@xml:lang": "eng"}, {"$": "Facing brick", "@xml:lang": "eng"}, {"$": "Fly ash", "@xml:lang": "eng"}, {"$": "Geopolymer", "@xml:lang": "eng"}]}, "citation-type": {"@code": "ar"}, "citation-language": {"@language": "English", "@xml:lang": "eng"}, "abstract-language": {"@language": "English", "@xml:lang": "eng"}}, "source": {"sourcetitle-abbrev": "J. Green Build.", "website": {"ce:e-address": {"$": "http://www.journalofgreenbuilding.com/doi/pdf/10.3992/1552-6100.12.1.63", "@type": "email"}}, "@country": "usa", "translated-sourcetitle": {"$": "Journal of Green Building", "@xml:lang": "eng"}, "issn": [{"$": "19434618", "@type": "electronic"}, {"$": "15526100", "@type": "print"}], "volisspag": {"voliss": {"@volume": "12", "@issue": "1"}, "pagerange": {"@first": "63", "@last": "77"}}, "@type": "j", "publicationyear": {"@first": "2017"}, "publisher": {"publishername": "College Publishing", "ce:e-address": {"$": "collegepub@mindspring.com", "@type": "email"}}, "sourcetitle": "Journal of Green Building", "@srcid": "19700174747", "publicationdate": {"month": "12", "year": "2017", "date-text": "Winter 2017", "day": "01"}}, "enhancement": {"classificationgroup": {"classifications": [{"@type": "CPXCLASS", "classification": [{"classification-code": "412", "classification-description": "Concrete"}, {"classification-code": "414", "classification-description": "Masonry Materials"}, {"classification-code": "414.2", "classification-description": "Brick Materials"}, {"classification-code": "452.3", "classification-description": "Industrial Wastes"}, {"classification-code": "723.4", "classification-description": "Artificial Intelligence"}, {"classification-code": "802.3", "classification-description": "Chemical Operations"}, {"classification-code": "815.1.2", "classification-description": "Inorganic Polymers"}]}, {"@type": "FLXCLASS", "classification": {"classification-code": "902", "classification-description": "FLUIDEX; Related Topics"}}, {"@type": "ASJC", "classification": [{"$": "2305"}, {"$": "2205"}, {"$": "2216"}, {"$": "3305"}, {"$": "2215"}, {"$": "2300"}, {"$": "2739"}, {"$": "2309"}, {"$": "2308"}]}, {"@type": "SUBJABBR", "classification": [{"$": "ENVI"}, {"$": "ENGI"}, {"$": "SOCI"}, {"$": "MEDI"}]}]}}, "grantlist": {"@complete": "y", "grant-text": {"$": "This project was supported by Department of Environmental Science, Faculty of Science and partially supported by the Sci Super III Fund (Ratchadaphiseksomphot Endowment Fund) Chulalongkorn University. The authors gratefully acknowledge Department of Mining and Petroleum Engineering, Department of Civil Engineering, Faculty of Engineering, Chulalongkorn University for providing mechanical equipment. The helps of providing concrete residue of Tratmunkong Construction Materials Co., Ltd and fly ash of Mae Moh EGAT power plant used in this investigation are gratefully acknowledged. The authors also would like to thank Dr. Sitthichok Puangthongthub for encouragement and kindly support, Dr.Sarawut Srithongouthai, Dr.Vorapot Kanokantapong and Dr. Pantana Tor-ngern for kindly suggestions.", "@xml:lang": "eng"}, "grant": {"grant-acronym": "CU", "grant-agency": {"@iso-code": "tha", "$": "Chulalongkorn University"}}}}, "item-info": {"copyright": {"$": "Copyright 2018 Elsevier B.V., All rights reserved.", "@type": "Elsevier"}, "dbcollection": [{"$": "CPX"}, {"$": "REAXYSCAR"}, {"$": "SCOPUS"}, {"$": "SNCPX"}, {"$": "Scopusbase"}], "history": {"date-created": {"@day": "20", "@timestamp": "BST 07:20:47", "@year": "2018", "@month": "07"}}, "itemidlist": {"itemid": [{"$": "614942655", "@idtype": "PUI"}, {"$": "662329583", "@idtype": "CAR-ID"}, {"$": "20182905566824", "@idtype": "CPX"}, {"$": "20170520080", "@idtype": "REAXYSCAR"}, {"$": "20181720116", "@idtype": "SCOPUS"}, {"$": "2017033571", "@idtype": "SNCPX"}, {"$": "85015744326", "@idtype": "SCP"}, {"$": "85015744326", "@idtype": "SGR"}], "ce:doi": "10.3992/1552-6100.12.1.63"}}, "tail": {"bibliography": {"@refcount": "36", "reference": [{"ref-fulltext": "Malhotra VM. Introduction: sustainable development and concrete technology. Concr Int 2002;24:22\u201330.", "@id": "1", "ref-info": {"ref-publicationyear": {"@first": "2002"}, "ref-title": {"ref-titletext": "Introduction: Sustainable development and concrete technology"}, "refd-itemidlist": {"itemid": {"$": "4344668679", "@idtype": "SGR"}}, "ref-volisspag": {"voliss": {"@volume": "24"}, "pagerange": {"@first": "22", "@last": "30"}}, "ref-authors": {"author": [{"@seq": "1", "ce:initials": "V.M.", "@_fa": "true", "ce:surname": "Malhotra", "ce:indexed-name": "Malhotra V.M."}]}, "ref-sourcetitle": "Concr Int"}}, {"ref-fulltext": "Ban CC, Ken PW, Ramli M. The hybridizations of coal fly ash and wood ash for the fabrication of low alkalinity geopolymer load bearing block cured at ambient temperature. Constr Build Mater2015;88:41-55.", "@id": "2", "ref-info": {"ref-publicationyear": {"@first": "2015"}, "ref-title": {"ref-titletext": "The hybridizations of coal fly ash and wood ash for the fabrication of low alkalinity geopolymer load bearing block cured at ambient temperature"}, "refd-itemidlist": {"itemid": {"$": "84928501195", "@idtype": "SGR"}}, "ref-volisspag": {"voliss": {"@volume": "88"}, "pagerange": {"@first": "41", "@last": "55"}}, "ref-authors": {"author": [{"@seq": "1", "ce:initials": "C.C.", "@_fa": "true", "ce:surname": "Ban", "ce:indexed-name": "Ban C.C."}, {"@seq": "2", "ce:initials": "P.W.", "@_fa": "true", "ce:surname": "Ken", "ce:indexed-name": "Ken P.W."}, {"@seq": "3", "ce:initials": "M.", "@_fa": "true", "ce:surname": "Ramli", "ce:indexed-name": "Ramli M."}]}, "ref-sourcetitle": "Constr Build Mater"}}, {"ref-fulltext": "Davidovits J. High-alkali cements for 21st century concrete. In: Metha PK, editor. Proceedings of V. Mohan Malhortra symposium: concrete technology, past, present and future, ACI SP-144; 1994. p. 383\u201397.", "@id": "3", "ref-info": {"ref-publicationyear": {"@first": "1994"}, "ref-title": {"ref-titletext": "High-alkali cements for 21st century concrete"}, "refd-itemidlist": {"itemid": {"$": "85112538700", "@idtype": "SGR"}}, "ref-volisspag": {"pagerange": {"@first": "383", "@last": "397"}}, "ref-text": "Metha PK, editor, ACI SP-144", "ref-authors": {"author": [{"@seq": "1", "ce:initials": "J.", "@_fa": "true", "ce:surname": "Davidovits", "ce:indexed-name": "Davidovits J."}]}, "ref-sourcetitle": "Proceedings of V. Mohan Malhortra Symposium: Concrete Technology, Past, Present and Future"}}, {"ref-fulltext": "McCaffrey R. Climate change and the cement industry. Global Cem Lime Mag 2002:15\u20139 [Environmental Special Issue].", "@id": "4", "ref-info": {"ref-publicationyear": {"@first": "2002"}, "ref-title": {"ref-titletext": "Climate change and the cement industry"}, "refd-itemidlist": {"itemid": {"$": "2542450677", "@idtype": "SGR"}}, "ref-volisspag": {"pagerange": {"@first": "15", "@last": "19"}}, "ref-text": "[Environmental Special Issue]", "ref-authors": {"author": [{"@seq": "1", "ce:initials": "R.", "@_fa": "true", "ce:surname": "McCaffrey", "ce:indexed-name": "McCaffrey R."}]}, "ref-sourcetitle": "Global Cem Lime Mag"}}, {"ref-fulltext": "Arm M. Mechanical properties of residues as unbound road materials \u2013 experimental tests on MSWI bottom ash. Crushed concrete and blast furnace slag. KTH land and water resources engineering, Stockholm; 2003.", "@id": "5", "ref-info": {"ref-publicationyear": {"@first": "2003"}, "refd-itemidlist": {"itemid": {"$": "85015780881", "@idtype": "SGR"}}, "ref-text": "Crushed concrete and blast furnace slag. KTH land and water resources engineering, Stockholm", "ref-authors": {"author": [{"@seq": "1", "ce:initials": "M.", "@_fa": "true", "ce:surname": "Arm", "ce:indexed-name": "Arm M."}]}, "ref-sourcetitle": "Mechanical Properties of Residues as Unbound Road Materials \u2013 Experimental Tests on MSWI Bottom Ash"}}, {"ref-fulltext": "Ahmari S, Ren X, Toufigh V, Zhang L. Production of geopolymeric binder from blended waste concrete powder and fly ash. Constr Build mater 2012; 35:718-729.", "@id": "6", "ref-info": {"ref-publicationyear": {"@first": "2012"}, "ref-title": {"ref-titletext": "Production of geopolymeric binder from blended waste concrete powder and fly ash"}, "refd-itemidlist": {"itemid": {"$": "84861595762", "@idtype": "SGR"}}, "ref-volisspag": {"voliss": {"@volume": "35"}, "pagerange": {"@first": "718", "@last": "729"}}, "ref-authors": {"author": [{"@seq": "1", "ce:initials": "S.", "@_fa": "true", "ce:surname": "Ahmari", "ce:indexed-name": "Ahmari S."}, {"@seq": "2", "ce:initials": "X.", "@_fa": "true", "ce:surname": "Ren", "ce:indexed-name": "Ren X."}, {"@seq": "3", "ce:initials": "V.", "@_fa": "true", "ce:surname": "Toufigh", "ce:indexed-name": "Toufigh V."}, {"@seq": "4", "ce:initials": "L.", "@_fa": "true", "ce:surname": "Zhang", "ce:indexed-name": "Zhang L."}]}, "ref-sourcetitle": "Constr Build Mater"}}, {"ref-fulltext": "USEPA. Wastes-resource conservation-reduce, reuse, recycle-construction and demolition materials; 2009.", "@id": "7", "ref-info": {"ref-publicationyear": {"@first": "2009"}, "refd-itemidlist": {"itemid": {"$": "84855925051", "@idtype": "SGR"}}, "ref-authors": {"collaboration": {"@seq": "1", "ce:text": "USEPA", "ce:indexed-name": "USEPA"}}, "ref-sourcetitle": "Wastes-Resource Conservation-Reduce, Reuse, Recycle-Construction and Demolition Materials"}}, {"ref-fulltext": "McKelvey D, Sivakumar V, Bell A, McLaverty G. Shear strength of recycled construction materials intended for use in vibro ground improvement. Ground Improve 2002;6(2):59\u201368.", "@id": "8", "ref-info": {"ref-publicationyear": {"@first": "2002"}, "ref-title": {"ref-titletext": "Shear strength of recycled construction materials intended for use in vibro ground improvement"}, "refd-itemidlist": {"itemid": {"$": "0036554267", "@idtype": "SGR"}}, "ref-volisspag": {"voliss": {"@volume": "6", "@issue": "2"}, "pagerange": {"@first": "59", "@last": "68"}}, "ref-authors": {"author": [{"@seq": "1", "ce:initials": "D.", "@_fa": "true", "ce:surname": "McKelvey", "ce:indexed-name": "McKelvey D."}, {"@seq": "2", "ce:initials": "V.", "@_fa": "true", "ce:surname": "Sivakumar", "ce:indexed-name": "Sivakumar V."}, {"@seq": "3", "ce:initials": "A.", "@_fa": "true", "ce:surname": "Bell", "ce:indexed-name": "Bell A."}, {"@seq": "4", "ce:initials": "G.", "@_fa": "true", "ce:surname": "McLaverty", "ce:indexed-name": "McLaverty G."}]}, "ref-sourcetitle": "Ground Improve"}}, {"ref-fulltext": "Drechsler M, Graham A. Innovative materials technologies: bringing resources sustainability to construction and mine industries. In: 48th Institute of quarrying conference, Adelaide, SA; 2005.", "@id": "9", "ref-info": {"ref-title": {"ref-titletext": "Innovative materials technologies: Bringing resources sustainability to construction and mine industries"}, "refd-itemidlist": {"itemid": {"$": "79956066707", "@idtype": "SGR"}}, "ref-volisspag": {"pagerange": {"@first": "2005"}}, "ref-text": "Adelaide, SA", "ref-authors": {"author": [{"@seq": "1", "ce:initials": "M.", "@_fa": "true", "ce:surname": "Drechsler", "ce:indexed-name": "Drechsler M."}, {"@seq": "2", "ce:initials": "A.", "@_fa": "true", "ce:surname": "Graham", "ce:indexed-name": "Graham A."}]}, "ref-sourcetitle": "48Th Institute of Quarrying Conference"}}, {"ref-fulltext": "EEA (European Environment Agency). Effectiveness of environmental taxes and charges for managing sand, gravel and rock extraction in selected EU countries. EEA Report No. 2/2008; 2008.", "@id": "10", "ref-info": {"ref-publicationyear": {"@first": "2008"}, "refd-itemidlist": {"itemid": {"$": "79451469946", "@idtype": "SGR"}}, "ref-text": "EEA Report No. 2/2008", "ref-authors": {"collaboration": {"@seq": "1", "ce:text": "EEA (European Environment Agency)", "ce:indexed-name": "EEA (European Environment Agency)"}}, "ref-sourcetitle": "Effectiveness of Environmental Taxes and Charges for Managing Sand, Gravel and Rock Extraction in Selected EU Countries"}}, {"ref-fulltext": "Schneider M, Romer M, Tschudin M, Bolio H. Sustainable cement production present and future. Cem Concr Res 2011;41:642\u201350.", "@id": "11", "ref-info": {"ref-publicationyear": {"@first": "2011"}, "ref-title": {"ref-titletext": "Sustainable cement production present and future"}, "refd-itemidlist": {"itemid": {"$": "79956085500", "@idtype": "SGR"}}, "ref-volisspag": {"voliss": {"@volume": "41"}, "pagerange": {"@first": "642", "@last": "650"}}, "ref-authors": {"author": [{"@seq": "1", "ce:initials": "M.", "@_fa": "true", "ce:surname": "Schneider", "ce:indexed-name": "Schneider M."}, {"@seq": "2", "ce:initials": "M.", "@_fa": "true", "ce:surname": "Romer", "ce:indexed-name": "Romer M."}, {"@seq": "3", "ce:initials": "M.", "@_fa": "true", "ce:surname": "Tschudin", "ce:indexed-name": "Tschudin M."}, {"@seq": "4", "ce:initials": "H.", "@_fa": "true", "ce:surname": "Bolio", "ce:indexed-name": "Bolio H."}]}, "ref-sourcetitle": "Cem Concr Res"}}, {"ref-fulltext": "Ahmari S, Zhang L. Utilization of cement kiln dust (CKD) to enhance mine tailings-based geopolymer bricks. Constr Build Mater 2013;40:1002-1011.", "@id": "12", "ref-info": {"ref-publicationyear": {"@first": "2013"}, "ref-title": {"ref-titletext": "Utilization of cement kiln dust (CKD) to enhance mine tailings-based geopolymer bricks"}, "refd-itemidlist": {"itemid": {"$": "84872065776", "@idtype": "SGR"}}, "ref-volisspag": {"voliss": {"@volume": "40"}, "pagerange": {"@first": "1002", "@last": "1011"}}, "ref-authors": {"author": [{"@seq": "1", "ce:initials": "S.", "@_fa": "true", "ce:surname": "Ahmari", "ce:indexed-name": "Ahmari S."}, {"@seq": "2", "ce:initials": "L.", "@_fa": "true", "ce:surname": "Zhang", "ce:indexed-name": "Zhang L."}]}, "ref-sourcetitle": "Constr Build Mater"}}, {"ref-fulltext": "Chindaprasirt P, Jaturapitakkul C, Sinsiri T. Effect of fly ash fineness on microstructure of blended cement paste. Constr Build Mater2007;21:1534-1541.", "@id": "13", "ref-info": {"ref-publicationyear": {"@first": "2007"}, "ref-title": {"ref-titletext": "Effect of fly ash fineness on microstructure of blended cement paste"}, "refd-itemidlist": {"itemid": {"$": "33847622159", "@idtype": "SGR"}}, "ref-volisspag": {"voliss": {"@volume": "21"}, "pagerange": {"@first": "1534", "@last": "1541"}}, "ref-authors": {"author": [{"@seq": "1", "ce:initials": "P.", "@_fa": "true", "ce:surname": "Chindaprasirt", "ce:indexed-name": "Chindaprasirt P."}, {"@seq": "2", "ce:initials": "C.", "@_fa": "true", "ce:surname": "Jaturapitakkul", "ce:indexed-name": "Jaturapitakkul C."}, {"@seq": "3", "ce:initials": "T.", "@_fa": "true", "ce:surname": "Sinsiri", "ce:indexed-name": "Sinsiri T."}]}, "ref-sourcetitle": "Constr Build Mater"}}, {"ref-fulltext": "Hanjitsuwan S, Phungeangkhum T, Chindaprasirt P. Study physical property of fly ash geopolymer paste containing Portland cement. Industrial Technology Lampang Rajabhat University Journal 2013;1: 60\u201369.", "@id": "14", "ref-info": {"ref-publicationyear": {"@first": "2013"}, "ref-title": {"ref-titletext": "Study physical property of fly ash geopolymer paste containing Portland cement"}, "refd-itemidlist": {"itemid": {"$": "85015719269", "@idtype": "SGR"}}, "ref-volisspag": {"voliss": {"@volume": "1"}, "pagerange": {"@first": "60", "@last": "69"}}, "ref-authors": {"author": [{"@seq": "1", "ce:initials": "S.", "@_fa": "true", "ce:surname": "Hanjitsuwan", "ce:indexed-name": "Hanjitsuwan S."}, {"@seq": "2", "ce:initials": "T.", "@_fa": "true", "ce:surname": "Phungeangkhum", "ce:indexed-name": "Phungeangkhum T."}, {"@seq": "3", "ce:initials": "P.", "@_fa": "true", "ce:surname": "Chindaprasirt", "ce:indexed-name": "Chindaprasirt P."}]}, "ref-sourcetitle": "Industrial Technology Lampang Rajabhat University Journal"}}, {"ref-fulltext": "Posi, P., Ridtirud, C., Ekvong, C., Chammanee, D., Janthowong, K., Chindaprasirt, P., 2015. Properties of lightweight high calcium fly ash geoplymer concretes containing recycled packaging foam. Constr. Build. Mater. 94, 408-413.", "@id": "15", "ref-info": {"ref-publicationyear": {"@first": "2015"}, "ref-title": {"ref-titletext": "Properties of lightweight high calcium fly ash geoplymer concretes containing recycled packaging foam"}, "refd-itemidlist": {"itemid": {"$": "84937143691", "@idtype": "SGR"}}, "ref-volisspag": {"voliss": {"@volume": "94"}, "pagerange": {"@first": "408", "@last": "413"}}, "ref-authors": {"author": [{"@seq": "1", "ce:initials": "P.", "@_fa": "true", "ce:surname": "Posi", "ce:indexed-name": "Posi P."}, {"@seq": "2", "ce:initials": "C.", "@_fa": "true", "ce:surname": "Ridtirud", "ce:indexed-name": "Ridtirud C."}, {"@seq": "3", "ce:initials": "C.", "@_fa": "true", "ce:surname": "Ekvong", "ce:indexed-name": "Ekvong C."}, {"@seq": "4", "ce:initials": "D.", "@_fa": "true", "ce:surname": "Chammanee", "ce:indexed-name": "Chammanee D."}, {"@seq": "5", "ce:initials": "K.", "@_fa": "true", "ce:surname": "Janthowong", "ce:indexed-name": "Janthowong K."}, {"@seq": "6", "ce:initials": "P.", "@_fa": "true", "ce:surname": "Chindaprasirt", "ce:indexed-name": "Chindaprasirt P."}]}, "ref-sourcetitle": "Constr. Build. Mater"}}, {"ref-fulltext": "Wongsa, A., Zaetang, Y., Sata, V., Chindaprasirt, P., 2016. Properties of lightweight fly ash geopolymer concrete containing bottom ash as aggregates. Constr. Build. Mter. 111, 637-643.", "@id": "16", "ref-info": {"ref-publicationyear": {"@first": "2016"}, "ref-title": {"ref-titletext": "Properties of lightweight fly ash geopolymer concrete containing bottom ash as aggregates"}, "refd-itemidlist": {"itemid": {"$": "84959432709", "@idtype": "SGR"}}, "ref-volisspag": {"voliss": {"@volume": "111"}, "pagerange": {"@first": "637", "@last": "643"}}, "ref-authors": {"author": [{"@seq": "1", "ce:initials": "A.", "@_fa": "true", "ce:surname": "Wongsa", "ce:indexed-name": "Wongsa A."}, {"@seq": "2", "ce:initials": "Y.", "@_fa": "true", "ce:surname": "Zaetang", "ce:indexed-name": "Zaetang Y."}, {"@seq": "3", "ce:initials": "V.", "@_fa": "true", "ce:surname": "Sata", "ce:indexed-name": "Sata V."}, {"@seq": "4", "ce:initials": "P.", "@_fa": "true", "ce:surname": "Chindaprasirt", "ce:indexed-name": "Chindaprasirt P."}]}, "ref-sourcetitle": "Constr. Build. Mter"}}, {"ref-fulltext": "Nuaklong, P., Sata, V., Chindaprasirt, P., 2016. Influence of recycled aggregate on fly ash geopolymer concrete properties. Constr. Build. Mater. 112, 2300-2307.", "@id": "17", "ref-info": {"ref-publicationyear": {"@first": "2016"}, "ref-title": {"ref-titletext": "Influence of recycled aggregate on fly ash geopolymer concrete properties"}, "refd-itemidlist": {"itemid": {"$": "84958157455", "@idtype": "SGR"}}, "ref-volisspag": {"voliss": {"@volume": "112"}, "pagerange": {"@first": "2300", "@last": "2307"}}, "ref-authors": {"author": [{"@seq": "1", "ce:initials": "P.", "@_fa": "true", "ce:surname": "Nuaklong", "ce:indexed-name": "Nuaklong P."}, {"@seq": "2", "ce:initials": "V.", "@_fa": "true", "ce:surname": "Sata", "ce:indexed-name": "Sata V."}, {"@seq": "3", "ce:initials": "P.", "@_fa": "true", "ce:surname": "Chindaprasirt", "ce:indexed-name": "Chindaprasirt P."}]}, "ref-sourcetitle": "Constr. Build. Mater"}}, {"ref-fulltext": "Sata, V., Wongsa, A., Chindaprasirt, P., 2013. Properties of pervious geopolymer concrete using recycled aggregates. Constr. Build. Mater. 42, 33\u201339.", "@id": "18", "ref-info": {"ref-publicationyear": {"@first": "2013"}, "ref-title": {"ref-titletext": "Properties of pervious geopolymer concrete using recycled aggregates"}, "refd-itemidlist": {"itemid": {"$": "84873658120", "@idtype": "SGR"}}, "ref-volisspag": {"voliss": {"@volume": "42"}, "pagerange": {"@first": "33", "@last": "39"}}, "ref-authors": {"author": [{"@seq": "1", "ce:initials": "V.", "@_fa": "true", "ce:surname": "Sata", "ce:indexed-name": "Sata V."}, {"@seq": "2", "ce:initials": "A.", "@_fa": "true", "ce:surname": "Wongsa", "ce:indexed-name": "Wongsa A."}, {"@seq": "3", "ce:initials": "P.", "@_fa": "true", "ce:surname": "Chindaprasirt", "ce:indexed-name": "Chindaprasirt P."}]}, "ref-sourcetitle": "Constr. Build. Mater"}}, {"ref-fulltext": "Shaikh, F. U. A. Mechanical and durability properties of fly ash geopolymer concrete containing recycled coarse aggregates. International Journal of Sustainable Built Environment (2016), http://dx.doi. org/10.1016/j.ijsbe.2016.05.009.", "@id": "19", "ref-info": {"ref-publicationyear": {"@first": "2016"}, "ref-website": {"ce:e-address": {"$": "http://dx.doi.org/10.1016/j.ijsbe.2016.05.009", "@type": "email"}}, "ref-title": {"ref-titletext": "Mechanical and durability properties of fly ash geopolymer concrete containing recycled coarse aggregates"}, "refd-itemidlist": {"itemid": {"$": "84999808937", "@idtype": "SGR"}}, "ref-authors": {"author": [{"@seq": "1", "ce:initials": "F.U.A.", "@_fa": "true", "ce:surname": "Shaikh", "ce:indexed-name": "Shaikh F.U.A."}]}, "ref-sourcetitle": "International Journal of Sustainable Built Environment"}}, {"ref-fulltext": "Kathirvel, P., Kaliyaperumal, S. R. M., 2016. Influence of recycled concrete aggregates on the flexural properties of reinforced alkali activated slag concrete. Constr. Build. Mater. 102, 51-58.", "@id": "20", "ref-info": {"ref-publicationyear": {"@first": "2016"}, "ref-title": {"ref-titletext": "Influence of recycled concrete aggregates on the flexural properties of reinforced alkali activated slag concrete"}, "refd-itemidlist": {"itemid": {"$": "84946593655", "@idtype": "SGR"}}, "ref-volisspag": {"voliss": {"@volume": "102"}, "pagerange": {"@first": "51", "@last": "58"}}, "ref-authors": {"author": [{"@seq": "1", "ce:initials": "P.", "@_fa": "true", "ce:surname": "Kathirvel", "ce:indexed-name": "Kathirvel P."}, {"@seq": "2", "ce:initials": "S.R.M.", "@_fa": "true", "ce:surname": "Kaliyaperumal", "ce:indexed-name": "Kaliyaperumal S.R.M."}]}, "ref-sourcetitle": "Constr. Build. Mater"}}, {"ref-fulltext": "Kazaz A, Ulubeyli S, Bayram E, Ahmet A, Murat A. Identification of Waste Sources in Ready-Mixed Concrete Plants. European Journal of Engineering and Natural Sciences. 2015: 9\u201314.", "@id": "21", "ref-info": {"ref-publicationyear": {"@first": "2015"}, "ref-title": {"ref-titletext": "Identification of Waste Sources in Ready-Mixed Concrete Plants"}, "refd-itemidlist": {"itemid": {"$": "85015757550", "@idtype": "SGR"}}, "ref-volisspag": {"voliss": {"@volume": "914"}}, "ref-authors": {"author": [{"@seq": "1", "ce:initials": "A.", "@_fa": "true", "ce:surname": "Kazaz", "ce:indexed-name": "Kazaz A."}, {"@seq": "2", "ce:initials": "S.", "@_fa": "true", "ce:surname": "Ulubeyli", "ce:indexed-name": "Ulubeyli S."}, {"@seq": "3", "ce:initials": "E.", "@_fa": "true", "ce:surname": "Bayram", "ce:indexed-name": "Bayram E."}, {"@seq": "4", "ce:initials": "A.", "@_fa": "true", "ce:surname": "Ahmet", "ce:indexed-name": "Ahmet A."}, {"@seq": "5", "ce:initials": "A.", "@_fa": "true", "ce:surname": "Murat", "ce:indexed-name": "Murat A."}]}, "ref-sourcetitle": "European Journal of Engineering and Natural Sciences"}}, {"ref-fulltext": "American Society for Testing and Materials. (1991). Standard Specification for Fly Ash and Raw or Calcined Natural Pozzolan for Use as a Mineral Admixture in Portland Cement Concrete. Annual Book of ASTM Standards Vol.04.02. (ASTM C618-91).", "@id": "22", "ref-info": {"ref-publicationyear": {"@first": "1991"}, "refd-itemidlist": {"itemid": {"$": "11244281122", "@idtype": "SGR"}}, "ref-volisspag": {"voliss": {"@volume": "4-2"}}, "ref-text": "Annual Book of ASTM Standards, (ASTM C618-91)", "ref-authors": {"collaboration": {"@seq": "1", "ce:text": "American Society for Testing and Materials", "ce:indexed-name": "American Society for Testing and Materials"}}, "ref-sourcetitle": "Standard Specification for Fly Ash and Raw Or Calcined Natural Pozzolan for Use as a Mineral Admixture in Portland Cement Concrete"}}, {"ref-fulltext": "Thai Industrial Standard Institute. Facing bricks 168-2546. Ministry of Industry Thailand. 2004.", "@id": "23", "ref-info": {"ref-publicationyear": {"@first": "2004"}, "ref-title": {"ref-titletext": "Facing bricks 168-2546"}, "refd-itemidlist": {"itemid": {"$": "85015794641", "@idtype": "SGR"}}, "ref-authors": {"collaboration": {"@seq": "1", "ce:text": "Thai Industrial Standard Institute", "ce:indexed-name": "Thai Industrial Standard Institute"}}, "ref-sourcetitle": "Ministry of Industry Thailand"}}, {"ref-fulltext": "Lloyd, N.A., Rangan, B.V. Geopolymer Concrete with Fly Ash. Second International Conference on Sustainable Construction Materials and Techonologies. June 28-June 30, 2010. Italy.", "@id": "24", "ref-info": {"ref-publicationyear": {"@first": "2010"}, "refd-itemidlist": {"itemid": {"$": "84861375187", "@idtype": "SGR"}}, "ref-text": "Second International Conference on Sustainable Construction Materials and Techonologies. June 28-June 30, Italy", "ref-authors": {"author": [{"@seq": "1", "ce:initials": "N.A.", "@_fa": "true", "ce:surname": "Lloyd", "ce:indexed-name": "Lloyd N.A."}, {"@seq": "2", "ce:initials": "B.V.", "@_fa": "true", "ce:surname": "Rangan", "ce:indexed-name": "Rangan B.V."}]}, "ref-sourcetitle": "Geopolymer Concrete with Fly Ash"}}, {"ref-fulltext": "Diaz, E.I., Allouche, E.N., Eklund, S., 2010. Factors affecting the suitability of fly ash as source material for geopolymers. Fuel 89 (5), 992\u2013996.", "@id": "25", "ref-info": {"ref-publicationyear": {"@first": "2010"}, "ref-title": {"ref-titletext": "Factors affecting the suitability of fly ash as source material for geopolymers"}, "refd-itemidlist": {"itemid": {"$": "77349097589", "@idtype": "SGR"}}, "ref-volisspag": {"voliss": {"@volume": "89", "@issue": "5"}, "pagerange": {"@first": "992", "@last": "996"}}, "ref-authors": {"author": [{"@seq": "1", "ce:initials": "E.I.", "@_fa": "true", "ce:surname": "Diaz", "ce:indexed-name": "Diaz E.I."}, {"@seq": "2", "ce:initials": "E.N.", "@_fa": "true", "ce:surname": "Allouche", "ce:indexed-name": "Allouche E.N."}, {"@seq": "3", "ce:initials": "S.", "@_fa": "true", "ce:surname": "Eklund", "ce:indexed-name": "Eklund S."}]}, "ref-sourcetitle": "Fuel"}}, {"ref-fulltext": "Yip, C.K., Lukey, G.C., and Deventer, J.S.J. The coexistence of geopolymeric gel and calcium silicate hydrate at the early stage of alkaline activation. Cement and Concrete Research 35 (2005): 1688-1697.", "@id": "26", "ref-info": {"ref-publicationyear": {"@first": "2005"}, "ref-title": {"ref-titletext": "The coexistence of geopolymeric gel and calcium silicate hydrate at the early stage of alkaline activation"}, "refd-itemidlist": {"itemid": {"$": "24644443766", "@idtype": "SGR"}}, "ref-volisspag": {"voliss": {"@volume": "35"}, "pagerange": {"@first": "1688", "@last": "1697"}}, "ref-authors": {"author": [{"@seq": "1", "ce:initials": "C.K.", "@_fa": "true", "ce:surname": "Yip", "ce:indexed-name": "Yip C.K."}, {"@seq": "2", "ce:initials": "G.C.", "@_fa": "true", "ce:surname": "Lukey", "ce:indexed-name": "Lukey G.C."}, {"@seq": "3", "ce:initials": "J.S.J.", "@_fa": "true", "ce:surname": "Deventer", "ce:indexed-name": "Deventer J.S.J."}]}, "ref-sourcetitle": "Cement and Concrete Research"}}, {"ref-fulltext": "Aliabdo, A.A., Elmoaty, A.E.M.A., Salem, H.A. 2016. Effect of cement addition, solution resting time and curing characteristics on fly ash based geopolymer concrete performance. Constr. Build. Mater. 123, 581-593.", "@id": "27", "ref-info": {"ref-publicationyear": {"@first": "2016"}, "ref-title": {"ref-titletext": "Effect of cement addition, solution resting time and curing characteristics on fly ash based geopolymer concrete performance"}, "refd-itemidlist": {"itemid": {"$": "84978689427", "@idtype": "SGR"}}, "ref-volisspag": {"voliss": {"@volume": "123"}, "pagerange": {"@first": "581", "@last": "593"}}, "ref-authors": {"author": [{"@seq": "1", "ce:initials": "A.A.", "@_fa": "true", "ce:surname": "Aliabdo", "ce:indexed-name": "Aliabdo A.A."}, {"@seq": "2", "ce:initials": "A.E.M.A.", "@_fa": "true", "ce:surname": "Elmoaty", "ce:indexed-name": "Elmoaty A.E.M.A."}, {"@seq": "3", "ce:initials": "H.A.", "@_fa": "true", "ce:surname": "Salem", "ce:indexed-name": "Salem H.A."}]}, "ref-sourcetitle": "Constr. Build. Mater"}}, {"ref-fulltext": "Lecomte, I., Henrist, C., Liegeois, M., Maseri, R.A., Cloots, R. (Micro)-structural comparison between geopolymers, alkali-activated slag cement and Portland cement. J Eur Ceramic Soc 2006:26(16):3789-97.", "@id": "28", "ref-info": {"ref-publicationyear": {"@first": "2006"}, "ref-title": {"ref-titletext": "(Micro)-structural comparison between geopolymers, alkali-activated slag cement and Portland cement"}, "refd-itemidlist": {"itemid": {"$": "33748878594", "@idtype": "SGR"}}, "ref-volisspag": {"voliss": {"@volume": "26", "@issue": "16"}, "pagerange": {"@first": "3789", "@last": "3797"}}, "ref-authors": {"author": [{"@seq": "1", "ce:initials": "I.", "@_fa": "true", "ce:surname": "Lecomte", "ce:indexed-name": "Lecomte I."}, {"@seq": "2", "ce:initials": "C.", "@_fa": "true", "ce:surname": "Henrist", "ce:indexed-name": "Henrist C."}, {"@seq": "3", "ce:initials": "M.", "@_fa": "true", "ce:surname": "Liegeois", "ce:indexed-name": "Liegeois M."}, {"@seq": "4", "ce:initials": "R.A.", "@_fa": "true", "ce:surname": "Maseri", "ce:indexed-name": "Maseri R.A."}, {"@seq": "5", "ce:initials": "R.", "@_fa": "true", "ce:surname": "Cloots", "ce:indexed-name": "Cloots R."}]}, "ref-sourcetitle": "J Eur Ceramic Soc"}}, {"ref-fulltext": "Zawrah, M.F., Gado, R.A., Feltin, N., Ducourtieux, X., Devoille, L. Recycling and utilization assessment of waste fired clay bricks (Grog) with granulated blast-furnace slag for geopolymer production. Process Safety and Environmental Protection 103 (2016): 237-251.", "@id": "29", "ref-info": {"ref-publicationyear": {"@first": "2016"}, "ref-title": {"ref-titletext": "Recycling and utilization assessment of waste fired clay bricks (Grog) with granulated blast-furnace slag for geopolymer production"}, "refd-itemidlist": {"itemid": {"$": "84981525035", "@idtype": "SGR"}}, "ref-volisspag": {"voliss": {"@volume": "103"}, "pagerange": {"@first": "237", "@last": "251"}}, "ref-authors": {"author": [{"@seq": "1", "ce:initials": "M.F.", "@_fa": "true", "ce:surname": "Zawrah", "ce:indexed-name": "Zawrah M.F."}, {"@seq": "2", "ce:initials": "R.A.", "@_fa": "true", "ce:surname": "Gado", "ce:indexed-name": "Gado R.A."}, {"@seq": "3", "ce:initials": "N.", "@_fa": "true", "ce:surname": "Feltin", "ce:indexed-name": "Feltin N."}, {"@seq": "4", "ce:initials": "X.", "@_fa": "true", "ce:surname": "Ducourtieux", "ce:indexed-name": "Ducourtieux X."}, {"@seq": "5", "ce:initials": "L.", "@_fa": "true", "ce:surname": "Devoille", "ce:indexed-name": "Devoille L."}]}, "ref-sourcetitle": "Process Safety and Environmental Protection"}}, {"ref-fulltext": "Reig, L., Tashima, M.M., Borrachero, M.V., Monz\u00f3, J., Cheeseman, C.R., Pay\u00e1, J., 2013a. Properties and microstructure of alkali-activated red clay brick waste. Constr. Build. Mater. 49, 281\u2013287.", "@id": "30", "ref-info": {"ref-publicationyear": {"@first": "2013"}, "ref-title": {"ref-titletext": "Properties and microstructure of alkali-activated red clay brick waste"}, "refd-itemidlist": {"itemid": {"$": "84981549776", "@idtype": "SGR"}}, "ref-volisspag": {"voliss": {"@volume": "49"}, "pagerange": {"@first": "281", "@last": "287"}}, "ref-authors": {"author": [{"@seq": "1", "ce:initials": "L.", "@_fa": "true", "ce:surname": "Reig", "ce:indexed-name": "Reig L."}, {"@seq": "2", "ce:initials": "M.M.", "@_fa": "true", "ce:surname": "Tashima", "ce:indexed-name": "Tashima M.M."}, {"@seq": "3", "ce:initials": "M.V.", "@_fa": "true", "ce:surname": "Borrachero", "ce:indexed-name": "Borrachero M.V."}, {"@seq": "4", "ce:initials": "J.", "@_fa": "true", "ce:surname": "Monz\u00f3", "ce:indexed-name": "Monzo J."}, {"@seq": "5", "ce:initials": "C.R.", "@_fa": "true", "ce:surname": "Cheeseman", "ce:indexed-name": "Cheeseman C.R."}, {"@seq": "6", "ce:initials": "J.", "@_fa": "true", "ce:surname": "Pay\u00e1", "ce:indexed-name": "Paya J."}]}, "ref-sourcetitle": "Constr. Build. Mater"}}, {"ref-fulltext": "Reig, L., Tashima, M.M., Borrachero, M.V., Monz\u00f3, J., Cheeseman, C.R., Pay\u00e1, J., 2013b. Properties and microstructure of alkali-activated red clay brick waste. Constr. Build. Mater. 43, 98\u2013106.", "@id": "31", "ref-info": {"ref-publicationyear": {"@first": "2013"}, "ref-title": {"ref-titletext": "Properties and microstructure of alkali-activated red clay brick waste"}, "refd-itemidlist": {"itemid": {"$": "84874852371", "@idtype": "SGR"}}, "ref-volisspag": {"voliss": {"@volume": "43"}, "pagerange": {"@first": "98", "@last": "106"}}, "ref-authors": {"author": [{"@seq": "1", "ce:initials": "L.", "@_fa": "true", "ce:surname": "Reig", "ce:indexed-name": "Reig L."}, {"@seq": "2", "ce:initials": "M.M.", "@_fa": "true", "ce:surname": "Tashima", "ce:indexed-name": "Tashima M.M."}, {"@seq": "3", "ce:initials": "M.V.", "@_fa": "true", "ce:surname": "Borrachero", "ce:indexed-name": "Borrachero M.V."}, {"@seq": "4", "ce:initials": "J.", "@_fa": "true", "ce:surname": "Monz\u00f3", "ce:indexed-name": "Monzo J."}, {"@seq": "5", "ce:initials": "C.R.", "@_fa": "true", "ce:surname": "Cheeseman", "ce:indexed-name": "Cheeseman C.R."}, {"@seq": "6", "ce:initials": "J.", "@_fa": "true", "ce:surname": "Pay\u00e1", "ce:indexed-name": "Paya J."}]}, "ref-sourcetitle": "Constr. Build. Mater"}}, {"ref-fulltext": "Zhang, Z.H., Zhu, H.J., Zhou, C.H., Wang, H., 2016. Geopolymer from kaolin in China: an overview. Appl. Clay Sci. 119, 31\u201341.", "@id": "32", "ref-info": {"ref-publicationyear": {"@first": "2016"}, "ref-title": {"ref-titletext": "Geopolymer from kaolin in China: An overview"}, "refd-itemidlist": {"itemid": {"$": "84952986942", "@idtype": "SGR"}}, "ref-volisspag": {"voliss": {"@volume": "119"}, "pagerange": {"@first": "31", "@last": "41"}}, "ref-authors": {"author": [{"@seq": "1", "ce:initials": "Z.H.", "@_fa": "true", "ce:surname": "Zhang", "ce:indexed-name": "Zhang Z.H."}, {"@seq": "2", "ce:initials": "H.J.", "@_fa": "true", "ce:surname": "Zhu", "ce:indexed-name": "Zhu H.J."}, {"@seq": "3", "ce:initials": "C.H.", "@_fa": "true", "ce:surname": "Zhou", "ce:indexed-name": "Zhou C.H."}, {"@seq": "4", "ce:initials": "H.", "@_fa": "true", "ce:surname": "Wang", "ce:indexed-name": "Wang H."}]}, "ref-sourcetitle": "Appl. Clay Sci"}}, {"ref-fulltext": "Anchaleerat, A. Synthesis and characterization of metakaolin based geopolymer from narathiwat and prachin clays. Master\u2019s Thesis, Department of Materials Science, Faculty of Science, Chulalongkorn University, 2014.", "@id": "33", "ref-info": {"ref-publicationyear": {"@first": "2014"}, "refd-itemidlist": {"itemid": {"$": "85015735315", "@idtype": "SGR"}}, "ref-text": "Master\u2019s Thesis, Department of Materials Science, Faculty of Science, Chulalongkorn University", "ref-authors": {"author": [{"@seq": "1", "ce:initials": "A.", "@_fa": "true", "ce:surname": "Anchaleerat", "ce:indexed-name": "Anchaleerat A."}]}, "ref-sourcetitle": "Synthesis and Characterization of Metakaolin Based Geopolymer from Narathiwat and Prachin Clays"}}, {"ref-fulltext": "Gouley, J.T. and Johnson, G.B. Development in Geopolymer Precast Concrete, Proceedings of the International Workshop on Geopolymers and Geopolymer concrete, Perth, Australia, 2005.", "@id": "34", "ref-info": {"ref-publicationyear": {"@first": "2005"}, "refd-itemidlist": {"itemid": {"$": "85015796405", "@idtype": "SGR"}}, "ref-text": "Perth, Australia", "ref-authors": {"author": [{"@seq": "1", "ce:initials": "J.T.", "@_fa": "true", "ce:surname": "Gouley", "ce:indexed-name": "Gouley J.T."}, {"@seq": "2", "ce:initials": "G.B.", "@_fa": "true", "ce:surname": "Johnson", "ce:indexed-name": "Johnson G.B."}]}, "ref-sourcetitle": "Development in Geopolymer Precast Concrete, Proceedings of the International Workshop on Geopolymers and Geopolymer Concrete"}}, {"ref-fulltext": "Siddiqui K.S. Strength and Durability of Low Calcium Fly-ash based Geopolymer Concrete. Final year Honours dissertation, The University of Western Australia, Perth, 2007.", "@id": "35", "ref-info": {"ref-publicationyear": {"@first": "2007"}, "refd-itemidlist": {"itemid": {"$": "84861369424", "@idtype": "SGR"}}, "ref-text": "Final year Honours dissertation, The University of Western Australia, Perth", "ref-authors": {"author": [{"@seq": "1", "ce:initials": "K.S.", "@_fa": "true", "ce:surname": "Siddiqui", "ce:indexed-name": "Siddiqui K.S."}]}, "ref-sourcetitle": "Strength and Durability of Low Calcium Fly-Ash Based Geopolymer Concrete"}}, {"ref-fulltext": "Cheema, D.S., Lloyd, N.A., Rangan, B.V. Durability of Geopolymer Concrete Box Culverts A Green Alternative. Proceedings of the 34th Conference on Our World in Concrete and Structure, Singapore, 2009.", "@id": "36", "ref-info": {"ref-publicationyear": {"@first": "2009"}, "ref-title": {"ref-titletext": "Durability of Geopolymer Concrete Box Culverts A Green Alternative"}, "refd-itemidlist": {"itemid": {"$": "84899051021", "@idtype": "SGR"}}, "ref-text": "Singapore", "ref-authors": {"author": [{"@seq": "1", "ce:initials": "D.S.", "@_fa": "true", "ce:surname": "Cheema", "ce:indexed-name": "Cheema D.S."}, {"@seq": "2", "ce:initials": "N.A.", "@_fa": "true", "ce:surname": "Lloyd", "ce:indexed-name": "Lloyd N.A."}, {"@seq": "3", "ce:initials": "B.V.", "@_fa": "true", "ce:surname": "Rangan", "ce:indexed-name": "Rangan B.V."}]}, "ref-sourcetitle": "Proceedings of the 34Th Conference on Our World in Concrete and Structure"}}]}}}}, "affiliation": {"affiliation-city": "Bangkok", "@id": "60028190", "affilname": "Chulalongkorn University", "@href": "https://api.elsevier.com/content/affiliation/affiliation_id/60028190", "affiliation-country": "Thailand"}, "coredata": {"srctype": "j", "eid": "2-s2.0-85015744326", "dc:description": "This study presents the development of geopolymer bricks synthetized from industrial waste, including fly ash mixed with concrete residue containing aluminosilicate compound. The above two ingredients are mixed according to five ratios: 100:0, 95:5, 90:10, 85:15, and 80:20. The mixture\u2019s physico-mechanical properties, in terms of water absorption and the compressive strength of the geopolymer bricks, are investigated according to the TIS 168-2546 standard. Scanning electron microscopy (SEM) and X-ray diffraction (XRD) analyses are used to investigate the microstructure and the elemental and phase composition of the brick specimens. The results indicate that the combination of fly ash and concrete residue represents a suitable approach to brick production, as required by the TIS 168\u20132546 standard.", "prism:coverDate": "2017-12-01", "prism:aggregationType": "Journal", "prism:url": "https://api.elsevier.com/content/abstract/scopus_id/85015744326", "dc:creator": {"author": [{"ce:given-name": "Siriporn", "preferred-name": {"ce:given-name": "Siriporn", "ce:initials": "S.", "ce:surname": "Sirikingkaew", "ce:indexed-name": "Sirikingkaew S."}, "@seq": "1", "ce:initials": "S.", "@_fa": "true", "affiliation": {"@id": "60028190", "@href": "https://api.elsevier.com/content/affiliation/affiliation_id/60028190"}, "ce:surname": "Sirikingkaew", "@auid": "57193678113", "author-url": "https://api.elsevier.com/content/author/author_id/57193678113", "ce:indexed-name": "Sirikingkaew S."}]}, "link": [{"@_fa": "true", "@rel": "self", "@href": "https://api.elsevier.com/content/abstract/scopus_id/85015744326"}, {"@_fa": "true", "@rel": "scopus", "@href": "https://www.scopus.com/inward/record.uri?partnerID=HzOxMe3b&scp=85015744326&origin=inward"}, {"@_fa": "true", "@rel": "scopus-citedby", "@href": "https://www.scopus.com/inward/citedby.uri?partnerID=HzOxMe3b&scp=85015744326&origin=inward"}], "source-id": "19700174747", "citedby-count": "5", "prism:volume": "12", "subtype": "ar", "dc:title": "Utilization of fly ash and concrete residue in the production of geopolymer bricks", "openaccess": "0", "prism:issn": "19434618 15526100", "publishercopyright": "\u00a9 2017 by College Publishing. All rights reserved.", "prism:issueIdentifier": "1", "subtypeDescription": "Article", "prism:publicationName": "Journal of Green Building", "prism:pageRange": "63-77", "prism:endingPage": "77", "openaccessFlag": "false", "prism:doi": "10.3992/1552-6100.12.1.63", "prism:startingPage": "63", "dc:identifier": "SCOPUS_ID:85015744326", "dc:publisher": "College Publishingcollegepub@mindspring.com"}, "idxterms": {"mainterm": [{"$": "Alumino-silicate compounds", "@weight": "b", "@candidate": "n"}, {"$": "Brick production", "@weight": "b", "@candidate": "n"}, {"$": "Facing bricks", "@weight": "b", "@candidate": "n"}, {"$": "Geopolymer", "@weight": "b", "@candidate": "n"}, {"$": "Physicomechanical properties", "@weight": "b", "@candidate": "n"}]}, "language": {"@xml:lang": "eng"}, "authkeywords": {"author-keyword": [{"@_fa": "true", "$": "Concrete residue"}, {"@_fa": "true", "$": "Facing brick"}, {"@_fa": "true", "$": "Fly ash"}, {"@_fa": "true", "$": "Geopolymer"}]}, "subject-areas": {"subject-area": [{"@_fa": "true", "$": "Environmental Engineering", "@code": "2305", "@abbrev": "ENVI"}, {"@_fa": "true", "$": "Civil and Structural Engineering", "@code": "2205", "@abbrev": "ENGI"}, {"@_fa": "true", "$": "Architecture", "@code": "2216", "@abbrev": "ENGI"}, {"@_fa": "true", "$": "Geography, Planning and Development", "@code": "3305", "@abbrev": "SOCI"}, {"@_fa": "true", "$": "Building and Construction", "@code": "2215", "@abbrev": "ENGI"}, {"@_fa": "true", "$": "Environmental Science (all)", "@code": "2300", "@abbrev": "ENVI"}, {"@_fa": "true", "$": "Public Health, Environmental and Occupational Health", "@code": "2739", "@abbrev": "MEDI"}, {"@_fa": "true", "$": "Nature and Landscape Conservation", "@code": "2309", "@abbrev": "ENVI"}, {"@_fa": "true", "$": "Management, Monitoring, Policy and Law", "@code": "2308", "@abbrev": "ENVI"}]}, "authors": {"author": [{"ce:given-name": "Siriporn", "preferred-name": {"ce:given-name": "Siriporn", "ce:initials": "S.", "ce:surname": "Sirikingkaew", "ce:indexed-name": "Sirikingkaew S."}, "@seq": "1", "ce:initials": "S.", "@_fa": "true", "affiliation": {"@id": "60028190", "@href": "https://api.elsevier.com/content/affiliation/affiliation_id/60028190"}, "ce:surname": "Sirikingkaew", "@auid": "57193678113", "author-url": "https://api.elsevier.com/content/author/author_id/57193678113", "ce:indexed-name": "Sirikingkaew S."}, {"ce:given-name": "Nuta", "preferred-name": {"ce:given-name": "Nuta", "ce:initials": "N.", "ce:surname": "Supakata", "ce:indexed-name": "Supakata N."}, "@seq": "2", "ce:initials": "N.", "@_fa": "true", "affiliation": {"@id": "60028190", "@href": "https://api.elsevier.com/content/affiliation/affiliation_id/60028190"}, "ce:surname": "Supakata", "@auid": "57189382470", "author-url": "https://api.elsevier.com/content/author/author_id/57189382470", "ce:indexed-name": "Supakata N."}]}}}