{"abstracts-retrieval-response": {"item": {"ait:process-info": {"ait:status": {"@state": "update", "@type": "core", "@stage": "S300"}, "ait:date-delivered": {"@day": "10", "@year": "2020", "@timestamp": "2020-02-10T15:39:11.000011-05:00", "@month": "02"}, "ait:date-sort": {"@day": "01", "@year": "2017", "@month": "12"}}, "xocs:meta": {"xocs:funding-list": {"@pui-match": "primary", "@has-funding-info": "1", "xocs:funding-addon-generated-timestamp": "2019-05-02T22:20:51.248Z", "xocs:funding-addon-type": "http://vtw.elsevier.com/data/voc/AddOnTypes/50.7/car"}}, "bibrecord": {"head": {"author-group": [{"affiliation": {"country": "Thailand", "@afid": "60015887", "@country": "tha", "city": "Bangkok", "organization": [{"$": "Department of Pediatrics"}, {"$": "Faculty of Medicine Ramathibodi Hospital"}, {"$": "Mahidol University"}], "affiliation-id": [{"@afid": "60015887", "@dptid": "112998834"}, {"@afid": "60012718"}], "@dptid": "112998834"}, "author": [{"ce:given-name": "Songkiat", "preferred-name": {"ce:given-name": "Songkiat", "ce:initials": "S.", "ce:surname": "Chantarogh", "ce:indexed-name": "Chantarogh S."}, "@seq": "1", "ce:initials": "S.", "@_fa": "true", "@type": "auth", "ce:surname": "Chantarogh", "@auid": "57193455260", "ce:indexed-name": "Chantarogh S."}, {"ce:given-name": "Uthaiwan", "preferred-name": {"ce:given-name": "Uthaiwan", "ce:initials": "U.", "ce:surname": "Kongkhanin", "ce:indexed-name": "Kongkhanin U."}, "@seq": "2", "ce:initials": "U.", "@_fa": "true", "@type": "auth", "ce:surname": "Kongkhanin", "@auid": "57193445664", "ce:indexed-name": "Kongkhanin U."}, {"ce:given-name": "Apinya", "preferred-name": {"ce:given-name": "Apinya", "ce:initials": "A.", "ce:surname": "Thanapinyo", "ce:indexed-name": "Thanapinyo A."}, "@seq": "3", "ce:initials": "A.", "@_fa": "true", "@type": "auth", "ce:surname": "Thanapinyo", "@auid": "57193266912", "ce:indexed-name": "Thanapinyo A."}, {"ce:given-name": "Pawaree", "preferred-name": {"ce:given-name": "Pawaree", "ce:initials": "P.", "ce:surname": "Saisawat", "ce:indexed-name": "Saisawat P."}, "@seq": "4", "ce:initials": "P.", "@_fa": "true", "@type": "auth", "ce:surname": "Saisawat", "@auid": "36005609100", "ce:indexed-name": "Saisawat P."}, {"ce:given-name": "Kanchana", "preferred-name": {"ce:given-name": "Kanchana", "ce:initials": "K.", "ce:surname": "Tangnararatchakit", "ce:indexed-name": "Tangnararatchakit K."}, "@seq": "5", "ce:initials": "K.", "@_fa": "true", "@type": "auth", "ce:surname": "Tangnararatchakit", "@auid": "6508349564", "ce:indexed-name": "Tangnararatchakit K."}, {"ce:given-name": "Nalinee", "preferred-name": {"ce:given-name": "Nalinee", "ce:initials": "N.", "ce:surname": "Chongviriyapan", "ce:indexed-name": "Chongviriyapan N."}, "@seq": "6", "ce:initials": "N.", "@_fa": "true", "@type": "auth", "ce:surname": "Chongviriyapan", "@auid": "57193452620", "ce:indexed-name": "Chongviriyapan N."}, {"ce:given-name": "Surapong", "preferred-name": {"ce:given-name": "Surapong", "ce:initials": "S.", "ce:surname": "Lertthammakiat", "ce:indexed-name": "Lertthammakiat S."}, "@seq": "7", "ce:initials": "S.", "@_fa": "true", "@type": "auth", "ce:surname": "Lertthammakiat", "@auid": "57193447138", "ce:indexed-name": "Lertthammakiat S."}, {"ce:given-name": "Kwanchai", "preferred-name": {"ce:given-name": "Kwanchai", "ce:initials": "K.", "ce:surname": "Pirojsakul", "ce:indexed-name": "Pirojsakul K."}, "@seq": "9", "ce:initials": "K.", "@_fa": "true", "@type": "auth", "ce:surname": "Pirojsakul", "@auid": "54888989100", "ce:indexed-name": "Pirojsakul K."}]}, {"affiliation": {"country": "Thailand", "@afid": "60028190", "@country": "tha", "city": "Bangkok", "organization": [{"$": "Department of Internal Medicine"}, {"$": "Faculty of Medicine"}, {"$": "Chulalongkorn University"}], "affiliation-id": {"@afid": "60028190", "@dptid": "107887048"}, "@dptid": "107887048"}, "author": [{"ce:given-name": "Kearkiat", "preferred-name": {"ce:given-name": "Kearkiat", "ce:initials": "K.", "ce:surname": "Praditpornsilpa", "ce:indexed-name": "Praditpornsilpa K."}, "@seq": "8", "ce:initials": "K.", "@_fa": "true", "@type": "auth", "ce:surname": "Praditpornsilpa", "@auid": "6602331011", "ce:indexed-name": "Praditpornsilpa K."}]}], "citation-title": "Unusual cause of anemia in a child with end-stage renal disease: Answers", "abstracts": null, "correspondence": {"affiliation": {"country": "Thailand", "@country": "tha", "city": "Bangkok", "organization": [{"$": "Department of Pediatrics"}, {"$": "Faculty of Medicine Ramathibodi Hospital"}, {"$": "Mahidol University"}]}, "person": {"ce:given-name": "Kwanchai", "ce:initials": "K.", "ce:surname": "Pirojsakul", "ce:indexed-name": "Pirojsakul K."}}, "citation-info": {"author-keywords": {"author-keyword": [{"$": "Anemia", "@xml:lang": "eng"}, {"$": "Children", "@xml:lang": "eng"}, {"$": "End-stage renal disease", "@xml:lang": "eng"}, {"$": "Hyperzincemia", "@xml:lang": "eng"}, {"$": "Hypocupremia", "@xml:lang": "eng"}]}, "citation-type": {"@code": "ar"}, "citation-language": {"@language": "English", "@xml:lang": "eng"}}, "source": {"website": {"ce:e-address": {"$": "link.springer.de/link/service/journals/00467/index.htm", "@type": "email"}}, "translated-sourcetitle": {"$": "Pediatric Nephrology", "@xml:lang": "eng"}, "volisspag": {"voliss": {"@volume": "32", "@issue": "12"}, "pagerange": {"@first": "2261", "@last": "2262"}}, "@type": "j", "sourcetitle": "Pediatric Nephrology", "publicationdate": {"month": "12", "year": "2017", "date-text": {"@xfab-added": "true", "$": "1 December 2017"}, "day": "01"}, "codencode": "PEDNE", "sourcetitle-abbrev": "Pediatr. Nephrol.", "@country": "deu", "issn": [{"$": "1432198X", "@type": "electronic"}, {"$": "0931041X", "@type": "print"}], "publicationyear": {"@first": "2017"}, "publisher": {"publishername": "Springer Verlag", "ce:e-address": {"$": "service@springer.de", "@type": "email"}}, "@srcid": "20471"}, "enhancement": {"classificationgroup": {"classifications": [{"@type": "EMCLASS", "classification": [{"classification-code": "25", "classification-description": "Hematology"}, {"classification-code": "28", "classification-description": "Urology and Nephrology"}, {"classification-code": "37", "classification-description": "Drug Literature Index"}, {"classification-code": "7", "classification-description": "Pediatrics and Pediatric Surgery"}]}, {"@type": "ASJC", "classification": [{"$": "2735"}, {"$": "2727"}]}, {"@type": "SUBJABBR", "classification": "MEDI"}]}, "chemicalgroup": {"chemicals": [{"@source": "esbd", "chemical": [{"cas-registry-number": "9031-37-2", "enzyme-commission-number": "EC 1.16.3.1", "chemical-name": "ceruloplasmin"}, {"cas-registry-number": [{"$": "15158-11-9"}, {"$": "7440-50-8"}], "chemical-name": "copper"}, {"cas-registry-number": "11096-26-7", "chemical-name": "erythropoietin"}, {"cas-registry-number": "9008-02-0", "chemical-name": "hemoglobin"}, {"cas-registry-number": [{"$": "14093-02-8"}, {"$": "53858-86-9"}, {"$": "7439-89-6"}], "chemical-name": "iron"}, {"cas-registry-number": [{"$": "37294-21-6"}, {"$": "9016-01-7"}, {"$": "9054-89-1"}], "enzyme-commission-number": "EC 1.15.1.1", "chemical-name": "superoxide dismutase"}, {"cas-registry-number": [{"$": "7440-66-6"}, {"$": "14378-32-6"}], "chemical-name": "zinc"}]}, {"@source": "nlm", "chemical": [{"chemical-name": "Copper"}, {"chemical-name": "Zinc"}]}]}}}, "item-info": {"copyright": {"$": "Copyright 2019 Elsevier B.V., All rights reserved.", "@type": "Elsevier"}, "external-source": "MEDLINE", "dbcollection": [{"$": "EMBASE"}, {"$": "MEDL"}, {"$": "REAXYSCAR"}, {"$": "RMC"}, {"$": "SCOPUS"}, {"$": "Scopusbase"}], "history": {"date-created": {"@day": "23", "@year": "2019", "@timestamp": "BST 18:04:11", "@month": "05"}}, "itemidlist": {"itemid": [{"$": "614642904", "@idtype": "PUI"}, {"$": "661587655", "@idtype": "CAR-ID"}, {"$": "20170161597", "@idtype": "EMBASE"}, {"$": "28255803", "@idtype": "MEDL"}, {"$": "20170395593", "@idtype": "REAXYSCAR"}, {"$": "2017065120", "@idtype": "RMC"}, {"$": "85014123473", "@idtype": "SCP"}, {"$": "85014123473", "@idtype": "SGR"}, {"$": "627410046", "@idtype": "PUIsecondary"}, {"$": "76695699", "@idtype": "OSIN"}], "ce:doi": "10.1007/s00467-017-3624-5"}}, "tail": {"bibliography": {"@refcount": "18", "reference": [{"ref-fulltext": "Coleman JE, Watson AR (1992) Micronutrient supplementation in children on continuous cycling peritoneal dialysis (CCPD). Adv Perit Dial 8:396\u2013401", "@id": "1", "ref-info": {"ref-publicationyear": {"@first": "1992"}, "ref-title": {"ref-titletext": "Micronutrient supplementation in children on continuous cycling peritoneal dialysis (CCPD)"}, "refd-itemidlist": {"itemid": [{"$": "CR1", "@idtype": "FRAGMENTID"}, {"$": "0027025306", "@idtype": "SGR"}]}, "ref-volisspag": {"voliss": {"@volume": "8"}, "pagerange": {"@first": "396", "@last": "401"}}, "ref-text": "COI: 1:STN:280:DyaK3s7ht1OmsQ%3D%3D, PID: 1361832", "ref-authors": {"author": [{"@seq": "1", "ce:initials": "J.E.", "@_fa": "true", "ce:surname": "Coleman", "ce:indexed-name": "Coleman J.E."}, {"@seq": "2", "ce:initials": "A.R.", "@_fa": "true", "ce:surname": "Watson", "ce:indexed-name": "Watson A.R."}]}, "ref-sourcetitle": "Adv Perit Dial"}}, {"ref-fulltext": "Yang CY, Wu ML, Chou YY, Li SY, Deng JF, Yang WC, Ng YY (2012) Essential trace element status and clinical outcomes in long-term dialysis patients: a two-year prospective observational cohort study. Clin Nutr 31:630\u2013636", "@id": "2", "ref-info": {"ref-publicationyear": {"@first": "2012"}, "ref-title": {"ref-titletext": "Essential trace element status and clinical outcomes in long-term dialysis patients: a two-year prospective observational cohort study"}, "refd-itemidlist": {"itemid": [{"$": "10.1016/j.clnu.2012.02.008", "@idtype": "DOI"}, {"$": "CR2", "@idtype": "FRAGMENTID"}, {"$": "84866622857", "@idtype": "SGR"}]}, "ref-volisspag": {"voliss": {"@volume": "31"}, "pagerange": {"@first": "630", "@last": "636"}}, "ref-text": "COI: 1:CAS:528:DC%2BC38XhsVSlt7nO, PID: 22405403", "ref-authors": {"author": [{"@seq": "1", "ce:initials": "C.Y.", "@_fa": "true", "ce:surname": "Yang", "ce:indexed-name": "Yang C.Y."}, {"@seq": "2", "ce:initials": "M.L.", "@_fa": "true", "ce:surname": "Wu", "ce:indexed-name": "Wu M.L."}, {"@seq": "3", "ce:initials": "Y.Y.", "@_fa": "true", "ce:surname": "Chou", "ce:indexed-name": "Chou Y.Y."}, {"@seq": "4", "ce:initials": "S.Y.", "@_fa": "true", "ce:surname": "Li", "ce:indexed-name": "Li S.Y."}, {"@seq": "5", "ce:initials": "J.F.", "@_fa": "true", "ce:surname": "Deng", "ce:indexed-name": "Deng J.F."}, {"@seq": "6", "ce:initials": "W.C.", "@_fa": "true", "ce:surname": "Yang", "ce:indexed-name": "Yang W.C."}, {"@seq": "7", "ce:initials": "Y.Y.", "@_fa": "true", "ce:surname": "Ng", "ce:indexed-name": "Ng Y.Y."}]}, "ref-sourcetitle": "Clin Nutr"}}, {"ref-fulltext": "National Kidney Foundation Disease Quality Outcome Initiative (2009) KDOQI clinical practice guideline for nutrition in children with CKD: 2008 update. Executive summary. Am J Kidney Dis 53:S11\u2013S104", "@id": "3", "ref-info": {"ref-publicationyear": {"@first": "2009"}, "ref-title": {"ref-titletext": "KDOQI clinical practice guideline for nutrition in children with CKD: 2008 update. Executive summary"}, "refd-itemidlist": {"itemid": [{"$": "10.1053/j.ajkd.2008.11.017", "@idtype": "DOI"}, {"$": "CR3", "@idtype": "FRAGMENTID"}, {"$": "61949280086", "@idtype": "SGR"}]}, "ref-volisspag": {"voliss": {"@volume": "53"}, "pagerange": {"@first": "S11", "@last": "S104"}}, "ref-authors": {"collaboration": {"@seq": "1", "ce:text": "National Kidney Foundation Disease Quality Outcome Initiative", "ce:indexed-name": "National Kidney Foundation Disease Quality Outcome Initiative"}}, "ref-sourcetitle": "Am J Kidney Dis"}}, {"ref-fulltext": "Porea TJ, Belmont JW, Mahoney DH Jr (2000) Zinc-induced anemia and neutropenia in an adolescent. J Pediatr 136:688\u2013690", "@id": "4", "ref-info": {"ref-publicationyear": {"@first": "2000"}, "ref-title": {"ref-titletext": "Zinc-induced anemia and neutropenia in an adolescent"}, "refd-itemidlist": {"itemid": [{"$": "10.1067/mpd.2000.103355", "@idtype": "DOI"}, {"$": "CR4", "@idtype": "FRAGMENTID"}, {"$": "0034072819", "@idtype": "SGR"}]}, "ref-volisspag": {"voliss": {"@volume": "136"}, "pagerange": {"@first": "688", "@last": "690"}}, "ref-text": "COI: 1:STN:280:DC%2BD3c3mtl2qsA%3D%3D, PID: 10802505", "ref-authors": {"author": [{"@seq": "1", "ce:initials": "T.J.", "@_fa": "true", "ce:surname": "Porea", "ce:indexed-name": "Porea T.J."}, {"@seq": "2", "ce:initials": "J.W.", "@_fa": "true", "ce:surname": "Belmont", "ce:indexed-name": "Belmont J.W."}, {"@seq": "3", "ce:initials": "D.H.", "@_fa": "true", "ce:surname": "Mahoney", "ce:suffix": "Jr.", "ce:indexed-name": "Mahoney D.H."}]}, "ref-sourcetitle": "J Pediatr"}}, {"ref-fulltext": "Willis MS, Monaghan SA, Miller ML, McKenna RW, Perkins WD, Levinson BS, Bhushan V, Kroft SH (2005) Zinc-induced copper deficiency: a report of three cases initially recognized on bone marrow examination. Am J Clin Pathol 123:125\u2013131", "@id": "5", "ref-info": {"ref-publicationyear": {"@first": "2005"}, "ref-title": {"ref-titletext": "Zinc-induced copper deficiency: a report of three cases initially recognized on bone marrow examination"}, "refd-itemidlist": {"itemid": [{"$": "10.1309/V6GVYW2QTYD5C5PJ", "@idtype": "DOI"}, {"$": "CR5", "@idtype": "FRAGMENTID"}, {"$": "11244346808", "@idtype": "SGR"}]}, "ref-volisspag": {"voliss": {"@volume": "123"}, "pagerange": {"@first": "125", "@last": "131"}}, "ref-text": "PID: 15762288", "ref-authors": {"author": [{"@seq": "1", "ce:initials": "M.S.", "@_fa": "true", "ce:surname": "Willis", "ce:indexed-name": "Willis M.S."}, {"@seq": "2", "ce:initials": "S.A.", "@_fa": "true", "ce:surname": "Monaghan", "ce:indexed-name": "Monaghan S.A."}, {"@seq": "3", "ce:initials": "M.L.", "@_fa": "true", "ce:surname": "Miller", "ce:indexed-name": "Miller M.L."}, {"@seq": "4", "ce:initials": "R.W.", "@_fa": "true", "ce:surname": "McKenna", "ce:indexed-name": "McKenna R.W."}, {"@seq": "5", "ce:initials": "W.D.", "@_fa": "true", "ce:surname": "Perkins", "ce:indexed-name": "Perkins W.D."}, {"@seq": "6", "ce:initials": "B.S.", "@_fa": "true", "ce:surname": "Levinson", "ce:indexed-name": "Levinson B.S."}, {"@seq": "7", "ce:initials": "V.", "@_fa": "true", "ce:surname": "Bhushan", "ce:indexed-name": "Bhushan V."}, {"@seq": "8", "ce:initials": "S.H.", "@_fa": "true", "ce:surname": "Kroft", "ce:indexed-name": "Kroft S.H."}]}, "ref-sourcetitle": "Am J Clin Pathol"}}, {"ref-fulltext": "Webb M, Cain K (1982) Functions of metallothionein. Biochem Pharmacol 31:137\u2013142", "@id": "6", "ref-info": {"ref-publicationyear": {"@first": "1982"}, "ref-title": {"ref-titletext": "Functions of metallothionein"}, "refd-itemidlist": {"itemid": [{"$": "10.1016/0006-2952(82)90202-7", "@idtype": "DOI"}, {"$": "CR6", "@idtype": "FRAGMENTID"}, {"$": "0020062847", "@idtype": "SGR"}]}, "ref-volisspag": {"voliss": {"@volume": "31"}, "pagerange": {"@first": "137", "@last": "142"}}, "ref-text": "COI: 1:CAS:528:DyaL38XhvFGitrY%3D, PID: 7037006", "ref-authors": {"author": [{"@seq": "1", "ce:initials": "M.", "@_fa": "true", "ce:surname": "Webb", "ce:indexed-name": "Webb M."}, {"@seq": "2", "ce:initials": "K.", "@_fa": "true", "ce:surname": "Cain", "ce:indexed-name": "Cain K."}]}, "ref-sourcetitle": "Biochem Pharmacol"}}, {"ref-fulltext": "Hall AC, Young BW, Bremner I (1979) Intestinal metallothionein and the mutual antagonism between copper and zinc in the rat. J Inorg Biochem 11:57\u201366", "@id": "7", "ref-info": {"ref-publicationyear": {"@first": "1979"}, "ref-title": {"ref-titletext": "Intestinal metallothionein and the mutual antagonism between copper and zinc in the rat"}, "refd-itemidlist": {"itemid": [{"$": "10.1016/S0162-0134(00)80054-9", "@idtype": "DOI"}, {"$": "CR7", "@idtype": "FRAGMENTID"}, {"$": "0018701443", "@idtype": "SGR"}]}, "ref-volisspag": {"voliss": {"@volume": "11"}, "pagerange": {"@first": "57", "@last": "66"}}, "ref-text": "COI: 1:CAS:528:DyaE1MXlsFKgur4%3D, PID: 479878", "ref-authors": {"author": [{"@seq": "1", "ce:initials": "A.C.", "@_fa": "true", "ce:surname": "Hall", "ce:indexed-name": "Hall A.C."}, {"@seq": "2", "ce:initials": "B.W.", "@_fa": "true", "ce:surname": "Young", "ce:indexed-name": "Young B.W."}, {"@seq": "3", "ce:initials": "I.", "@_fa": "true", "ce:surname": "Bremner", "ce:indexed-name": "Bremner I."}]}, "ref-sourcetitle": "J Inorg Biochem"}}, {"ref-fulltext": "Halfdanarson TR, Kumar N, Li CY, Phyliky RL, Hogan WJ (2008) Hematological manifestations of copper deficiency: a retrospective review. Eur J Haematol 80:523\u2013531", "@id": "8", "ref-info": {"ref-publicationyear": {"@first": "2008"}, "ref-title": {"ref-titletext": "Hematological manifestations of copper deficiency: a retrospective review"}, "refd-itemidlist": {"itemid": [{"$": "10.1111/j.1600-0609.2008.01050.x", "@idtype": "DOI"}, {"$": "CR8", "@idtype": "FRAGMENTID"}, {"$": "43549085991", "@idtype": "SGR"}]}, "ref-volisspag": {"voliss": {"@volume": "80"}, "pagerange": {"@first": "523", "@last": "531"}}, "ref-text": "COI: 1:CAS:528:DC%2BD1cXotFais7o%3D, PID: 18284630", "ref-authors": {"author": [{"@seq": "1", "ce:initials": "T.R.", "@_fa": "true", "ce:surname": "Halfdanarson", "ce:indexed-name": "Halfdanarson T.R."}, {"@seq": "2", "ce:initials": "N.", "@_fa": "true", "ce:surname": "Kumar", "ce:indexed-name": "Kumar N."}, {"@seq": "3", "ce:initials": "C.Y.", "@_fa": "true", "ce:surname": "Li", "ce:indexed-name": "Li C.Y."}, {"@seq": "4", "ce:initials": "R.L.", "@_fa": "true", "ce:surname": "Phyliky", "ce:indexed-name": "Phyliky R.L."}, {"@seq": "5", "ce:initials": "W.J.", "@_fa": "true", "ce:surname": "Hogan", "ce:indexed-name": "Hogan W.J."}]}, "ref-sourcetitle": "Eur J Haematol"}}, {"ref-fulltext": "Haddad AS, Subbiah V, Lichtin AE, Theil KS, Maciejewski JP (2008) Hypocupremia and bone marrow failure. Haematologica 93:e1\u2013e5", "@id": "9", "ref-info": {"ref-publicationyear": {"@first": "2008"}, "ref-title": {"ref-titletext": "Hypocupremia and bone marrow failure"}, "refd-itemidlist": {"itemid": [{"$": "10.3324/haematol.12121", "@idtype": "DOI"}, {"$": "CR9", "@idtype": "FRAGMENTID"}, {"$": "42449159299", "@idtype": "SGR"}]}, "ref-volisspag": {"voliss": {"@volume": "93"}, "pagerange": {"@first": "e1", "@last": "e5"}}, "ref-text": "COI: 1:STN:280:DC%2BD1c%2FgsVaisw%3D%3D, PID: 18166767", "ref-authors": {"author": [{"@seq": "1", "ce:initials": "A.S.", "@_fa": "true", "ce:surname": "Haddad", "ce:indexed-name": "Haddad A.S."}, {"@seq": "2", "ce:initials": "V.", "@_fa": "true", "ce:surname": "Subbiah", "ce:indexed-name": "Subbiah V."}, {"@seq": "3", "ce:initials": "A.E.", "@_fa": "true", "ce:surname": "Lichtin", "ce:indexed-name": "Lichtin A.E."}, {"@seq": "4", "ce:initials": "K.S.", "@_fa": "true", "ce:surname": "Theil", "ce:indexed-name": "Theil K.S."}, {"@seq": "5", "ce:initials": "J.P.", "@_fa": "true", "ce:surname": "Maciejewski", "ce:indexed-name": "Maciejewski J.P."}]}, "ref-sourcetitle": "Haematologica"}}, {"ref-fulltext": "Prohaska JR (2014) Impact of copper deficiency in humans. Ann N Y Acad Sci 1314:1\u20135", "@id": "10", "ref-info": {"ref-publicationyear": {"@first": "2014"}, "ref-title": {"ref-titletext": "Impact of copper deficiency in humans"}, "refd-itemidlist": {"itemid": [{"$": "10.1111/nyas.12354", "@idtype": "DOI"}, {"$": "CR10", "@idtype": "FRAGMENTID"}, {"$": "84900013218", "@idtype": "SGR"}]}, "ref-volisspag": {"voliss": {"@volume": "1314"}, "pagerange": {"@first": "1", "@last": "5"}}, "ref-text": "COI: 1:CAS:528:DC%2BC2cXhtVOgsbvN, PID: 24517364", "ref-authors": {"author": [{"@seq": "1", "ce:initials": "J.R.", "@_fa": "true", "ce:surname": "Prohaska", "ce:indexed-name": "Prohaska J.R."}]}, "ref-sourcetitle": "Ann N Y Acad Sci"}}, {"ref-fulltext": "Williams DM (1983) Copper deficiency in humans. Semin Hematol 20:118\u2013128", "@id": "11", "ref-info": {"ref-publicationyear": {"@first": "1983"}, "ref-title": {"ref-titletext": "Copper deficiency in humans"}, "refd-itemidlist": {"itemid": [{"$": "CR11", "@idtype": "FRAGMENTID"}, {"$": "0020740549", "@idtype": "SGR"}]}, "ref-volisspag": {"voliss": {"@volume": "20"}, "pagerange": {"@first": "118", "@last": "128"}}, "ref-text": "COI: 1:CAS:528:DyaL3sXktVCns78%3D, PID: 6410510", "ref-authors": {"author": [{"@seq": "1", "ce:initials": "D.M.", "@_fa": "true", "ce:surname": "Williams", "ce:indexed-name": "Williams D.M."}]}, "ref-sourcetitle": "Semin Hematol"}}, {"ref-fulltext": "Gregg XT, Reddy V, Prchal JT (2002) Copper deficiency masquerading as myelodysplastic syndrome. Blood 100:1493\u20131495", "@id": "12", "ref-info": {"ref-publicationyear": {"@first": "2002"}, "ref-title": {"ref-titletext": "Copper deficiency masquerading as myelodysplastic syndrome"}, "refd-itemidlist": {"itemid": [{"$": "10.1182/blood-2002-01-0256", "@idtype": "DOI"}, {"$": "CR12", "@idtype": "FRAGMENTID"}, {"$": "0037103195", "@idtype": "SGR"}]}, "ref-volisspag": {"voliss": {"@volume": "100"}, "pagerange": {"@first": "1493", "@last": "1495"}}, "ref-text": "COI: 1:CAS:528:DC%2BD38Xmt12iu7s%3D, PID: 12149237", "ref-authors": {"author": [{"@seq": "1", "ce:initials": "X.T.", "@_fa": "true", "ce:surname": "Gregg", "ce:indexed-name": "Gregg X.T."}, {"@seq": "2", "ce:initials": "V.", "@_fa": "true", "ce:surname": "Reddy", "ce:indexed-name": "Reddy V."}, {"@seq": "3", "ce:initials": "J.T.", "@_fa": "true", "ce:surname": "Prchal", "ce:indexed-name": "Prchal J.T."}]}, "ref-sourcetitle": "Blood"}}, {"ref-fulltext": "Cizewski-Culotta V, Gitlin JD (2001) Disorders of copper metabolism. In: Scriver CR, Beaudett AL, Sly WS (eds) Metabolic disorder and Molecular Basis of Inherited Disorders, 8th edn. McGraw-Hill, New York, pp 3105\u20133126", "@id": "13", "ref-info": {"ref-publicationyear": {"@first": "2001"}, "ref-title": {"ref-titletext": "Disorders of copper metabolism"}, "refd-itemidlist": {"itemid": [{"$": "CR13", "@idtype": "FRAGMENTID"}, {"$": "0000471415", "@idtype": "SGR"}]}, "ref-volisspag": {"pagerange": {"@first": "3105", "@last": "3126"}}, "ref-text": "Scriver CR, Beaudett AL, Sly WS, (eds), McGraw-Hill, New York", "ref-authors": {"author": [{"@seq": "1", "ce:initials": "V.", "@_fa": "true", "ce:surname": "Cizewski-Culotta", "ce:indexed-name": "Cizewski-Culotta V."}, {"@seq": "2", "ce:initials": "J.D.", "@_fa": "true", "ce:surname": "Gitlin", "ce:indexed-name": "Gitlin J.D."}]}, "ref-sourcetitle": "Metabolic disorder and Molecular Basis of Inherited Disorders"}}, {"ref-fulltext": "Hirase N, Abe Y, Sadamura S, Yufu Y, Muta K, Umemura T, Nishimura J, Nawata H, Ideguchi H (1992) Anemia and neutropenia in a case of copper deficiency: role of copper in normal hematopoiesis. Acta Haematol 87:195\u2013197", "@id": "14", "ref-info": {"ref-publicationyear": {"@first": "1992"}, "ref-title": {"ref-titletext": "Anemia and neutropenia in a case of copper deficiency: role of copper in normal hematopoiesis"}, "refd-itemidlist": {"itemid": [{"$": "10.1159/000204758", "@idtype": "DOI"}, {"$": "CR14", "@idtype": "FRAGMENTID"}, {"$": "0026655514", "@idtype": "SGR"}]}, "ref-volisspag": {"voliss": {"@volume": "87"}, "pagerange": {"@first": "195", "@last": "197"}}, "ref-text": "COI: 1:CAS:528:DyaK38XlvFSkt74%3D, PID: 1519434", "ref-authors": {"author": [{"@seq": "1", "ce:initials": "N.", "@_fa": "true", "ce:surname": "Hirase", "ce:indexed-name": "Hirase N."}, {"@seq": "2", "ce:initials": "Y.", "@_fa": "true", "ce:surname": "Abe", "ce:indexed-name": "Abe Y."}, {"@seq": "3", "ce:initials": "S.", "@_fa": "true", "ce:surname": "Sadamura", "ce:indexed-name": "Sadamura S."}, {"@seq": "4", "ce:initials": "Y.", "@_fa": "true", "ce:surname": "Yufu", "ce:indexed-name": "Yufu Y."}, {"@seq": "5", "ce:initials": "K.", "@_fa": "true", "ce:surname": "Muta", "ce:indexed-name": "Muta K."}, {"@seq": "6", "ce:initials": "T.", "@_fa": "true", "ce:surname": "Umemura", "ce:indexed-name": "Umemura T."}, {"@seq": "7", "ce:initials": "J.", "@_fa": "true", "ce:surname": "Nishimura", "ce:indexed-name": "Nishimura J."}, {"@seq": "8", "ce:initials": "H.", "@_fa": "true", "ce:surname": "Nawata", "ce:indexed-name": "Nawata H."}, {"@seq": "9", "ce:initials": "H.", "@_fa": "true", "ce:surname": "Ideguchi", "ce:indexed-name": "Ideguchi H."}]}, "ref-sourcetitle": "Acta Haematol"}}, {"ref-fulltext": "Percival SS (1995) Neutropenia caused by copper deficiency: possible mechanisms of action. Nutr Rev 53:59\u201366", "@id": "15", "ref-info": {"ref-publicationyear": {"@first": "1995"}, "ref-title": {"ref-titletext": "Neutropenia caused by copper deficiency: possible mechanisms of action"}, "refd-itemidlist": {"itemid": [{"$": "10.1111/j.1753-4887.1995.tb01503.x", "@idtype": "DOI"}, {"$": "CR15", "@idtype": "FRAGMENTID"}, {"$": "0029032457", "@idtype": "SGR"}]}, "ref-volisspag": {"voliss": {"@volume": "53"}, "pagerange": {"@first": "59", "@last": "66"}}, "ref-text": "COI: 1:STN:280:DyaK2M3ovVSjsQ%3D%3D, PID: 7770185", "ref-authors": {"author": [{"@seq": "1", "ce:initials": "S.S.", "@_fa": "true", "ce:surname": "Percival", "ce:indexed-name": "Percival S.S."}]}, "ref-sourcetitle": "Nutr Rev"}}, {"ref-fulltext": "Fuhrman MP, Herrmann V, Masidonski P, Eby C (2000) Pancytopenia after removal of copper from total parenteral nutrition. JPEN J Parenter Enteral Nutr 24:361\u2013366", "@id": "16", "ref-info": {"ref-publicationyear": {"@first": "2000"}, "ref-title": {"ref-titletext": "Pancytopenia after removal of copper from total parenteral nutrition"}, "refd-itemidlist": {"itemid": [{"$": "10.1177/0148607100024006361", "@idtype": "DOI"}, {"$": "CR16", "@idtype": "FRAGMENTID"}, {"$": "0033744391", "@idtype": "SGR"}]}, "ref-volisspag": {"voliss": {"@volume": "24"}, "pagerange": {"@first": "361", "@last": "366"}}, "ref-text": "COI: 1:STN:280:DC%2BD3MzjslCntg%3D%3D, PID: 11071596", "ref-authors": {"author": [{"@seq": "1", "ce:initials": "M.P.", "@_fa": "true", "ce:surname": "Fuhrman", "ce:indexed-name": "Fuhrman M.P."}, {"@seq": "2", "ce:initials": "V.", "@_fa": "true", "ce:surname": "Herrmann", "ce:indexed-name": "Herrmann V."}, {"@seq": "3", "ce:initials": "P.", "@_fa": "true", "ce:surname": "Masidonski", "ce:indexed-name": "Masidonski P."}, {"@seq": "4", "ce:initials": "C.", "@_fa": "true", "ce:surname": "Eby", "ce:indexed-name": "Eby C."}]}, "ref-sourcetitle": "JPEN J Parenter Enteral Nutr"}}, {"ref-fulltext": "Higuchi S, Higashi A, Nakamura T, Yanabe Y, Matsuda I (1991) Anti-neutrophil antibodies in patients with nutritional copper deficiency. Eur J Pediatr 150:327\u2013330", "@id": "17", "ref-info": {"ref-publicationyear": {"@first": "1991"}, "ref-title": {"ref-titletext": "Anti-neutrophil antibodies in patients with nutritional copper deficiency"}, "refd-itemidlist": {"itemid": [{"$": "10.1007/BF01955933", "@idtype": "DOI"}, {"$": "CR17", "@idtype": "FRAGMENTID"}, {"$": "0026016202", "@idtype": "SGR"}]}, "ref-volisspag": {"voliss": {"@volume": "150"}, "pagerange": {"@first": "327", "@last": "330"}}, "ref-text": "COI: 1:STN:280:DyaK3M3lslSrsg%3D%3D, PID: 2044604", "ref-authors": {"author": [{"@seq": "1", "ce:initials": "S.", "@_fa": "true", "ce:surname": "Higuchi", "ce:indexed-name": "Higuchi S."}, {"@seq": "2", "ce:initials": "A.", "@_fa": "true", "ce:surname": "Higashi", "ce:indexed-name": "Higashi A."}, {"@seq": "3", "ce:initials": "T.", "@_fa": "true", "ce:surname": "Nakamura", "ce:indexed-name": "Nakamura T."}, {"@seq": "4", "ce:initials": "Y.", "@_fa": "true", "ce:surname": "Yanabe", "ce:indexed-name": "Yanabe Y."}, {"@seq": "5", "ce:initials": "I.", "@_fa": "true", "ce:surname": "Matsuda", "ce:indexed-name": "Matsuda I."}]}, "ref-sourcetitle": "Eur J Pediatr"}}, {"ref-fulltext": "Gordon SA, Lominadze D, Saari JT, Lentsch AB, Schuschke DA (2005) Impaired deformability of copper-deficient neutrophils. Exp Biol Med (Maywood) 230:543\u2013548", "@id": "18", "ref-info": {"ref-publicationyear": {"@first": "2005"}, "ref-title": {"ref-titletext": "Impaired deformability of copper-deficient neutrophils"}, "refd-itemidlist": {"itemid": [{"$": "10.1177/153537020523000805", "@idtype": "DOI"}, {"$": "CR18", "@idtype": "FRAGMENTID"}, {"$": "24144458224", "@idtype": "SGR"}]}, "ref-volisspag": {"voliss": {"@volume": "230"}, "pagerange": {"@first": "543", "@last": "548"}}, "ref-text": "COI: 1:CAS:528:DC%2BD2MXpslOmsr4%3D", "ref-authors": {"author": [{"@seq": "1", "ce:initials": "S.A.", "@_fa": "true", "ce:surname": "Gordon", "ce:indexed-name": "Gordon S.A."}, {"@seq": "2", "ce:initials": "D.", "@_fa": "true", "ce:surname": "Lominadze", "ce:indexed-name": "Lominadze D."}, {"@seq": "3", "ce:initials": "J.T.", "@_fa": "true", "ce:surname": "Saari", "ce:indexed-name": "Saari J.T."}, {"@seq": "4", "ce:initials": "A.B.", "@_fa": "true", "ce:surname": "Lentsch", "ce:indexed-name": "Lentsch A.B."}, {"@seq": "5", "ce:initials": "D.A.", "@_fa": "true", "ce:surname": "Schuschke", "ce:indexed-name": "Schuschke D.A."}]}, "ref-sourcetitle": "Exp Biol Med (Maywood)"}}]}}}}, "affiliation": [{"affiliation-city": "Bangkok", "@id": "60028190", "affilname": "Chulalongkorn University", "@href": "https://api.elsevier.com/content/affiliation/affiliation_id/60028190", "affiliation-country": "Thailand"}, {"affiliation-city": "Bangkok", "@id": "60015887", "affilname": "Faculty of Medicine Ramathibodi Hospital, Mahidol University", "@href": "https://api.elsevier.com/content/affiliation/affiliation_id/60015887", "affiliation-country": "Thailand"}], "coredata": {"srctype": "j", "eid": "2-s2.0-85014123473", "pubmed-id": "28255803", "prism:coverDate": "2017-12-01", "prism:aggregationType": "Journal", "prism:url": "https://api.elsevier.com/content/abstract/scopus_id/85014123473", "dc:creator": {"author": [{"ce:given-name": "Songkiat", "preferred-name": {"ce:given-name": "Songkiat", "ce:initials": "S.", "ce:surname": "Chantarogh", "ce:indexed-name": "Chantarogh S."}, "@seq": "1", "ce:initials": "S.", "@_fa": "true", "affiliation": {"@id": "60015887", "@href": "https://api.elsevier.com/content/affiliation/affiliation_id/60015887"}, "ce:surname": "Chantarogh", "@auid": "57193455260", "author-url": "https://api.elsevier.com/content/author/author_id/57193455260", "ce:indexed-name": "Chantarogh S."}]}, "link": [{"@_fa": "true", "@rel": "self", "@href": "https://api.elsevier.com/content/abstract/scopus_id/85014123473"}, {"@_fa": "true", "@rel": "scopus", "@href": "https://www.scopus.com/inward/record.uri?partnerID=HzOxMe3b&scp=85014123473&origin=inward"}, {"@_fa": "true", "@rel": "scopus-citedby", "@href": "https://www.scopus.com/inward/citedby.uri?partnerID=HzOxMe3b&scp=85014123473&origin=inward"}], "source-id": "20471", "citedby-count": "0", "prism:volume": "32", "subtype": "ar", "dc:title": "Unusual cause of anemia in a child with end-stage renal disease: Answers", "openaccess": "0", "prism:issn": "1432198X 0931041X", "prism:issueIdentifier": "12", "subtypeDescription": "Article", "prism:publicationName": "Pediatric Nephrology", "prism:pageRange": "2261-2262", "prism:endingPage": "2262", "openaccessFlag": "false", "prism:doi": "10.1007/s00467-017-3624-5", "prism:startingPage": "2261", "dc:identifier": "SCOPUS_ID:85014123473", "dc:publisher": "Springer Verlagservice@springer.de"}, "idxterms": {"mainterm": [{"$": "Anemia", "@weight": "b", "@candidate": "n"}, {"$": "Child", "@weight": "b", "@candidate": "n"}, {"$": "Copper", "@weight": "b", "@candidate": "n"}, {"$": "Diagnosis, Differential", "@weight": "b", "@candidate": "n"}, {"$": "Dietary Supplements", "@weight": "b", "@candidate": "n"}, {"$": "Humans", "@weight": "b", "@candidate": "n"}, {"$": "Kidney Failure, Chronic", "@weight": "b", "@candidate": "n"}, {"$": "Zinc", "@weight": "b", "@candidate": "n"}]}, "language": {"@xml:lang": "eng"}, "authkeywords": {"author-keyword": [{"@_fa": "true", "$": "Anemia"}, {"@_fa": "true", "$": "Children"}, {"@_fa": "true", "$": "End-stage renal disease"}, {"@_fa": "true", "$": "Hyperzincemia"}, {"@_fa": "true", "$": "Hypocupremia"}]}, "subject-areas": {"subject-area": [{"@_fa": "true", "$": "Pediatrics, Perinatology and Child Health", "@code": "2735", "@abbrev": "MEDI"}, {"@_fa": "true", "$": "Nephrology", "@code": "2727", "@abbrev": "MEDI"}]}, "authors": {"author": [{"ce:given-name": "Songkiat", "preferred-name": {"ce:given-name": "Songkiat", "ce:initials": "S.", "ce:surname": "Chantarogh", "ce:indexed-name": "Chantarogh S."}, "@seq": "1", "ce:initials": "S.", "@_fa": "true", "affiliation": {"@id": "60015887", "@href": "https://api.elsevier.com/content/affiliation/affiliation_id/60015887"}, "ce:surname": "Chantarogh", "@auid": "57193455260", "author-url": "https://api.elsevier.com/content/author/author_id/57193455260", "ce:indexed-name": "Chantarogh S."}, {"ce:given-name": "Uthaiwan", "preferred-name": {"ce:given-name": "Uthaiwan", "ce:initials": "U.", "ce:surname": "Kongkhanin", "ce:indexed-name": "Kongkhanin U."}, "@seq": "2", "ce:initials": "U.", "@_fa": "true", "affiliation": {"@id": "60015887", "@href": "https://api.elsevier.com/content/affiliation/affiliation_id/60015887"}, "ce:surname": "Kongkhanin", "@auid": "57193445664", "author-url": "https://api.elsevier.com/content/author/author_id/57193445664", "ce:indexed-name": "Kongkhanin U."}, {"ce:given-name": "Apinya", "preferred-name": {"ce:given-name": "Apinya", "ce:initials": "A.", "ce:surname": "Thanapinyo", "ce:indexed-name": "Thanapinyo A."}, "@seq": "3", "ce:initials": "A.", "@_fa": "true", "affiliation": {"@id": "60015887", "@href": "https://api.elsevier.com/content/affiliation/affiliation_id/60015887"}, "ce:surname": "Thanapinyo", "@auid": "57193266912", "author-url": "https://api.elsevier.com/content/author/author_id/57193266912", "ce:indexed-name": "Thanapinyo A."}, {"ce:given-name": "Pawaree", "preferred-name": {"ce:given-name": "Pawaree", "ce:initials": "P.", "ce:surname": "Saisawat", "ce:indexed-name": "Saisawat P."}, "@seq": "4", "ce:initials": "P.", "@_fa": "true", "affiliation": {"@id": "60015887", "@href": "https://api.elsevier.com/content/affiliation/affiliation_id/60015887"}, "ce:surname": "Saisawat", "@auid": "36005609100", "author-url": "https://api.elsevier.com/content/author/author_id/36005609100", "ce:indexed-name": "Saisawat P."}, {"ce:given-name": "Kanchana", "preferred-name": {"ce:given-name": "Kanchana", "ce:initials": "K.", "ce:surname": "Tangnararatchakit", "ce:indexed-name": "Tangnararatchakit K."}, "@seq": "5", "ce:initials": "K.", "@_fa": "true", "affiliation": {"@id": "60015887", "@href": "https://api.elsevier.com/content/affiliation/affiliation_id/60015887"}, "ce:surname": "Tangnararatchakit", "@auid": "6508349564", "author-url": "https://api.elsevier.com/content/author/author_id/6508349564", "ce:indexed-name": "Tangnararatchakit K."}, {"ce:given-name": "Nalinee", "preferred-name": {"ce:given-name": "Nalinee", "ce:initials": "N.", "ce:surname": "Chongviriyapan", "ce:indexed-name": "Chongviriyapan N."}, "@seq": "6", "ce:initials": "N.", "@_fa": "true", "affiliation": {"@id": "60015887", "@href": "https://api.elsevier.com/content/affiliation/affiliation_id/60015887"}, "ce:surname": "Chongviriyapan", "@auid": "57193452620", "author-url": "https://api.elsevier.com/content/author/author_id/57193452620", "ce:indexed-name": "Chongviriyapan N."}, {"ce:given-name": "Surapong", "preferred-name": {"ce:given-name": "Surapong", "ce:initials": "S.", "ce:surname": "Lertthammakiat", "ce:indexed-name": "Lertthammakiat S."}, "@seq": "7", "ce:initials": "S.", "@_fa": "true", "affiliation": {"@id": "60015887", "@href": "https://api.elsevier.com/content/affiliation/affiliation_id/60015887"}, "ce:surname": "Lertthammakiat", "@auid": "57193447138", "author-url": "https://api.elsevier.com/content/author/author_id/57193447138", "ce:indexed-name": "Lertthammakiat S."}, {"ce:given-name": "Kearkiat", "preferred-name": {"ce:given-name": "Kearkiat", "ce:initials": "K.", "ce:surname": "Praditpornsilpa", "ce:indexed-name": "Praditpornsilpa K."}, "@seq": "8", "ce:initials": "K.", "@_fa": "true", "affiliation": {"@id": "60028190", "@href": "https://api.elsevier.com/content/affiliation/affiliation_id/60028190"}, "ce:surname": "Praditpornsilpa", "@auid": "6602331011", "author-url": "https://api.elsevier.com/content/author/author_id/6602331011", "ce:indexed-name": "Praditpornsilpa K."}, {"ce:given-name": "Kwanchai", "preferred-name": {"ce:given-name": "Kwanchai", "ce:initials": "K.", "ce:surname": "Pirojsakul", "ce:indexed-name": "Pirojsakul K."}, "@seq": "9", "ce:initials": "K.", "@_fa": "true", "affiliation": {"@id": "60015887", "@href": "https://api.elsevier.com/content/affiliation/affiliation_id/60015887"}, "ce:surname": "Pirojsakul", "@auid": "54888989100", "author-url": "https://api.elsevier.com/content/author/author_id/54888989100", "ce:indexed-name": "Pirojsakul K."}]}}}