{"abstracts-retrieval-response": {"item": {"ait:process-info": {"ait:status": {"@state": "update", "@type": "core", "@stage": "S300"}, "ait:date-delivered": {"@day": "21", "@year": "2020", "@timestamp": "2020-01-21T04:58:48.000048-05:00", "@month": "01"}, "ait:date-sort": {"@day": "27", "@year": "2017", "@month": "12"}}, "xocs:meta": {"xocs:funding-list": {"@pui-match": "primary", "@has-funding-info": "1", "xocs:funding": [{"xocs:funding-agency-matched-string": "Department of Mathematics and Computer Science, Faculty of Science, Chulalongkorn University"}, {"xocs:funding-agency-matched-string": "Development and Promotion of Science and Technology Talents project"}, {"xocs:funding-agency-matched-string": "Chulalongkorn University", "xocs:funding-agency-acronym": "CU", "xocs:funding-agency": "Chulalongkorn University", "xocs:funding-agency-id": "http://data.elsevier.com/vocabulary/SciValFunders/501100002873", "xocs:funding-agency-country": "http://sws.geonames.org/1605651/"}, {"xocs:funding-agency-matched-string": "Fundo para o Desenvolvimento das Ci\u00eancias e da Tecnologia", "xocs:funding-agency-acronym": "FDCT", "xocs:funding-agency": "Fundo para o Desenvolvimento das Ci\u00eancias e da Tecnologia", "xocs:funding-agency-id": "http://data.elsevier.com/vocabulary/SciValFunders/501100006469", "xocs:funding-agency-country": "http://sws.geonames.org/1821275/"}, {"xocs:funding-agency-matched-string": "Centre International de Math\u00e9matiques et Informatique de Toulouse", "xocs:funding-agency-acronym": "CIMI", "xocs:funding-agency": "Centre International de Math\u00e9matiques et Informatique de Toulouse", "xocs:funding-agency-id": "http://data.elsevier.com/vocabulary/SciValFunders/501100007267", "xocs:funding-agency-country": "http://sws.geonames.org/3017382/"}, {"xocs:funding-agency-matched-string": "Faculty of Science, Chiang Mai University", "xocs:funding-agency": "Faculty of Science, Chiang Mai University", "xocs:funding-agency-id": "http://data.elsevier.com/vocabulary/SciValFunders/501100007858", "xocs:funding-agency-country": "http://sws.geonames.org/1605651/"}], "xocs:funding-addon-generated-timestamp": "2021-02-04T23:01:57.357809Z", "xocs:funding-text": "This research is partially supported by the Development and Promotion of Science and Technology Talents project and the Applied Mathematics and Computational Science Program in the Department of Mathematics and Computer Science, Faculty of Science, Chulalongkorn University.", "xocs:funding-addon-type": "http://vtw.elsevier.com/data/voc/AddOnTypes/50.7/aggregated-refined"}}, "bibrecord": {"head": {"author-group": {"affiliation": {"country": "Thailand", "postal-code": "10330", "@afid": "60028190", "@country": "tha", "city": "Bangkok", "organization": [{"$": "Department of Mathematics and Computer Science"}, {"$": "Faculty of Science"}, {"$": "Chulalongkorn University"}], "affiliation-id": {"@afid": "60028190", "@dptid": "113870560"}, "@dptid": "113870560"}, "author": [{"ce:given-name": "Chittima", "preferred-name": {"ce:given-name": "Chittima", "ce:initials": "C.", "ce:surname": "Chiamanusorn", "ce:indexed-name": "Chiamanusorn C."}, "@seq": "1", "ce:initials": "C.", "@_fa": "true", "@type": "auth", "ce:surname": "Chiamanusorn", "@auid": "57201644640", "ce:indexed-name": "Chiamanusorn C."}, {"ce:given-name": "Krung", "preferred-name": {"ce:given-name": "Krung", "ce:initials": "K.", "ce:surname": "Sinapiromsaran", "ce:indexed-name": "Sinapiromsaran K."}, "@seq": "2", "ce:initials": "K.", "@_fa": "true", "@type": "auth", "ce:surname": "Sinapiromsaran", "@auid": "6505851402", "ce:indexed-name": "Sinapiromsaran K."}]}, "citation-title": "Extreme anomalous oversampling technique for class imbalance", "abstracts": "\u00a9 2017 Association for Computing Machinery.Class imbalance problem is an important classification problem in machine learning which shows undesirable performance of a minority class. These minority instances have a tendency to be misclassified due to their tiny portion in a dataset. For a binary classification, they are labeled as positive while the rest are labeled as negative. This research proposes the novel parameter-free oversampling technique called the extreme anomalous oversampling technique, EXOT, based on an extreme anomalous score, EAS, and a negative anomalous score, NAS. This technique is used for rebalancing a data distribution that can be classified by any classifier. EAS of the instance p is the largest radius of an open ball centering at p containing only a single instance while NAS is the largest radius of an open ball centering at p without negative instances. EXOT synthesizes positive instances surrounding the original positive one using these two EAS and NAS. This work was conducted with three UCI datasets comparing SMOTE, borderline-SMOTE, safe-level SMOTE, and EXOT based on four classifiers which are C4.5, K-nearest neighbor classifier, multilayer perceptron, and na\u00efve Bayes using precision, recall, F1-measure, and G-mean as performance measures. The results show the improvement of classification performances on a minority class on all three UCI datasets.", "citation-info": {"author-keywords": {"author-keyword": [{"$": "Class imbalance", "@xml:lang": "eng"}, {"$": "Extreme anomalous score", "@xml:lang": "eng"}, {"$": "Negative anomalous score", "@xml:lang": "eng"}, {"$": "Oversampling", "@xml:lang": "eng"}]}, "citation-type": {"@code": "cp"}, "citation-language": {"@language": "English", "@xml:lang": "eng"}, "abstract-language": {"@language": "English", "@xml:lang": "eng"}}, "source": {"website": {"ce:e-address": {"$": "http://portal.acm.org/", "@type": "email"}}, "translated-sourcetitle": {"$": "ACM International Conference Proceeding Series", "@xml:lang": "eng"}, "volisspag": {"pagerange": {"@first": "341", "@last": "345"}}, "@type": "p", "isbn": {"@level": "volume", "$": "9781450363518", "@type": "electronic", "@length": "13"}, "additional-srcinfo": {"conferenceinfo": {"confpublication": {"procpartno": "1 of 1"}, "confevent": {"confname": "2017 International Conference on Information Technology, ICIT 2017", "confsponsors": {"confsponsor": null, "@complete": "n"}, "confseriestitle": "International Conference on Information Technology", "conflocation": {"@country": "sgp", "city": "Singapore"}, "confcode": "135375", "confdate": {"enddate": {"@day": "29", "@year": "2017", "@month": "12"}, "startdate": {"@day": "27", "@year": "2017", "@month": "12"}}}}}, "sourcetitle": "ACM International Conference Proceeding Series", "publicationdate": {"month": "12", "year": "2017", "date-text": {"@xfab-added": "true", "$": "27 December 2017"}, "day": "27"}, "sourcetitle-abbrev": "ACM Int. Conf. Proc. Ser.", "@country": "usa", "issuetitle": "Proceedings of the International Conference on Information Technology, ICIT 2017", "publicationyear": {"@first": "2017"}, "publisher": {"publishername": "Association for Computing Machinery", "ce:e-address": {"$": "acmhelp@acm.org", "@type": "email"}}, "@srcid": "11600154611"}, "enhancement": {"classificationgroup": {"classifications": [{"@type": "CPXCLASS", "classification": [{"classification-code": "716.1", "classification-description": "Information and Communication Theory"}, {"classification-code": "921.5", "classification-description": "Optimization Techniques"}]}, {"@type": "FLXCLASS", "classification": {"classification-code": "902", "classification-description": "FLUIDEX; Related Topics"}}, {"@type": "ASJC", "classification": [{"$": "1712"}, {"$": "1709"}, {"$": "1707"}, {"$": "1705"}]}, {"@type": "SUBJABBR", "classification": "COMP"}]}}, "grantlist": {"@complete": "y", "grant-text": {"$": "This research is partially supported by the Development and Promotion of Science and Technology Talents project and the Applied Mathematics and Computational Science Program in the Department of Mathematics and Computer Science, Faculty of Science, Chulalongkorn University.", "@xml:lang": "eng"}, "grant": [{"grant-acronym": "CIMI", "grant-agency": {"@iso-code": "fra", "$": "Centre International de Math\u00e9matiques et Informatique de Toulouse"}, "grant-agency-id": "501100007267"}, {"grant-acronym": "CIMI", "grant-agency": {"@iso-code": "fra", "$": "Centre International de Math\u00e9matiques et Informatique de Toulouse"}, "grant-agency-id": "501100007267"}, {"grant-acronym": "CU", "grant-agency": {"@iso-code": "tha", "$": "Chulalongkorn University"}, "grant-agency-id": "501100002873"}, {"grant-agency": {"@iso-code": "tha", "$": "Faculty of Science, Chiang Mai University"}, "grant-agency-id": "501100007858"}, {"grant-acronym": "FDCT", "grant-agency": {"@iso-code": "mac", "$": "Fundo para o Desenvolvimento das Ci\u00eancias e da Tecnologia"}, "grant-agency-id": "501100006469"}]}}, "item-info": {"copyright": {"$": "Copyright 2018 Elsevier B.V., All rights reserved.", "@type": "Elsevier"}, "dbcollection": [{"$": "CPX"}, {"$": "SCOPUS"}, {"$": "Scopusbase"}], "history": {"date-created": {"@day": "03", "@year": "2018", "@timestamp": "BST 15:45:16", "@month": "05"}}, "itemidlist": {"itemid": [{"$": "621725474", "@idtype": "PUI"}, {"$": "910158886", "@idtype": "CAR-ID"}, {"$": "20181605033942", "@idtype": "CPX"}, {"$": "20181317652", "@idtype": "SCOPUS"}, {"$": "85045521722", "@idtype": "SCP"}, {"$": "85045521722", "@idtype": "SGR"}], "ce:doi": "10.1145/3176653.3176671"}}, "tail": {"bibliography": {"@refcount": "19", "reference": [{"ref-fulltext": "Bengio, Y., and Grandvalet, Y. 2004. No unbiased estimator of the variance of k-fold cross-validation. J. Mach. Learn. Res. 5 (Sep. 2004), 1089-1105.", "@id": "1", "ref-info": {"ref-publicationyear": {"@first": "2004"}, "ref-title": {"ref-titletext": "No unbiased estimator of the variance of k-fold cross-validation"}, "refd-itemidlist": {"itemid": {"$": "84925604888", "@idtype": "SGR"}}, "ref-volisspag": {"voliss": {"@volume": "5"}, "pagerange": {"@first": "1089", "@last": "1105"}}, "ref-text": "Sep. 2004", "ref-authors": {"author": [{"@seq": "1", "ce:initials": "Y.", "@_fa": "true", "ce:surname": "Bengio", "ce:indexed-name": "Bengio Y."}, {"@seq": "2", "ce:initials": "Y.", "@_fa": "true", "ce:surname": "Grandvalet", "ce:indexed-name": "Grandvalet Y."}]}, "ref-sourcetitle": "J. Mach. Learn. Res."}}, {"ref-fulltext": "Buckland, M., and Gey, F. 1994. The relationship between recall and precision. J. Am. Soc. Inform. Sci. 45 (Jan. 1994), 12-19. DOI= http://dx.doi.org/10.1002/(SICI)10974571(199401)45:1<12::AID-ASI2>3.0.CO;2-L.", "@id": "2", "ref-info": {"ref-publicationyear": {"@first": "1994"}, "ref-website": {"ce:e-address": {"$": "http://dx.doi.org/10.1002/(SICI)10974571(199401)45:1<12::AID-ASI2>3.0.CO;2-L", "@type": "email"}}, "ref-title": {"ref-titletext": "The relationship between recall and precision"}, "refd-itemidlist": {"itemid": {"$": "84989576501", "@idtype": "SGR"}}, "ref-volisspag": {"voliss": {"@volume": "45"}, "pagerange": {"@first": "12", "@last": "19"}}, "ref-text": "(Jan. 1994), DOI=", "ref-authors": {"author": [{"@seq": "1", "ce:initials": "M.", "@_fa": "true", "ce:surname": "Buckland", "ce:indexed-name": "Buckland M."}, {"@seq": "2", "ce:initials": "F.", "@_fa": "true", "ce:surname": "Gey", "ce:indexed-name": "Gey F."}]}, "ref-sourcetitle": "J. Am. Soc. Inform. Sci."}}, {"ref-fulltext": "Bunkhumpornpat C., Sinapiromsaran K., and Lursinsap C. 2009. Safe-Level-SMOTE: Safe-Level-Synthetic Minority Over-Sampling TEchnique for Handling the Class Imbalanced Problem. In: Theeramunkong T., Kijsirikul B., Cercone N., Ho TB. (eds) Advances in Knowledge Discovery and Data Mining. PAKDD 2009. Lect. Notes Artif. Int. 5476 (Apr. 2009), 475-482. Springer, Berlin, Heidelberg. DOI = https://doi.org/10.1007/978-3-642-013072_43.", "@id": "3", "ref-info": {"ref-publicationyear": {"@first": "2009"}, "ref-website": {"ce:e-address": {"$": "https://doi.org/10.1007/978-3-642-013072_43", "@type": "email"}}, "ref-title": {"ref-titletext": "Safe-level-SMOTE: Safe-level-synthetic minority over-sampling technique for handling the class imbalanced problem"}, "refd-itemidlist": {"itemid": {"$": "67650694660", "@idtype": "SGR"}}, "ref-volisspag": {"voliss": {"@volume": "5476"}, "pagerange": {"@first": "475", "@last": "482"}}, "ref-text": "In: Theeramunkong T., Kijsirikul B., Cercone N., Ho TB. (eds) (Apr. 2009), Springer, Berlin, Heidelberg. =", "ref-authors": {"author": [{"@seq": "1", "ce:initials": "C.", "@_fa": "true", "ce:surname": "Bunkhumpornpat", "ce:indexed-name": "Bunkhumpornpat C."}, {"@seq": "2", "ce:initials": "K.", "@_fa": "true", "ce:surname": "Sinapiromsaran", "ce:indexed-name": "Sinapiromsaran K."}, {"@seq": "3", "ce:initials": "C.", "@_fa": "true", "ce:surname": "Lursinsap", "ce:indexed-name": "Lursinsap C."}]}, "ref-sourcetitle": "Advances in Knowledge Discovery and Data Mining. PAKDD 2009. Lect. Notes Artif. Int."}}, {"ref-fulltext": "Chawla, N. V., Bowyer, K. W., Hall, L. O., and Kegelmeyer, W. P. 2002. Smote: synthetic minority over-sampling technique. J. Artif. Intell. Res.16, 1 (Jan. 2002), 321-357. DOI= http://dx.doi.org/10.1613/jair.953.", "@id": "4", "ref-info": {"ref-publicationyear": {"@first": "2002"}, "ref-website": {"ce:e-address": {"$": "http://dx.doi.org/10.1613/jair.953", "@type": "email"}}, "ref-title": {"ref-titletext": "Smote: Synthetic minority over-sampling technique"}, "refd-itemidlist": {"itemid": {"$": "0346586663", "@idtype": "SGR"}}, "ref-volisspag": {"voliss": {"@volume": "16", "@issue": "1"}, "pagerange": {"@first": "321", "@last": "357"}}, "ref-text": "(Jan. 2002), DOI=", "ref-authors": {"author": [{"@seq": "1", "ce:initials": "N.V.", "@_fa": "true", "ce:surname": "Chawla", "ce:indexed-name": "Chawla N.V."}, {"@seq": "2", "ce:initials": "K.W.", "@_fa": "true", "ce:surname": "Bowyer", "ce:indexed-name": "Bowyer K.W."}, {"@seq": "3", "ce:initials": "L.O.", "@_fa": "true", "ce:surname": "Hall", "ce:indexed-name": "Hall L.O."}, {"@seq": "4", "ce:initials": "W.P.", "@_fa": "true", "ce:surname": "Kegelmeyer", "ce:indexed-name": "Kegelmeyer W.P."}]}, "ref-sourcetitle": "J. Artif. Intell. Res."}}, {"ref-fulltext": "Cover, T., and Hart, P. 1967. Nearest neighbor pattern classification. IEEE T. Inform. Theory. 13, (Jan. 1967), 21-27. DOI= https://doi.org/10.1109/TIT.1967.1053964.", "@id": "5", "ref-info": {"ref-publicationyear": {"@first": "1967"}, "ref-website": {"ce:e-address": {"$": "https://doi.org/10.1109/TIT.1967.1053964", "@type": "email"}}, "ref-title": {"ref-titletext": "Nearest neighbor pattern classification"}, "refd-itemidlist": {"itemid": {"$": "84926662675", "@idtype": "SGR"}}, "ref-volisspag": {"voliss": {"@volume": "13"}, "pagerange": {"@first": "21", "@last": "27"}}, "ref-text": "(Jan. 1967), DOI=", "ref-authors": {"author": [{"@seq": "1", "ce:initials": "T.", "@_fa": "true", "ce:surname": "Cover", "ce:indexed-name": "Cover T."}, {"@seq": "2", "ce:initials": "P.", "@_fa": "true", "ce:surname": "Hart", "ce:indexed-name": "Hart P."}]}, "ref-sourcetitle": "IEEE T. Inform. Theory."}}, {"ref-fulltext": "Frank, E., and Bouckaert, R. 2006. Na\u00efve Bayes for text classification with unbalanced classes. In Proceedings of the 10th European Conference on Principles and Practice of Knowledge Discovery in Databases (Berlin, Germany, September 18-22, 2006), 503-510. DOI= https://doi.org/10.1007/11871637_49.", "@id": "6", "ref-info": {"ref-publicationyear": {"@first": "2006"}, "ref-website": {"ce:e-address": {"$": "https://doi.org/10.1007/11871637_49", "@type": "email"}}, "ref-title": {"ref-titletext": "Na\u00efve Bayes for text classification with unbalanced classes"}, "refd-itemidlist": {"itemid": {"$": "33750368009", "@idtype": "SGR"}}, "ref-volisspag": {"pagerange": {"@first": "503", "@last": "510"}}, "ref-text": "In (Berlin, Germany, September 18-22, 2006), DOI=", "ref-authors": {"author": [{"@seq": "1", "ce:initials": "E.", "@_fa": "true", "ce:surname": "Frank", "ce:indexed-name": "Frank E."}, {"@seq": "2", "ce:initials": "R.", "@_fa": "true", "ce:surname": "Bouckaert", "ce:indexed-name": "Bouckaert R."}]}, "ref-sourcetitle": "Proceedings of The 10th European Conference on Principles and Practice of Knowledge Discovery in Databases"}}, {"ref-fulltext": "Han, H., Wang, W.-Y., and Mao, B.-H. 2005. Borderline-smote: a new over-sampling method in imbalanced data sets learning. In: Huang DS., Zhang XP., Huang GB. (eds) Advances in Intelligent Computing. ICIC 2005. Lect. Notes. Comput. Sc. 3644 (Aug. 2005), 878-887. Springer, Berlin, Heidelberg. DOI= https://doi.org/10.1007/11538059_91.", "@id": "7", "ref-info": {"ref-publicationyear": {"@first": "2005"}, "ref-website": {"ce:e-address": {"$": "https://doi.org/10.1007/11538059_91", "@type": "email"}}, "ref-title": {"ref-titletext": "Borderline-smote: A new over-sampling method in imbalanced data sets learning"}, "refd-itemidlist": {"itemid": {"$": "27144501672", "@idtype": "SGR"}}, "ref-volisspag": {"voliss": {"@volume": "3644"}, "pagerange": {"@first": "878", "@last": "887"}}, "ref-text": "In: Huang DS., Zhang XP., Huang GB. (eds) (Aug. 2005), Springer, Berlin, Heidelberg. DOI=", "ref-authors": {"author": [{"@seq": "1", "ce:initials": "H.", "@_fa": "true", "ce:surname": "Han", "ce:indexed-name": "Han H."}, {"@seq": "2", "ce:initials": "W.-Y.", "@_fa": "true", "ce:surname": "Wang", "ce:indexed-name": "Wang W.-Y."}, {"@seq": "3", "ce:initials": "B.-H.", "@_fa": "true", "ce:surname": "Mao", "ce:indexed-name": "Mao B.-H."}]}, "ref-sourcetitle": "Advances in Intelligent Computing. ICIC 2005. Lect. Notes. Comput. Sc."}}, {"ref-fulltext": "Haykin, S. 1994. Multilayer perceptrons. Neural networks: a comprehensive foundation. Prentice Hall PTR, 2 (1994), 156-255.", "@id": "8", "ref-info": {"ref-publicationyear": {"@first": "1994"}, "ref-title": {"ref-titletext": "Multilayer perceptrons. Neural networks: A comprehensive foundation"}, "refd-itemidlist": {"itemid": {"$": "29544444769", "@idtype": "SGR"}}, "ref-volisspag": {"voliss": {"@volume": "2"}, "pagerange": {"@first": "156", "@last": "255"}}, "ref-text": "1994", "ref-authors": {"author": [{"@seq": "1", "ce:initials": "S.", "@_fa": "true", "ce:surname": "Haykin", "ce:indexed-name": "Haykin S."}]}, "ref-sourcetitle": "Prentice Hall PTR"}}, {"ref-fulltext": "He, H., and Garcia, E. A. 2009. Learning from imbalanced data. IEEE Knowl. Data En. 21, 9 (Sept. 2009), 1263-1284. DOI= https://doi.org/10.1109/TKDE.2008.239.", "@id": "9", "ref-info": {"ref-publicationyear": {"@first": "2009"}, "ref-website": {"ce:e-address": {"$": "https://doi.org/10.1109/TKDE.2008.239", "@type": "email"}}, "ref-title": {"ref-titletext": "Learning from imbalanced data"}, "refd-itemidlist": {"itemid": {"$": "68549133155", "@idtype": "SGR"}}, "ref-volisspag": {"voliss": {"@volume": "21", "@issue": "9"}, "pagerange": {"@first": "1263", "@last": "1284"}}, "ref-text": "(Sept. 2009), DOI=", "ref-authors": {"author": [{"@seq": "1", "ce:initials": "H.", "@_fa": "true", "ce:surname": "He", "ce:indexed-name": "He H."}, {"@seq": "2", "ce:initials": "E.A.", "@_fa": "true", "ce:surname": "Garcia", "ce:indexed-name": "Garcia E.A."}]}, "ref-sourcetitle": "IEEE Knowl. Data En."}}, {"ref-fulltext": "Kotsiantis, S., Kanellopoulos, D., Pintelas, P., et al. 2006. Handling imbalanced datasets: A review. In GESTS International Transactions on Computer Science and Engineering 30, 1 (2006), 25-36.", "@id": "10", "ref-info": {"ref-publicationyear": {"@first": "2006"}, "ref-title": {"ref-titletext": "Handling imbalanced datasets: A review"}, "refd-itemidlist": {"itemid": {"$": "35348935140", "@idtype": "SGR"}}, "ref-volisspag": {"voliss": {"@volume": "30", "@issue": "1"}, "pagerange": {"@first": "25", "@last": "36"}}, "ref-text": "2006", "ref-authors": {"author": [{"@seq": "1", "ce:initials": "S.", "@_fa": "true", "ce:surname": "Kotsiantis", "ce:indexed-name": "Kotsiantis S."}, {"@seq": "2", "ce:initials": "D.", "@_fa": "true", "ce:surname": "Kanellopoulos", "ce:indexed-name": "Kanellopoulos D."}, {"@seq": "3", "ce:initials": "P.", "@_fa": "true", "ce:surname": "Pintelas", "ce:indexed-name": "Pintelas P."}], "et-al": null}, "ref-sourcetitle": "GESTS International Transactions on Computer Science and Engineering"}}, {"ref-fulltext": "Kubat, M., Holte, R. C., and Matwin, S. 1998. Machine learning for the detection of oil spills in satellite radar images. Mach. Learn. 30, 2-3 (Feb. 1998), 195-215. DOI= https://doi.org/10.1023/A:1007452223027.", "@id": "11", "ref-info": {"ref-publicationyear": {"@first": "1998"}, "ref-website": {"ce:e-address": {"$": "https://doi.org/10.1023/A:1007452223027", "@type": "email"}}, "ref-title": {"ref-titletext": "Machine learning for the detection of oil spills in satellite radar images"}, "refd-itemidlist": {"itemid": {"$": "0031998121", "@idtype": "SGR"}}, "ref-volisspag": {"voliss": {"@volume": "30", "@issue": "2-3"}, "pagerange": {"@first": "195", "@last": "215"}}, "ref-text": "(Feb. 1998), DOI=", "ref-authors": {"author": [{"@seq": "1", "ce:initials": "M.", "@_fa": "true", "ce:surname": "Kubat", "ce:indexed-name": "Kubat M."}, {"@seq": "2", "ce:initials": "R.C.", "@_fa": "true", "ce:surname": "Holte", "ce:indexed-name": "Holte R.C."}, {"@seq": "3", "ce:initials": "S.", "@_fa": "true", "ce:surname": "Matwin", "ce:indexed-name": "Matwin S."}]}, "ref-sourcetitle": "Mach. Learn."}}, {"ref-fulltext": "Lichman, M. 2013. UCI Machine Learning Repository [http://archive.ics.uci.edu/ml]. Irvine, CA: University of California, School of Information and Computer Science.", "@id": "12", "ref-info": {"ref-publicationyear": {"@first": "2013"}, "ref-website": {"ce:e-address": {"$": "http://archive.ics.uci.edu/ml", "@type": "email"}}, "refd-itemidlist": {"itemid": {"$": "84886567160", "@idtype": "SGR"}}, "ref-text": "Irvine, CA: University of California, School of Information and Computer Science", "ref-authors": {"author": [{"@seq": "1", "ce:initials": "M.", "@_fa": "true", "ce:surname": "Lichman", "ce:indexed-name": "Lichman M."}]}, "ref-sourcetitle": "UCI Machine Learning Repository"}}, {"ref-fulltext": "Lin, W., and Xu, D. 2016. Imbalanced multi-label learning for identifying antimicrobial peptides and their functional types. Bioinformatics 32, 24 (Dec. 2016), 3745-3752. DOI= https://doi.org/10.1093/bioinformatics/btw560.", "@id": "13", "ref-info": {"ref-publicationyear": {"@first": "2016"}, "ref-website": {"ce:e-address": {"$": "https://doi.org/10.1093/bioinformatics/btw560", "@type": "email"}}, "ref-title": {"ref-titletext": "Imbalanced multi-label learning for identifying antimicrobial peptides and their functional types"}, "refd-itemidlist": {"itemid": {"$": "85021835825", "@idtype": "SGR"}}, "ref-volisspag": {"voliss": {"@volume": "32", "@issue": "24"}, "pagerange": {"@first": "3745", "@last": "3752"}}, "ref-text": "(Dec. 2016), DOI=", "ref-authors": {"author": [{"@seq": "1", "ce:initials": "W.", "@_fa": "true", "ce:surname": "Lin", "ce:indexed-name": "Lin W."}, {"@seq": "2", "ce:initials": "D.", "@_fa": "true", "ce:surname": "Xu", "ce:indexed-name": "Xu D."}]}, "ref-sourcetitle": "Bioinformatics"}}, {"ref-fulltext": "Lu, W.-Z., and Wang, D. 2008. Ground-level ozone prediction by support vector machine approach with a cost-sensitive classification scheme. Sci. Total. Environ. 395, 2 (Jun. 2008), 109-116. DOI= https://doi.org/10.1016/j.scitotenv.2008.01.035.", "@id": "14", "ref-info": {"ref-publicationyear": {"@first": "2008"}, "ref-website": {"ce:e-address": {"$": "https://doi.org/10.1016/j.scitotenv.2008.01.035", "@type": "email"}}, "ref-title": {"ref-titletext": "Ground-level ozone prediction by support vector machine approach with a cost-sensitive classification scheme"}, "refd-itemidlist": {"itemid": {"$": "41549103711", "@idtype": "SGR"}}, "ref-volisspag": {"voliss": {"@volume": "395", "@issue": "2"}, "pagerange": {"@first": "109", "@last": "116"}}, "ref-text": "(Jun. 2008), DOI=", "ref-authors": {"author": [{"@seq": "1", "ce:initials": "W.-Z.", "@_fa": "true", "ce:surname": "Lu", "ce:indexed-name": "Lu W.-Z."}, {"@seq": "2", "ce:initials": "D.", "@_fa": "true", "ce:surname": "Wang", "ce:indexed-name": "Wang D."}]}, "ref-sourcetitle": "Sci. Total. Environ."}}, {"ref-fulltext": "Mena, L., and Gonzalez, J. A. 2009. Symbolic one-class learning from imbalanced datasets: application in medical diagnosis. Int. J. Artif. Intell. T.18, 02 (Apr. 2009), 273-309. DOI= https://doi.org/10.1142/S0218213009000135.", "@id": "15", "ref-info": {"ref-publicationyear": {"@first": "2009"}, "ref-website": {"ce:e-address": {"$": "https://doi.org/10.1142/S0218213009000135", "@type": "email"}}, "ref-title": {"ref-titletext": "Symbolic one-class learning from imbalanced datasets: Application in medical diagnosis"}, "refd-itemidlist": {"itemid": {"$": "65849151044", "@idtype": "SGR"}}, "ref-volisspag": {"voliss": {"@volume": "18"}, "pagerange": {"@first": "273", "@last": "309"}}, "ref-text": "02 (Apr. 2009), DOI=", "ref-authors": {"author": [{"@seq": "1", "ce:initials": "L.", "@_fa": "true", "ce:surname": "Mena", "ce:indexed-name": "Mena L."}, {"@seq": "2", "ce:initials": "J.A.", "@_fa": "true", "ce:surname": "Gonzalez", "ce:indexed-name": "Gonzalez J.A."}]}, "ref-sourcetitle": "Int. J. Artif. Intell. T."}}, {"ref-fulltext": "Oh, S., Lee, M. S., and Zhang, B.-T. 2011. Ensemble learning with active example selection for imbalanced biomedical data classification. IEEE-ACM T. Comput. Bi. 8, 2 (Mar.-Apr. 2011), 316-325. DOI= https://doi.org/10.1109/TCBB.2010.96.", "@id": "16", "ref-info": {"ref-publicationyear": {"@first": "2011"}, "ref-website": {"ce:e-address": {"$": "https://doi.org/10.1109/TCBB.2010.96", "@type": "email"}}, "ref-title": {"ref-titletext": "Ensemble learning with active example selection for imbalanced biomedical data classification"}, "refd-itemidlist": {"itemid": {"$": "79551665221", "@idtype": "SGR"}}, "ref-volisspag": {"voliss": {"@volume": "8", "@issue": "2"}, "pagerange": {"@first": "316", "@last": "325"}}, "ref-text": "(Mar.-Apr. 2011), DOI=", "ref-authors": {"author": [{"@seq": "1", "ce:initials": "S.", "@_fa": "true", "ce:surname": "Oh", "ce:indexed-name": "Oh S."}, {"@seq": "2", "ce:initials": "M.S.", "@_fa": "true", "ce:surname": "Lee", "ce:indexed-name": "Lee M.S."}, {"@seq": "3", "ce:initials": "B.-T.", "@_fa": "true", "ce:surname": "Zhang", "ce:indexed-name": "Zhang B.-T."}]}, "ref-sourcetitle": "IEEE-ACM T. Comput. Bi."}}, {"ref-fulltext": "Quinlan, J. R. 1993. C4.5: Programs for machine learning. San Mateo, Calif: Morgan Kaufmann Publishers.", "@id": "17", "ref-info": {"ref-publicationyear": {"@first": "1993"}, "refd-itemidlist": {"itemid": {"$": "0003500248", "@idtype": "SGR"}}, "ref-text": "San Mateo, Calif: Morgan Kaufmann Publishers", "ref-authors": {"author": [{"@seq": "1", "ce:initials": "J.R.", "@_fa": "true", "ce:surname": "Quinlan", "ce:indexed-name": "Quinlan J.R."}]}, "ref-sourcetitle": "C4.5: Programs for Machine Learning"}}, {"ref-fulltext": "Tetko, I. V., Livingstone, D. J., and Luik, A. I. 1995. Neural network studies. 1. comparison of overfitting and overtraining. J. Chem. Inf. Comput. Sci. 35, 5 (Jul. 1995), 826-833. DOI= http://dx.doi.org/10.1021/ci00027a006.", "@id": "18", "ref-info": {"ref-publicationyear": {"@first": "1995"}, "ref-website": {"ce:e-address": {"$": "http://dx.doi.org/10.1021/ci00027a006", "@type": "email"}}, "ref-title": {"ref-titletext": "Neural network studies. 1. Comparison of overfitting and overtraining"}, "refd-itemidlist": {"itemid": {"$": "0001447184", "@idtype": "SGR"}}, "ref-volisspag": {"voliss": {"@volume": "35", "@issue": "5"}, "pagerange": {"@first": "826", "@last": "833"}}, "ref-text": "(Jul. 1995), DOI=", "ref-authors": {"author": [{"@seq": "1", "ce:initials": "I.V.", "@_fa": "true", "ce:surname": "Tetko", "ce:indexed-name": "Tetko I.V."}, {"@seq": "2", "ce:initials": "D.J.", "@_fa": "true", "ce:surname": "Livingstone", "ce:indexed-name": "Livingstone D.J."}, {"@seq": "3", "ce:initials": "A.I.", "@_fa": "true", "ce:surname": "Luik", "ce:indexed-name": "Luik A.I."}]}, "ref-sourcetitle": "J. Chem. Inf. Comput. Sci."}}, {"ref-fulltext": "Williams, D. P.,Myers,V., and Silvious, M.S. 2009. Mine classification with imbalanced data. IEEE Geosci. Remote S. 6, 3 (Jul. 2009), 528-532. DOI= https://doi.org/10.1109/LGRS.2009.2021964.", "@id": "19", "ref-info": {"ref-publicationyear": {"@first": "2009"}, "ref-website": {"ce:e-address": {"$": "https://doi.org/10.1109/LGRS.2009.2021964", "@type": "email"}}, "ref-title": {"ref-titletext": "Mine classification with imbalanced data"}, "refd-itemidlist": {"itemid": {"$": "67651155767", "@idtype": "SGR"}}, "ref-volisspag": {"voliss": {"@volume": "6", "@issue": "3"}, "pagerange": {"@first": "528", "@last": "532"}}, "ref-text": "(Jul. 2009), DOI=", "ref-authors": {"author": [{"@seq": "1", "ce:initials": "D.P.", "@_fa": "true", "ce:surname": "Williams", "ce:indexed-name": "Williams D.P."}, {"@seq": "2", "ce:initials": "V.", "@_fa": "true", "ce:surname": "Myers", "ce:indexed-name": "Myers V."}, {"@seq": "3", "ce:initials": "M.S.", "@_fa": "true", "ce:surname": "Silvious", "ce:indexed-name": "Silvious M.S."}]}, "ref-sourcetitle": "IEEE Geosci. Remote S."}}]}}}}, "affiliation": {"affiliation-city": "Bangkok", "@id": "60028190", "affilname": "Chulalongkorn University", "@href": "https://api.elsevier.com/content/affiliation/affiliation_id/60028190", "affiliation-country": "Thailand"}, "coredata": {"srctype": "p", "eid": "2-s2.0-85045521722", "dc:description": "Class imbalance problem is an important classification problem in machine learning which shows undesirable performance of a minority class. These minority instances have a tendency to be misclassified due to their tiny portion in a dataset. For a binary classification, they are labeled as positive while the rest are labeled as negative. This research proposes the novel parameter-free oversampling technique called the extreme anomalous oversampling technique, EXOT, based on an extreme anomalous score, EAS, and a negative anomalous score, NAS. This technique is used for rebalancing a data distribution that can be classified by any classifier. EAS of the instance p is the largest radius of an open ball centering at p containing only a single instance while NAS is the largest radius of an open ball centering at p without negative instances. EXOT synthesizes positive instances surrounding the original positive one using these two EAS and NAS. This work was conducted with three UCI datasets comparing SMOTE, borderline-SMOTE, safe-level SMOTE, and EXOT based on four classifiers which are C4.5, K-nearest neighbor classifier, multilayer perceptron, and na\u00efve Bayes using precision, recall, F1-measure, and G-mean as performance measures. The results show the improvement of classification performances on a minority class on all three UCI datasets.", "prism:coverDate": "2017-12-27", "prism:aggregationType": "Conference Proceeding", "prism:url": "https://api.elsevier.com/content/abstract/scopus_id/85045521722", "subtypeDescription": "Conference Paper", "dc:creator": {"author": [{"ce:given-name": "Chittima", "preferred-name": {"ce:given-name": "Chittima", "ce:initials": "C.", "ce:surname": "Chiamanusorn", "ce:indexed-name": "Chiamanusorn C."}, "@seq": "1", "ce:initials": "C.", "@_fa": "true", "affiliation": {"@id": "60028190", "@href": "https://api.elsevier.com/content/affiliation/affiliation_id/60028190"}, "ce:surname": "Chiamanusorn", "@auid": "57201644640", "author-url": "https://api.elsevier.com/content/author/author_id/57201644640", "ce:indexed-name": "Chiamanusorn C."}]}, "link": [{"@_fa": "true", "@rel": "self", "@href": "https://api.elsevier.com/content/abstract/scopus_id/85045521722"}, {"@_fa": "true", "@rel": "scopus", "@href": "https://www.scopus.com/inward/record.uri?partnerID=HzOxMe3b&scp=85045521722&origin=inward"}, {"@_fa": "true", "@rel": "scopus-citedby", "@href": "https://www.scopus.com/inward/citedby.uri?partnerID=HzOxMe3b&scp=85045521722&origin=inward"}], "prism:isbn": "9781450363518", "prism:publicationName": "ACM International Conference Proceeding Series", "source-id": "11600154611", "citedby-count": "3", "subtype": "cp", "prism:pageRange": "341-345", "dc:title": "Extreme anomalous oversampling technique for class imbalance", "prism:endingPage": "345", "openaccess": "0", "openaccessFlag": "false", "prism:doi": "10.1145/3176653.3176671", "prism:startingPage": "341", "publishercopyright": "\u00a9 2017 Association for Computing Machinery.", "dc:identifier": "SCOPUS_ID:85045521722", "dc:publisher": "Association for Computing Machineryacmhelp@acm.org"}, "idxterms": {"mainterm": [{"$": "Class imbalance", "@weight": "b", "@candidate": "n"}, {"$": "Class imbalance problems", "@weight": "b", "@candidate": "n"}, {"$": "Classification performance", "@weight": "b", "@candidate": "n"}, {"$": "Extreme anomalous score", "@weight": "b", "@candidate": "n"}, {"$": "K-nearest neighbor classifier", "@weight": "b", "@candidate": "n"}, {"$": "Negative anomalous score", "@weight": "b", "@candidate": "n"}, {"$": "Over sampling", "@weight": "b", "@candidate": "n"}, {"$": "Oversampling technique", "@weight": "b", "@candidate": "n"}]}, "language": {"@xml:lang": "eng"}, "authkeywords": {"author-keyword": [{"@_fa": "true", "$": "Class imbalance"}, {"@_fa": "true", "$": "Extreme anomalous score"}, {"@_fa": "true", "$": "Negative anomalous score"}, {"@_fa": "true", "$": "Oversampling"}]}, "subject-areas": {"subject-area": [{"@_fa": "true", "$": "Software", "@code": "1712", "@abbrev": "COMP"}, {"@_fa": "true", "$": "Human-Computer Interaction", "@code": "1709", "@abbrev": "COMP"}, {"@_fa": "true", "$": "Computer Vision and Pattern Recognition", "@code": "1707", "@abbrev": "COMP"}, {"@_fa": "true", "$": "Computer Networks and Communications", "@code": "1705", "@abbrev": "COMP"}]}, "authors": {"author": [{"ce:given-name": "Chittima", "preferred-name": {"ce:given-name": "Chittima", "ce:initials": "C.", "ce:surname": "Chiamanusorn", "ce:indexed-name": "Chiamanusorn C."}, "@seq": "1", "ce:initials": "C.", "@_fa": "true", "affiliation": {"@id": "60028190", "@href": "https://api.elsevier.com/content/affiliation/affiliation_id/60028190"}, "ce:surname": "Chiamanusorn", "@auid": "57201644640", "author-url": "https://api.elsevier.com/content/author/author_id/57201644640", "ce:indexed-name": "Chiamanusorn C."}, {"ce:given-name": "Krung", "preferred-name": {"ce:given-name": "Krung", "ce:initials": "K.", "ce:surname": "Sinapiromsaran", "ce:indexed-name": "Sinapiromsaran K."}, "@seq": "2", "ce:initials": "K.", "@_fa": "true", "affiliation": {"@id": "60028190", "@href": "https://api.elsevier.com/content/affiliation/affiliation_id/60028190"}, "ce:surname": "Sinapiromsaran", "@auid": "6505851402", "author-url": "https://api.elsevier.com/content/author/author_id/6505851402", "ce:indexed-name": "Sinapiromsaran K."}]}}}