{"abstracts-retrieval-response": {"item": {"ait:process-info": {"ait:status": {"@state": "update", "@type": "core", "@stage": "S300"}, "ait:date-delivered": {"@day": "23", "@year": "2021", "@timestamp": "2021-09-23T09:33:12.000012-04:00", "@month": "09"}, "ait:date-sort": {"@day": "10", "@year": "2017", "@month": "11"}}, "xocs:meta": {"xocs:funding-list": {"@pui-match": "primary", "@has-funding-info": "1", "xocs:funding": [{"xocs:funding-agency-matched-string": "CUAASC"}, {"xocs:funding-agency-matched-string": "FWO-Vlaanderen", "xocs:funding-id": [{"$": "G020714N"}, {"$": "G044016N"}]}, {"xocs:funding-agency-matched-string": "Polish National Science Centre", "xocs:funding-id": "DEC-2012/06/A/ST2/00397"}, {"xocs:funding-agency-matched-string": "Alexander von Humboldt Foundation", "xocs:funding-agency": "Alexander von Humboldt-Stiftung", "xocs:funding-agency-id": "http://data.elsevier.com/vocabulary/SciValFunders/100005156", "xocs:funding-agency-country": "http://sws.geonames.org/2921044/"}, {"xocs:funding-agency-matched-string": "BELSPO", "xocs:funding-agency-acronym": "BELSPO", "xocs:funding-agency": "Belgian Federal Science Policy Office", "xocs:funding-id": "IAP P7/37", "xocs:funding-agency-id": "http://data.elsevier.com/vocabulary/SciValFunders/501100002749", "xocs:funding-agency-country": "http://sws.geonames.org/2802361/"}, {"xocs:funding-agency-matched-string": "Chulalongkorn University", "xocs:funding-agency-acronym": "CU", "xocs:funding-agency": "Chulalongkorn University", "xocs:funding-agency-id": "http://data.elsevier.com/vocabulary/SciValFunders/501100002873", "xocs:funding-agency-country": "http://sws.geonames.org/1605651/"}, {"xocs:funding-agency-matched-string": "Ministerio de Econom\u00eda y Competitividad de Espa\u00f1a", "xocs:funding-agency-acronym": "MINECO", "xocs:funding-agency": "Ministerio de Econom\u00eda y Competitividad", "xocs:funding-id": "FPA2014-52218-P", "xocs:funding-agency-id": "http://data.elsevier.com/vocabulary/SciValFunders/501100003329", "xocs:funding-agency-country": "http://sws.geonames.org/2510769/"}], "xocs:funding-addon-generated-timestamp": "2021-06-07T08:45:15.891Z", "xocs:funding-text": "We thank A. Paredes, D. Pelinovsky, and K. Sacha for comments on the paper. This research has been supported by the Alexander von Humboldt Foundation, BELSPO (IAP P7/37), CUniverse research promotion project by Chulalongkorn University (grant reference CUAASC), FWO-Vlaanderen (Projects G020714N and G044016N), Polish National Science Centre Grant No. DEC-2012/06/A/ST2/00397, Ministerio de Econom\u00eda y Competitividad de Espa\u00f1a (Project FPA2014-52218-P) and its program \u201cayudas para contratos predoctorales para la formaci\u00f3n de doctores 2015,\u201d and Vrije Universiteit Brussel (VUB) through the Strategic Research Program \u201cHigh-Energy Physics.\u201d", "xocs:funding-addon-type": "http://vtw.elsevier.com/data/voc/AddOnTypes/50.7/aggregated-refined"}}, "bibrecord": {"head": {"author-group": [{"affiliation": {"country": "Spain", "postal-code": "15782", "@afid": "60028419", "@country": "esp", "city": "Santiago de Compostela", "organization": [{"$": "Departamento de F\u00edsica de Part\u00edculas"}, {"$": "Universidade de Santiago de Compostela"}, {"$": "Instituto Galego de F\u00edsica de Altas Enerx\u00edas (IGFAE)"}], "affiliation-id": {"@afid": "60028419", "@dptid": "104440070"}, "@dptid": "104440070"}, "author": [{"ce:given-name": "Anxo", "preferred-name": {"ce:given-name": "Anxo", "ce:initials": "A.", "ce:surname": "Biasi", "ce:indexed-name": "Biasi A."}, "@seq": "1", "ce:initials": "A.", "@_fa": "true", "@type": "auth", "ce:surname": "Biasi", "@auid": "57193671801", "ce:indexed-name": "Biasi A."}]}, {"affiliation": {"country": "Poland", "postal-code": "30-348", "@afid": "60021361", "@country": "pol", "city": "Krak\u00f3w", "organization": [{"$": "Institute of Physics"}, {"$": "Jagiellonian University"}], "affiliation-id": {"@afid": "60021361", "@dptid": "113835106"}, "@dptid": "113835106"}, "author": [{"ce:given-name": "Piotr", "preferred-name": {"ce:given-name": "Piotr", "ce:initials": "P.", "ce:surname": "Bizo\u0144", "ce:indexed-name": "Bizo\u0144 P."}, "@seq": "2", "ce:initials": "P.", "@_fa": "true", "@type": "auth", "ce:surname": "Bizo\u0144", "@auid": "7003963236", "ce:indexed-name": "Bizon P."}]}, {"affiliation": {"country": "Thailand", "postal-code": "10330", "@afid": "60028190", "@country": "tha", "city": "Bangkok", "organization": [{"$": "Department of Physics"}, {"$": "Faculty of Science"}, {"$": "Chulalongkorn University"}], "affiliation-id": {"@afid": "60028190", "@dptid": "108271278"}, "@dptid": "108271278"}, "author": [{"ce:given-name": "Piotr", "preferred-name": {"ce:given-name": "Piotr", "ce:initials": "P.", "ce:surname": "Bizo\u0144", "ce:indexed-name": "Bizo\u0144 P."}, "@seq": "2", "ce:initials": "P.", "@_fa": "true", "@type": "auth", "ce:surname": "Bizo\u0144", "@auid": "7003963236", "ce:indexed-name": "Bizon P."}, {"ce:given-name": "Oleg", "preferred-name": {"ce:given-name": "Oleg", "ce:initials": "O.", "ce:surname": "Evnin", "ce:indexed-name": "Evnin O."}, "@seq": "4", "ce:initials": "O.", "@_fa": "true", "@type": "auth", "ce:surname": "Evnin", "@auid": "15761759100", "ce:indexed-name": "Evnin O."}]}, {"affiliation": {"country": "Belgium", "postal-code": "1050", "@afid": "60070009", "@country": "bel", "city": "Brussels", "organization": [{"$": "Theoretische Natuurkunde"}, {"$": "Vrije Universiteit Brussel"}, {"$": "International Solvay Institutes"}], "affiliation-id": [{"@afid": "60070009"}, {"@afid": "60026810"}]}, "author": [{"ce:given-name": "Ben", "preferred-name": {"ce:given-name": "Ben", "ce:initials": "B.", "ce:surname": "Craps", "ce:indexed-name": "Craps B."}, "@seq": "3", "ce:initials": "B.", "@_fa": "true", "@type": "auth", "ce:surname": "Craps", "@auid": "6602297185", "ce:indexed-name": "Craps B."}, {"ce:given-name": "Oleg", "preferred-name": {"ce:given-name": "Oleg", "ce:initials": "O.", "ce:surname": "Evnin", "ce:indexed-name": "Evnin O."}, "@seq": "4", "ce:initials": "O.", "@_fa": "true", "@type": "auth", "ce:surname": "Evnin", "@auid": "15761759100", "ce:indexed-name": "Evnin O."}]}], "citation-title": "Exact lowest-Landau-level solutions for vortex precession in Bose-Einstein condensates", "abstracts": "\u00a9 2017 American Physical Society.The lowest Landau level (LLL) equation emerges as an accurate approximation for a class of dynamical regimes of Bose-Einstein condensates (BEC) in two-dimensional isotropic harmonic traps in the limit of weak interactions. Building on recent developments in the field of spatially confined extended Hamiltonian systems, we find a fully nonlinear solution of this equation representing periodically modulated precession of a single vortex. Motions of this type have been previously seen in numerical simulations and experiments at moderately weak coupling. Our paper provides a controlled analytic prediction for trajectories of a single vortex, suggests new targets for experiments, and opens up the prospect of finding analytic multivortex solutions.", "citation-info": {"citation-type": {"@code": "ar"}, "citation-language": {"@language": "English", "@xml:lang": "eng"}, "abstract-language": {"@language": "English", "@xml:lang": "eng"}}, "source": {"website": {"ce:e-address": {"$": "http://harvest.aps.org/v2/bagit/articles/10.1103/PhysRevA.96.053615/apsxml", "@type": "email"}}, "translated-sourcetitle": {"@xml:lang": "eng"}, "volisspag": {"voliss": {"@volume": "96", "@issue": "5"}}, "@type": "j", "sourcetitle": "Physical Review A", "publicationdate": {"month": "11", "year": "2017", "date-text": {"@xfab-added": "true", "$": "10 November 2017"}, "day": "10"}, "sourcetitle-abbrev": "Phys. Rev. A", "@country": "usa", "issn": [{"$": "24699934", "@type": "electronic"}, {"$": "24699926", "@type": "print"}], "publicationyear": {"@first": "2017"}, "publisher": {"publishername": "American Physical Society", "ce:e-address": {"$": "revtex@aps.org", "@type": "email"}}, "article-number": "053615", "@srcid": "21100874237"}, "enhancement": {"classificationgroup": {"classifications": [{"@type": "CPXCLASS", "classification": [{"classification-code": "631.1", "classification-description": "Fluid Flow, General"}, {"classification-code": "922.2", "classification-description": "Mathematical Statistics"}, {"classification-code": "931.2", "classification-description": "Physical Properties of Gases, Liquids and Solids"}]}, {"@type": "FLXCLASS", "classification": [{"classification-code": "78.21", "classification-description": "FLUID MECHANICS"}, {"classification-code": "79.21", "classification-description": "FLUID MECHANICS"}]}, {"@type": "ASJC", "classification": "3107"}, {"@type": "SUBJABBR", "classification": "PHYS"}]}}}, "item-info": {"copyright": {"$": "Copyright 2017 Elsevier B.V., All rights reserved.", "@type": "Elsevier"}, "dbcollection": [{"$": "CPX"}, {"$": "REAXYSCAR"}, {"$": "SCOPUS"}, {"$": "Scopusbase"}], "history": {"date-created": {"@day": "17", "@year": "2017", "@timestamp": "BST 05:13:16", "@month": "11"}}, "itemidlist": {"itemid": [{"$": "619164376", "@idtype": "PUI"}, {"$": "789478699", "@idtype": "CAR-ID"}, {"$": "20174604404639", "@idtype": "CPX"}, {"$": "20172006037", "@idtype": "REAXYSCAR"}, {"$": "20170950181", "@idtype": "SCOPUS"}, {"$": "85033705897", "@idtype": "SCP"}, {"$": "85033705897", "@idtype": "SGR"}], "ce:doi": "10.1103/PhysRevA.96.053615"}}, "tail": {"bibliography": {"@refcount": "33", "reference": [{"ref-fulltext": "I. Bloch, J. Dalibard, and W. Zwerger, Many-body physics with ultracold gases, Rev. Mod. Phys. 80, 885 (2008). RMPHAT 0034-6861 10.1103/RevModPhys.80.885", "@id": "1", "ref-info": {"ref-publicationyear": {"@first": "2008"}, "ref-title": {"ref-titletext": "Many-body physics with ultracold gases"}, "refd-itemidlist": {"itemid": [{"$": "10.1103/RevModPhys.80.885", "@idtype": "DOI"}, {"$": "0034-6861", "@idtype": "ISSN"}, {"$": "RMPHAT", "@idtype": "CODENCODE"}, {"$": "47749140681", "@idtype": "SGR"}]}, "ref-volisspag": {"voliss": {"@volume": "80"}, "pagerange": {"@first": "885"}}, "ref-authors": {"author": [{"@seq": "1", "ce:initials": "I.", "@_fa": "true", "ce:surname": "Bloch", "ce:indexed-name": "Bloch I."}, {"@seq": "2", "ce:initials": "J.", "@_fa": "true", "ce:surname": "Dalibard", "ce:indexed-name": "Dalibard J."}, {"@seq": "3", "ce:initials": "W.", "@_fa": "true", "ce:surname": "Zwerger", "ce:indexed-name": "Zwerger W."}]}, "ref-sourcetitle": "Rev. Mod. Phys."}}, {"ref-fulltext": "N. R. Cooper, Rapidly rotating atomic gases, Adv. Phys. 57, 539 (2008). ADPHAH 0001-8732 10.1080/00018730802564122", "@id": "2", "ref-info": {"ref-publicationyear": {"@first": "2008"}, "ref-title": {"ref-titletext": "Rapidly rotating atomic gases"}, "refd-itemidlist": {"itemid": [{"$": "10.1080/00018730802564122", "@idtype": "DOI"}, {"$": "0001-8732", "@idtype": "ISSN"}, {"$": "ADPHAH", "@idtype": "CODENCODE"}, {"$": "57649103859", "@idtype": "SGR"}]}, "ref-volisspag": {"voliss": {"@volume": "57"}, "pagerange": {"@first": "539"}}, "ref-authors": {"author": [{"@seq": "1", "ce:initials": "N.R.", "@_fa": "true", "ce:surname": "Cooper", "ce:indexed-name": "Cooper N.R."}]}, "ref-sourcetitle": "Adv. Phys."}}, {"ref-fulltext": "A. L. Fetter, Rotating trapped Bose-Einstein condensates, Rev. Mod. Phys. 81, 647 (2009) RMPHAT 0034-6861 10.1103/RevModPhys.81.647;", "@id": "3", "ref-info": {"ref-publicationyear": {"@first": "2009"}, "ref-title": {"ref-titletext": "Rotating trapped Bose-Einstein condensates"}, "refd-itemidlist": {"itemid": [{"$": "10.1103/RevModPhys.81.647", "@idtype": "DOI"}, {"$": "0034-6861", "@idtype": "ISSN"}, {"$": "RMPHAT", "@idtype": "CODENCODE"}, {"$": "67549147092", "@idtype": "SGR"}]}, "ref-volisspag": {"voliss": {"@volume": "81"}, "pagerange": {"@first": "647"}}, "ref-authors": {"author": [{"@seq": "1", "ce:initials": "A.L.", "@_fa": "true", "ce:surname": "Fetter", "ce:indexed-name": "Fetter A.L."}]}, "ref-sourcetitle": "Rev. Mod. Phys."}}, {"ref-fulltext": "A. L. Fetter, Vortices and dynamics in trapped Bose-Einstein condensates, J. Low Temp. Phys. 161, 445 (2010). JLTPAC 0022-2291 10.1007/s10909-010-0202-7", "@id": "4", "ref-info": {"ref-publicationyear": {"@first": "2010"}, "ref-title": {"ref-titletext": "Vortices and dynamics in trapped Bose-Einstein condensates"}, "refd-itemidlist": {"itemid": [{"$": "10.1007/s10909-010-0202-7", "@idtype": "DOI"}, {"$": "0022-2291", "@idtype": "ISSN"}, {"$": "JLTPAC", "@idtype": "CODENCODE"}, {"$": "78650267930", "@idtype": "SGR"}]}, "ref-volisspag": {"voliss": {"@volume": "161"}, "pagerange": {"@first": "445"}}, "ref-authors": {"author": [{"@seq": "1", "ce:initials": "A.L.", "@_fa": "true", "ce:surname": "Fetter", "ce:indexed-name": "Fetter A.L."}]}, "ref-sourcetitle": "J. Low Temp. Phys."}}, {"ref-fulltext": "T.-L. Ho, Bose-Einstein Condensates with Large Number of Vortices, Phys. Rev. Lett. 87, 060403 (2001). PRLTAO 0031-9007 10.1103/PhysRevLett.87.060403", "@id": "5", "ref-info": {"ref-publicationyear": {"@first": "2001"}, "ref-title": {"ref-titletext": "Bose-Einstein Condensates with Large Number of Vortices"}, "refd-itemidlist": {"itemid": [{"$": "10.1103/PhysRevLett.87.060403", "@idtype": "DOI"}, {"$": "0031-9007", "@idtype": "ISSN"}, {"$": "PRLTAO", "@idtype": "CODENCODE"}, {"$": "0035817002", "@idtype": "SGR"}]}, "ref-volisspag": {"voliss": {"@volume": "87"}, "pagerange": {"@first": "060403"}}, "ref-authors": {"author": [{"@seq": "1", "ce:initials": "T.-L.", "@_fa": "true", "ce:surname": "Ho", "ce:indexed-name": "Ho T.-L."}]}, "ref-sourcetitle": "Phys. Rev. Lett."}}, {"ref-fulltext": "A. Aftalion, X. Blanc, and J. B. Dalibard, Vortex patterns in a fast rotating Bose-Einstein condensate, Phys. Rev. A 71, 023611 (2005). PLRAAN 1050-2947 10.1103/PhysRevA.71.023611", "@id": "6", "ref-info": {"ref-publicationyear": {"@first": "2005"}, "ref-title": {"ref-titletext": "Vortex patterns in a fast rotating Bose-Einstein condensate"}, "refd-itemidlist": {"itemid": [{"$": "10.1103/PhysRevA.71.023611", "@idtype": "DOI"}, {"$": "1050-2947", "@idtype": "ISSN"}, {"$": "PLRAAN", "@idtype": "CODENCODE"}, {"$": "33344463688", "@idtype": "SGR"}]}, "ref-volisspag": {"voliss": {"@volume": "71"}, "pagerange": {"@first": "023611"}}, "ref-authors": {"author": [{"@seq": "1", "ce:initials": "A.", "@_fa": "true", "ce:surname": "Aftalion", "ce:indexed-name": "Aftalion A."}, {"@seq": "2", "ce:initials": "X.", "@_fa": "true", "ce:surname": "Blanc", "ce:indexed-name": "Blanc X."}, {"@seq": "3", "ce:initials": "J.B.", "@_fa": "true", "ce:surname": "Dalibard", "ce:indexed-name": "Dalibard J.B."}]}, "ref-sourcetitle": "Phys. Rev. A"}}, {"ref-fulltext": "D. E. Pelinovsky and P. G. Kevrekidis, Bifurcations of asymmetric vortices in symmetric harmonic traps, Appl. Math. Res. Exp. 2013, 127 (2013).", "@id": "7", "ref-info": {"ref-publicationyear": {"@first": "2013"}, "ref-title": {"ref-titletext": "Bifurcations of asymmetric vortices in symmetric harmonic traps"}, "refd-itemidlist": {"itemid": {"$": "84874925446", "@idtype": "SGR"}}, "ref-volisspag": {"voliss": {"@volume": "2013"}, "pagerange": {"@first": "127"}}, "ref-authors": {"author": [{"@seq": "1", "ce:initials": "D.E.", "@_fa": "true", "ce:surname": "Pelinovsky", "ce:indexed-name": "Pelinovsky D.E."}, {"@seq": "2", "ce:initials": "P.G.", "@_fa": "true", "ce:surname": "Kevrekidis", "ce:indexed-name": "Kevrekidis P.G."}]}, "ref-sourcetitle": "Appl. Math. Res. Exp."}}, {"ref-fulltext": "L. M. Pismen and J. Rubinstein, Motion of vortex lines in the Ginzburg-Landau model, Physica D (Amsterdam) 47, 353 (1991). PDNPDT 0167-2789 10.1016/0167-2789(91)90035-8", "@id": "8", "ref-info": {"ref-publicationyear": {"@first": "1991"}, "ref-title": {"ref-titletext": "Motion of vortex lines in the Ginzburg-Landau model"}, "refd-itemidlist": {"itemid": [{"$": "10.1016/0167-2789(91)90035-8", "@idtype": "DOI"}, {"$": "0167-2789", "@idtype": "ISSN"}, {"$": "PDNPDT", "@idtype": "CODENCODE"}, {"$": "0001329782", "@idtype": "SGR"}]}, "ref-volisspag": {"voliss": {"@volume": "47"}, "pagerange": {"@first": "353"}}, "ref-authors": {"author": [{"@seq": "1", "ce:initials": "L.M.", "@_fa": "true", "ce:surname": "Pismen", "ce:indexed-name": "Pismen L.M."}, {"@seq": "2", "ce:initials": "J.", "@_fa": "true", "ce:surname": "Rubinstein", "ce:indexed-name": "Rubinstein J."}]}, "ref-sourcetitle": "Physica D (Amsterdam)"}}, {"ref-fulltext": "B. Jackson, J. F. McCann, and C. S. Adams, Vortex line and ring dynamics in trapped Bose-Einstein condensates, Phys. Rev. A 61, 013604 (1999). PLRAAN 1050-2947 10.1103/PhysRevA.61.013604", "@id": "9", "ref-info": {"ref-publicationyear": {"@first": "1999"}, "ref-title": {"ref-titletext": "Vortex line and ring dynamics in trapped Bose-Einstein condensates"}, "refd-itemidlist": {"itemid": [{"$": "10.1103/PhysRevA.61.013604", "@idtype": "DOI"}, {"$": "1050-2947", "@idtype": "ISSN"}, {"$": "PLRAAN", "@idtype": "CODENCODE"}, {"$": "18844480787", "@idtype": "SGR"}]}, "ref-volisspag": {"voliss": {"@volume": "61"}, "pagerange": {"@first": "013604"}}, "ref-authors": {"author": [{"@seq": "1", "ce:initials": "B.", "@_fa": "true", "ce:surname": "Jackson", "ce:indexed-name": "Jackson B."}, {"@seq": "2", "ce:initials": "J.F.", "@_fa": "true", "ce:surname": "McCann", "ce:indexed-name": "McCann J.F."}, {"@seq": "3", "ce:initials": "C.S.", "@_fa": "true", "ce:surname": "Adams", "ce:indexed-name": "Adams C.S."}]}, "ref-sourcetitle": "Phys. Rev. A"}}, {"ref-fulltext": "J. Tempere and J. T. Devreese, Vortex dynamics in a parabolically confined Bose-Einstein condensate, Solid State Commun. 113, 471 (2000). SSCOA4 0038-1098 10.1016/S0038-1098(99)00495-0", "@id": "10", "ref-info": {"ref-publicationyear": {"@first": "2000"}, "ref-title": {"ref-titletext": "Vortex dynamics in a parabolically confined Bose-Einstein condensate"}, "refd-itemidlist": {"itemid": [{"$": "10.1016/S0038-1098(99)00495-0", "@idtype": "DOI"}, {"$": "0038-1098", "@idtype": "ISSN"}, {"$": "SSCOA4", "@idtype": "CODENCODE"}, {"$": "0033894488", "@idtype": "SGR"}]}, "ref-volisspag": {"voliss": {"@volume": "113"}, "pagerange": {"@first": "471"}}, "ref-authors": {"author": [{"@seq": "1", "ce:initials": "J.", "@_fa": "true", "ce:surname": "Tempere", "ce:indexed-name": "Tempere J."}, {"@seq": "2", "ce:initials": "J.T.", "@_fa": "true", "ce:surname": "Devreese", "ce:indexed-name": "Devreese J.T."}]}, "ref-sourcetitle": "Solid State Commun."}}, {"ref-fulltext": "A. L. Fetter and A. A. Svidzinsky, Vortices in a trapped dilute Bose-Einstein condensate, J. Phys.: Condens. Matter 13, R135 (2001). JCOMEL 0953-8984 10.1088/0953-8984/13/12/201", "@id": "11", "ref-info": {"ref-publicationyear": {"@first": "2001"}, "ref-title": {"ref-titletext": "Vortices in a trapped dilute Bose-Einstein condensate"}, "refd-itemidlist": {"itemid": [{"$": "10.1088/0953-8984/13/12/201", "@idtype": "DOI"}, {"$": "0953-8984", "@idtype": "ISSN"}, {"$": "JCOMEL", "@idtype": "CODENCODE"}, {"$": "0035952770", "@idtype": "SGR"}]}, "ref-volisspag": {"voliss": {"@volume": "13"}, "pagerange": {"@first": "R135"}}, "ref-authors": {"author": [{"@seq": "1", "ce:initials": "A.L.", "@_fa": "true", "ce:surname": "Fetter", "ce:indexed-name": "Fetter A.L."}, {"@seq": "2", "ce:initials": "A.A.", "@_fa": "true", "ce:surname": "Svidzinsky", "ce:indexed-name": "Svidzinsky A.A."}]}, "ref-sourcetitle": "J. Phys.: Condens. Matter"}}, {"ref-fulltext": "N. Parker, Numerical studies of vortices and dark solitons in atomic Bose-Einstein condensates, Chap. 7, Ph.D. thesis, University of Durham, 2004, online at massey.dur.ac.uk.", "@id": "12", "ref-info": {"ref-publicationyear": {"@first": "2004"}, "ref-website": {"ce:e-address": {"$": "massey.dur.ac.uk", "@type": "email"}}, "refd-itemidlist": {"itemid": {"$": "84919762318", "@idtype": "SGR"}}, "ref-text": "Numerical studies of vortices and dark solitons in atomic Bose-Einstein condensates, Chap. 7, University of Durham, online at", "ref-authors": {"author": [{"@seq": "1", "ce:initials": "N.", "@_fa": "true", "ce:surname": "Parker", "ce:indexed-name": "Parker N."}]}, "ref-sourcetitle": "Ph.D. Thesis"}}, {"ref-fulltext": "D. E. Sheehy and L. Radzihowsky, Vortices in spatially inhomogeneous superfluids, Phys. Rev. A 70, 063620 (2004). PLRAAN 1050-2947 10.1103/PhysRevA.70.063620", "@id": "13", "ref-info": {"ref-publicationyear": {"@first": "2004"}, "ref-title": {"ref-titletext": "Vortices in spatially inhomogeneous superfluids"}, "refd-itemidlist": {"itemid": [{"$": "10.1103/PhysRevA.70.063620", "@idtype": "DOI"}, {"$": "1050-2947", "@idtype": "ISSN"}, {"$": "PLRAAN", "@idtype": "CODENCODE"}, {"$": "42749106240", "@idtype": "SGR"}]}, "ref-volisspag": {"voliss": {"@volume": "70"}, "pagerange": {"@first": "063620"}}, "ref-authors": {"author": [{"@seq": "1", "ce:initials": "D.E.", "@_fa": "true", "ce:surname": "Sheehy", "ce:indexed-name": "Sheehy D.E."}, {"@seq": "2", "ce:initials": "L.", "@_fa": "true", "ce:surname": "Radzihowsky", "ce:indexed-name": "Radzihowsky L."}]}, "ref-sourcetitle": "Phys. Rev. A"}}, {"ref-fulltext": "P. G\u00e9rard and S. Grellier, The cubic Szego equation, Ann. Scient. Ec. Norm. Sup. 43, 761 (2010). ASENAH 0012-9593 10.24033/asens.2133", "@id": "14", "ref-info": {"ref-publicationyear": {"@first": "2010"}, "ref-title": {"ref-titletext": "The cubic Szego equation"}, "refd-itemidlist": {"itemid": [{"$": "10.24033/asens.2133", "@idtype": "DOI"}, {"$": "0012-9593", "@idtype": "ISSN"}, {"$": "ASENAH", "@idtype": "CODENCODE"}, {"$": "84856901320", "@idtype": "SGR"}]}, "ref-volisspag": {"voliss": {"@volume": "43"}, "pagerange": {"@first": "761"}}, "ref-authors": {"author": [{"@seq": "1", "ce:initials": "P.", "@_fa": "true", "ce:surname": "G\u00e9rard", "ce:indexed-name": "Gerard P."}, {"@seq": "2", "ce:initials": "S.", "@_fa": "true", "ce:surname": "Grellier", "ce:indexed-name": "Grellier S."}]}, "ref-sourcetitle": "Ann. Scient. Ec. Norm. Sup."}}, {"ref-fulltext": "P. Germain, Z. Hani, and L. Thomann, On the continuous resonant equation for NLS: I. Deterministic analysis, J. Math. Pur. App. 105, 131 (2016). JMPAAM 0021-7824 10.1016/j.matpur.2015.10.002", "@id": "15", "ref-info": {"ref-publicationyear": {"@first": "2016"}, "ref-title": {"ref-titletext": "On the continuous resonant equation for NLS: I. Deterministic analysis"}, "refd-itemidlist": {"itemid": [{"$": "10.1016/j.matpur.2015.10.002", "@idtype": "DOI"}, {"$": "0021-7824", "@idtype": "ISSN"}, {"$": "JMPAAM", "@idtype": "CODENCODE"}, {"$": "84960897712", "@idtype": "SGR"}]}, "ref-volisspag": {"voliss": {"@volume": "105"}, "pagerange": {"@first": "131"}}, "ref-authors": {"author": [{"@seq": "1", "ce:initials": "P.", "@_fa": "true", "ce:surname": "Germain", "ce:indexed-name": "Germain P."}, {"@seq": "2", "ce:initials": "Z.", "@_fa": "true", "ce:surname": "Hani", "ce:indexed-name": "Hani Z."}, {"@seq": "3", "ce:initials": "L.", "@_fa": "true", "ce:surname": "Thomann", "ce:indexed-name": "Thomann L."}]}, "ref-sourcetitle": "J. Math. Pur. App."}}, {"ref-fulltext": "P. Germain and L. Thomann, On the high frequency limit of the LLL equation, Q. Appl. Math. 74, 633 (2016). QAMAAY 0033-569X 10.1090/qam/1435", "@id": "16", "ref-info": {"ref-publicationyear": {"@first": "2016"}, "ref-title": {"ref-titletext": "On the high frequency limit of the LLL equation"}, "refd-itemidlist": {"itemid": [{"$": "10.1090/qam/1435", "@idtype": "DOI"}, {"$": "0033-569X", "@idtype": "ISSN"}, {"$": "QAMAAY", "@idtype": "CODENCODE"}, {"$": "84986308307", "@idtype": "SGR"}]}, "ref-volisspag": {"voliss": {"@volume": "74"}, "pagerange": {"@first": "633"}}, "ref-authors": {"author": [{"@seq": "1", "ce:initials": "P.", "@_fa": "true", "ce:surname": "Germain", "ce:indexed-name": "Germain P."}, {"@seq": "2", "ce:initials": "L.", "@_fa": "true", "ce:surname": "Thomann", "ce:indexed-name": "Thomann L."}]}, "ref-sourcetitle": "Q. Appl. Math."}}, {"ref-fulltext": "P. Bizo\u0144, B. Craps, O. Evnin, D. Hunik, V. Luyten, and M. Maliborski, Conformal flow on (Equation presented) and weak field integrability in (Equation presented), Commun. Math. Phys. 353, 1179 (2017). CMPHAY 0010-3616 10.1007/s00220-017-2896-8", "@id": "17", "ref-info": {"ref-publicationyear": {"@first": "2017"}, "ref-title": {"ref-titletext": "Conformal flow on (Equation presented) and weak field integrability in (Equation presented)"}, "refd-itemidlist": {"itemid": [{"$": "10.1007/s00220-017-2896-8", "@idtype": "DOI"}, {"$": "0010-3616", "@idtype": "ISSN"}, {"$": "CMPHAY", "@idtype": "CODENCODE"}, {"$": "85019205308", "@idtype": "SGR"}]}, "ref-volisspag": {"voliss": {"@volume": "353"}, "pagerange": {"@first": "1179"}}, "ref-authors": {"author": [{"@seq": "1", "ce:initials": "P.", "@_fa": "true", "ce:surname": "Bizo\u0144", "ce:indexed-name": "Bizon P."}, {"@seq": "2", "ce:initials": "B.", "@_fa": "true", "ce:surname": "Craps", "ce:indexed-name": "Craps B."}, {"@seq": "3", "ce:initials": "O.", "@_fa": "true", "ce:surname": "Evnin", "ce:indexed-name": "Evnin O."}, {"@seq": "4", "ce:initials": "D.", "@_fa": "true", "ce:surname": "Hunik", "ce:indexed-name": "Hunik D."}, {"@seq": "5", "ce:initials": "V.", "@_fa": "true", "ce:surname": "Luyten", "ce:indexed-name": "Luyten V."}, {"@seq": "6", "ce:initials": "M.", "@_fa": "true", "ce:surname": "Maliborski", "ce:indexed-name": "Maliborski M."}]}, "ref-sourcetitle": "Commun. Math. Phys."}}, {"ref-fulltext": "J. A. Murdock, Perturbations: Theory and Methods (SIAM, Philadelphia, 1987).", "@id": "18", "ref-info": {"ref-publicationyear": {"@first": "1987"}, "refd-itemidlist": {"itemid": {"$": "0003550319", "@idtype": "SGR"}}, "ref-text": "(SIAM, Philadelphia)", "ref-authors": {"author": [{"@seq": "1", "ce:initials": "J.A.", "@_fa": "true", "ce:surname": "Murdock", "ce:indexed-name": "Murdock J.A."}]}, "ref-sourcetitle": "Perturbations: Theory and Methods"}}, {"ref-fulltext": "B. Craps, O. Evnin, and J. Vanhoof, Renormalization, averaging, conservation laws and AdS (in)stability, J. High Energy Phys. 01 (2015) 108. JHEPFG 1029-8479 10.1007/JHEP01(2015)108", "@id": "19", "ref-info": {"ref-title": {"ref-titletext": "Renormalization, averaging, conservation laws and AdS (in)stability"}, "refd-itemidlist": {"itemid": [{"$": "10.1007/JHEP01(2015)108", "@idtype": "DOI"}, {"$": "1029-8479", "@idtype": "ISSN"}, {"$": "JHEPFG", "@idtype": "CODENCODE"}, {"$": "84961289777", "@idtype": "SGR"}]}, "ref-volisspag": {"voliss": {"@volume": "2015", "@issue": "1"}, "pagerange": {"@first": "108"}}, "ref-authors": {"author": [{"@seq": "1", "ce:initials": "B.", "@_fa": "true", "ce:surname": "Craps", "ce:indexed-name": "Craps B."}, {"@seq": "2", "ce:initials": "O.", "@_fa": "true", "ce:surname": "Evnin", "ce:indexed-name": "Evnin O."}, {"@seq": "3", "ce:initials": "J.", "@_fa": "true", "ce:surname": "Vanhoof", "ce:indexed-name": "Vanhoof J."}]}, "ref-sourcetitle": "J. High Energy Phys."}}, {"ref-fulltext": "A. F. Biasi, J. Mas, and A. Paredes, Delayed collapses of Bose-Einstein condensates in relation to anti-de Sitter gravity, Phys. Rev. E 95, 032216 (2017). 10.1103/PhysRevE.95.032216", "@id": "20", "ref-info": {"ref-publicationyear": {"@first": "2017"}, "ref-title": {"ref-titletext": "Delayed collapses of Bose-Einstein condensates in relation to anti-de Sitter gravity"}, "refd-itemidlist": {"itemid": [{"$": "10.1103/PhysRevE.95.032216", "@idtype": "DOI"}, {"$": "85015621920", "@idtype": "SGR"}]}, "ref-volisspag": {"voliss": {"@volume": "95"}, "pagerange": {"@first": "032216"}}, "ref-authors": {"author": [{"@seq": "1", "ce:initials": "A.F.", "@_fa": "true", "ce:surname": "Biasi", "ce:indexed-name": "Biasi A.F."}, {"@seq": "2", "ce:initials": "J.", "@_fa": "true", "ce:surname": "Mas", "ce:indexed-name": "Mas J."}, {"@seq": "3", "ce:initials": "A.", "@_fa": "true", "ce:surname": "Paredes", "ce:indexed-name": "Paredes A."}]}, "ref-sourcetitle": "Phys. Rev. e"}}, {"ref-fulltext": "J. Colliander, M. Keel, G. Staffilani, H. Takaoka, and T. Tao, Transfer of energy to high frequencies in the cubic defocusing nonlinear Schr\u00f6dinger equation, Invent. Math. 181, 39 (2010). INVMBH 0020-9910 10.1007/s00222-010-0242-2", "@id": "21", "ref-info": {"ref-publicationyear": {"@first": "2010"}, "ref-title": {"ref-titletext": "Transfer of energy to high frequencies in the cubic defocusing nonlinear Schr\u00f6dinger equation"}, "refd-itemidlist": {"itemid": [{"$": "10.1007/s00222-010-0242-2", "@idtype": "DOI"}, {"$": "0020-9910", "@idtype": "ISSN"}, {"$": "INVMBH", "@idtype": "CODENCODE"}, {"$": "77952799350", "@idtype": "SGR"}]}, "ref-volisspag": {"voliss": {"@volume": "181"}, "pagerange": {"@first": "39"}}, "ref-authors": {"author": [{"@seq": "1", "ce:initials": "J.", "@_fa": "true", "ce:surname": "Colliander", "ce:indexed-name": "Colliander J."}, {"@seq": "2", "ce:initials": "M.", "@_fa": "true", "ce:surname": "Keel", "ce:indexed-name": "Keel M."}, {"@seq": "3", "ce:initials": "G.", "@_fa": "true", "ce:surname": "Staffilani", "ce:indexed-name": "Staffilani G."}, {"@seq": "4", "ce:initials": "H.", "@_fa": "true", "ce:surname": "Takaoka", "ce:indexed-name": "Takaoka H."}, {"@seq": "5", "ce:initials": "T.", "@_fa": "true", "ce:surname": "Tao", "ce:indexed-name": "Tao T."}]}, "ref-sourcetitle": "Invent. Math."}}, {"ref-fulltext": "S. Kuksin and A. Maiocchi, The effective equation method, in New Approaches to Nonlinear Waves (Springer, Berlin, 2016).", "@id": "22", "ref-info": {"ref-publicationyear": {"@first": "2016"}, "refd-itemidlist": {"itemid": {"$": "85019796188", "@idtype": "SGR"}}, "ref-text": "The effective equation method, in (Springer, Berlin)", "ref-authors": {"author": [{"@seq": "1", "ce:initials": "S.", "@_fa": "true", "ce:surname": "Kuksin", "ce:indexed-name": "Kuksin S."}, {"@seq": "2", "ce:initials": "A.", "@_fa": "true", "ce:surname": "Maiocchi", "ce:indexed-name": "Maiocchi A."}]}, "ref-sourcetitle": "New Approaches to Nonlinear Waves"}}, {"ref-fulltext": "B. Craps, O. Evnin, and J. Vanhoof, Renormalization group, secular term resummation and AdS (in)stability, J. High Energy Phys. 10 (2014) 048. JHEPFG 1029-8479 10.1007/JHEP10(2014)048", "@id": "23", "ref-info": {"ref-title": {"ref-titletext": "Renormalization group, secular term resummation and AdS (in)stability"}, "refd-itemidlist": {"itemid": [{"$": "10.1007/JHEP10(2014)048", "@idtype": "DOI"}, {"$": "1029-8479", "@idtype": "ISSN"}, {"$": "JHEPFG", "@idtype": "CODENCODE"}, {"$": "84922134841", "@idtype": "SGR"}]}, "ref-volisspag": {"voliss": {"@volume": "2014", "@issue": "10"}, "pagerange": {"@first": "048"}}, "ref-authors": {"author": [{"@seq": "1", "ce:initials": "B.", "@_fa": "true", "ce:surname": "Craps", "ce:indexed-name": "Craps B."}, {"@seq": "2", "ce:initials": "O.", "@_fa": "true", "ce:surname": "Evnin", "ce:indexed-name": "Evnin O."}, {"@seq": "3", "ce:initials": "J.", "@_fa": "true", "ce:surname": "Vanhoof", "ce:indexed-name": "Vanhoof J."}]}, "ref-sourcetitle": "J. High Energy Phys."}}, {"ref-fulltext": "P. Bizo\u0144 and A. Rostworowski, On Weakly Turbulent Instability of Anti-De Sitter Space, Phys. Rev. Lett. 107, 031102 (2011). PRLTAO 0031-9007 10.1103/PhysRevLett.107.031102", "@id": "24", "ref-info": {"ref-publicationyear": {"@first": "2011"}, "ref-title": {"ref-titletext": "On Weakly Turbulent Instability of Anti-De Sitter Space"}, "refd-itemidlist": {"itemid": [{"$": "10.1103/PhysRevLett.107.031102", "@idtype": "DOI"}, {"$": "0031-9007", "@idtype": "ISSN"}, {"$": "PRLTAO", "@idtype": "CODENCODE"}, {"$": "79961083751", "@idtype": "SGR"}]}, "ref-volisspag": {"voliss": {"@volume": "107"}, "pagerange": {"@first": "031102"}}, "ref-authors": {"author": [{"@seq": "1", "ce:initials": "P.", "@_fa": "true", "ce:surname": "Bizo\u0144", "ce:indexed-name": "Bizon P."}, {"@seq": "2", "ce:initials": "A.", "@_fa": "true", "ce:surname": "Rostworowski", "ce:indexed-name": "Rostworowski A."}]}, "ref-sourcetitle": "Phys. Rev. Lett."}}, {"ref-fulltext": "P. Bizo\u0144, M. Maliborski, and A. Rostworowski, Resonant Dynamics and the Instability of Anti-De Sitter Spacetime, Phys. Rev. Lett. 115, 081103 (2015). PRLTAO 0031-9007 10.1103/PhysRevLett.115.081103", "@id": "25", "ref-info": {"ref-publicationyear": {"@first": "2015"}, "ref-title": {"ref-titletext": "Resonant Dynamics and the Instability of Anti-De Sitter Spacetime"}, "refd-itemidlist": {"itemid": [{"$": "10.1103/PhysRevLett.115.081103", "@idtype": "DOI"}, {"$": "0031-9007", "@idtype": "ISSN"}, {"$": "PRLTAO", "@idtype": "CODENCODE"}, {"$": "84940750345", "@idtype": "SGR"}]}, "ref-volisspag": {"voliss": {"@volume": "115"}, "pagerange": {"@first": "081103"}}, "ref-authors": {"author": [{"@seq": "1", "ce:initials": "P.", "@_fa": "true", "ce:surname": "Bizo\u0144", "ce:indexed-name": "Bizon P."}, {"@seq": "2", "ce:initials": "M.", "@_fa": "true", "ce:surname": "Maliborski", "ce:indexed-name": "Maliborski M."}, {"@seq": "3", "ce:initials": "A.", "@_fa": "true", "ce:surname": "Rostworowski", "ce:indexed-name": "Rostworowski A."}]}, "ref-sourcetitle": "Phys. Rev. Lett."}}, {"ref-fulltext": "B. Craps and O. Evnin, AdS (in)stability: an analytic approach, Fortsch. Phys. 64, 336 (2016). FPYKA6 0015-8208 10.1002/prop.201500067", "@id": "26", "ref-info": {"ref-publicationyear": {"@first": "2016"}, "ref-title": {"ref-titletext": "AdS (in)stability: An analytic approach"}, "refd-itemidlist": {"itemid": [{"$": "10.1002/prop.201500067", "@idtype": "DOI"}, {"$": "0015-8208", "@idtype": "ISSN"}, {"$": "FPYKA6", "@idtype": "CODENCODE"}, {"$": "84962595422", "@idtype": "SGR"}]}, "ref-volisspag": {"voliss": {"@volume": "64"}, "pagerange": {"@first": "336"}}, "ref-authors": {"author": [{"@seq": "1", "ce:initials": "B.", "@_fa": "true", "ce:surname": "Craps", "ce:indexed-name": "Craps B."}, {"@seq": "2", "ce:initials": "O.", "@_fa": "true", "ce:surname": "Evnin", "ce:indexed-name": "Evnin O."}]}, "ref-sourcetitle": "Fortsch. Phys."}}, {"ref-fulltext": "B. Craps, O. Evnin, and V. Luyten, Maximally rotating waves in AdS and on spheres, J. High Energy Phys. 09 (2017) 059. JHEPFG 1029-8479 10.1007/JHEP09(2017)059", "@id": "27", "ref-info": {"ref-title": {"ref-titletext": "Maximally rotating waves in AdS and on spheres"}, "refd-itemidlist": {"itemid": [{"$": "10.1007/JHEP09(2017)059", "@idtype": "DOI"}, {"$": "1029-8479", "@idtype": "ISSN"}, {"$": "JHEPFG", "@idtype": "CODENCODE"}, {"$": "85029692133", "@idtype": "SGR"}]}, "ref-volisspag": {"voliss": {"@volume": "2017", "@issue": "9"}, "pagerange": {"@first": "059"}}, "ref-authors": {"author": [{"@seq": "1", "ce:initials": "B.", "@_fa": "true", "ce:surname": "Craps", "ce:indexed-name": "Craps B."}, {"@seq": "2", "ce:initials": "O.", "@_fa": "true", "ce:surname": "Evnin", "ce:indexed-name": "Evnin O."}, {"@seq": "3", "ce:initials": "V.", "@_fa": "true", "ce:surname": "Luyten", "ce:indexed-name": "Luyten V."}]}, "ref-sourcetitle": "J. High Energy Phys."}}, {"ref-fulltext": "E. Carlen, Some integral identities and inequalities for entire functions and their application to the coherent state transform, J. Funct. Anal. 97, 231 (1991). JFUAAW 0022-1236 10.1016/0022-1236(91)90022-W", "@id": "28", "ref-info": {"ref-publicationyear": {"@first": "1991"}, "ref-title": {"ref-titletext": "Some integral identities and inequalities for entire functions and their application to the coherent state transform"}, "refd-itemidlist": {"itemid": [{"$": "10.1016/0022-1236(91)90022-W", "@idtype": "DOI"}, {"$": "0022-1236", "@idtype": "ISSN"}, {"$": "JFUAAW", "@idtype": "CODENCODE"}, {"$": "0000458474", "@idtype": "SGR"}]}, "ref-volisspag": {"voliss": {"@volume": "97"}, "pagerange": {"@first": "231"}}, "ref-authors": {"author": [{"@seq": "1", "ce:initials": "E.", "@_fa": "true", "ce:surname": "Carlen", "ce:indexed-name": "Carlen E."}]}, "ref-sourcetitle": "J. Funct. Anal."}}, {"ref-fulltext": "For this solution (Equation presented). Such stationary solutions are sometimes called traveling waves (if (Equation presented)) and standing waves (if (Equation presented)).", "@id": "29", "ref-info": {"refd-itemidlist": {"itemid": {"$": "85033670664", "@idtype": "SGR"}}, "ref-text": "For this solution (Equation presented). Such stationary solutions are sometimes called traveling waves (if (Equation presented)) and standing waves (if (Equation presented))"}}, {"ref-fulltext": "Magnetic translations show some similarity to solution-generating spatial shifts for the GP equation presented in J. J. Garc\u00eda-Ripoll, V. M. P\u00e9rez-Garc\u00eda, and V. Vekslerchik, Construction of exact solutions by spatial translations in inhomogeneous nonlinear Schr\u00f6dinger equations, Phys. Rev. E 64, 056602 (2001). 1063-651X 10.1103/PhysRevE.64.056602", "@id": "30", "ref-info": {"ref-publicationyear": {"@first": "2001"}, "ref-title": {"ref-titletext": "Construction of exact solutions by spatial translations in inhomogeneous nonlinear Schr\u00f6dinger equations"}, "refd-itemidlist": {"itemid": [{"$": "10.1103/PhysRevE.64.056602", "@idtype": "DOI"}, {"$": "1063-651X", "@idtype": "ISSN"}, {"$": "0035509440", "@idtype": "SGR"}]}, "ref-volisspag": {"voliss": {"@volume": "64"}, "pagerange": {"@first": "056602"}}, "ref-text": "Magnetic translations show some similarity to solution-generating spatial shifts for the GP equation presented in", "ref-authors": {"author": [{"@seq": "1", "ce:initials": "J.J.", "@_fa": "true", "ce:surname": "Garc\u00eda-Ripoll", "ce:indexed-name": "Garcia-Ripoll J.J."}, {"@seq": "2", "ce:initials": "V.M.", "@_fa": "true", "ce:surname": "P\u00e9rez-Garc\u00eda", "ce:indexed-name": "Perez-Garcia V.M."}, {"@seq": "3", "ce:initials": "V.", "@_fa": "true", "ce:surname": "Vekslerchik", "ce:indexed-name": "Vekslerchik V."}]}, "ref-sourcetitle": "Phys. Rev. e"}}, {"ref-fulltext": "M. R. Matthews, B. P. Anderson, P. C. Haljan, D. S. Hall, C. E. Wieman, and E. A. Cornell, Vortices in a Bose-Einstein Condensate, Phys. Rev. Lett. 83, 2498 (1999). PRLTAO 0031-9007 10.1103/PhysRevLett.83.2498", "@id": "31", "ref-info": {"ref-publicationyear": {"@first": "1999"}, "ref-title": {"ref-titletext": "Vortices in a Bose-Einstein Condensate"}, "refd-itemidlist": {"itemid": [{"$": "10.1103/PhysRevLett.83.2498", "@idtype": "DOI"}, {"$": "0031-9007", "@idtype": "ISSN"}, {"$": "PRLTAO", "@idtype": "CODENCODE"}, {"$": "14944338601", "@idtype": "SGR"}]}, "ref-volisspag": {"voliss": {"@volume": "83"}, "pagerange": {"@first": "2498"}}, "ref-authors": {"author": [{"@seq": "1", "ce:initials": "M.R.", "@_fa": "true", "ce:surname": "Matthews", "ce:indexed-name": "Matthews M.R."}, {"@seq": "2", "ce:initials": "B.P.", "@_fa": "true", "ce:surname": "Anderson", "ce:indexed-name": "Anderson B.P."}, {"@seq": "3", "ce:initials": "P.C.", "@_fa": "true", "ce:surname": "Haljan", "ce:indexed-name": "Haljan P.C."}, {"@seq": "4", "ce:initials": "D.S.", "@_fa": "true", "ce:surname": "Hall", "ce:indexed-name": "Hall D.S."}, {"@seq": "5", "ce:initials": "C.E.", "@_fa": "true", "ce:surname": "Wieman", "ce:indexed-name": "Wieman C.E."}, {"@seq": "6", "ce:initials": "E.A.", "@_fa": "true", "ce:surname": "Cornell", "ce:indexed-name": "Cornell E.A."}]}, "ref-sourcetitle": "Phys. Rev. Lett."}}, {"ref-fulltext": "D. V. Freilich, D. M. Bianchi, A. M. Kaufman, T. K. Langin, and D. S. Hall, Real-time dynamics of single vortex lines and vortex dipoles in a Bose-Einstein condensate, Science 329, 1182 (2010). SCIEAS 0036-8075 10.1126/science.1191224", "@id": "32", "ref-info": {"ref-publicationyear": {"@first": "2010"}, "ref-title": {"ref-titletext": "Real-time dynamics of single vortex lines and vortex dipoles in a Bose-Einstein condensate"}, "refd-itemidlist": {"itemid": [{"$": "10.1126/science.1191224", "@idtype": "DOI"}, {"$": "0036-8075", "@idtype": "ISSN"}, {"$": "SCIEAS", "@idtype": "CODENCODE"}, {"$": "77956274410", "@idtype": "SGR"}]}, "ref-volisspag": {"voliss": {"@volume": "329"}, "pagerange": {"@first": "1182"}}, "ref-authors": {"author": [{"@seq": "1", "ce:initials": "D.V.", "@_fa": "true", "ce:surname": "Freilich", "ce:indexed-name": "Freilich D.V."}, {"@seq": "2", "ce:initials": "D.M.", "@_fa": "true", "ce:surname": "Bianchi", "ce:indexed-name": "Bianchi D.M."}, {"@seq": "3", "ce:initials": "A.M.", "@_fa": "true", "ce:surname": "Kaufman", "ce:indexed-name": "Kaufman A.M."}, {"@seq": "4", "ce:initials": "T.K.", "@_fa": "true", "ce:surname": "Langin", "ce:indexed-name": "Langin T.K."}, {"@seq": "5", "ce:initials": "D.S.", "@_fa": "true", "ce:surname": "Hall", "ce:indexed-name": "Hall D.S."}]}, "ref-sourcetitle": "Science"}}, {"ref-fulltext": "C. Chin, R. Grimm, P. Julienne, and E. Tiesinga, Feshbach resonances in ultracold gases, Rev. Mod. Phys. 82, 1225 (2010). RMPHAT 0034-6861 10.1103/RevModPhys.82.1225", "@id": "33", "ref-info": {"ref-publicationyear": {"@first": "2010"}, "ref-title": {"ref-titletext": "Feshbach resonances in ultracold gases"}, "refd-itemidlist": {"itemid": [{"$": "10.1103/RevModPhys.82.1225", "@idtype": "DOI"}, {"$": "0034-6861", "@idtype": "ISSN"}, {"$": "RMPHAT", "@idtype": "CODENCODE"}, {"$": "77953085413", "@idtype": "SGR"}]}, "ref-volisspag": {"voliss": {"@volume": "82"}, "pagerange": {"@first": "1225"}}, "ref-authors": {"author": [{"@seq": "1", "ce:initials": "C.", "@_fa": "true", "ce:surname": "Chin", "ce:indexed-name": "Chin C."}, {"@seq": "2", "ce:initials": "R.", "@_fa": "true", "ce:surname": "Grimm", "ce:indexed-name": "Grimm R."}, {"@seq": "3", "ce:initials": "P.", "@_fa": "true", "ce:surname": "Julienne", "ce:indexed-name": "Julienne P."}, {"@seq": "4", "ce:initials": "E.", "@_fa": "true", "ce:surname": "Tiesinga", "ce:indexed-name": "Tiesinga E."}]}, "ref-sourcetitle": "Rev. Mod. Phys."}}]}}}}, "affiliation": [{"affiliation-city": "Brussels", "@id": "60070009", "affilname": "International Solvay Institute for Physics and Chemistry", "@href": "https://api.elsevier.com/content/affiliation/affiliation_id/60070009", "affiliation-country": "Belgium"}, {"affiliation-city": "Santiago de Compostela", "@id": "60028419", "affilname": "Universidad de Santiago de Compostela", "@href": "https://api.elsevier.com/content/affiliation/affiliation_id/60028419", "affiliation-country": "Spain"}, {"affiliation-city": "Bangkok", "@id": "60028190", "affilname": "Chulalongkorn University", "@href": "https://api.elsevier.com/content/affiliation/affiliation_id/60028190", "affiliation-country": "Thailand"}, {"affiliation-city": "Krakow", "@id": "60021361", "affilname": "Uniwersytet Jagiello\u0144ski", "@href": "https://api.elsevier.com/content/affiliation/affiliation_id/60021361", "affiliation-country": "Poland"}], "coredata": {"srctype": "j", "prism:issueIdentifier": "5", "eid": "2-s2.0-85033705897", "dc:description": "The lowest Landau level (LLL) equation emerges as an accurate approximation for a class of dynamical regimes of Bose-Einstein condensates (BEC) in two-dimensional isotropic harmonic traps in the limit of weak interactions. Building on recent developments in the field of spatially confined extended Hamiltonian systems, we find a fully nonlinear solution of this equation representing periodically modulated precession of a single vortex. Motions of this type have been previously seen in numerical simulations and experiments at moderately weak coupling. Our paper provides a controlled analytic prediction for trajectories of a single vortex, suggests new targets for experiments, and opens up the prospect of finding analytic multivortex solutions.", "prism:coverDate": "2017-11-10", "prism:aggregationType": "Journal", "prism:url": "https://api.elsevier.com/content/abstract/scopus_id/85033705897", "subtypeDescription": "Article", "dc:creator": {"author": [{"ce:given-name": "Anxo", "preferred-name": {"ce:given-name": "Anxo", "ce:initials": "A.", "ce:surname": "Biasi", "ce:indexed-name": "Biasi A."}, "@seq": "1", "ce:initials": "A.", "@_fa": "true", "affiliation": {"@id": "60028419", "@href": "https://api.elsevier.com/content/affiliation/affiliation_id/60028419"}, "ce:surname": "Biasi", "@auid": "57193671801", "author-url": "https://api.elsevier.com/content/author/author_id/57193671801", "ce:indexed-name": "Biasi A."}]}, "link": [{"@_fa": "true", "@rel": "self", "@href": "https://api.elsevier.com/content/abstract/scopus_id/85033705897"}, {"@_fa": "true", "@rel": "scopus", "@href": "https://www.scopus.com/inward/record.uri?partnerID=HzOxMe3b&scp=85033705897&origin=inward"}, {"@_fa": "true", "@rel": "scopus-citedby", "@href": "https://www.scopus.com/inward/citedby.uri?partnerID=HzOxMe3b&scp=85033705897&origin=inward"}], "prism:publicationName": "Physical Review A", "source-id": "21100874237", "citedby-count": "29", "prism:volume": "96", "subtype": "ar", "dc:title": "Exact lowest-Landau-level solutions for vortex precession in Bose-Einstein condensates", "openaccess": "2", "openaccessFlag": null, "prism:doi": "10.1103/PhysRevA.96.053615", "prism:issn": "24699934 24699926", "publishercopyright": "\u00a9 2017 American Physical Society.", "article-number": "053615", "dc:identifier": "SCOPUS_ID:85033705897", "dc:publisher": "American Physical Societyrevtex@aps.org"}, "idxterms": {"mainterm": [{"$": "Bose-Einstein condensates", "@weight": "b", "@candidate": "n"}, {"$": "Dynamical regime", "@weight": "b", "@candidate": "n"}, {"$": "Fully nonlinear", "@weight": "b", "@candidate": "n"}, {"$": "Hamiltonian systems", "@weight": "b", "@candidate": "n"}, {"$": "Single vortices", "@weight": "b", "@candidate": "n"}, {"$": "Vortex precessions", "@weight": "b", "@candidate": "n"}, {"$": "Weak couplings", "@weight": "b", "@candidate": "n"}, {"$": "Weak interactions", "@weight": "b", "@candidate": "n"}]}, "language": {"@xml:lang": "eng"}, "authkeywords": null, "subject-areas": {"subject-area": [{"@_fa": "true", "$": "Atomic and Molecular Physics, and Optics", "@code": "3107", "@abbrev": "PHYS"}]}, "authors": {"author": [{"ce:given-name": "Anxo", "preferred-name": {"ce:given-name": "Anxo", "ce:initials": "A.", "ce:surname": "Biasi", "ce:indexed-name": "Biasi A."}, "@seq": "1", "ce:initials": "A.", "@_fa": "true", "affiliation": {"@id": "60028419", "@href": "https://api.elsevier.com/content/affiliation/affiliation_id/60028419"}, "ce:surname": "Biasi", "@auid": "57193671801", "author-url": "https://api.elsevier.com/content/author/author_id/57193671801", "ce:indexed-name": "Biasi A."}, {"ce:given-name": "Piotr", "preferred-name": {"ce:given-name": "Piotr", "ce:initials": "P.", "ce:surname": "Bizo\u0144", "ce:indexed-name": "Bizo\u0144 P."}, "@seq": "2", "ce:initials": "P.", "@_fa": "true", "affiliation": [{"@id": "60021361", "@href": "https://api.elsevier.com/content/affiliation/affiliation_id/60021361"}, {"@id": "60028190", "@href": "https://api.elsevier.com/content/affiliation/affiliation_id/60028190"}], "ce:surname": "Bizo\u0144", "@auid": "7003963236", "author-url": "https://api.elsevier.com/content/author/author_id/7003963236", "ce:indexed-name": "Bizon P."}, {"ce:given-name": "Ben", "preferred-name": {"ce:given-name": "Ben", "ce:initials": "B.", "ce:surname": "Craps", "ce:indexed-name": "Craps B."}, "@seq": "3", "ce:initials": "B.", "@_fa": "true", "affiliation": {"@id": "60070009", "@href": "https://api.elsevier.com/content/affiliation/affiliation_id/60070009"}, "ce:surname": "Craps", "@auid": "6602297185", "author-url": "https://api.elsevier.com/content/author/author_id/6602297185", "ce:indexed-name": "Craps B."}, {"ce:given-name": "Oleg", "preferred-name": {"ce:given-name": "Oleg", "ce:initials": "O.", "ce:surname": "Evnin", "ce:indexed-name": "Evnin O."}, "@seq": "4", "ce:initials": "O.", "@_fa": "true", "affiliation": [{"@id": "60028190", "@href": "https://api.elsevier.com/content/affiliation/affiliation_id/60028190"}, {"@id": "60070009", "@href": "https://api.elsevier.com/content/affiliation/affiliation_id/60070009"}], "ce:surname": "Evnin", "@auid": "15761759100", "author-url": "https://api.elsevier.com/content/author/author_id/15761759100", "ce:indexed-name": "Evnin O."}]}}}