{"abstracts-retrieval-response": {"item": {"ait:process-info": {"ait:status": {"@state": "update", "@type": "core", "@stage": "S300"}, "ait:date-delivered": {"@day": "31", "@year": "2019", "@timestamp": "2019-12-31T04:08:00.000000-05:00", "@month": "12"}, "ait:date-sort": {"@day": "01", "@year": "2017", "@month": "11"}}, "xocs:meta": {"xocs:funding-list": {"@pui-match": "primary", "@has-funding-info": "1", "xocs:funding": [{"xocs:funding-agency-matched-string": "Chulalongkorn Academic Advancement Fund"}, {"xocs:funding-agency-matched-string": "Health System Research Institute of Thailand Fund", "xocs:funding-id": "59-012"}, {"xocs:funding-agency-matched-string": "International Research Network", "xocs:funding-id": "RDG5950152"}, {"xocs:funding-agency-matched-string": "Chulalongkorn University", "xocs:funding-agency-acronym": "CU", "xocs:funding-agency": "Chulalongkorn University", "xocs:funding-agency-id": "http://data.elsevier.com/vocabulary/SciValFunders/501100002873", "xocs:funding-agency-country": "http://sws.geonames.org/1605651/"}, {"xocs:funding-agency-matched-string": "National Research Council of Thailand", "xocs:funding-agency-acronym": "NRCT", "xocs:funding-agency": "National Research Council of Thailand", "xocs:funding-id": "GRB_APS_05_59_30_04", "xocs:funding-agency-id": "http://data.elsevier.com/vocabulary/SciValFunders/501100004704", "xocs:funding-agency-country": "http://sws.geonames.org/1605651/"}], "xocs:funding-addon-generated-timestamp": "2021-05-09T15:38:57.391078Z", "xocs:funding-text": "This study was supported by the grant from the National Research Council of Thailand ( GRB_APS_05_59_30_04 ), the Health System Research Institute of Thailand Fund ( 59-012 ), the International Research Network grant ( RDG5950152 ), and Chulalongkorn Academic Advancement Fund into Its 2nd Century Project of Chulalongkorn University, Bangkok, Thailand. Professor Bhidayasiri wrote the first draft, and all other authors provided critical review and all authors have approved the final manuscript. We thank Anita Chadha-Patel for the support on literature searching, referencing and editing of this report.", "xocs:funding-addon-type": "http://vtw.elsevier.com/data/voc/AddOnTypes/50.7/aggregated-refined"}}, "bibrecord": {"head": {"author-group": [{"affiliation": {"country": "Thailand", "postal-code": "10330", "@afid": "60022183", "@country": "tha", "city": "Bangkok", "organization": [{"$": "Chulalongkorn Center of Excellence for Parkinson's Disease & Related Disorders"}, {"$": "Department of Medicine"}, {"$": "Faculty of Medicine"}, {"$": "Chulalongkorn University and King Chulalongkorn Memorial Hospital"}, {"$": "Thai Red Cross Society"}], "affiliation-id": [{"@afid": "60022183", "@dptid": "100291259"}, {"@afid": "60031780"}, {"@afid": "60028190"}], "@dptid": "100291259"}, "author": [{"ce:given-name": "Roongroj", "preferred-name": {"ce:given-name": "Roongroj", "ce:initials": "R.", "ce:surname": "Bhidayasiri", "ce:indexed-name": "Bhidayasiri R."}, "@seq": "1", "ce:initials": "R.", "@_fa": "true", "@type": "auth", "ce:surname": "Bhidayasiri", "@auid": "55882458500", "@orcid": "0000-0002-6901-2064", "ce:indexed-name": "Bhidayasiri R."}, {"ce:given-name": "Jirada", "preferred-name": {"ce:given-name": "Jirada", "ce:initials": "J.", "ce:surname": "Sringean", "ce:indexed-name": "Sringean J."}, "@seq": "2", "ce:initials": "J.", "@_fa": "true", "@type": "auth", "ce:surname": "Sringean", "@auid": "56731129100", "ce:indexed-name": "Sringean J."}, {"ce:given-name": "Suchapit", "preferred-name": {"ce:given-name": "Suchapit", "ce:initials": "S.", "ce:surname": "Chaiwong", "ce:indexed-name": "Chaiwong S."}, "@seq": "3", "ce:initials": "S.", "@_fa": "true", "@type": "auth", "ce:surname": "Chaiwong", "@auid": "57192692317", "ce:indexed-name": "Chaiwong S."}, {"ce:given-name": "Chanawat", "preferred-name": {"ce:given-name": "Chanawat", "ce:initials": "C.", "ce:surname": "Anan", "ce:indexed-name": "Anan C."}, "@seq": "4", "ce:initials": "C.", "@_fa": "true", "@type": "auth", "ce:surname": "Anan", "@auid": "55840394300", "ce:indexed-name": "Anan C."}, {"ce:given-name": "Nuntiwat", "preferred-name": {"ce:given-name": "Nuntiwat", "ce:initials": "N.", "ce:surname": "Penkeaw", "ce:indexed-name": "Penkeaw N."}, "@seq": "5", "ce:initials": "N.", "@_fa": "true", "@type": "auth", "ce:surname": "Penkeaw", "@auid": "57198434304", "ce:indexed-name": "Penkeaw N."}, {"ce:given-name": "Amarinee", "preferred-name": {"ce:given-name": "Amarinee", "ce:initials": "A.", "ce:surname": "Leaknok", "ce:indexed-name": "Leaknok A."}, "@seq": "6", "ce:initials": "A.", "@_fa": "true", "@type": "auth", "ce:surname": "Leaknok", "@auid": "57198431435", "ce:indexed-name": "Leaknok A."}, {"ce:given-name": "Kamolwan", "preferred-name": {"ce:given-name": "Kamolwan", "ce:initials": "K.", "ce:surname": "Boonpang", "ce:indexed-name": "Boonpang K."}, "@seq": "7", "ce:initials": "K.", "@_fa": "true", "@type": "auth", "ce:surname": "Boonpang", "@auid": "56660632600", "ce:indexed-name": "Boonpang K."}, {"ce:given-name": "Karn", "preferred-name": {"ce:given-name": "Karn", "ce:initials": "K.", "ce:surname": "Saksornchai", "ce:indexed-name": "Saksornchai K."}, "@seq": "8", "ce:initials": "K.", "@_fa": "true", "@type": "auth", "ce:surname": "Saksornchai", "@auid": "41862265300", "ce:indexed-name": "Saksornchai K."}, {"ce:given-name": "Watchara", "preferred-name": {"ce:given-name": "Watchara", "ce:initials": "W.", "ce:surname": "Rattanachaisit", "ce:indexed-name": "Rattanachaisit W."}, "@seq": "9", "ce:initials": "W.", "@_fa": "true", "@type": "auth", "ce:surname": "Rattanachaisit", "@auid": "57193008256", "ce:indexed-name": "Rattanachaisit W."}, {"ce:given-name": "Priya", "preferred-name": {"ce:given-name": "Priya", "ce:initials": "P.", "ce:surname": "Jagota", "ce:indexed-name": "Jagota P."}, "@seq": "11", "ce:initials": "P.", "@_fa": "true", "@type": "auth", "ce:surname": "Jagota", "@auid": "56093241300", "ce:indexed-name": "Jagota P."}]}, {"affiliation": {"country": "Japan", "@afid": "60032116", "@country": "jpn", "city": "Tokyo", "organization": [{"$": "Department of Neurology"}, {"$": "Juntendo University"}], "affiliation-id": {"@afid": "60032116", "@dptid": "104632446"}, "@dptid": "104632446"}, "author": [{"ce:given-name": "Roongroj", "preferred-name": {"ce:given-name": "Roongroj", "ce:initials": "R.", "ce:surname": "Bhidayasiri", "ce:indexed-name": "Bhidayasiri R."}, "@seq": "1", "ce:initials": "R.", "@_fa": "true", "@type": "auth", "ce:surname": "Bhidayasiri", "@auid": "55882458500", "@orcid": "0000-0002-6901-2064", "ce:indexed-name": "Bhidayasiri R."}]}, {"affiliation": {"country": "Thailand", "@afid": "60011525", "@country": "tha", "organization": [{"$": "Biomedical Signal Processing Laboratory"}, {"$": "National Electronics and Computer Technology Center (NECTEC)"}], "affiliation-id": {"@afid": "60011525", "@dptid": "109861000"}, "state": "Pathumthani", "@dptid": "109861000"}, "author": [{"ce:given-name": "Chusak", "preferred-name": {"ce:given-name": "Chusak", "ce:initials": "C.", "ce:surname": "Thanawattano", "ce:indexed-name": "Thanawattano C."}, "@seq": "10", "ce:initials": "C.", "@_fa": "true", "@type": "auth", "ce:surname": "Thanawattano", "@auid": "24781301000", "ce:indexed-name": "Thanawattano C."}]}], "citation-title": "Rotigotine for nocturnal hypokinesia in Parkinson's disease: Quantitative analysis of efficacy from a randomized, placebo-controlled trial using an axial inertial sensor", "abstracts": "\u00a9 2017 Elsevier LtdBackground Nocturnal hypokinesia is a common symptom in Parkinson's disease (PD), negatively affecting quality of life of both patients and caregivers. However, evidence-based treatment strategies are limited. Objective To evaluate the efficacy of rotigotine transdermal patch, using a wearable sensor, in the management of nocturnal immobility. Methods 34 PD subjects with nocturnal immobility were randomized to receive rotigotine transdermal patch (mean \u00b1 SD of 10.46 \u00b1 4.63 mg/24 h, n = 17) or placebo patch (n = 17). Treatment was titrated to an optimal dose over 1\u20138 weeks, then maintained for 4 weeks. Primary endpoints were objective parameters assessing axial rotation measured using an axial inertial sensor (the NIGHT-Recorder) over two nights at the patients\u2019 home. Scale-based assessments were also performed. Results There was a significant difference, in favor of rotigotine, in change from baseline score in the number of turns in bed (ANCOVA, p = 0.001), and degree of axial turn (p = 0.042). These objective improvements were mirrored by significantly greater improvements in clinical scale-based assessments, including the Unified Parkinson's Disease Rating Scale (UPDRS) total scores (p = 0.009), UPDRS-motor scores (p < 0.001), UPDRS-axial scores (p = 0.01), the Modified Parkinson's Disease Sleep Scale (p < 0.001), the Nocturnal Akinesia Dystonia and Cramp Scale (p = 0.003) and the eight-item PD Questionnaire (PDQ-8) scores (p = 0.01) from baseline to end of treatment in patients given rotigotine compared to placebo. Conclusion We show that the rotigotine patch provides a significant improvement in nocturnal symptoms as assessed using both objective measures and clinical rating scales. The study demonstrates the feasibility of using wearable sensors to record objective outcomes in PD-related clinical trials.", "correspondence": {"affiliation": {"country": "Thailand", "address-part": "1873 Rama 4 Road", "postal-code": "10330", "@country": "tha", "city": "Bangkok", "organization": [{"$": "Chulalongkorn Center of Excellence for Parkinson's Disease & Related Disorders"}, {"$": "Chulalongkorn University Hospital"}]}, "person": {"ce:given-name": "Roongroj", "ce:initials": "R.", "ce:surname": "Bhidayasiri", "ce:indexed-name": "Bhidayasiri R."}}, "citation-info": {"author-keywords": {"author-keyword": [{"$": "Hypokinesia", "@xml:lang": "eng"}, {"$": "Inertial sensors", "@xml:lang": "eng"}, {"$": "Night-time", "@xml:lang": "eng"}, {"$": "Parkinson's disease", "@xml:lang": "eng"}, {"$": "Rotigotine", "@xml:lang": "eng"}, {"$": "Wearable technology", "@xml:lang": "eng"}]}, "citation-type": {"@code": "ar"}, "citation-language": {"@language": "English", "@xml:lang": "eng"}, "abstract-language": {"@language": "English", "@xml:lang": "eng"}}, "source": {"website": {"ce:e-address": {"$": "www.elsevier.com/locate/parkreldis", "@type": "email"}}, "translated-sourcetitle": {"$": "Parkinsonism and Related Disorders", "@xml:lang": "eng"}, "volisspag": {"voliss": {"@volume": "44"}, "pagerange": {"@first": "124", "@last": "128"}}, "@type": "j", "sourcetitle": "Parkinsonism and Related Disorders", "publicationdate": {"month": "11", "year": "2017", "date-text": "November 2017", "day": "01"}, "codencode": "PRDIF", "sourcetitle-abbrev": "Parkinsonism Relat. Disord.", "@country": "gbr", "issn": [{"$": "18735126", "@type": "electronic"}, {"$": "13538020", "@type": "print"}], "publicationyear": {"@first": "2017"}, "publisher": {"publishername": "Elsevier Ltd"}, "@srcid": "18572"}, "enhancement": {"classificationgroup": {"classifications": [{"@type": "EMCLASS", "classification": [{"classification-code": "37", "classification-description": "Drug Literature Index"}, {"classification-code": "38", "classification-description": "Adverse Reactions Titles"}, {"classification-code": "8", "classification-description": "Neurology and Neurosurgery"}]}, {"@type": "ASJC", "classification": [{"$": "2808"}, {"$": "2717"}, {"$": "2728"}]}, {"@type": "SUBJABBR", "classification": [{"$": "NEUR"}, {"$": "MEDI"}]}]}, "chemicalgroup": {"chemicals": [{"@source": "esbd", "chemical": [{"cas-registry-number": [{"$": "314-19-2"}, {"$": "58-00-4"}], "chemical-name": "apomorphine"}, {"cas-registry-number": "5786-21-0", "chemical-name": "clozapine"}, {"cas-registry-number": "116314-67-1", "chemical-name": "entacapone"}, {"cas-registry-number": "59-92-7", "chemical-name": "levodopa"}, {"cas-registry-number": "111974-72-2", "chemical-name": "quetiapine"}, {"cas-registry-number": "92206-54-7", "chemical-name": "rotigotine"}]}, {"@source": "nlm", "chemical": [{"chemical-name": "Dopamine Agonists"}, {"chemical-name": "rotigotine"}, {"chemical-name": "Tetrahydronaphthalenes"}, {"chemical-name": "Thiophenes"}]}]}}, "grantlist": {"@complete": "y", "grant-text": {"$": "This study was supported by the grant from the National Research Council of Thailand (GRB_APS_05_59_30_04), the Health System Research Institute of Thailand Fund (59-012), the International Research Network grant (RDG5950152), and Chulalongkorn Academic Advancement Fund into Its 2nd Century Project of Chulalongkorn University, Bangkok, Thailand. Professor Bhidayasiri wrote the first draft, and all other authors provided critical review and all authors have approved the final manuscript. We thank Anita Chadha-Patel for the support on literature searching, referencing and editing of this report.", "@xml:lang": "eng"}, "grant": {"grant-id": "GRB_APS_05_59_30_04", "grant-acronym": "NRCT", "grant-agency": {"@iso-code": "tha", "$": "National Research Council of Thailand"}, "grant-agency-id": "501100004704"}}}, "item-info": {"copyright": {"$": "Copyright 2018 Elsevier B.V., All rights reserved.", "@type": "Elsevier"}, "external-source": "MEDLINE", "dbcollection": [{"$": "EMBASE"}, {"$": "MEDL"}, {"$": "NURSNG"}, {"$": "REAXYSCAR"}, {"$": "SCOPUS"}, {"$": "Scopusbase"}], "history": {"date-created": {"@day": "30", "@year": "2018", "@timestamp": "BST 17:04:24", "@month": "07"}}, "itemidlist": {"itemid": [{"$": "619517290", "@idtype": "PUI"}, {"$": "834231099", "@idtype": "CAR-ID"}, {"$": "20170852327", "@idtype": "EMBASE"}, {"$": "28818560", "@idtype": "MEDL"}, {"$": "2017411472", "@idtype": "NURSNG"}, {"$": "20172143805", "@idtype": "REAXYSCAR"}, {"$": "20171138280", "@idtype": "SCOPUS"}, {"$": "85036559805", "@idtype": "SCP"}, {"$": "85036559805", "@idtype": "SGR"}, {"$": "623232609", "@idtype": "PUIsecondary"}], "ce:pii": "S1353802017302924", "ce:doi": "10.1016/j.parkreldis.2017.08.010"}}, "tail": {"bibliography": {"@refcount": "12", "reference": [{"ref-fulltext": "Bhidayasiri, R., Mekawichai, P., Jitkritsadakul, O., Panyakaew, P., Kaewwilai, L., Boonrod, N., Petchrutchatachart, S., Jagota, P., Boonpeng, K., Singmaneesakulchai, S., Setthawatcharawanich, S., Nocturnal journey of body and mind in Parkinson's disease: the manifestations, risk factors and their relationship to daytime symptoms. Evidence from the NIGHT-PD study. J. Neural Transm. (Vienna) 121:Suppl 1 (2014), S59\u2013S68.", "@id": "1", "ref-info": {"ref-publicationyear": {"@first": "2014"}, "ref-title": {"ref-titletext": "Nocturnal journey of body and mind in Parkinson's disease: the manifestations, risk factors and their relationship to daytime symptoms. Evidence from the NIGHT-PD study"}, "refd-itemidlist": {"itemid": [{"$": "bib1", "@idtype": "FRAGMENTID"}, {"$": "84905085253", "@idtype": "SGR"}]}, "ref-volisspag": {"voliss": {"@volume": "121"}, "pagerange": {"@first": "S59", "@last": "S68"}}, "ref-authors": {"author": [{"@seq": "1", "ce:initials": "R.", "@_fa": "true", "ce:surname": "Bhidayasiri", "ce:indexed-name": "Bhidayasiri R."}, {"@seq": "2", "ce:initials": "P.", "@_fa": "true", "ce:surname": "Mekawichai", "ce:indexed-name": "Mekawichai P."}, {"@seq": "3", "ce:initials": "O.", "@_fa": "true", "ce:surname": "Jitkritsadakul", "ce:indexed-name": "Jitkritsadakul O."}, {"@seq": "4", "ce:initials": "P.", "@_fa": "true", "ce:surname": "Panyakaew", "ce:indexed-name": "Panyakaew P."}, {"@seq": "5", "ce:initials": "L.", "@_fa": "true", "ce:surname": "Kaewwilai", "ce:indexed-name": "Kaewwilai L."}, {"@seq": "6", "ce:initials": "N.", "@_fa": "true", "ce:surname": "Boonrod", "ce:indexed-name": "Boonrod N."}, {"@seq": "7", "ce:initials": "S.", "@_fa": "true", "ce:surname": "Petchrutchatachart", "ce:indexed-name": "Petchrutchatachart S."}, {"@seq": "8", "ce:initials": "P.", "@_fa": "true", "ce:surname": "Jagota", "ce:indexed-name": "Jagota P."}, {"@seq": "9", "ce:initials": "K.", "@_fa": "true", "ce:surname": "Boonpeng", "ce:indexed-name": "Boonpeng K."}, {"@seq": "10", "ce:initials": "S.", "@_fa": "true", "ce:surname": "Singmaneesakulchai", "ce:indexed-name": "Singmaneesakulchai S."}, {"@seq": "11", "ce:initials": "S.", "@_fa": "true", "ce:surname": "Setthawatcharawanich", "ce:indexed-name": "Setthawatcharawanich S."}]}, "ref-sourcetitle": "J. Neural Transm. (Vienna)"}}, {"ref-fulltext": "Comella, C.L., Sleep disturbances and excessive daytime sleepiness in Parkinson disease: an overview. J. Neural Transm. Suppl., 2006, 349\u2013355.", "@id": "2", "ref-info": {"ref-publicationyear": {"@first": "2006"}, "ref-title": {"ref-titletext": "Sleep disturbances and excessive daytime sleepiness in Parkinson disease: an overview"}, "refd-itemidlist": {"itemid": [{"$": "bib2", "@idtype": "FRAGMENTID"}, {"$": "33750333571", "@idtype": "SGR"}]}, "ref-volisspag": {"pagerange": {"@first": "349", "@last": "355"}}, "ref-authors": {"author": [{"@seq": "1", "ce:initials": "C.L.", "@_fa": "true", "ce:surname": "Comella", "ce:indexed-name": "Comella C.L."}]}, "ref-sourcetitle": "J. Neural Transm. Suppl."}}, {"ref-fulltext": "Tandberg, E., Larsen, J.P., Karlsen, K., A community-based study of sleep disorders in patients with Parkinson's disease. Mov. Disord. 13 (1998), 895\u2013899.", "@id": "3", "ref-info": {"ref-publicationyear": {"@first": "1998"}, "ref-title": {"ref-titletext": "A community-based study of sleep disorders in patients with Parkinson's disease"}, "refd-itemidlist": {"itemid": [{"$": "bib3", "@idtype": "FRAGMENTID"}, {"$": "0031770530", "@idtype": "SGR"}]}, "ref-volisspag": {"voliss": {"@volume": "13"}, "pagerange": {"@first": "895", "@last": "899"}}, "ref-authors": {"author": [{"@seq": "1", "ce:initials": "E.", "@_fa": "true", "ce:surname": "Tandberg", "ce:indexed-name": "Tandberg E."}, {"@seq": "2", "ce:initials": "J.P.", "@_fa": "true", "ce:surname": "Larsen", "ce:indexed-name": "Larsen J.P."}, {"@seq": "3", "ce:initials": "K.", "@_fa": "true", "ce:surname": "Karlsen", "ce:indexed-name": "Karlsen K."}]}, "ref-sourcetitle": "Mov. Disord."}}, {"ref-fulltext": "Barone, P., Amboni, M., Vitale, C., Bonavita, V., Treatment of nocturnal disturbances and excessive daytime sleepiness in Parkinson's disease. Neurology 63 (2004), S35\u2013S38.", "@id": "4", "ref-info": {"ref-publicationyear": {"@first": "2004"}, "ref-title": {"ref-titletext": "Treatment of nocturnal disturbances and excessive daytime sleepiness in Parkinson's disease"}, "refd-itemidlist": {"itemid": [{"$": "bib4", "@idtype": "FRAGMENTID"}, {"$": "7044251840", "@idtype": "SGR"}]}, "ref-volisspag": {"voliss": {"@volume": "63"}, "pagerange": {"@first": "S35", "@last": "S38"}}, "ref-authors": {"author": [{"@seq": "1", "ce:initials": "P.", "@_fa": "true", "ce:surname": "Barone", "ce:indexed-name": "Barone P."}, {"@seq": "2", "ce:initials": "M.", "@_fa": "true", "ce:surname": "Amboni", "ce:indexed-name": "Amboni M."}, {"@seq": "3", "ce:initials": "C.", "@_fa": "true", "ce:surname": "Vitale", "ce:indexed-name": "Vitale C."}, {"@seq": "4", "ce:initials": "V.", "@_fa": "true", "ce:surname": "Bonavita", "ce:indexed-name": "Bonavita V."}]}, "ref-sourcetitle": "Neurology"}}, {"ref-fulltext": "Louter, M., Munneke, M., Bloem, B.R., Overeem, S., Nocturnal hypokinesia and sleep quality in Parkinson's disease. J. Am. Geriatr. Soc. 60 (2012), 1104\u20131108.", "@id": "5", "ref-info": {"ref-publicationyear": {"@first": "2012"}, "ref-title": {"ref-titletext": "Nocturnal hypokinesia and sleep quality in Parkinson's disease"}, "refd-itemidlist": {"itemid": [{"$": "bib5", "@idtype": "FRAGMENTID"}, {"$": "84862212549", "@idtype": "SGR"}]}, "ref-volisspag": {"voliss": {"@volume": "60"}, "pagerange": {"@first": "1104", "@last": "1108"}}, "ref-authors": {"author": [{"@seq": "1", "ce:initials": "M.", "@_fa": "true", "ce:surname": "Louter", "ce:indexed-name": "Louter M."}, {"@seq": "2", "ce:initials": "M.", "@_fa": "true", "ce:surname": "Munneke", "ce:indexed-name": "Munneke M."}, {"@seq": "3", "ce:initials": "B.R.", "@_fa": "true", "ce:surname": "Bloem", "ce:indexed-name": "Bloem B.R."}, {"@seq": "4", "ce:initials": "S.", "@_fa": "true", "ce:surname": "Overeem", "ce:indexed-name": "Overeem S."}]}, "ref-sourcetitle": "J. Am. Geriatr. Soc."}}, {"ref-fulltext": "Sringean, J., Taechalertpaisarn, P., Thanawattano, C., Bhidayasiri, R., How well do Parkinson's disease patients turn in bed? Quantitative analysis of nocturnal hypokinesia using multisite wearable inertial sensors. Park. Relat. Disord. 23 (2016), 10\u201316.", "@id": "6", "ref-info": {"ref-publicationyear": {"@first": "2016"}, "ref-title": {"ref-titletext": "How well do Parkinson's disease patients turn in bed? Quantitative analysis of nocturnal hypokinesia using multisite wearable inertial sensors"}, "refd-itemidlist": {"itemid": [{"$": "bib6", "@idtype": "FRAGMENTID"}, {"$": "84960859518", "@idtype": "SGR"}]}, "ref-volisspag": {"voliss": {"@volume": "23"}, "pagerange": {"@first": "10", "@last": "16"}}, "ref-authors": {"author": [{"@seq": "1", "ce:initials": "J.", "@_fa": "true", "ce:surname": "Sringean", "ce:indexed-name": "Sringean J."}, {"@seq": "2", "ce:initials": "P.", "@_fa": "true", "ce:surname": "Taechalertpaisarn", "ce:indexed-name": "Taechalertpaisarn P."}, {"@seq": "3", "ce:initials": "C.", "@_fa": "true", "ce:surname": "Thanawattano", "ce:indexed-name": "Thanawattano C."}, {"@seq": "4", "ce:initials": "R.", "@_fa": "true", "ce:surname": "Bhidayasiri", "ce:indexed-name": "Bhidayasiri R."}]}, "ref-sourcetitle": "Park. Relat. Disord."}}, {"ref-fulltext": "Sringean, J., Anan, C., Thanawattano, C., Bhidayasiri, R., Time for a strategy in night-time dopaminergic therapy? An objective sensor-based analysis of nocturnal hypokinesia and sleeping positions in Parkinson's disease. J. Neurol. Sci. 373 (2017), 244\u2013248.", "@id": "7", "ref-info": {"ref-publicationyear": {"@first": "2017"}, "ref-title": {"ref-titletext": "Time for a strategy in night-time dopaminergic therapy? An objective sensor-based analysis of nocturnal hypokinesia and sleeping positions in Parkinson's disease"}, "refd-itemidlist": {"itemid": [{"$": "bib7", "@idtype": "FRAGMENTID"}, {"$": "85008692987", "@idtype": "SGR"}]}, "ref-volisspag": {"voliss": {"@volume": "373"}, "pagerange": {"@first": "244", "@last": "248"}}, "ref-authors": {"author": [{"@seq": "1", "ce:initials": "J.", "@_fa": "true", "ce:surname": "Sringean", "ce:indexed-name": "Sringean J."}, {"@seq": "2", "ce:initials": "C.", "@_fa": "true", "ce:surname": "Anan", "ce:indexed-name": "Anan C."}, {"@seq": "3", "ce:initials": "C.", "@_fa": "true", "ce:surname": "Thanawattano", "ce:indexed-name": "Thanawattano C."}, {"@seq": "4", "ce:initials": "R.", "@_fa": "true", "ce:surname": "Bhidayasiri", "ce:indexed-name": "Bhidayasiri R."}]}, "ref-sourcetitle": "J. Neurol. Sci."}}, {"ref-fulltext": "Sommerauer, M., Werth, E., Poryazova, R., Gavrilov, Y.V., Hauser, S., Valko, P.O., Bound to supine sleep: Parkinson's disease and the impact of nocturnal immobility. Park. Relat. Disord. 21 (2015), 1269\u20131272.", "@id": "8", "ref-info": {"ref-publicationyear": {"@first": "2015"}, "ref-title": {"ref-titletext": "Bound to supine sleep: Parkinson's disease and the impact of nocturnal immobility"}, "refd-itemidlist": {"itemid": [{"$": "bib8", "@idtype": "FRAGMENTID"}, {"$": "84942103373", "@idtype": "SGR"}]}, "ref-volisspag": {"voliss": {"@volume": "21"}, "pagerange": {"@first": "1269", "@last": "1272"}}, "ref-authors": {"author": [{"@seq": "1", "ce:initials": "M.", "@_fa": "true", "ce:surname": "Sommerauer", "ce:indexed-name": "Sommerauer M."}, {"@seq": "2", "ce:initials": "E.", "@_fa": "true", "ce:surname": "Werth", "ce:indexed-name": "Werth E."}, {"@seq": "3", "ce:initials": "R.", "@_fa": "true", "ce:surname": "Poryazova", "ce:indexed-name": "Poryazova R."}, {"@seq": "4", "ce:initials": "Y.V.", "@_fa": "true", "ce:surname": "Gavrilov", "ce:indexed-name": "Gavrilov Y.V."}, {"@seq": "5", "ce:initials": "S.", "@_fa": "true", "ce:surname": "Hauser", "ce:indexed-name": "Hauser S."}, {"@seq": "6", "ce:initials": "P.O.", "@_fa": "true", "ce:surname": "Valko", "ce:indexed-name": "Valko P.O."}]}, "ref-sourcetitle": "Park. Relat. Disord."}}, {"ref-fulltext": "Trenkwalder, C., Kies, B., Rudzinska, M., Fine, J., Nikl, J., Honczarenko, K., Dioszeghy, P., Hill, D., Anderson, T., Myllyla, V., Kassubek, J., Steiger, M., Zucconi, M., Tolosa, E., Poewe, W., Surmann, E., Whitesides, J., Boroojerdi, B., Chaudhuri, K.R., Rotigotine effects on early morning motor function and sleep in Parkinson's disease: a double-blind, randomized, placebo-controlled study (RECOVER). Mov. Disord. 26 (2011), 90\u201399.", "@id": "9", "ref-info": {"ref-publicationyear": {"@first": "2011"}, "ref-title": {"ref-titletext": "Rotigotine effects on early morning motor function and sleep in Parkinson's disease: a double-blind, randomized, placebo-controlled study (RECOVER)"}, "refd-itemidlist": {"itemid": [{"$": "bib9", "@idtype": "FRAGMENTID"}, {"$": "79951477585", "@idtype": "SGR"}]}, "ref-volisspag": {"voliss": {"@volume": "26"}, "pagerange": {"@first": "90", "@last": "99"}}, "ref-authors": {"author": [{"@seq": "1", "ce:initials": "C.", "@_fa": "true", "ce:surname": "Trenkwalder", "ce:indexed-name": "Trenkwalder C."}, {"@seq": "2", "ce:initials": "B.", "@_fa": "true", "ce:surname": "Kies", "ce:indexed-name": "Kies B."}, {"@seq": "3", "ce:initials": "M.", "@_fa": "true", "ce:surname": "Rudzinska", "ce:indexed-name": "Rudzinska M."}, {"@seq": "4", "ce:initials": "J.", "@_fa": "true", "ce:surname": "Fine", "ce:indexed-name": "Fine J."}, {"@seq": "5", "ce:initials": "J.", "@_fa": "true", "ce:surname": "Nikl", "ce:indexed-name": "Nikl J."}, {"@seq": "6", "ce:initials": "K.", "@_fa": "true", "ce:surname": "Honczarenko", "ce:indexed-name": "Honczarenko K."}, {"@seq": "7", "ce:initials": "P.", "@_fa": "true", "ce:surname": "Dioszeghy", "ce:indexed-name": "Dioszeghy P."}, {"@seq": "8", "ce:initials": "D.", "@_fa": "true", "ce:surname": "Hill", "ce:indexed-name": "Hill D."}, {"@seq": "9", "ce:initials": "T.", "@_fa": "true", "ce:surname": "Anderson", "ce:indexed-name": "Anderson T."}, {"@seq": "10", "ce:initials": "V.", "@_fa": "true", "ce:surname": "Myllyla", "ce:indexed-name": "Myllyla V."}, {"@seq": "11", "ce:initials": "J.", "@_fa": "true", "ce:surname": "Kassubek", "ce:indexed-name": "Kassubek J."}, {"@seq": "12", "ce:initials": "M.", "@_fa": "true", "ce:surname": "Steiger", "ce:indexed-name": "Steiger M."}, {"@seq": "13", "ce:initials": "M.", "@_fa": "true", "ce:surname": "Zucconi", "ce:indexed-name": "Zucconi M."}, {"@seq": "14", "ce:initials": "E.", "@_fa": "true", "ce:surname": "Tolosa", "ce:indexed-name": "Tolosa E."}, {"@seq": "15", "ce:initials": "W.", "@_fa": "true", "ce:surname": "Poewe", "ce:indexed-name": "Poewe W."}, {"@seq": "16", "ce:initials": "E.", "@_fa": "true", "ce:surname": "Surmann", "ce:indexed-name": "Surmann E."}, {"@seq": "17", "ce:initials": "J.", "@_fa": "true", "ce:surname": "Whitesides", "ce:indexed-name": "Whitesides J."}, {"@seq": "18", "ce:initials": "B.", "@_fa": "true", "ce:surname": "Boroojerdi", "ce:indexed-name": "Boroojerdi B."}, {"@seq": "19", "ce:initials": "K.R.", "@_fa": "true", "ce:surname": "Chaudhuri", "ce:indexed-name": "Chaudhuri K.R."}]}, "ref-sourcetitle": "Mov. Disord."}}, {"ref-fulltext": "Miner, B., Kryger, M.H., Sleep in the aging population. Sleep. Med. Clin. 12 (2017), 31\u201338.", "@id": "10", "ref-info": {"ref-publicationyear": {"@first": "2017"}, "ref-title": {"ref-titletext": "Sleep in the aging population"}, "refd-itemidlist": {"itemid": [{"$": "bib10", "@idtype": "FRAGMENTID"}, {"$": "85008192194", "@idtype": "SGR"}]}, "ref-volisspag": {"voliss": {"@volume": "12"}, "pagerange": {"@first": "31", "@last": "38"}}, "ref-authors": {"author": [{"@seq": "1", "ce:initials": "B.", "@_fa": "true", "ce:surname": "Miner", "ce:indexed-name": "Miner B."}, {"@seq": "2", "ce:initials": "M.H.", "@_fa": "true", "ce:surname": "Kryger", "ce:indexed-name": "Kryger M.H."}]}, "ref-sourcetitle": "Sleep. Med. Clin."}}, {"ref-fulltext": "Bhidayasiri, R., Sringean, J., Taechalertpaisarn, P., Thanawattano, C., Capturing nighttime symptoms in Parkinson disease: technical development and experimental verification of inertial sensors for nocturnal hypokinesia. J. Rehabil. Res. Dev. 53 (2016), 487\u2013498.", "@id": "11", "ref-info": {"ref-publicationyear": {"@first": "2016"}, "ref-title": {"ref-titletext": "Capturing nighttime symptoms in Parkinson disease: technical development and experimental verification of inertial sensors for nocturnal hypokinesia"}, "refd-itemidlist": {"itemid": [{"$": "bib11", "@idtype": "FRAGMENTID"}, {"$": "84982993384", "@idtype": "SGR"}]}, "ref-volisspag": {"voliss": {"@volume": "53"}, "pagerange": {"@first": "487", "@last": "498"}}, "ref-authors": {"author": [{"@seq": "1", "ce:initials": "R.", "@_fa": "true", "ce:surname": "Bhidayasiri", "ce:indexed-name": "Bhidayasiri R."}, {"@seq": "2", "ce:initials": "J.", "@_fa": "true", "ce:surname": "Sringean", "ce:indexed-name": "Sringean J."}, {"@seq": "3", "ce:initials": "P.", "@_fa": "true", "ce:surname": "Taechalertpaisarn", "ce:indexed-name": "Taechalertpaisarn P."}, {"@seq": "4", "ce:initials": "C.", "@_fa": "true", "ce:surname": "Thanawattano", "ce:indexed-name": "Thanawattano C."}]}, "ref-sourcetitle": "J. Rehabil. Res. Dev."}}, {"ref-fulltext": "Bhidayasiri, R., Sringean, J., Anan, C., Boonpang, K., Thanawattano, C., Ray Chaudhuri, K., Quantitative demonstration of the efficacy of night-time apomorphine infusion to treat nocturnal hypokinesia in Parkinson's disease using wearable sensors. Park. Relat. Disord. 33:Suppl 1 (2016), S36\u2013S41.", "@id": "12", "ref-info": {"ref-publicationyear": {"@first": "2016"}, "ref-title": {"ref-titletext": "Quantitative demonstration of the efficacy of night-time apomorphine infusion to treat nocturnal hypokinesia in Parkinson's disease using wearable sensors"}, "refd-itemidlist": {"itemid": [{"$": "bib12", "@idtype": "FRAGMENTID"}, {"$": "85007506771", "@idtype": "SGR"}]}, "ref-volisspag": {"voliss": {"@volume": "33"}, "pagerange": {"@first": "S36", "@last": "S41"}}, "ref-authors": {"author": [{"@seq": "1", "ce:initials": "R.", "@_fa": "true", "ce:surname": "Bhidayasiri", "ce:indexed-name": "Bhidayasiri R."}, {"@seq": "2", "ce:initials": "J.", "@_fa": "true", "ce:surname": "Sringean", "ce:indexed-name": "Sringean J."}, {"@seq": "3", "ce:initials": "C.", "@_fa": "true", "ce:surname": "Anan", "ce:indexed-name": "Anan C."}, {"@seq": "4", "ce:initials": "K.", "@_fa": "true", "ce:surname": "Boonpang", "ce:indexed-name": "Boonpang K."}, {"@seq": "5", "ce:initials": "C.", "@_fa": "true", "ce:surname": "Thanawattano", "ce:indexed-name": "Thanawattano C."}, {"@seq": "6", "ce:initials": "K.", "@_fa": "true", "ce:surname": "Ray Chaudhuri", "ce:indexed-name": "Ray Chaudhuri K."}]}, "ref-sourcetitle": "Park. Relat. Disord."}}]}}}}, "affiliation": [{"affiliation-city": "Tokyo", "@id": "60032116", "affilname": "Juntendo University", "@href": "https://api.elsevier.com/content/affiliation/affiliation_id/60032116", "affiliation-country": "Japan"}, {"affiliation-city": "Bangkok", "@id": "60022183", "affilname": "King Chulalongkorn Memorial Hospital", "@href": "https://api.elsevier.com/content/affiliation/affiliation_id/60022183", "affiliation-country": "Thailand"}, {"affiliation-city": "Pathum Thani", "@id": "60011525", "affilname": "Thailand National Electronics and Computer Technology Center", "@href": "https://api.elsevier.com/content/affiliation/affiliation_id/60011525", "affiliation-country": "Thailand"}], "coredata": {"srctype": "j", "eid": "2-s2.0-85036559805", "dc:description": "Background Nocturnal hypokinesia is a common symptom in Parkinson's disease (PD), negatively affecting quality of life of both patients and caregivers. However, evidence-based treatment strategies are limited. Objective To evaluate the efficacy of rotigotine transdermal patch, using a wearable sensor, in the management of nocturnal immobility. Methods 34 PD subjects with nocturnal immobility were randomized to receive rotigotine transdermal patch (mean \u00b1 SD of 10.46 \u00b1 4.63 mg/24 h, n = 17) or placebo patch (n = 17). Treatment was titrated to an optimal dose over 1\u20138 weeks, then maintained for 4 weeks. Primary endpoints were objective parameters assessing axial rotation measured using an axial inertial sensor (the NIGHT-Recorder) over two nights at the patients\u2019 home. Scale-based assessments were also performed. Results There was a significant difference, in favor of rotigotine, in change from baseline score in the number of turns in bed (ANCOVA, p = 0.001), and degree of axial turn (p = 0.042). These objective improvements were mirrored by significantly greater improvements in clinical scale-based assessments, including the Unified Parkinson's Disease Rating Scale (UPDRS) total scores (p = 0.009), UPDRS-motor scores (p < 0.001), UPDRS-axial scores (p = 0.01), the Modified Parkinson's Disease Sleep Scale (p < 0.001), the Nocturnal Akinesia Dystonia and Cramp Scale (p = 0.003) and the eight-item PD Questionnaire (PDQ-8) scores (p = 0.01) from baseline to end of treatment in patients given rotigotine compared to placebo. Conclusion We show that the rotigotine patch provides a significant improvement in nocturnal symptoms as assessed using both objective measures and clinical rating scales. The study demonstrates the feasibility of using wearable sensors to record objective outcomes in PD-related clinical trials.", "pubmed-id": "28818560", "prism:coverDate": "2017-11-01", "prism:aggregationType": "Journal", "prism:url": "https://api.elsevier.com/content/abstract/scopus_id/85036559805", "dc:creator": {"author": [{"ce:given-name": "Roongroj", "preferred-name": {"ce:given-name": "Roongroj", "ce:initials": "R.", "ce:surname": "Bhidayasiri", "ce:indexed-name": "Bhidayasiri R."}, "@seq": "1", "ce:initials": "R.", "@_fa": "true", "affiliation": [{"@id": "60022183", "@href": "https://api.elsevier.com/content/affiliation/affiliation_id/60022183"}, {"@id": "60032116", "@href": "https://api.elsevier.com/content/affiliation/affiliation_id/60032116"}], "ce:surname": "Bhidayasiri", "@auid": "55882458500", "author-url": "https://api.elsevier.com/content/author/author_id/55882458500", "ce:indexed-name": "Bhidayasiri R."}]}, "link": [{"@_fa": "true", "@rel": "self", "@href": "https://api.elsevier.com/content/abstract/scopus_id/85036559805"}, {"@_fa": "true", "@rel": "scopus", "@href": "https://www.scopus.com/inward/record.uri?partnerID=HzOxMe3b&scp=85036559805&origin=inward"}, {"@_fa": "true", "@rel": "scopus-citedby", "@href": "https://www.scopus.com/inward/citedby.uri?partnerID=HzOxMe3b&scp=85036559805&origin=inward"}], "source-id": "18572", "pii": "S1353802017302924", "citedby-count": "27", "prism:volume": "44", "subtype": "ar", "dc:title": "Rotigotine for nocturnal hypokinesia in Parkinson's disease: Quantitative analysis of efficacy from a randomized, placebo-controlled trial using an axial inertial sensor", "openaccess": "0", "prism:issn": "18735126 13538020", "publishercopyright": "\u00a9 2017 Elsevier Ltd", "subtypeDescription": "Article", "prism:publicationName": "Parkinsonism and Related Disorders", "prism:pageRange": "124-128", "prism:endingPage": "128", "openaccessFlag": "false", "prism:doi": "10.1016/j.parkreldis.2017.08.010", "prism:startingPage": "124", "dc:identifier": "SCOPUS_ID:85036559805", "dc:publisher": "Elsevier Ltd"}, "idxterms": {"mainterm": [{"$": "Accelerometry", "@weight": "b", "@candidate": "n"}, {"$": "Aged", "@weight": "b", "@candidate": "n"}, {"$": "Dopamine Agonists", "@weight": "b", "@candidate": "n"}, {"$": "Female", "@weight": "b", "@candidate": "n"}, {"$": "Humans", "@weight": "b", "@candidate": "n"}, {"$": "Hypokinesia", "@weight": "b", "@candidate": "n"}, {"$": "Male", "@weight": "b", "@candidate": "n"}, {"$": "Middle Aged", "@weight": "b", "@candidate": "n"}, {"$": "Parkinson Disease", "@weight": "b", "@candidate": "n"}, {"$": "Sleep", "@weight": "b", "@candidate": "n"}, {"$": "Tetrahydronaphthalenes", "@weight": "b", "@candidate": "n"}, {"$": "Thiophenes", "@weight": "b", "@candidate": "n"}, {"$": "Transdermal Patch", "@weight": "b", "@candidate": "n"}]}, "language": {"@xml:lang": "eng"}, "authkeywords": {"author-keyword": [{"@_fa": "true", "$": "Hypokinesia"}, {"@_fa": "true", "$": "Inertial sensors"}, {"@_fa": "true", "$": "Night-time"}, {"@_fa": "true", "$": "Parkinson's disease"}, {"@_fa": "true", "$": "Rotigotine"}, {"@_fa": "true", "$": "Wearable technology"}]}, "subject-areas": {"subject-area": [{"@_fa": "true", "$": "Neurology", "@code": "2808", "@abbrev": "NEUR"}, {"@_fa": "true", "$": "Geriatrics and Gerontology", "@code": "2717", "@abbrev": "MEDI"}, {"@_fa": "true", "$": "Neurology (clinical)", "@code": "2728", "@abbrev": "MEDI"}]}, "authors": {"author": [{"ce:given-name": "Roongroj", "preferred-name": {"ce:given-name": "Roongroj", "ce:initials": "R.", "ce:surname": "Bhidayasiri", "ce:indexed-name": "Bhidayasiri R."}, "@seq": "1", "ce:initials": "R.", "@_fa": "true", "affiliation": [{"@id": "60022183", "@href": "https://api.elsevier.com/content/affiliation/affiliation_id/60022183"}, {"@id": "60032116", "@href": "https://api.elsevier.com/content/affiliation/affiliation_id/60032116"}], "ce:surname": "Bhidayasiri", "@auid": "55882458500", "author-url": "https://api.elsevier.com/content/author/author_id/55882458500", "ce:indexed-name": "Bhidayasiri R."}, {"ce:given-name": "Jirada", "preferred-name": {"ce:given-name": "Jirada", "ce:initials": "J.", "ce:surname": "Sringean", "ce:indexed-name": "Sringean J."}, "@seq": "2", "ce:initials": "J.", "@_fa": "true", "affiliation": {"@id": "60022183", "@href": "https://api.elsevier.com/content/affiliation/affiliation_id/60022183"}, "ce:surname": "Sringean", "@auid": "56731129100", "author-url": "https://api.elsevier.com/content/author/author_id/56731129100", "ce:indexed-name": "Sringean J."}, {"ce:given-name": "Suchapit", "preferred-name": {"ce:given-name": "Suchapit", "ce:initials": "S.", "ce:surname": "Chaiwong", "ce:indexed-name": "Chaiwong S."}, "@seq": "3", "ce:initials": "S.", "@_fa": "true", "affiliation": {"@id": "60022183", "@href": "https://api.elsevier.com/content/affiliation/affiliation_id/60022183"}, "ce:surname": "Chaiwong", "@auid": "57192692317", "author-url": "https://api.elsevier.com/content/author/author_id/57192692317", "ce:indexed-name": "Chaiwong S."}, {"ce:given-name": "Chanawat", "preferred-name": {"ce:given-name": "Chanawat", "ce:initials": "C.", "ce:surname": "Anan", "ce:indexed-name": "Anan C."}, "@seq": "4", "ce:initials": "C.", "@_fa": "true", "affiliation": {"@id": "60022183", "@href": "https://api.elsevier.com/content/affiliation/affiliation_id/60022183"}, "ce:surname": "Anan", "@auid": "55840394300", "author-url": "https://api.elsevier.com/content/author/author_id/55840394300", "ce:indexed-name": "Anan C."}, {"ce:given-name": "Nuntiwat", "preferred-name": {"ce:given-name": "Nuntiwat", "ce:initials": "N.", "ce:surname": "Penkeaw", "ce:indexed-name": "Penkeaw N."}, "@seq": "5", "ce:initials": "N.", "@_fa": "true", "affiliation": {"@id": "60022183", "@href": "https://api.elsevier.com/content/affiliation/affiliation_id/60022183"}, "ce:surname": "Penkeaw", "@auid": "57198434304", "author-url": "https://api.elsevier.com/content/author/author_id/57198434304", "ce:indexed-name": "Penkeaw N."}, {"ce:given-name": "Amarinee", "preferred-name": {"ce:given-name": "Amarinee", "ce:initials": "A.", "ce:surname": "Leaknok", "ce:indexed-name": "Leaknok A."}, "@seq": "6", "ce:initials": "A.", "@_fa": "true", "affiliation": {"@id": "60022183", "@href": "https://api.elsevier.com/content/affiliation/affiliation_id/60022183"}, "ce:surname": "Leaknok", "@auid": "57198431435", "author-url": "https://api.elsevier.com/content/author/author_id/57198431435", "ce:indexed-name": "Leaknok A."}, {"ce:given-name": "Kamolwan", "preferred-name": {"ce:given-name": "Kamolwan", "ce:initials": "K.", "ce:surname": "Boonpang", "ce:indexed-name": "Boonpang K."}, "@seq": "7", "ce:initials": "K.", "@_fa": "true", "affiliation": {"@id": "60022183", "@href": "https://api.elsevier.com/content/affiliation/affiliation_id/60022183"}, "ce:surname": "Boonpang", "@auid": "56660632600", "author-url": "https://api.elsevier.com/content/author/author_id/56660632600", "ce:indexed-name": "Boonpang K."}, {"ce:given-name": "Karn", "preferred-name": {"ce:given-name": "Karn", "ce:initials": "K.", "ce:surname": "Saksornchai", "ce:indexed-name": "Saksornchai K."}, "@seq": "8", "ce:initials": "K.", "@_fa": "true", "affiliation": {"@id": "60022183", "@href": "https://api.elsevier.com/content/affiliation/affiliation_id/60022183"}, "ce:surname": "Saksornchai", "@auid": "41862265300", "author-url": "https://api.elsevier.com/content/author/author_id/41862265300", "ce:indexed-name": "Saksornchai K."}, {"ce:given-name": "Watchara", "preferred-name": {"ce:given-name": "Watchara", "ce:initials": "W.", "ce:surname": "Rattanachaisit", "ce:indexed-name": "Rattanachaisit W."}, "@seq": "9", "ce:initials": "W.", "@_fa": "true", "affiliation": {"@id": "60022183", "@href": "https://api.elsevier.com/content/affiliation/affiliation_id/60022183"}, "ce:surname": "Rattanachaisit", "@auid": "57193008256", "author-url": "https://api.elsevier.com/content/author/author_id/57193008256", "ce:indexed-name": "Rattanachaisit W."}, {"ce:given-name": "Chusak", "preferred-name": {"ce:given-name": "Chusak", "ce:initials": "C.", "ce:surname": "Thanawattano", "ce:indexed-name": "Thanawattano C."}, "@seq": "10", "ce:initials": "C.", "@_fa": "true", "affiliation": {"@id": "60011525", "@href": "https://api.elsevier.com/content/affiliation/affiliation_id/60011525"}, "ce:surname": "Thanawattano", "@auid": "24781301000", "author-url": "https://api.elsevier.com/content/author/author_id/24781301000", "ce:indexed-name": "Thanawattano C."}, {"ce:given-name": "Priya", "preferred-name": {"ce:given-name": "Priya", "ce:initials": "P.", "ce:surname": "Jagota", "ce:indexed-name": "Jagota P."}, "@seq": "11", "ce:initials": "P.", "@_fa": "true", "affiliation": {"@id": "60022183", "@href": "https://api.elsevier.com/content/affiliation/affiliation_id/60022183"}, "ce:surname": "Jagota", "@auid": "56093241300", "author-url": "https://api.elsevier.com/content/author/author_id/56093241300", "ce:indexed-name": "Jagota P."}]}}}