{"abstracts-retrieval-response": {"item": {"ait:process-info": {"ait:status": {"@state": "update", "@type": "core", "@stage": "S300"}, "ait:date-delivered": {"@day": "11", "@year": "2023", "@timestamp": "2023-07-11T11:40:31.000031-04:00", "@month": "07"}, "ait:date-sort": {"@day": "01", "@year": "2017", "@month": "11"}}, "xocs:meta": {"xocs:funding-list": {"@pui-match": "primary", "@has-funding-info": "1", "xocs:funding-addon-generated-timestamp": "2021-05-29T03:34:29.397Z", "xocs:funding-addon-type": "http://vtw.elsevier.com/data/voc/AddOnTypes/50.7/aggregated-refined"}}, "bibrecord": {"head": {"author-group": [{"affiliation": {"country": "United Kingdom", "postal-code": "NR4 7TJ", "@afid": "60160138", "@country": "gbr", "city": "Norwich", "organization": [{"$": "School of Development Studies"}, {"$": "University of East Anglia"}], "affiliation-id": [{"@afid": "60160138"}, {"@afid": "60000112"}]}, "author": [{"ce:given-name": "Peter", "preferred-name": {"ce:given-name": "Peter", "ce:initials": "P.", "ce:surname": "Lloyd-Sherlock", "ce:indexed-name": "Lloyd-Sherlock P."}, "@seq": "1", "ce:initials": "P.", "@_fa": "true", "@type": "auth", "ce:surname": "Lloyd-Sherlock", "@auid": "6603665413", "ce:indexed-name": "Lloyd-Sherlock P."}]}, {"affiliation": {"country": "Switzerland", "@afid": "60027142", "@country": "che", "city": "Geneva", "organization": [{"$": "Department of Ageing and Life Course"}, {"$": "World Health Organization"}], "affiliation-id": {"@afid": "60027142", "@dptid": "104374239"}, "@dptid": "104374239"}, "author": [{"ce:given-name": "Anne Margriet", "preferred-name": {"ce:given-name": "Anne Margriet", "ce:initials": "A.M.", "ce:surname": "Pot", "ce:indexed-name": "Pot A.M."}, "@seq": "2", "ce:initials": "A.M.", "@_fa": "true", "@type": "auth", "ce:surname": "Pot", "@auid": "57203073950", "ce:indexed-name": "Pot A.M."}]}, {"affiliation": {"country": "Thailand", "@afid": "60028190", "@country": "tha", "city": "Bangkok", "organization": [{"$": "Faculty of Nursing"}, {"$": "Chulalongkorn University"}], "affiliation-id": {"@afid": "60028190", "@dptid": "104425685"}, "@dptid": "104425685"}, "author": [{"ce:given-name": "Siriphan", "preferred-name": {"ce:given-name": "Siriphan", "ce:initials": "S.", "ce:surname": "Sasat", "ce:indexed-name": "Sasat S."}, "@seq": "3", "ce:initials": "S.", "@_fa": "true", "@type": "auth", "ce:surname": "Sasat", "@auid": "6505695494", "ce:indexed-name": "Sasat S."}]}, {"affiliation": {"country": "Costa Rica", "@afid": "60071929", "@country": "cri", "city": "San Jos\u00e9", "organization": [{"$": "Hospital Nacional de Geriatr\u00eda y Gerontolog\u00eda"}, {"$": "Universidad de Costa Rica"}], "affiliation-id": {"@afid": "60071929", "@dptid": "119733465"}, "@dptid": "119733465"}, "author": [{"ce:given-name": "Fernando", "preferred-name": {"ce:given-name": "Fernando", "ce:initials": "F.", "ce:surname": "Morales-Martinez", "ce:indexed-name": "Morales-Martinez F."}, "@seq": "4", "ce:initials": "F.", "@_fa": "true", "@type": "auth", "ce:surname": "Morales-Martinez", "@auid": "6505879198", "ce:indexed-name": "Morales-Martinez F."}]}], "citation-title": "Volunteer provision of long-term care for older people in Thailand and Costa RicaImplication de b\u00e9n\u00e9voles dans les soins de longue dur\u00e9e des personnes \u00e2g\u00e9es au Costa Rica et en Tha\u00eflandeParticipaci\u00f3n de voluntarios en el cuidado a largo plazo de personas mayores en Costa Rica y Tailandia", "abstracts": "\u00a9 2017, World Health Organization. All rights reserved.Problem Demand for long-term care services for older people is increasing rapidly in low- and middle-income countries. Countries need to establish national long-term care systems that are sustainable and equitable. Approach The Governments of Costa Rica and Thailand have implemented broadly comparable interventions to deploy volunteers in long-term home care. Both countries trained older volunteers from local communities to make home visits to impoverished and vulnerable older people and to facilitate access to health services and other social services. Local setting Costa Rica and Thailand are upper-middle-income countries with strong traditions of community-based health services that they are now extending into long-term care for older people. Relevant changes Between 2003 and 2013 Thailand\u2019s programme trained over 51 000 volunteers, reaching almost 800 000 older people. Between 2010 and 2016 Costa Rica established 50 community care networks, serving around 10 000 people and involving over 5000 volunteers. Despite some evidence of benefits to the physical and mental health of older people and greater uptake of other services, a large burden of unmet care needs and signs of a growth of unregulated private services still exist. Lessons learnt There is scope for low- and middle-income countries to develop large-scale networks of community-based long-term care volunteers. The capacity of volunteers to enhance the quality of life of clients is affected by the local availability of care services. Volunteer care networks should be complemented by other initiatives, including training about health in later life for volunteers, and investment in community long-term care services.", "correspondence": {"affiliation": {"country": "United Kingdom", "postal-code": "NR4 7TJ", "@country": "gbr", "city": "Norwich", "organization": [{"$": "School of Development Studies"}, {"$": "University of East Anglia"}]}, "person": {"ce:given-name": "Peter", "ce:initials": "P.", "ce:surname": "Lloyd-Sherlock", "ce:indexed-name": "Lloyd-Sherlock P."}}, "citation-info": {"citation-type": {"@code": "ar"}, "citation-language": {"@language": "English", "@xml:lang": "eng"}, "abstract-language": [{"@language": "English", "@xml:lang": "eng"}, {"@language": "Arabic", "@xml:lang": "ara"}, {"@language": "Chinese", "@xml:lang": "chi"}, {"@language": "French", "@xml:lang": "fre"}, {"@language": "Russian", "@xml:lang": "rus"}, {"@language": "Spanish", "@xml:lang": "spa"}]}, "source": {"website": {"ce:e-address": {"$": "http://www.who.int/entity/bulletin/volumes/95/11/16-187526.pdf", "@type": "email"}}, "translated-sourcetitle": {"$": "Bulletin of the World Health Organization", "@xml:lang": "eng"}, "volisspag": {"voliss": {"@volume": "95", "@issue": "11"}, "pagerange": {"@first": "774", "@last": "778"}}, "@type": "j", "sourcetitle": "Bulletin of the World Health Organization", "publicationdate": {"month": "11", "year": "2017", "date-text": "November 2017", "day": "01"}, "codencode": "BWHOA", "sourcetitle-abbrev": "Bull. WHO", "@country": "che", "issn": [{"$": "15640604", "@type": "electronic"}, {"$": "00429686", "@type": "print"}], "publicationyear": {"@first": "2017"}, "publisher": {"publishername": "World Health Organization"}, "@srcid": "20913"}, "enhancement": {"classificationgroup": {"classifications": [{"@type": "GEOCLASS", "classification": [{"classification-code": "70.3.4", "classification-description": "Medical Geography"}, {"classification-code": "74.22", "classification-description": "HEALTH, HEALTH SYSTEMS AND SERVICES"}]}, {"@type": "ASJC", "classification": "2739"}, {"@type": "SUBJABBR", "classification": "MEDI"}]}}}, "item-info": {"copyright": {"$": "Copyright 2019 Elsevier B.V., All rights reserved.", "@type": "Elsevier"}, "external-source": "MEDLINE", "dbcollection": [{"$": "EMBASE"}, {"$": "GEO"}, {"$": "MEDL"}, {"$": "NURSNG"}, {"$": "SCOPUS"}, {"$": "Scopusbase"}], "history": {"date-created": {"@day": "19", "@year": "2019", "@timestamp": "BST 12:23:53", "@month": "01"}}, "itemidlist": {"itemid": [{"$": "619122315", "@idtype": "PUI"}, {"$": "784190199", "@idtype": "CAR-ID"}, {"$": "20170779683", "@idtype": "EMBASE"}, {"$": "5262757", "@idtype": "GEO"}, {"$": "29147058", "@idtype": "MEDL"}, {"$": "2017377092", "@idtype": "NURSNG"}, {"$": "20170880614", "@idtype": "SCOPUS"}, {"$": "85032939884", "@idtype": "SCP"}, {"$": "85032939884", "@idtype": "SGR"}, {"$": "625966045", "@idtype": "PUIsecondary"}], "ce:doi": "10.2471/BLT.16.187526"}}, "tail": {"bibliography": {"@refcount": "13", "reference": [{"ref-fulltext": "World report on ageing and health. Geneva: World Health Organization; 2015.", "@id": "1", "ref-info": {"ref-publicationyear": {"@first": "2015"}, "refd-itemidlist": {"itemid": {"$": "84949731162", "@idtype": "SGR"}}, "ref-text": "Geneva: World Health Organization", "ref-sourcetitle": "World report on ageing and health"}}, {"ref-fulltext": "Multisectoral action for a life course approach to healthy ageing: draft global strategy and plan of action on ageing and health. Geneva: World Health Organization; 2016. Available from: http://apps.who.int/iris/bitstream/10665/250652/1/B138_16-en.pdf [2017 May 10].", "@id": "2", "ref-info": {"ref-publicationyear": {"@first": "2016"}, "ref-website": {"ce:e-address": {"$": "http://apps.who.int/iris/bitstream/10665/250652/1/B138_16-en.pdf", "@type": "email"}}, "refd-itemidlist": {"itemid": {"$": "85032895615", "@idtype": "SGR"}}, "ref-text": "Geneva: World Health Organization, 2017 May 10", "ref-sourcetitle": "Multisectoral action for a life course approach to healthy ageing: Draft global strategy and plan of action on ageing and health"}}, {"ref-fulltext": "Lloyd-Sherlock P. Beyond neglect: long-term care research in low and middle income countries. Int J Gerontol. 2014;8(2):66-9. doi: http://dx.doi. org/10.1016/j.ijge.2013.05.005", "@id": "3", "ref-info": {"ref-publicationyear": {"@first": "2014"}, "ref-title": {"ref-titletext": "Beyond neglect: Long-term care research in low and middle income countries"}, "refd-itemidlist": {"itemid": [{"$": "10.1016/j.ijge.2013.05.005", "@idtype": "DOI"}, {"$": "84903373541", "@idtype": "SGR"}]}, "ref-volisspag": {"voliss": {"@volume": "8", "@issue": "2"}, "pagerange": {"@first": "66", "@last": "69"}}, "ref-authors": {"author": [{"@seq": "1", "ce:initials": "P.", "@_fa": "true", "ce:surname": "Lloyd-Sherlock", "ce:indexed-name": "Lloyd-Sherlock P."}]}, "ref-sourcetitle": "Int J Gerontol"}}, {"ref-fulltext": "World population prospects, the 2015 revision [Internet]. New York: United Nations, Population Division; 2015. Available from: https://esa.un.org/unpd/wpp/Download/Standard/Population/ [cited 2017 May 7].", "@id": "4", "ref-info": {"ref-publicationyear": {"@first": "2015"}, "ref-website": {"ce:e-address": {"$": "https://esa.un.org/unpd/wpp/Download/Standard/Population/", "@type": "email"}}, "refd-itemidlist": {"itemid": {"$": "84958183807", "@idtype": "SGR"}}, "ref-text": "New York: United Nations, Population Division, cited 2017 May 7", "ref-sourcetitle": "World population prospects, the 2015 revision"}}, {"ref-fulltext": "Knodel J, Teerawichitchainan B, Pothisiri W. Caring for Thai older persons with long-term care needs. Population Studies Center Research Report No.16-854. Ann Arbor: University of Michigan; 2016. Available from: http://www.psc.isr.umich.edu/pubs/pdf/rr16-854.pdf [cited 2017 May 10].", "@id": "5", "ref-info": {"ref-publicationyear": {"@first": "2016"}, "ref-website": {"ce:e-address": {"$": "http://www.psc.isr.umich.edu/pubs/pdf/rr16-854.pdf", "@type": "email"}}, "refd-itemidlist": {"itemid": {"$": "85032956578", "@idtype": "SGR"}}, "ref-text": "Population Studies Center Research Report No.16-854. Ann Arbor: University of Michigan, cited 2017 May 10", "ref-authors": {"author": [{"@seq": "1", "ce:initials": "J.", "@_fa": "true", "ce:surname": "Knodel", "ce:indexed-name": "Knodel J."}, {"@seq": "2", "ce:initials": "B.", "@_fa": "true", "ce:surname": "Teerawichitchainan", "ce:indexed-name": "Teerawichitchainan B."}, {"@seq": "3", "ce:initials": "W.", "@_fa": "true", "ce:surname": "Pothisiri", "ce:indexed-name": "Pothisiri W."}]}, "ref-sourcetitle": "Caring for Thai older persons with long-term care needs"}}, {"ref-fulltext": "Suwanrada W, Pothisiri W, Prachuabmoh V, Siriboon S, Bangkaew B, Milintangul C. [Community-based integrated approach for older persons\u2019 long-term care in Thailand.] Bangkok: College of Population Studies, Chulalongkorn University; 2014. Available from: https://www.toyotafound.or.jp/english/topics/topics03/data/2015-0430-1014.pdf [2017 May 10]. Thai.", "@id": "6", "ref-info": {"ref-publicationyear": {"@first": "2014"}, "ref-website": {"ce:e-address": {"$": "https://www.toyotafound.or.jp/english/topics/topics03/data/2015-0430-1014.pdf", "@type": "email"}}, "refd-itemidlist": {"itemid": {"$": "84991874063", "@idtype": "SGR"}}, "ref-text": "Bangkok: College of Population Studies, Chulalongkorn University, [2017 May 10]. Thai", "ref-authors": {"author": [{"@seq": "1", "ce:initials": "W.", "@_fa": "true", "ce:surname": "Suwanrada", "ce:indexed-name": "Suwanrada W."}, {"@seq": "2", "ce:initials": "W.", "@_fa": "true", "ce:surname": "Pothisiri", "ce:indexed-name": "Pothisiri W."}, {"@seq": "3", "ce:initials": "V.", "@_fa": "true", "ce:surname": "Prachuabmoh", "ce:indexed-name": "Prachuabmoh V."}, {"@seq": "4", "ce:initials": "S.", "@_fa": "true", "ce:surname": "Siriboon", "ce:indexed-name": "Siriboon S."}, {"@seq": "5", "ce:initials": "B.", "@_fa": "true", "ce:surname": "Bangkaew", "ce:indexed-name": "Bangkaew B."}, {"@seq": "6", "ce:initials": "C.", "@_fa": "true", "ce:surname": "Milintangul", "ce:indexed-name": "Milintangul C."}]}, "ref-sourcetitle": "Community-based integrated approach for older persons\u2019 long-term care in Thailand"}}, {"ref-fulltext": "Morales-Martinez F, Rivera-Meza E. Public policy on ageing and elderly: the case of Costa Rica. Gerontechnology (Valkenswaard). 2014;12(4):209-13. doi: http://dx.doi.org/10.4017/gt.2014.12.4.004.00", "@id": "7", "ref-info": {"ref-publicationyear": {"@first": "2014"}, "ref-title": {"ref-titletext": "Public policy on ageing and elderly: The case of Costa Rica"}, "refd-itemidlist": {"itemid": [{"$": "10.4017/gt.2014.12.4.004.00", "@idtype": "DOI"}, {"$": "84904388451", "@idtype": "SGR"}]}, "ref-volisspag": {"voliss": {"@volume": "12", "@issue": "4"}, "pagerange": {"@first": "209", "@last": "213"}}, "ref-authors": {"author": [{"@seq": "1", "ce:initials": "F.", "@_fa": "true", "ce:surname": "Morales-Martinez", "ce:indexed-name": "Morales-Martinez F."}, {"@seq": "2", "ce:initials": "E.", "@_fa": "true", "ce:surname": "Rivera-Meza", "ce:indexed-name": "Rivera-Meza E."}]}, "ref-sourcetitle": "Gerontechnology (Valkenswaard)"}}, {"ref-fulltext": "Morgan LM. International politics and primary health care in Costa Rica. Soc Sci Med. 1990;30(2):211-9. doi: http://dx.doi.org/10.1016/0277-9536(90)90082-4", "@id": "8", "ref-info": {"ref-publicationyear": {"@first": "1990"}, "ref-title": {"ref-titletext": "International politics and primary health care in Costa Rica"}, "refd-itemidlist": {"itemid": [{"$": "10.1016/0277-9536(90)90082-4", "@idtype": "DOI"}, {"$": "0025197605", "@idtype": "SGR"}]}, "ref-volisspag": {"voliss": {"@volume": "30", "@issue": "2"}, "pagerange": {"@first": "211", "@last": "219"}}, "ref-authors": {"author": [{"@seq": "1", "ce:initials": "L.M.", "@_fa": "true", "ce:surname": "Morgan", "ce:indexed-name": "Morgan L.M."}]}, "ref-sourcetitle": "Soc Sci Med"}}, {"ref-fulltext": "Prachuabmoh V. A lesson learned from community-based integrated long-term care in Thailand. Asia Pac J Soc Work Dev. 2015;25(4):213-24. doi: http://dx.doi.org/10.1080/02185385.2015.1119526", "@id": "9", "ref-info": {"ref-publicationyear": {"@first": "2015"}, "ref-title": {"ref-titletext": "A lesson learned from community-based integrated long-term care in Thailand"}, "refd-itemidlist": {"itemid": [{"$": "10.1080/02185385.2015.1119526", "@idtype": "DOI"}, {"$": "84948799062", "@idtype": "SGR"}]}, "ref-volisspag": {"voliss": {"@volume": "25", "@issue": "4"}, "pagerange": {"@first": "213", "@last": "224"}}, "ref-authors": {"author": [{"@seq": "1", "ce:initials": "V.", "@_fa": "true", "ce:surname": "Prachuabmoh", "ce:indexed-name": "Prachuabmoh V."}]}, "ref-sourcetitle": "Asia Pac J Soc Work Dev"}}, {"ref-fulltext": "Sasat S, Bowers BJ. Spotlight Thailand. Gerontologist. 2013 Oct;53(5):711-7. doi: http://dx.doi.org/10.1093/geront/gnt038", "@id": "10", "ref-info": {"ref-publicationyear": {"@first": "2013"}, "ref-title": {"ref-titletext": "Spotlight Thailand"}, "refd-itemidlist": {"itemid": [{"$": "10.1093/geront/gnt038", "@idtype": "DOI"}, {"$": "84888619232", "@idtype": "SGR"}]}, "ref-volisspag": {"voliss": {"@volume": "53", "@issue": "5"}, "pagerange": {"@first": "711", "@last": "717"}}, "ref-text": "Oct", "ref-authors": {"author": [{"@seq": "1", "ce:initials": "S.", "@_fa": "true", "ce:surname": "Sasat", "ce:indexed-name": "Sasat S."}, {"@seq": "2", "ce:initials": "B.J.", "@_fa": "true", "ce:surname": "Bowers", "ce:indexed-name": "Bowers B.J."}]}, "ref-sourcetitle": "Gerontologist"}}, {"ref-fulltext": "Suwanrada W, Pothisiri W, Siriboon S, Bangkaew B, Milintangul C. [Evaluation of the replication project of the elderly home care volunteers.] Bangkok: College of Population Studies, Chulalongkorn University; 2016. Thai.", "@id": "11", "ref-info": {"ref-publicationyear": {"@first": "2016"}, "refd-itemidlist": {"itemid": {"$": "85032913805", "@idtype": "SGR"}}, "ref-text": "Bangkok: College of Population Studies, Chulalongkorn University, Thai", "ref-authors": {"author": [{"@seq": "1", "ce:initials": "W.", "@_fa": "true", "ce:surname": "Suwanrada", "ce:indexed-name": "Suwanrada W."}, {"@seq": "2", "ce:initials": "W.", "@_fa": "true", "ce:surname": "Pothisiri", "ce:indexed-name": "Pothisiri W."}, {"@seq": "3", "ce:initials": "S.", "@_fa": "true", "ce:surname": "Siriboon", "ce:indexed-name": "Siriboon S."}, {"@seq": "4", "ce:initials": "B.", "@_fa": "true", "ce:surname": "Bangkaew", "ce:indexed-name": "Bangkaew B."}, {"@seq": "5", "ce:initials": "C.", "@_fa": "true", "ce:surname": "Milintangul", "ce:indexed-name": "Milintangul C."}]}, "ref-sourcetitle": "Evaluation of the replication project of the elderly home care volunteers"}}, {"ref-fulltext": "[National Commission on the Elderly. The second national plan on the elderly (2002-2021). First revision of 2009.] Bangkok: Ministry of Social Development and Human Security; 2010. Thai.", "@id": "12", "ref-info": {"ref-publicationyear": {"@first": "2010"}, "refd-itemidlist": {"itemid": {"$": "85032977929", "@idtype": "SGR"}}, "ref-text": "Bangkok: Ministry of Social Development and Human Security, Thai", "ref-sourcetitle": "National Commission on the Elderly. The second national plan on the elderly (2002-2021). First revision of 2009"}}, {"ref-fulltext": "Sasat S, Choowattanapakorn T, Pukdeeprom T, Aroomsang P. Long-term care institutions in Thailand. J Health Res. 2013;27(6):413-8. doi: http://dx.doi.org/10.1093/geront/gnt038", "@id": "13", "ref-info": {"ref-publicationyear": {"@first": "2013"}, "ref-title": {"ref-titletext": "Long-term care institutions in Thailand"}, "refd-itemidlist": {"itemid": [{"$": "10.1093/geront/gnt038", "@idtype": "DOI"}, {"$": "85032993608", "@idtype": "SGR"}]}, "ref-volisspag": {"voliss": {"@volume": "27", "@issue": "6"}, "pagerange": {"@first": "413", "@last": "418"}}, "ref-authors": {"author": [{"@seq": "1", "ce:initials": "S.", "@_fa": "true", "ce:surname": "Sasat", "ce:indexed-name": "Sasat S."}, {"@seq": "2", "ce:initials": "T.", "@_fa": "true", "ce:surname": "Choowattanapakorn", "ce:indexed-name": "Choowattanapakorn T."}, {"@seq": "3", "ce:initials": "T.", "@_fa": "true", "ce:surname": "Pukdeeprom", "ce:indexed-name": "Pukdeeprom T."}, {"@seq": "4", "ce:initials": "P.", "@_fa": "true", "ce:surname": "Aroomsang", "ce:indexed-name": "Aroomsang P."}]}, "ref-sourcetitle": "J Health Res"}}]}}}}, "affiliation": [{"affiliation-city": "Norwich", "@id": "60160138", "affilname": "University of East Anglia, Faculty of Social Sciences", "@href": "https://api.elsevier.com/content/affiliation/affiliation_id/60160138", "affiliation-country": "United Kingdom"}, {"affiliation-city": "San Jose", "@id": "60071929", "affilname": "Universidad de Costa Rica", "@href": "https://api.elsevier.com/content/affiliation/affiliation_id/60071929", "affiliation-country": "Costa Rica"}, {"affiliation-city": "Bangkok", "@id": "60028190", "affilname": "Chulalongkorn University", "@href": "https://api.elsevier.com/content/affiliation/affiliation_id/60028190", "affiliation-country": "Thailand"}, {"affiliation-city": "Geneva", "@id": "60027142", "affilname": "Organisation Mondiale de la Sant\u00e9", "@href": "https://api.elsevier.com/content/affiliation/affiliation_id/60027142", "affiliation-country": "Switzerland"}], "coredata": {"srctype": "j", "eid": "2-s2.0-85032939884", "dc:description": "Problem Demand for long-term care services for older people is increasing rapidly in low- and middle-income countries. Countries need to establish national long-term care systems that are sustainable and equitable. Approach The Governments of Costa Rica and Thailand have implemented broadly comparable interventions to deploy volunteers in long-term home care. Both countries trained older volunteers from local communities to make home visits to impoverished and vulnerable older people and to facilitate access to health services and other social services. Local setting Costa Rica and Thailand are upper-middle-income countries with strong traditions of community-based health services that they are now extending into long-term care for older people. Relevant changes Between 2003 and 2013 Thailand\u2019s programme trained over 51 000 volunteers, reaching almost 800 000 older people. Between 2010 and 2016 Costa Rica established 50 community care networks, serving around 10 000 people and involving over 5000 volunteers. Despite some evidence of benefits to the physical and mental health of older people and greater uptake of other services, a large burden of unmet care needs and signs of a growth of unregulated private services still exist. Lessons learnt There is scope for low- and middle-income countries to develop large-scale networks of community-based long-term care volunteers. The capacity of volunteers to enhance the quality of life of clients is affected by the local availability of care services. Volunteer care networks should be complemented by other initiatives, including training about health in later life for volunteers, and investment in community long-term care services.", "pubmed-id": "29147058", "prism:coverDate": "2017-11-01", "prism:aggregationType": "Journal", "prism:url": "https://api.elsevier.com/content/abstract/scopus_id/85032939884", "dc:creator": {"author": [{"ce:given-name": "Peter", "preferred-name": {"ce:given-name": "Peter", "ce:initials": "P.", "ce:surname": "Lloyd-Sherlock", "ce:indexed-name": "Lloyd-Sherlock P."}, "@seq": "1", "ce:initials": "P.", "@_fa": "true", "affiliation": {"@id": "60160138", "@href": "https://api.elsevier.com/content/affiliation/affiliation_id/60160138"}, "ce:surname": "Lloyd-Sherlock", "@auid": "6603665413", "author-url": "https://api.elsevier.com/content/author/author_id/6603665413", "ce:indexed-name": "Lloyd-Sherlock P."}]}, "link": [{"@_fa": "true", "@rel": "self", "@href": "https://api.elsevier.com/content/abstract/scopus_id/85032939884"}, {"@_fa": "true", "@rel": "scopus", "@href": "https://www.scopus.com/inward/record.uri?partnerID=HzOxMe3b&scp=85032939884&origin=inward"}, {"@_fa": "true", "@rel": "scopus-citedby", "@href": "https://www.scopus.com/inward/citedby.uri?partnerID=HzOxMe3b&scp=85032939884&origin=inward"}], "source-id": "20913", "citedby-count": "18", "prism:volume": "95", "subtype": "ar", "dc:title": "Volunteer provision of long-term care for older people in Thailand and Costa Rica Implication de b\u00e9n\u00e9voles dans les soins de longue dur\u00e9e des personnes \u00e2g\u00e9es au Costa Rica et en Tha\u00eflande Participaci\u00f3n de voluntarios en el cuidado a largo plazo de personas mayores en Costa Rica y Tailandia", "openaccess": "1", "prism:issn": "15640604 00429686", "publishercopyright": "\u00a9 2017, World Health Organization. All rights reserved.", "prism:issueIdentifier": "11", "subtypeDescription": "Article", "prism:publicationName": "Bulletin of the World Health Organization", "prism:pageRange": "774-778", "prism:endingPage": "778", "openaccessFlag": "true", "prism:doi": "10.2471/BLT.16.187526", "prism:startingPage": "774", "dc:identifier": "SCOPUS_ID:85032939884", "dc:publisher": "World Health Organization"}, "idxterms": {"mainterm": [{"$": "Aged", "@weight": "b", "@candidate": "n"}, {"$": "Costa Rica", "@weight": "b", "@candidate": "n"}, {"$": "Health Services Needs and Demand", "@weight": "a", "@candidate": "n"}, {"$": "Humans", "@weight": "b", "@candidate": "n"}, {"$": "Long-Term Care", "@weight": "a", "@candidate": "n"}, {"$": "Quality of Life", "@weight": "a", "@candidate": "n"}, {"$": "Thailand", "@weight": "b", "@candidate": "n"}, {"$": "Volunteers", "@weight": "a", "@candidate": "n"}]}, "language": {"@xml:lang": "spa"}, "authkeywords": null, "subject-areas": {"subject-area": [{"@_fa": "true", "$": "Public Health, Environmental and Occupational Health", "@code": "2739", "@abbrev": "MEDI"}]}, "authors": {"author": [{"ce:given-name": "Peter", "preferred-name": {"ce:given-name": "Peter", "ce:initials": "P.", "ce:surname": "Lloyd-Sherlock", "ce:indexed-name": "Lloyd-Sherlock P."}, "@seq": "1", "ce:initials": "P.", "@_fa": "true", "affiliation": {"@id": "60160138", "@href": "https://api.elsevier.com/content/affiliation/affiliation_id/60160138"}, "ce:surname": "Lloyd-Sherlock", "@auid": "6603665413", "author-url": "https://api.elsevier.com/content/author/author_id/6603665413", "ce:indexed-name": "Lloyd-Sherlock P."}, {"ce:given-name": "Anne Margriet", "preferred-name": {"ce:given-name": "Anne Margriet", "ce:initials": "A.M.", "ce:surname": "Pot", "ce:indexed-name": "Pot A.M."}, "@seq": "2", "ce:initials": "A.M.", "@_fa": "true", "affiliation": {"@id": "60027142", "@href": "https://api.elsevier.com/content/affiliation/affiliation_id/60027142"}, "ce:surname": "Pot", "@auid": "57203073950", "author-url": "https://api.elsevier.com/content/author/author_id/57203073950", "ce:indexed-name": "Pot A.M."}, {"ce:given-name": "Siriphan", "preferred-name": {"ce:given-name": "Siriphan", "ce:initials": "S.", "ce:surname": "Sasat", "ce:indexed-name": "Sasat S."}, "@seq": "3", "ce:initials": "S.", "@_fa": "true", "affiliation": {"@id": "60028190", "@href": "https://api.elsevier.com/content/affiliation/affiliation_id/60028190"}, "ce:surname": "Sasat", "@auid": "6505695494", "author-url": "https://api.elsevier.com/content/author/author_id/6505695494", "ce:indexed-name": "Sasat S."}, {"ce:given-name": "Fernando", "preferred-name": {"ce:given-name": "Fernando", "ce:initials": "F.", "ce:surname": "Morales-Martinez", "ce:indexed-name": "Morales-Martinez F."}, "@seq": "4", "ce:initials": "F.", "@_fa": "true", "affiliation": {"@id": "60071929", "@href": "https://api.elsevier.com/content/affiliation/affiliation_id/60071929"}, "ce:surname": "Morales-Martinez", "@auid": "6505879198", "author-url": "https://api.elsevier.com/content/author/author_id/6505879198", "ce:indexed-name": "Morales-Martinez F."}]}}}