{"abstracts-retrieval-response": {"item": {"ait:process-info": {"ait:status": {"@state": "update", "@type": "core", "@stage": "S300"}, "ait:date-delivered": {"@day": "08", "@timestamp": "2020-01-08T05:14:25.000025-05:00", "@year": "2020", "@month": "01"}, "ait:date-sort": {"@day": "01", "@year": "2017", "@month": "11"}}, "xocs:meta": {"xocs:funding-list": {"@pui-match": "primary", "@has-funding-info": "1", "xocs:funding": {"xocs:funding-agency-matched-string": "Ratchadaphisek Endowment Fund Chulalongkorn"}, "xocs:funding-addon-generated-timestamp": "2021-02-01T23:29:59.152190Z", "xocs:funding-text": "This study was supported by a grant for International Integration: Chula Research Scholar, Ratchadaphisek Endowment Fund Chulalongkorn.", "xocs:funding-addon-type": "http://vtw.elsevier.com/data/voc/AddOnTypes/50.7/aggregated-refined"}}, "bibrecord": {"head": {"author-group": [{"affiliation": {"country": "Thailand", "@afid": "60028190", "@country": "tha", "city": "Bangkok", "organization": [{"$": "Pharmaceutical Technology (International) Program"}, {"$": "Faculty of Pharmaceutical Sciences"}, {"$": "Chulalongkorn University"}], "affiliation-id": {"@afid": "60028190"}}, "author": [{"ce:given-name": "Tatchakorn", "preferred-name": {"ce:given-name": "Tatchakorn", "ce:initials": "T.", "ce:surname": "Pinkhien", "ce:indexed-name": "Pinkhien T."}, "@seq": "1", "ce:initials": "T.", "@_fa": "true", "@type": "auth", "ce:surname": "Pinkhien", "@auid": "57192257466", "ce:indexed-name": "Pinkhien T."}]}, {"affiliation": {"country": "Thailand", "@afid": "60028190", "@country": "tha", "city": "Bangkok", "organization": [{"$": "Department of Pharmacology and Physiology"}, {"$": "Faculty of Pharmaceutical Sciences"}, {"$": "Cell-based Drug and Health Product Development Research Unit"}, {"$": "Chulalongkorn University"}], "affiliation-id": {"@afid": "60028190", "@dptid": "107494420"}, "@dptid": "107494420"}, "author": [{"ce:given-name": "Tatchakorn", "preferred-name": {"ce:given-name": "Tatchakorn", "ce:initials": "T.", "ce:surname": "Pinkhien", "ce:indexed-name": "Pinkhien T."}, "@seq": "1", "ce:initials": "T.", "@_fa": "true", "@type": "auth", "ce:surname": "Pinkhien", "@auid": "57192257466", "ce:indexed-name": "Pinkhien T."}, {"ce:given-name": "Nareerat", "preferred-name": {"ce:given-name": "Nareerat", "ce:initials": "N.", "ce:surname": "Petpiroon", "ce:indexed-name": "Petpiroon N."}, "@seq": "2", "ce:initials": "N.", "@_fa": "true", "@type": "auth", "ce:surname": "Petpiroon", "@auid": "56560089400", "ce:indexed-name": "Petpiroon N."}, {"ce:given-name": "Pithi", "preferred-name": {"ce:given-name": "Pithi", "ce:initials": "P.", "ce:surname": "Chanvorachote", "ce:indexed-name": "Chanvorachote P."}, "@seq": "4", "ce:initials": "P.", "@_fa": "true", "@type": "auth", "ce:surname": "Chanvorachote", "@auid": "10539978400", "ce:indexed-name": "Chanvorachote P."}]}, {"affiliation": {"country": "Thailand", "@afid": "60028190", "@country": "tha", "city": "Bangkok", "organization": [{"$": "Department of Pharmacognosy and Pharmaceutical Botany"}, {"$": "Faculty of Pharmaceutical Sciences"}, {"$": "Chulalongkorn University"}], "affiliation-id": {"@afid": "60028190", "@dptid": "104425772"}, "@dptid": "104425772"}, "author": [{"ce:given-name": "Boonchoo", "preferred-name": {"ce:given-name": "Boonchoo", "ce:initials": "B.", "ce:surname": "Sritularak", "ce:indexed-name": "Sritularak B."}, "@seq": "3", "ce:initials": "B.", "@_fa": "true", "@type": "auth", "ce:surname": "Sritularak", "@auid": "6506779225", "ce:indexed-name": "Sritularak B."}]}, {"affiliation": {"country": "Thailand", "@afid": "60028190", "@country": "tha", "city": "Bangkok", "organization": [{"$": "Department of Pharmacology and Physiology"}, {"$": "Faculty of Pharmaceutical Sciences"}, {"$": "Chulalongkorn University"}], "affiliation-id": {"@afid": "60028190", "@dptid": "107494420"}, "@dptid": "107494420"}, "author": [{"ce:given-name": "Pithi", "preferred-name": {"ce:given-name": "Pithi", "ce:initials": "P.", "ce:surname": "Chanvorachote", "ce:indexed-name": "Chanvorachote P."}, "@seq": "4", "ce:initials": "P.", "@_fa": "true", "@type": "auth", "ce:surname": "Chanvorachote", "@auid": "10539978400", "ce:indexed-name": "Chanvorachote P."}]}], "citation-title": "Batatasin III inhibits migration of human lung cancer cells by suppressing epithelial to mesenchymal transition and FAK-AKT signals", "abstracts": "Background/Aim: Lung cancer is the leading cause of cancer-related deaths worldwide. Compound Batatasin III isolated from Dendrobium draconis Rchb.f. was tested for the possible anti-cancer activities including anti-proliferative, antimigration and invasion in human non-small lung cancer H460 cells. Materials and Methods: The effect of Batatasin III on viability and proliferation of H460 cells was investigated by the 3-[4, 5-dimethylthiazol-2-yl]-2, 5diphenyl tetrazoliumbromide (MTT) assay. Migration and invasion assays were performed. Filopodia formation was determined by phalloidin-rhodamine staining. The hallmark signaling proteins in regulation of epithelial to mesenchymal transition (EMT), proliferation, and migration were determined by western blot analysis. Results: Batatasin III at concentrations lower than 100 \u03bcM has no cytotoxic effects. The compound at 25-100 \u03bcM exhibited antiproliferative activity at 48 h after treatment. Regarding cell motility, Batatasin III decreased migration and invasion of cells. Filopodia were found to be significantly reduced in Batatasin III treated cells. These effects correlated with the results from western blot analysis showing that the phosphorylation of focal adhesion kinase on Try397 (p-FAK (Try397)), the active protein kinase B (AKT), and cell division cycle 42 (CDC42) were significantly reduced. Besides, Batatasin III significantly suppressed EMT indicated by the decrease of N-cadherin and Vimentin, and up-regulation of E-cadherin. Conclusion: Batatasin III has anti-cancer activities; inhibits cancer migration and invasion by suppressing EMT. Our findings establish Batatasin III as a potential compound for further studies aimed at finding a better, more effective treatment approach for lung cancer.", "correspondence": {"affiliation": {"country": "Thailand", "@country": "tha", "city": "Bangkok", "organization": [{"$": "Department of Pharmacology and Physiology"}, {"$": "Faculty of Pharmaceutical Sciences"}, {"$": "Cell-based Drug and Health Product Development Research Unit"}, {"$": "Chulalongkorn University"}]}, "person": {"ce:given-name": "Nareerat", "ce:initials": "N.", "ce:surname": "Petpiroon", "ce:indexed-name": "Petpiroon N."}}, "citation-info": {"author-keywords": {"author-keyword": [{"$": "AKT", "@xml:lang": "eng"}, {"$": "Batatasin III", "@xml:lang": "eng"}, {"$": "Epithelial to mesenchymal transition", "@xml:lang": "eng"}, {"$": "FAK", "@xml:lang": "eng"}, {"$": "Invasion", "@xml:lang": "eng"}, {"$": "Lung cancer", "@xml:lang": "eng"}, {"$": "Migration", "@xml:lang": "eng"}]}, "citation-type": {"@code": "ar"}, "citation-language": {"@language": "English", "@xml:lang": "eng"}, "abstract-language": {"@language": "English", "@xml:lang": "eng"}}, "source": {"website": {"ce:e-address": {"$": "http://ar.iiarjournals.org/content/37/11/6281.full.pdf", "@type": "email"}}, "translated-sourcetitle": {"$": "Anticancer Research", "@xml:lang": "eng"}, "volisspag": {"voliss": {"@volume": "37", "@issue": "11"}, "pagerange": {"@first": "6281", "@last": "6289"}}, "@type": "j", "sourcetitle": "Anticancer Research", "publicationdate": {"month": "11", "year": "2017", "date-text": "November 2017", "day": "01"}, "codencode": "ANTRD", "sourcetitle-abbrev": "Anticancer Res.", "@country": "grc", "issn": [{"$": "17917530", "@type": "electronic"}, {"$": "02507005", "@type": "print"}], "publicationyear": {"@first": "2017"}, "publisher": {"affiliation": {"address-part": "1st km Kapandritiou - Kalamou Rd., P.O. Box 22", "postal-code": "GR-19014", "@country": "grc", "city": "Kapandriti, Attica"}, "publishername": "International Institute of Anticancer Research", "ce:e-address": {"$": "subscriptions@iiar-anticancer.org", "@type": "email"}}, "@srcid": "28728"}, "enhancement": {"classificationgroup": {"classifications": [{"@type": "CABSCLASS", "classification": [{"classification-code": "87.2.5", "classification-description": "CANCER RESEARCH; TUMOUR BIOLOGY; Invasion and Metastasis"}, {"classification-code": "87.2.7", "classification-description": "CANCER RESEARCH; TUMOUR BIOLOGY; Cell Lines and Culture Studies"}, {"classification-code": "87.4.1", "classification-description": "CANCER RESEARCH; TREATMENT; Chemotherapy"}, {"classification-code": "89.5.2.2", "classification-description": "CELL AND DEVELOPMENTAL BIOLOGY; CELL TYPES AND BIOLOGY; Tumour Cell Biology; Signal transduction mechanisms"}, {"classification-code": "89.5.2.6", "classification-description": "CELL AND DEVELOPMENTAL BIOLOGY; CELL TYPES AND BIOLOGY; Tumour Cell Biology; Invasion and metastasis"}, {"classification-code": "89.5.2.8", "classification-description": "CELL AND DEVELOPMENTAL BIOLOGY; CELL TYPES AND BIOLOGY; Tumour Cell Biology; Cell lines and culture studies"}]}, {"@type": "EMCLASS", "classification": [{"classification-code": "15", "classification-description": "Chest Diseases, Thoracic Surgery and Tuberculosis"}, {"classification-code": "16", "classification-description": "Cancer"}, {"classification-code": "29", "classification-description": "Clinical and Experimental Biochemistry"}, {"classification-code": "30", "classification-description": "Clinical and Experimental Pharmacology"}, {"classification-code": "37", "classification-description": "Drug Literature Index"}]}, {"@type": "ASJC", "classification": [{"$": "2730"}, {"$": "1306"}]}, {"@type": "SUBJABBR", "classification": [{"$": "MEDI"}, {"$": "BIOC"}]}]}, "chemicalgroup": {"chemicals": [{"@source": "esbd", "chemical": [{"cas-registry-number": "78769-62-7", "chemical-name": "alpha tubulin"}, {"cas-registry-number": "17466-45-4", "chemical-name": "phalloidin"}, {"cas-registry-number": "148640-14-6", "chemical-name": "protein kinase B"}, {"cas-registry-number": [{"$": "16870-43-2"}, {"$": "55520-40-6"}, {"$": "60-18-4"}], "chemical-name": "tyrosine"}, {"cas-registry-number": "112956-45-3", "chemical-name": "uvomorulin"}]}, {"@source": "nlm", "chemical": [{"chemical-name": "Antineoplastic Agents"}, {"chemical-name": "batatasin-III"}, {"chemical-name": "Focal Adhesion Kinase 1"}, {"chemical-name": "Proto-Oncogene Proteins c-akt"}, {"chemical-name": "PTK2 protein, human"}, {"chemical-name": "Stilbenes"}]}]}}}, "item-info": {"copyright": {"$": "Copyright 2017 Elsevier B.V., All rights reserved.", "@type": "Elsevier"}, "dbcollection": [{"$": "CABS"}, {"$": "EMBASE"}, {"$": "MEDL"}, {"$": "REAXYSCAR"}, {"$": "SCOPUS"}, {"$": "Scopusbase"}], "history": {"date-created": {"@day": "10", "@timestamp": "BST 15:52:35", "@year": "2017", "@month": "11"}}, "itemidlist": {"itemid": [{"$": "619052662", "@idtype": "PUI"}, {"$": "2017338788", "@idtype": "CABS"}, {"$": "775527699", "@idtype": "CAR-ID"}, {"$": "20170767562", "@idtype": "EMBASE"}, {"$": "29061811", "@idtype": "MEDL"}, {"$": "20171920774", "@idtype": "REAXYSCAR"}, {"$": "20170841763", "@idtype": "SCOPUS"}, {"$": "85032145922", "@idtype": "SCP"}, {"$": "85032145922", "@idtype": "SGR"}, {"$": "618966627", "@idtype": "PUIsecondary"}], "ce:doi": "10.21873/anticanres.12079"}}, "tail": {"bibliography": {"@refcount": "18", "reference": [{"ref-fulltext": "Zhang W, Lei P, Dong X and Xu C: The new concepts on overcoming drug resistance in lung cancer. Drug Des Devel Ther 8: 735-744, 2014.", "@id": "1", "ref-info": {"ref-publicationyear": {"@first": "2014"}, "ref-title": {"ref-titletext": "The new concepts on overcoming drug resistance in lung cancer"}, "refd-itemidlist": {"itemid": {"$": "84902143433", "@idtype": "SGR"}}, "ref-volisspag": {"voliss": {"@volume": "8"}, "pagerange": {"@first": "735", "@last": "744"}}, "ref-authors": {"author": [{"@seq": "1", "ce:initials": "W.", "@_fa": "true", "ce:surname": "Zhang", "ce:indexed-name": "Zhang W."}, {"@seq": "2", "ce:initials": "P.", "@_fa": "true", "ce:surname": "Lei", "ce:indexed-name": "Lei P."}, {"@seq": "3", "ce:initials": "X.", "@_fa": "true", "ce:surname": "Dong", "ce:indexed-name": "Dong X."}, {"@seq": "4", "ce:initials": "C.", "@_fa": "true", "ce:surname": "Xu", "ce:indexed-name": "Xu C."}]}, "ref-sourcetitle": "Drug des Devel Ther"}}, {"ref-fulltext": "Ma X and Yu H: Global Burden of Cancer. Yale J Biol Med 79: 85-94, 2006.", "@id": "2", "ref-info": {"ref-publicationyear": {"@first": "2006"}, "ref-title": {"ref-titletext": "Global Burden of Cancer"}, "refd-itemidlist": {"itemid": {"$": "38549137015", "@idtype": "SGR"}}, "ref-volisspag": {"voliss": {"@volume": "79"}, "pagerange": {"@first": "85", "@last": "94"}}, "ref-authors": {"author": [{"@seq": "1", "ce:initials": "X.", "@_fa": "true", "ce:surname": "Ma", "ce:indexed-name": "Ma X."}, {"@seq": "2", "ce:initials": "H.", "@_fa": "true", "ce:surname": "Yu", "ce:indexed-name": "Yu H."}]}, "ref-sourcetitle": "Yale J Biol Med"}}, {"ref-fulltext": "Geho DH, Bandle RW, Clair T and Liotta LA: Physiological mechanisms of tumor-cell invasion and migration. Physiology (Bethesda, Md) 20: 194-200, 2005.", "@id": "3", "ref-info": {"ref-publicationyear": {"@first": "2005"}, "ref-title": {"ref-titletext": "Physiological mechanisms of tumor-cell invasion and migration"}, "refd-itemidlist": {"itemid": {"$": "20444371524", "@idtype": "SGR"}}, "ref-volisspag": {"voliss": {"@volume": "20"}, "pagerange": {"@first": "194", "@last": "200"}}, "ref-authors": {"author": [{"@seq": "1", "ce:initials": "D.H.", "@_fa": "true", "ce:surname": "Geho", "ce:indexed-name": "Geho D.H."}, {"@seq": "2", "ce:initials": "R.W.", "@_fa": "true", "ce:surname": "Bandle", "ce:indexed-name": "Bandle R.W."}, {"@seq": "3", "ce:initials": "T.", "@_fa": "true", "ce:surname": "Clair", "ce:indexed-name": "Clair T."}, {"@seq": "4", "ce:initials": "L.A.", "@_fa": "true", "ce:surname": "Liotta", "ce:indexed-name": "Liotta L.A."}]}, "ref-sourcetitle": "Physiology (Bethesda, Md)"}}, {"ref-fulltext": "Mina LA and Sledge GW Jr.: Rethinking the metastatic cascade as a therapeutic target. Nat Rev Clin Oncol 8: 325-332, 2011.", "@id": "4", "ref-info": {"ref-publicationyear": {"@first": "2011"}, "ref-title": {"ref-titletext": "Rethinking the metastatic cascade as a therapeutic target"}, "refd-itemidlist": {"itemid": {"$": "85027930332", "@idtype": "SGR"}}, "ref-volisspag": {"voliss": {"@volume": "8"}, "pagerange": {"@first": "325", "@last": "332"}}, "ref-authors": {"author": [{"@seq": "1", "ce:initials": "L.A.", "@_fa": "true", "ce:surname": "Mina", "ce:indexed-name": "Mina L.A."}, {"@seq": "2", "ce:initials": "G.W.", "@_fa": "true", "ce:surname": "Sledge", "ce:suffix": "Jr.", "ce:indexed-name": "Sledge G.W."}]}, "ref-sourcetitle": "Nat Rev Clin Oncol"}}, {"ref-fulltext": "Sritularak B, Anuwat M and Likhitwitayawuid K: A new phenanthrenequinone from Dendrobium draconis. J Asian Nat Prod Res 13: 251-255, 2011.", "@id": "5", "ref-info": {"ref-publicationyear": {"@first": "2011"}, "ref-title": {"ref-titletext": "A new phenanthrenequinone from Dendrobium draconis"}, "refd-itemidlist": {"itemid": {"$": "79952776028", "@idtype": "SGR"}}, "ref-volisspag": {"voliss": {"@volume": "13"}, "pagerange": {"@first": "251", "@last": "255"}}, "ref-authors": {"author": [{"@seq": "1", "ce:initials": "B.", "@_fa": "true", "ce:surname": "Sritularak", "ce:indexed-name": "Sritularak B."}, {"@seq": "2", "ce:initials": "M.", "@_fa": "true", "ce:surname": "Anuwat", "ce:indexed-name": "Anuwat M."}, {"@seq": "3", "ce:initials": "K.", "@_fa": "true", "ce:surname": "Likhitwitayawuid", "ce:indexed-name": "Likhitwitayawuid K."}]}, "ref-sourcetitle": "J Asian Nat Prod Res"}}, {"ref-fulltext": "Woo KW, Park JE, Choi SU, Kim KH and Lee KR: Phytochemical Constituents of Bletilla striata and Their Cytotoxic Activity. Nat Prod Sci 20: 91-94, 2014.", "@id": "6", "ref-info": {"ref-publicationyear": {"@first": "2014"}, "ref-title": {"ref-titletext": "Phytochemical Constituents of Bletilla striata and Their Cytotoxic Activity"}, "refd-itemidlist": {"itemid": {"$": "84908501347", "@idtype": "SGR"}}, "ref-volisspag": {"voliss": {"@volume": "20"}, "pagerange": {"@first": "91", "@last": "94"}}, "ref-authors": {"author": [{"@seq": "1", "ce:initials": "K.W.", "@_fa": "true", "ce:surname": "Woo", "ce:indexed-name": "Woo K.W."}, {"@seq": "2", "ce:initials": "J.E.", "@_fa": "true", "ce:surname": "Park", "ce:indexed-name": "Park J.E."}, {"@seq": "3", "ce:initials": "S.U.", "@_fa": "true", "ce:surname": "Choi", "ce:indexed-name": "Choi S.U."}, {"@seq": "4", "ce:initials": "K.H.", "@_fa": "true", "ce:surname": "Kim", "ce:indexed-name": "Kim K.H."}, {"@seq": "5", "ce:initials": "K.R.", "@_fa": "true", "ce:surname": "Lee", "ce:indexed-name": "Lee K.R."}]}, "ref-sourcetitle": "Nat Prod Sci"}}, {"ref-fulltext": "Bhummaphan N and Chanvorachote P: Gigantol Suppresses Cancer Stem Cell-Like Phenotypes in Lung Cancer Cells. Evid Based Complement Alternat Med 2015: 10, 2015.", "@id": "7", "ref-info": {"ref-publicationyear": {"@first": "2015"}, "ref-title": {"ref-titletext": "Gigantol suppresses cancer stem cell-like phenotypes in lung cancer cells"}, "refd-itemidlist": {"itemid": {"$": "84939493243", "@idtype": "SGR"}}, "ref-volisspag": {"voliss": {"@volume": "10"}, "pagerange": {"@first": "2015"}}, "ref-authors": {"author": [{"@seq": "1", "ce:initials": "N.", "@_fa": "true", "ce:surname": "Bhummaphan", "ce:indexed-name": "Bhummaphan N."}, {"@seq": "2", "ce:initials": "P.", "@_fa": "true", "ce:surname": "Chanvorachote", "ce:indexed-name": "Chanvorachote P."}]}, "ref-sourcetitle": "Evid Based Complement Alternat Med"}}, {"ref-fulltext": "Unahabhokha T, Chanvorachote P, Sritularak B, Kitsongsermthon J and Pongrakhananon V: Gigantol Inhibits Epithelial to Mesenchymal Process in Human Lung Cancer Cells. Evid Based Complement Alternat Med 2016: 10, 2016.", "@id": "8", "ref-info": {"ref-publicationyear": {"@first": "2016"}, "ref-title": {"ref-titletext": "Gigantol inhibits epithelial to mesenchymal process in human lung cancer cells"}, "refd-itemidlist": {"itemid": {"$": "84987912345", "@idtype": "SGR"}}, "ref-volisspag": {"voliss": {"@volume": "2016"}, "pagerange": {"@first": "10"}}, "ref-authors": {"author": [{"@seq": "1", "ce:initials": "T.", "@_fa": "true", "ce:surname": "Unahabhokha", "ce:indexed-name": "Unahabhokha T."}, {"@seq": "2", "ce:initials": "P.", "@_fa": "true", "ce:surname": "Chanvorachote", "ce:indexed-name": "Chanvorachote P."}, {"@seq": "3", "ce:initials": "B.", "@_fa": "true", "ce:surname": "Sritularak", "ce:indexed-name": "Sritularak B."}, {"@seq": "4", "ce:initials": "J.", "@_fa": "true", "ce:surname": "Kitsongsermthon", "ce:indexed-name": "Kitsongsermthon J."}, {"@seq": "5", "ce:initials": "V.", "@_fa": "true", "ce:surname": "Pongrakhananon", "ce:indexed-name": "Pongrakhananon V."}]}, "ref-sourcetitle": "Evid Based Complement Alternat Med"}}, {"ref-fulltext": "Charoenrungruang S, Chanvorachote P, Sritularak B and Pongrakhananon V: Gigantol, a Bibenzyl from Dendrobium draconis, Inhibits the Migratory Behavior of Non-Small Cell Lung Cancer Cells. J Nat Prod 77: 1359-1366, 2014.", "@id": "9", "ref-info": {"ref-publicationyear": {"@first": "2014"}, "ref-title": {"ref-titletext": "Gigantol, a Bibenzyl from Dendrobium draconis, Inhibits the Migratory Behavior of Non-Small Cell Lung Cancer Cells"}, "refd-itemidlist": {"itemid": {"$": "84903592060", "@idtype": "SGR"}}, "ref-volisspag": {"voliss": {"@volume": "77"}, "pagerange": {"@first": "1359", "@last": "1366"}}, "ref-authors": {"author": [{"@seq": "1", "ce:initials": "S.", "@_fa": "true", "ce:surname": "Charoenrungruang", "ce:indexed-name": "Charoenrungruang S."}, {"@seq": "2", "ce:initials": "P.", "@_fa": "true", "ce:surname": "Chanvorachote", "ce:indexed-name": "Chanvorachote P."}, {"@seq": "3", "ce:initials": "B.", "@_fa": "true", "ce:surname": "Sritularak", "ce:indexed-name": "Sritularak B."}, {"@seq": "4", "ce:initials": "V.", "@_fa": "true", "ce:surname": "Pongrakhananon", "ce:indexed-name": "Pongrakhananon V."}]}, "ref-sourcetitle": "J Nat Prod"}}, {"ref-fulltext": "Meng XN, Jin Y, Yu Y, Bai J, Liu GY, Zhu J, Zhao YZ, Wang Z, Chen F, Lee KY and Fu SB: Characterisation of fibronectinmediated FAK signalling pathways in lung cancer cell migration and invasion. Br J Cancer 101: 327-334, 2009.", "@id": "10", "ref-info": {"ref-publicationyear": {"@first": "2009"}, "ref-title": {"ref-titletext": "Characterisation of fibronectinmediated FAK signalling pathways in lung cancer cell migration and invasion"}, "refd-itemidlist": {"itemid": {"$": "67650588774", "@idtype": "SGR"}}, "ref-volisspag": {"voliss": {"@volume": "101"}, "pagerange": {"@first": "327", "@last": "334"}}, "ref-authors": {"author": [{"@seq": "1", "ce:initials": "X.N.", "@_fa": "true", "ce:surname": "Meng", "ce:indexed-name": "Meng X.N."}, {"@seq": "2", "ce:initials": "Y.", "@_fa": "true", "ce:surname": "Jin", "ce:indexed-name": "Jin Y."}, {"@seq": "3", "ce:initials": "Y.", "@_fa": "true", "ce:surname": "Yu", "ce:indexed-name": "Yu Y."}, {"@seq": "4", "ce:initials": "J.", "@_fa": "true", "ce:surname": "Bai", "ce:indexed-name": "Bai J."}, {"@seq": "5", "ce:initials": "G.Y.", "@_fa": "true", "ce:surname": "Liu", "ce:indexed-name": "Liu G.Y."}, {"@seq": "6", "ce:initials": "J.", "@_fa": "true", "ce:surname": "Zhu", "ce:indexed-name": "Zhu J."}, {"@seq": "7", "ce:initials": "Y.Z.", "@_fa": "true", "ce:surname": "Zhao", "ce:indexed-name": "Zhao Y.Z."}, {"@seq": "8", "ce:initials": "Z.", "@_fa": "true", "ce:surname": "Wang", "ce:indexed-name": "Wang Z."}, {"@seq": "9", "ce:initials": "F.", "@_fa": "true", "ce:surname": "Chen", "ce:indexed-name": "Chen F."}, {"@seq": "10", "ce:initials": "K.Y.", "@_fa": "true", "ce:surname": "Lee", "ce:indexed-name": "Lee K.Y."}, {"@seq": "11", "ce:initials": "S.B.", "@_fa": "true", "ce:surname": "Fu", "ce:indexed-name": "Fu S.B."}]}, "ref-sourcetitle": "Br J Cancer"}}, {"ref-fulltext": "Liao Y and Hung M-C: Physiological regulation of Akt activity and stability. Am J Transl Res 2: 19-42, 2010.", "@id": "11", "ref-info": {"ref-publicationyear": {"@first": "2010"}, "ref-title": {"ref-titletext": "Physiological regulation of Akt activity and stability"}, "refd-itemidlist": {"itemid": {"$": "77953408308", "@idtype": "SGR"}}, "ref-volisspag": {"voliss": {"@volume": "2"}, "pagerange": {"@first": "19", "@last": "42"}}, "ref-authors": {"author": [{"@seq": "1", "ce:initials": "Y.", "@_fa": "true", "ce:surname": "Liao", "ce:indexed-name": "Liao Y."}, {"@seq": "2", "ce:initials": "M.-C.", "@_fa": "true", "ce:surname": "Hung", "ce:indexed-name": "Hung M.-C."}]}, "ref-sourcetitle": "Am J Transl Res"}}, {"ref-fulltext": "Pai HC, Chang LH, Peng CY, Chang YL, Chen CC, Shen CC, Teng CM and Pan SL: Moscatilin inhibits migration and metastasis of human breast cancer MDA-MB-231 cells through inhibition of Akt and Twist signaling pathway. J Mol Med (Berl) 91: 347-356, 2013.", "@id": "12", "ref-info": {"ref-publicationyear": {"@first": "2013"}, "ref-title": {"ref-titletext": "Moscatilin inhibits migration and metastasis of human breast cancer MDA-MB-231 cells through inhibition of Akt and Twist signaling pathway"}, "refd-itemidlist": {"itemid": {"$": "84875719759", "@idtype": "SGR"}}, "ref-volisspag": {"voliss": {"@volume": "91"}, "pagerange": {"@first": "347", "@last": "356"}}, "ref-authors": {"author": [{"@seq": "1", "ce:initials": "H.C.", "@_fa": "true", "ce:surname": "Pai", "ce:indexed-name": "Pai H.C."}, {"@seq": "2", "ce:initials": "L.H.", "@_fa": "true", "ce:surname": "Chang", "ce:indexed-name": "Chang L.H."}, {"@seq": "3", "ce:initials": "C.Y.", "@_fa": "true", "ce:surname": "Peng", "ce:indexed-name": "Peng C.Y."}, {"@seq": "4", "ce:initials": "Y.L.", "@_fa": "true", "ce:surname": "Chang", "ce:indexed-name": "Chang Y.L."}, {"@seq": "5", "ce:initials": "C.C.", "@_fa": "true", "ce:surname": "Chen", "ce:indexed-name": "Chen C.C."}, {"@seq": "6", "ce:initials": "C.C.", "@_fa": "true", "ce:surname": "Shen", "ce:indexed-name": "Shen C.C."}, {"@seq": "7", "ce:initials": "C.M.", "@_fa": "true", "ce:surname": "Teng", "ce:indexed-name": "Teng C.M."}, {"@seq": "8", "ce:initials": "S.L.", "@_fa": "true", "ce:surname": "Pan", "ce:indexed-name": "Pan S.L."}]}, "ref-sourcetitle": "J Mol Med (Berl)"}}, {"ref-fulltext": "Klongkumnuankarn P, Busaranon K, Chanvorachote P, Sritularak B, Jongbunprasert V and Likhitwitayawuid K: Cytotoxic and Antimigratory Activities of Phenolic Compounds from Dendrobium brymerianum. Evid Based Complement Alternat Med: eCAM 2015: 350410, 2015.", "@id": "13", "ref-info": {"ref-publicationyear": {"@first": "2015"}, "ref-title": {"ref-titletext": "Cytotoxic and Antimigratory Activities of Phenolic Compounds from Dendrobium brymerianum"}, "refd-itemidlist": {"itemid": {"$": "84947650161", "@idtype": "SGR"}}, "ref-volisspag": {"voliss": {"@volume": "2015"}, "pagerange": {"@first": "350410"}}, "ref-authors": {"author": [{"@seq": "1", "ce:initials": "P.", "@_fa": "true", "ce:surname": "Klongkumnuankarn", "ce:indexed-name": "Klongkumnuankarn P."}, {"@seq": "2", "ce:initials": "K.", "@_fa": "true", "ce:surname": "Busaranon", "ce:indexed-name": "Busaranon K."}, {"@seq": "3", "ce:initials": "P.", "@_fa": "true", "ce:surname": "Chanvorachote", "ce:indexed-name": "Chanvorachote P."}, {"@seq": "4", "ce:initials": "B.", "@_fa": "true", "ce:surname": "Sritularak", "ce:indexed-name": "Sritularak B."}, {"@seq": "5", "ce:initials": "V.", "@_fa": "true", "ce:surname": "Jongbunprasert", "ce:indexed-name": "Jongbunprasert V."}, {"@seq": "6", "ce:initials": "K.", "@_fa": "true", "ce:surname": "Likhitwitayawuid", "ce:indexed-name": "Likhitwitayawuid K."}]}, "ref-sourcetitle": "Evid Based Complement Alternat Med: ECAM"}}, {"ref-fulltext": "Nitulescu GM, Margina D, Juzenas P, Peng Q, Olaru OT, Saloustros E, Fenga C, Spandidos D, Libra M and Tsatsakis AM: Akt inhibitors in cancer treatment: The long journey from drug discovery to clinical use (Review). Int J Oncol 48: 869-885, 2016.", "@id": "14", "ref-info": {"ref-publicationyear": {"@first": "2016"}, "ref-title": {"ref-titletext": "Akt inhibitors in cancer treatment: The long journey from drug discovery to clinical use (Review)"}, "refd-itemidlist": {"itemid": {"$": "84959017186", "@idtype": "SGR"}}, "ref-volisspag": {"voliss": {"@volume": "48"}, "pagerange": {"@first": "869", "@last": "885"}}, "ref-authors": {"author": [{"@seq": "1", "ce:initials": "G.M.", "@_fa": "true", "ce:surname": "Nitulescu", "ce:indexed-name": "Nitulescu G.M."}, {"@seq": "2", "ce:initials": "D.", "@_fa": "true", "ce:surname": "Margina", "ce:indexed-name": "Margina D."}, {"@seq": "3", "ce:initials": "P.", "@_fa": "true", "ce:surname": "Juzenas", "ce:indexed-name": "Juzenas P."}, {"@seq": "4", "ce:initials": "Q.", "@_fa": "true", "ce:surname": "Peng", "ce:indexed-name": "Peng Q."}, {"@seq": "5", "ce:initials": "O.T.", "@_fa": "true", "ce:surname": "Olaru", "ce:indexed-name": "Olaru O.T."}, {"@seq": "6", "ce:initials": "E.", "@_fa": "true", "ce:surname": "Saloustros", "ce:indexed-name": "Saloustros E."}, {"@seq": "7", "ce:initials": "C.", "@_fa": "true", "ce:surname": "Fenga", "ce:indexed-name": "Fenga C."}, {"@seq": "8", "ce:initials": "D.", "@_fa": "true", "ce:surname": "Spandidos", "ce:indexed-name": "Spandidos D."}, {"@seq": "9", "ce:initials": "M.", "@_fa": "true", "ce:surname": "Libra", "ce:indexed-name": "Libra M."}, {"@seq": "10", "ce:initials": "A.M.", "@_fa": "true", "ce:surname": "Tsatsakis", "ce:indexed-name": "Tsatsakis A.M."}]}, "ref-sourcetitle": "Int J Oncol"}}, {"ref-fulltext": "Myers JP, Robles E, Ducharme-Smith A and Gomez TM: Focal adhesion kinase modulates Cdc42 activity downstream of positive and negative axon guidance cues. J Cell Sci 125: 2918-2929, 2012.", "@id": "15", "ref-info": {"ref-publicationyear": {"@first": "2012"}, "ref-title": {"ref-titletext": "Focal adhesion kinase modulates Cdc42 activity downstream of positive and negative axon guidance cues"}, "refd-itemidlist": {"itemid": {"$": "84869128239", "@idtype": "SGR"}}, "ref-volisspag": {"voliss": {"@volume": "125"}, "pagerange": {"@first": "2918", "@last": "2929"}}, "ref-authors": {"author": [{"@seq": "1", "ce:initials": "J.P.", "@_fa": "true", "ce:surname": "Myers", "ce:indexed-name": "Myers J.P."}, {"@seq": "2", "ce:initials": "E.", "@_fa": "true", "ce:surname": "Robles", "ce:indexed-name": "Robles E."}, {"@seq": "3", "ce:initials": "A.", "@_fa": "true", "ce:surname": "Ducharme-Smith", "ce:indexed-name": "Ducharme-Smith A."}, {"@seq": "4", "ce:initials": "T.M.", "@_fa": "true", "ce:surname": "Gomez", "ce:indexed-name": "Gomez T.M."}]}, "ref-sourcetitle": "J Cell Sci"}}, {"ref-fulltext": "Raftopoulou M and Hall A: Cell migration: Rho GTPases lead the way. Dev Biol 265: 23-32, 2004.", "@id": "16", "ref-info": {"ref-publicationyear": {"@first": "2004"}, "ref-title": {"ref-titletext": "Cell migration: Rho GTPases lead the way"}, "refd-itemidlist": {"itemid": {"$": "0345731237", "@idtype": "SGR"}}, "ref-volisspag": {"voliss": {"@volume": "265"}, "pagerange": {"@first": "23", "@last": "32"}}, "ref-authors": {"author": [{"@seq": "1", "ce:initials": "M.", "@_fa": "true", "ce:surname": "Raftopoulou", "ce:indexed-name": "Raftopoulou M."}, {"@seq": "2", "ce:initials": "A.", "@_fa": "true", "ce:surname": "Hall", "ce:indexed-name": "Hall A."}]}, "ref-sourcetitle": "Dev Biol"}}, {"ref-fulltext": "Zamudio-Meza H, Castillo-Alvarez A, Gonzalez-Bonilla C and Meza I: Cross-talk between Rac1 and Cdc42 GTPases regulates formation of filopodia required for dengue virus type-2 entry into HMEC-1 cells. J Gen Virol 90: 2902-2911, 2009.", "@id": "17", "ref-info": {"ref-publicationyear": {"@first": "2009"}, "ref-title": {"ref-titletext": "Cross-talk between Rac1 and Cdc42 GTPases regulates formation of filopodia required for dengue virus type-2 entry into HMEC-1 cells"}, "refd-itemidlist": {"itemid": {"$": "70849088745", "@idtype": "SGR"}}, "ref-volisspag": {"voliss": {"@volume": "90"}, "pagerange": {"@first": "2902", "@last": "2911"}}, "ref-authors": {"author": [{"@seq": "1", "ce:initials": "H.", "@_fa": "true", "ce:surname": "Zamudio-Meza", "ce:indexed-name": "Zamudio-Meza H."}, {"@seq": "2", "ce:initials": "A.", "@_fa": "true", "ce:surname": "Castillo-Alvarez", "ce:indexed-name": "Castillo-Alvarez A."}, {"@seq": "3", "ce:initials": "C.", "@_fa": "true", "ce:surname": "Gonzalez-Bonilla", "ce:indexed-name": "Gonzalez-Bonilla C."}, {"@seq": "4", "ce:initials": "I.", "@_fa": "true", "ce:surname": "Meza", "ce:indexed-name": "Meza I."}]}, "ref-sourcetitle": "J Gen Virol"}}, {"ref-fulltext": "Chen Y, Xu J, Yu H, Qing C, Zhang Y, Wang L, Liu Y and Wang J: Cytotoxic phenolics from Bulbophyllum odoratissimum. Food Chem 107: 169-173, 2008.", "@id": "18", "ref-info": {"ref-publicationyear": {"@first": "2008"}, "ref-title": {"ref-titletext": "Cytotoxic phenolics from Bulbophyllum odoratissimum"}, "refd-itemidlist": {"itemid": {"$": "35448991998", "@idtype": "SGR"}}, "ref-volisspag": {"voliss": {"@volume": "107"}, "pagerange": {"@first": "169", "@last": "173"}}, "ref-authors": {"author": [{"@seq": "1", "ce:initials": "Y.", "@_fa": "true", "ce:surname": "Chen", "ce:indexed-name": "Chen Y."}, {"@seq": "2", "ce:initials": "J.", "@_fa": "true", "ce:surname": "Xu", "ce:indexed-name": "Xu J."}, {"@seq": "3", "ce:initials": "H.", "@_fa": "true", "ce:surname": "Yu", "ce:indexed-name": "Yu H."}, {"@seq": "4", "ce:initials": "C.", "@_fa": "true", "ce:surname": "Qing", "ce:indexed-name": "Qing C."}, {"@seq": "5", "ce:initials": "Y.", "@_fa": "true", "ce:surname": "Zhang", "ce:indexed-name": "Zhang Y."}, {"@seq": "6", "ce:initials": "L.", "@_fa": "true", "ce:surname": "Wang", "ce:indexed-name": "Wang L."}, {"@seq": "7", "ce:initials": "Y.", "@_fa": "true", "ce:surname": "Liu", "ce:indexed-name": "Liu Y."}, {"@seq": "8", "ce:initials": "J.", "@_fa": "true", "ce:surname": "Wang", "ce:indexed-name": "Wang J."}]}, "ref-sourcetitle": "Food Chem"}}]}}}}, "affiliation": {"affiliation-city": "Bangkok", "@id": "60028190", "affilname": "Chulalongkorn University", "@href": "https://api.elsevier.com/content/affiliation/affiliation_id/60028190", "affiliation-country": "Thailand"}, "coredata": {"srctype": "j", "eid": "2-s2.0-85032145922", "dc:description": "Background/Aim: Lung cancer is the leading cause of cancer-related deaths worldwide. Compound Batatasin III isolated from Dendrobium draconis Rchb.f. was tested for the possible anti-cancer activities including anti-proliferative, antimigration and invasion in human non-small lung cancer H460 cells. Materials and Methods: The effect of Batatasin III on viability and proliferation of H460 cells was investigated by the 3-[4, 5-dimethylthiazol-2-yl]-2, 5diphenyl tetrazoliumbromide (MTT) assay. Migration and invasion assays were performed. Filopodia formation was determined by phalloidin-rhodamine staining. The hallmark signaling proteins in regulation of epithelial to mesenchymal transition (EMT), proliferation, and migration were determined by western blot analysis. Results: Batatasin III at concentrations lower than 100 \u03bcM has no cytotoxic effects. The compound at 25-100 \u03bcM exhibited antiproliferative activity at 48 h after treatment. Regarding cell motility, Batatasin III decreased migration and invasion of cells. Filopodia were found to be significantly reduced in Batatasin III treated cells. These effects correlated with the results from western blot analysis showing that the phosphorylation of focal adhesion kinase on Try397 (p-FAK (Try397)), the active protein kinase B (AKT), and cell division cycle 42 (CDC42) were significantly reduced. Besides, Batatasin III significantly suppressed EMT indicated by the decrease of N-cadherin and Vimentin, and up-regulation of E-cadherin. Conclusion: Batatasin III has anti-cancer activities; inhibits cancer migration and invasion by suppressing EMT. Our findings establish Batatasin III as a potential compound for further studies aimed at finding a better, more effective treatment approach for lung cancer.", "pubmed-id": "29061811", "prism:coverDate": "2017-11-01", "prism:aggregationType": "Journal", "prism:url": "https://api.elsevier.com/content/abstract/scopus_id/85032145922", "dc:creator": {"author": [{"ce:given-name": "Tatchakorn", "preferred-name": {"ce:given-name": "Tatchakorn", "ce:initials": "T.", "ce:surname": "Pinkhien", "ce:indexed-name": "Pinkhien T."}, "@seq": "1", "ce:initials": "T.", "@_fa": "true", "affiliation": [{"@id": "60028190", "@href": "https://api.elsevier.com/content/affiliation/affiliation_id/60028190"}, {"@id": "60028190", "@href": "https://api.elsevier.com/content/affiliation/affiliation_id/60028190"}], "ce:surname": "Pinkhien", "@auid": "57192257466", "author-url": "https://api.elsevier.com/content/author/author_id/57192257466", "ce:indexed-name": "Pinkhien T."}]}, "link": [{"@_fa": "true", "@rel": "self", "@href": "https://api.elsevier.com/content/abstract/scopus_id/85032145922"}, {"@_fa": "true", "@rel": "scopus", "@href": "https://www.scopus.com/inward/record.uri?partnerID=HzOxMe3b&scp=85032145922&origin=inward"}, {"@_fa": "true", "@rel": "scopus-citedby", "@href": "https://www.scopus.com/inward/citedby.uri?partnerID=HzOxMe3b&scp=85032145922&origin=inward"}], "source-id": "28728", "citedby-count": "24", "prism:volume": "37", "subtype": "ar", "dc:title": "Batatasin III inhibits migration of human lung cancer cells by suppressing epithelial to mesenchymal transition and FAK-AKT signals", "openaccess": "1", "prism:issn": "17917530 02507005", "prism:issueIdentifier": "11", "subtypeDescription": "Article", "prism:publicationName": "Anticancer Research", "prism:pageRange": "6281-6289", "prism:endingPage": "6289", "openaccessFlag": "true", "prism:doi": "10.21873/anticanres.12079", "prism:startingPage": "6281", "dc:identifier": "SCOPUS_ID:85032145922", "dc:publisher": "International Institute of Anticancer Research1st km Kapandritiou - Kalamou Rd., P.O. Box 22Kapandriti, AtticaGR-19014subscriptions@iiar-anticancer.org"}, "idxterms": {"mainterm": [{"$": "Antineoplastic Agents", "@weight": "b", "@candidate": "n"}, {"$": "Cell Line, Tumor", "@weight": "b", "@candidate": "n"}, {"$": "Cell Movement", "@weight": "b", "@candidate": "n"}, {"$": "Cell Proliferation", "@weight": "b", "@candidate": "n"}, {"$": "Cell Survival", "@weight": "b", "@candidate": "n"}, {"$": "Down-Regulation", "@weight": "b", "@candidate": "n"}, {"$": "Epithelial-Mesenchymal Transition", "@weight": "b", "@candidate": "n"}, {"$": "Focal Adhesion Kinase 1", "@weight": "b", "@candidate": "n"}, {"$": "Gene Expression Regulation, Neoplastic", "@weight": "b", "@candidate": "n"}, {"$": "Humans", "@weight": "b", "@candidate": "n"}, {"$": "Lung Neoplasms", "@weight": "b", "@candidate": "n"}, {"$": "Proto-Oncogene Proteins c-akt", "@weight": "b", "@candidate": "n"}, {"$": "Signal Transduction", "@weight": "b", "@candidate": "n"}, {"$": "Stilbenes", "@weight": "b", "@candidate": "n"}]}, "language": {"@xml:lang": "eng"}, "authkeywords": {"author-keyword": [{"@_fa": "true", "$": "AKT"}, {"@_fa": "true", "$": "Batatasin III"}, {"@_fa": "true", "$": "Epithelial to mesenchymal transition"}, {"@_fa": "true", "$": "FAK"}, {"@_fa": "true", "$": "Invasion"}, {"@_fa": "true", "$": "Lung cancer"}, {"@_fa": "true", "$": "Migration"}]}, "subject-areas": {"subject-area": [{"@_fa": "true", "$": "Oncology", "@code": "2730", "@abbrev": "MEDI"}, {"@_fa": "true", "$": "Cancer Research", "@code": "1306", "@abbrev": "BIOC"}]}, "authors": {"author": [{"ce:given-name": "Tatchakorn", "preferred-name": {"ce:given-name": "Tatchakorn", "ce:initials": "T.", "ce:surname": "Pinkhien", "ce:indexed-name": "Pinkhien T."}, "@seq": "1", "ce:initials": "T.", "@_fa": "true", "affiliation": [{"@id": "60028190", "@href": "https://api.elsevier.com/content/affiliation/affiliation_id/60028190"}, {"@id": "60028190", "@href": "https://api.elsevier.com/content/affiliation/affiliation_id/60028190"}], "ce:surname": "Pinkhien", "@auid": "57192257466", "author-url": "https://api.elsevier.com/content/author/author_id/57192257466", "ce:indexed-name": "Pinkhien T."}, {"ce:given-name": "Nareerat", "preferred-name": {"ce:given-name": "Nareerat", "ce:initials": "N.", "ce:surname": "Petpiroon", "ce:indexed-name": "Petpiroon N."}, "@seq": "2", "ce:initials": "N.", "@_fa": "true", "affiliation": {"@id": "60028190", "@href": "https://api.elsevier.com/content/affiliation/affiliation_id/60028190"}, "ce:surname": "Petpiroon", "@auid": "56560089400", "author-url": "https://api.elsevier.com/content/author/author_id/56560089400", "ce:indexed-name": "Petpiroon N."}, {"ce:given-name": "Boonchoo", "preferred-name": {"ce:given-name": "Boonchoo", "ce:initials": "B.", "ce:surname": "Sritularak", "ce:indexed-name": "Sritularak B."}, "@seq": "3", "ce:initials": "B.", "@_fa": "true", "affiliation": {"@id": "60028190", "@href": "https://api.elsevier.com/content/affiliation/affiliation_id/60028190"}, "ce:surname": "Sritularak", "@auid": "6506779225", "author-url": "https://api.elsevier.com/content/author/author_id/6506779225", "ce:indexed-name": "Sritularak B."}, {"ce:given-name": "Pithi", "preferred-name": {"ce:given-name": "Pithi", "ce:initials": "P.", "ce:surname": "Chanvorachote", "ce:indexed-name": "Chanvorachote P."}, "@seq": "4", "ce:initials": "P.", "@_fa": "true", "affiliation": [{"@id": "60028190", "@href": "https://api.elsevier.com/content/affiliation/affiliation_id/60028190"}, {"@id": "60028190", "@href": "https://api.elsevier.com/content/affiliation/affiliation_id/60028190"}], "ce:surname": "Chanvorachote", "@auid": "10539978400", "author-url": "https://api.elsevier.com/content/author/author_id/10539978400", "ce:indexed-name": "Chanvorachote P."}]}}}