{"abstracts-retrieval-response": {"item": {"ait:process-info": {"ait:status": {"@state": "update", "@type": "core", "@stage": "S300"}, "ait:date-delivered": {"@day": "09", "@year": "2020", "@timestamp": "2020-01-09T06:50:53.000053-05:00", "@month": "01"}, "ait:date-sort": {"@day": "01", "@year": "2017", "@month": "11"}}, "xocs:meta": {"xocs:funding-list": {"@pui-match": "primary", "@has-funding-info": "1", "xocs:funding": [{"xocs:funding-agency-matched-string": "Ratchadapiseksompot Endowment Fund", "xocs:funding-id": "CU-57-021-FW"}, {"xocs:funding-agency-matched-string": "Thailand Research Fund", "xocs:funding-agency-acronym": "TRF", "xocs:funding-agency": "Thailand Research Fund", "xocs:funding-id": [{"$": "IRG5780014"}, {"$": "MRG5980085"}], "xocs:funding-agency-id": "http://data.elsevier.com/vocabulary/SciValFunders/501100004396", "xocs:funding-agency-country": "http://sws.geonames.org/1605651/"}, {"xocs:funding-agency-matched-string": "Naresuan University", "xocs:funding-agency-acronym": "NU", "xocs:funding-agency": "Naresuan University", "xocs:funding-id": "R2559C025", "xocs:funding-agency-id": "http://data.elsevier.com/vocabulary/SciValFunders/501100004944", "xocs:funding-agency-country": "http://sws.geonames.org/1605651/"}], "xocs:funding-addon-generated-timestamp": "2021-02-02T15:15:06.670586Z", "xocs:funding-text": "This work was supported by the Thailand Research Fund ( MRG5980085 and IRG5780014 ), the Ratchadapiseksompot Endowment Fund ( CU-57-021-FW ), and the Naresuan University grant ( R2559C025 ). Provision of powder of dried marigold flowers by PTT Global Chemical, Co., Ltd. is also greatly appreciated.", "xocs:funding-addon-type": "http://vtw.elsevier.com/data/voc/AddOnTypes/50.7/aggregated-refined"}}, "bibrecord": {"head": {"author-group": [{"affiliation": {"country": "Thailand", "postal-code": "65000", "@afid": "60022498", "@country": "tha", "city": "Phitsanulok", "organization": [{"$": "Department of Industrial Engineering"}, {"$": "Faculty of Engineering"}, {"$": "Naresuan University"}], "affiliation-id": {"@afid": "60022498", "@dptid": "104149179"}, "@dptid": "104149179"}, "author": [{"ce:given-name": "Panatpong", "preferred-name": {"ce:given-name": "Panatpong", "ce:initials": "P.", "ce:surname": "Boonnoun", "ce:indexed-name": "Boonnoun P."}, "@seq": "1", "ce:initials": "P.", "@_fa": "true", "@type": "auth", "ce:surname": "Boonnoun", "@auid": "35742804700", "ce:indexed-name": "Boonnoun P."}]}, {"affiliation": {"country": "Thailand", "address-part": "Phayathai Road", "postal-code": "10330", "@afid": "60028190", "@country": "tha", "city": "Bangkok", "organization": [{"$": "Chemical Engineering Research Unit for Value Adding of Bioresources"}, {"$": "Department of Chemical Engineering"}, {"$": "Faculty of Engineering"}, {"$": "Chulalongkorn University"}], "affiliation-id": {"@afid": "60028190", "@dptid": "112958590"}, "@dptid": "112958590"}, "author": [{"ce:given-name": "Pemika", "preferred-name": {"ce:given-name": "Pemika", "ce:initials": "P.", "ce:surname": "Tunyasitikun", "ce:indexed-name": "Tunyasitikun P."}, "@seq": "2", "ce:initials": "P.", "@_fa": "true", "@type": "auth", "ce:surname": "Tunyasitikun", "@auid": "57196150192", "ce:indexed-name": "Tunyasitikun P."}, {"ce:given-name": "Weerawat", "preferred-name": {"ce:given-name": "Weerawat", "ce:initials": "W.", "ce:surname": "Clowutimon", "ce:indexed-name": "Clowutimon W."}, "@seq": "3", "ce:initials": "W.", "@_fa": "true", "@type": "auth", "ce:surname": "Clowutimon", "@auid": "44461118100", "ce:indexed-name": "Clowutimon W."}, {"ce:given-name": "Artiwan", "preferred-name": {"ce:given-name": "Artiwan", "ce:initials": "A.", "ce:surname": "Shotipruk", "ce:indexed-name": "Shotipruk A."}, "@seq": "4", "ce:initials": "A.", "@_fa": "true", "@type": "auth", "ce:surname": "Shotipruk", "@auid": "6508068779", "ce:indexed-name": "Shotipruk A."}]}], "citation-title": "Production of free lutein by simultaneous extraction and de-esterification of marigold flowers in liquefied dimethyl ether (DME)\u2013KOH\u2013EtOH mixture", "abstracts": "\u00a9 2017 Institution of Chemical EngineersExtraction of xanthophylls from marigold flowers using liquefied dimethyl ether (DME) was investigated. The most suitable DME extraction condition was found to be 33:0.5 (w/w) DME to dried marigold flowers ratio and at 35 \u00b0C, giving 20.65 mg of total xanthophylls/g of dried marigold flowers. Following extraction, the suitable de-esterification conditions to convert the extracted lutein fatty acid ester (the major compound in xanthophylls) to free lutein, a more bio-available form, were determined to be 2.5%w/v KOH\u2013EtOH, at 35 \u00b0C for 4 h. While employing the most suitable conditions in each of the two steps gave favorable free lutein yield (16.65 mg free lutein/g dried marigold flowers), a one-step process in which simultaneous extraction and de-esterification carried out at the most suitable condition: the DME to dried marigold flowers ratio 33:0.5 (w/w), EtOH to dried marigold flowers ratio 10:0.5, 5% KOH\u2013EtOH concentration, at 35 \u00b0C for 1 h, could lead to about 20% improvement (20.71 mg free lutein/g dried marigold flowers). Furthermore, the results from this study suggested that wet marigold samples could possibly be used both in the DME extraction for xanthophylls and in the simultaneous process to obtain free lutein.", "correspondence": {"affiliation": {"country": "Thailand", "address-part": "Phayathai Road", "postal-code": "10330", "@country": "tha", "city": "Bangkok", "organization": [{"$": "Chemical Engineering Research Unit for Value Adding of Bioresources"}, {"$": "Department of Chemical Engineering"}, {"$": "Faculty of Engineering"}, {"$": "Chulalongkorn University"}]}, "person": {"ce:given-name": "Artiwan", "ce:initials": "A.", "ce:surname": "Shotipruk", "ce:indexed-name": "Shotipruk A."}}, "citation-info": {"author-keywords": {"author-keyword": [{"$": "De-esterification", "@xml:lang": "eng"}, {"$": "Liquefied dimethyl ether", "@xml:lang": "eng"}, {"$": "Lutein", "@xml:lang": "eng"}, {"$": "Marigold flowers", "@xml:lang": "eng"}, {"$": "Simultaneous process", "@xml:lang": "eng"}, {"$": "Solvent extraction", "@xml:lang": "eng"}]}, "citation-type": {"@code": "ar"}, "citation-language": {"@language": "English", "@xml:lang": "eng"}, "abstract-language": {"@language": "English", "@xml:lang": "eng"}}, "source": {"sourcetitle-abbrev": "Food Bioprod. Process.", "website": {"ce:e-address": {"$": "http://www.elsevier.com/wps/find/journaldescription.cws_home/713883/description#description", "@type": "email"}}, "@country": "gbr", "translated-sourcetitle": {"$": "Food and Bioproducts Processing", "@xml:lang": "eng"}, "issn": {"$": "09603085", "@type": "print"}, "volisspag": {"voliss": {"@volume": "106"}, "pagerange": {"@first": "193", "@last": "200"}}, "@type": "j", "publicationyear": {"@first": "2017"}, "publisher": {"publishername": "Institution of Chemical Engineers"}, "sourcetitle": "Food and Bioproducts Processing", "@srcid": "15627", "publicationdate": {"month": "11", "year": "2017", "date-text": "November 2017", "day": "01"}}, "enhancement": {"classificationgroup": {"classifications": [{"@type": "CPXCLASS", "classification": [{"classification-code": "802.2", "classification-description": "Chemical Reactions"}, {"classification-code": "802.3", "classification-description": "Chemical Operations"}, {"classification-code": "804.1", "classification-description": "Organic Compounds"}, {"classification-code": "804.2", "classification-description": "Inorganic Compounds"}]}, {"@type": "FLXCLASS", "classification": {"classification-code": "78.23", "classification-description": "MIXING AND SEPARATION"}}, {"@type": "ASJC", "classification": [{"$": "1305"}, {"$": "1106"}, {"$": "1303"}, {"$": "1500"}]}, {"@type": "SUBJABBR", "classification": [{"$": "BIOC"}, {"$": "AGRI"}, {"$": "CENG"}]}]}}, "grantlist": {"@complete": "y", "grant-text": {"$": "This work was supported by the Thailand Research Fund (MRG5980085 and IRG5780014), the Ratchadapiseksompot Endowment Fund (CU-57-021-FW), and the Naresuan University grant (R2559C025). Provision of powder of dried marigold flowers by PTT Global Chemical, Co., Ltd. is also greatly appreciated.", "@xml:lang": "eng"}, "grant": [{"grant-id": "IRG5780014", "grant-acronym": "TRF", "grant-agency": {"@iso-code": "tha", "$": "Thailand Research Fund"}, "grant-agency-id": "501100004396"}, {"grant-id": "MRG5980085", "grant-acronym": "TRF", "grant-agency": {"@iso-code": "tha", "$": "Thailand Research Fund"}, "grant-agency-id": "501100004396"}]}}, "item-info": {"copyright": {"$": "Copyright 2017 Elsevier B.V., All rights reserved.", "@type": "Elsevier"}, "dbcollection": [{"$": "CPX"}, {"$": "EMBIO"}, {"$": "REAXYSCAR"}, {"$": "SCOPUS"}, {"$": "Scopusbase"}], "history": {"date-created": {"@day": "28", "@year": "2017", "@timestamp": "BST 07:11:03", "@month": "10"}}, "itemidlist": {"itemid": [{"$": "618878601", "@idtype": "PUI"}, {"$": "757512299", "@idtype": "CAR-ID"}, {"$": "20174304311333", "@idtype": "CPX"}, {"$": "2017263080", "@idtype": "EMBIO"}, {"$": "20171868125", "@idtype": "REAXYSCAR"}, {"$": "20170770265", "@idtype": "SCOPUS"}, {"$": "85032026998", "@idtype": "SCP"}, {"$": "85032026998", "@idtype": "SGR"}], "ce:pii": "S096030851730127X", "ce:doi": "10.1016/j.fbp.2017.10.002"}}, "tail": {"bibliography": {"@refcount": "28", "reference": [{"ref-fulltext": "Attokaran, M., Natural Food Flavors and Colorants. 2011, Blackwell Publishing Ltd., John Wiley & Sons Ames, Iowa.", "@id": "1", "ref-info": {"ref-publicationyear": {"@first": "2011"}, "ref-title": {"ref-titletext": "Natural Food Flavors and Colorants"}, "refd-itemidlist": {"itemid": [{"$": "bib0005", "@idtype": "FRAGMENTID"}, {"$": "84871950975", "@idtype": "SGR"}]}, "ref-text": "Blackwell Publishing Ltd., John Wiley & Sons Ames Iowa", "ref-authors": {"author": [{"@seq": "1", "ce:initials": "M.", "@_fa": "true", "ce:surname": "Attokaran", "ce:indexed-name": "Attokaran M."}]}}}, {"ref-fulltext": "Billakanti, J.M., Catchpole, O.J., Fenton, T.A., Mitchell, K.A., MacKenzie, A.D., Enzyme-assisted extraction of fucoxanthin and lipids containing polyunsaturated fatty acids from Undaria pinnatifida using dimethyl ether and ethanol. Process Biochem. 48 (2013), 1999\u20132008.", "@id": "2", "ref-info": {"ref-publicationyear": {"@first": "2013"}, "ref-title": {"ref-titletext": "Enzyme-assisted extraction of fucoxanthin and lipids containing polyunsaturated fatty acids from Undaria pinnatifida using dimethyl ether and ethanol"}, "refd-itemidlist": {"itemid": [{"$": "bib0010", "@idtype": "FRAGMENTID"}, {"$": "84888198714", "@idtype": "SGR"}]}, "ref-volisspag": {"voliss": {"@volume": "48"}, "pagerange": {"@first": "1999", "@last": "2008"}}, "ref-authors": {"author": [{"@seq": "1", "ce:initials": "J.M.", "@_fa": "true", "ce:surname": "Billakanti", "ce:indexed-name": "Billakanti J.M."}, {"@seq": "2", "ce:initials": "O.J.", "@_fa": "true", "ce:surname": "Catchpole", "ce:indexed-name": "Catchpole O.J."}, {"@seq": "3", "ce:initials": "T.A.", "@_fa": "true", "ce:surname": "Fenton", "ce:indexed-name": "Fenton T.A."}, {"@seq": "4", "ce:initials": "K.A.", "@_fa": "true", "ce:surname": "Mitchell", "ce:indexed-name": "Mitchell K.A."}, {"@seq": "5", "ce:initials": "A.D.", "@_fa": "true", "ce:surname": "MacKenzie", "ce:indexed-name": "MacKenzie A.D."}]}, "ref-sourcetitle": "Process Biochem."}}, {"ref-fulltext": "Calderone, M., Tallon, S., Particle formation by rapid expansion from solution using near-critical dimethyl-ether. J. Supercrit. Fluids 45 (2008), 245\u2013252.", "@id": "3", "ref-info": {"ref-publicationyear": {"@first": "2008"}, "ref-title": {"ref-titletext": "Particle formation by rapid expansion from solution using near-critical dimethyl-ether"}, "refd-itemidlist": {"itemid": [{"$": "bib0015", "@idtype": "FRAGMENTID"}, {"$": "42749089314", "@idtype": "SGR"}]}, "ref-volisspag": {"voliss": {"@volume": "45"}, "pagerange": {"@first": "245", "@last": "252"}}, "ref-authors": {"author": [{"@seq": "1", "ce:initials": "M.", "@_fa": "true", "ce:surname": "Calderone", "ce:indexed-name": "Calderone M."}, {"@seq": "2", "ce:initials": "S.", "@_fa": "true", "ce:surname": "Tallon", "ce:indexed-name": "Tallon S."}]}, "ref-sourcetitle": "J. Supercrit. Fluids"}}, {"ref-fulltext": "Catchpole, O., Ryan, J., Zhu, Y., Fenton, K., Grey, J., Vyssotski, M., MacKenzie, A., Nekrasov, E., Mitchell, K., Extraction of lipids from fermentation biomass using near-critical dimethylether. J. Supercrit. Fluids 53 (2010), 34\u201341.", "@id": "4", "ref-info": {"ref-publicationyear": {"@first": "2010"}, "ref-title": {"ref-titletext": "Extraction of lipids from fermentation biomass using near-critical dimethylether"}, "refd-itemidlist": {"itemid": [{"$": "bib0020", "@idtype": "FRAGMENTID"}, {"$": "77951258750", "@idtype": "SGR"}]}, "ref-volisspag": {"voliss": {"@volume": "53"}, "pagerange": {"@first": "34", "@last": "41"}}, "ref-authors": {"author": [{"@seq": "1", "ce:initials": "O.", "@_fa": "true", "ce:surname": "Catchpole", "ce:indexed-name": "Catchpole O."}, {"@seq": "2", "ce:initials": "J.", "@_fa": "true", "ce:surname": "Ryan", "ce:indexed-name": "Ryan J."}, {"@seq": "3", "ce:initials": "Y.", "@_fa": "true", "ce:surname": "Zhu", "ce:indexed-name": "Zhu Y."}, {"@seq": "4", "ce:initials": "K.", "@_fa": "true", "ce:surname": "Fenton", "ce:indexed-name": "Fenton K."}, {"@seq": "5", "ce:initials": "J.", "@_fa": "true", "ce:surname": "Grey", "ce:indexed-name": "Grey J."}, {"@seq": "6", "ce:initials": "M.", "@_fa": "true", "ce:surname": "Vyssotski", "ce:indexed-name": "Vyssotski M."}, {"@seq": "7", "ce:initials": "A.", "@_fa": "true", "ce:surname": "MacKenzie", "ce:indexed-name": "MacKenzie A."}, {"@seq": "8", "ce:initials": "E.", "@_fa": "true", "ce:surname": "Nekrasov", "ce:indexed-name": "Nekrasov E."}, {"@seq": "9", "ce:initials": "K.", "@_fa": "true", "ce:surname": "Mitchell", "ce:indexed-name": "Mitchell K."}]}, "ref-sourcetitle": "J. Supercrit. Fluids"}}, {"ref-fulltext": "Davidov-Pardo, G., Gumus, C.E., McClements, D.J., Lutein-enriched emulsion-based delivery systems: influence of pH and temperature on physical and chemical stability. Food Chem. 196 (2016), 821\u2013827.", "@id": "5", "ref-info": {"ref-publicationyear": {"@first": "2016"}, "ref-title": {"ref-titletext": "Lutein-enriched emulsion-based delivery systems: influence of pH and temperature on physical and chemical stability"}, "refd-itemidlist": {"itemid": [{"$": "bib0025", "@idtype": "FRAGMENTID"}, {"$": "84943810087", "@idtype": "SGR"}]}, "ref-volisspag": {"voliss": {"@volume": "196"}, "pagerange": {"@first": "821", "@last": "827"}}, "ref-authors": {"author": [{"@seq": "1", "ce:initials": "G.", "@_fa": "true", "ce:surname": "Davidov-Pardo", "ce:indexed-name": "Davidov-Pardo G."}, {"@seq": "2", "ce:initials": "C.E.", "@_fa": "true", "ce:surname": "Gumus", "ce:indexed-name": "Gumus C.E."}, {"@seq": "3", "ce:initials": "D.J.", "@_fa": "true", "ce:surname": "McClements", "ce:indexed-name": "McClements D.J."}]}, "ref-sourcetitle": "Food Chem."}}, {"ref-fulltext": "Espinosa-Pardo, F.A., Nakajima, V.M., Macedo, G.A., Macedo, J.A., Mart\u00ednez, J., Extraction of phenolic compounds from dry and fermented orange pomace using supercritical CO2and cosolvents. Food Bioprod. Process. 101 (2017), 1\u201310.", "@id": "6", "ref-info": {"ref-publicationyear": {"@first": "2017"}, "ref-title": {"ref-titletext": "Extraction of phenolic compounds from dry and fermented orange pomace using supercritical CO2and cosolvents"}, "refd-itemidlist": {"itemid": [{"$": "bib0030", "@idtype": "FRAGMENTID"}, {"$": "84993945106", "@idtype": "SGR"}]}, "ref-volisspag": {"voliss": {"@volume": "101"}, "pagerange": {"@first": "1", "@last": "10"}}, "ref-authors": {"author": [{"@seq": "1", "ce:initials": "F.A.", "@_fa": "true", "ce:surname": "Espinosa-Pardo", "ce:indexed-name": "Espinosa-Pardo F.A."}, {"@seq": "2", "ce:initials": "V.M.", "@_fa": "true", "ce:surname": "Nakajima", "ce:indexed-name": "Nakajima V.M."}, {"@seq": "3", "ce:initials": "G.A.", "@_fa": "true", "ce:surname": "Macedo", "ce:indexed-name": "Macedo G.A."}, {"@seq": "4", "ce:initials": "J.A.", "@_fa": "true", "ce:surname": "Macedo", "ce:indexed-name": "Macedo J.A."}, {"@seq": "5", "ce:initials": "J.", "@_fa": "true", "ce:surname": "Mart\u00ednez", "ce:indexed-name": "Martinez J."}]}, "ref-sourcetitle": "Food Bioprod. Process."}}, {"ref-fulltext": "Gao, Y., Nagy, B., Liu, X., Sim\u00e1ndi, B., Wang, Q., Supercritical CO2extraction of lutein esters from marigold (Tagetes erecta L.) enhanced by ultrasound. J. Supercrit. Fluids 49 (2009), 345\u2013350.", "@id": "7", "ref-info": {"ref-publicationyear": {"@first": "2009"}, "ref-title": {"ref-titletext": "Supercritical CO2extraction of lutein esters from marigold (Tagetes erecta L.) enhanced by ultrasound"}, "refd-itemidlist": {"itemid": [{"$": "bib0035", "@idtype": "FRAGMENTID"}, {"$": "67349111293", "@idtype": "SGR"}]}, "ref-volisspag": {"voliss": {"@volume": "49"}, "pagerange": {"@first": "345", "@last": "350"}}, "ref-authors": {"author": [{"@seq": "1", "ce:initials": "Y.", "@_fa": "true", "ce:surname": "Gao", "ce:indexed-name": "Gao Y."}, {"@seq": "2", "ce:initials": "B.", "@_fa": "true", "ce:surname": "Nagy", "ce:indexed-name": "Nagy B."}, {"@seq": "3", "ce:initials": "X.", "@_fa": "true", "ce:surname": "Liu", "ce:indexed-name": "Liu X."}, {"@seq": "4", "ce:initials": "B.", "@_fa": "true", "ce:surname": "Sim\u00e1ndi", "ce:indexed-name": "Simandi B."}, {"@seq": "5", "ce:initials": "Q.", "@_fa": "true", "ce:surname": "Wang", "ce:indexed-name": "Wang Q."}]}, "ref-sourcetitle": "J. Supercrit. Fluids"}}, {"ref-fulltext": "Gao, Y., Liu, X., Xu, H., Zhao, J., Wang, Q., Liu, G., Hao, Q., Optimization of supercritical carbon dioxide extraction of lutein esters from marigold (Tagetes erecta L.) with vegetable oils as continuous co-solvents. Sep. Purif. Technol. 71 (2010), 214\u2013219.", "@id": "8", "ref-info": {"ref-publicationyear": {"@first": "2010"}, "ref-title": {"ref-titletext": "Optimization of supercritical carbon dioxide extraction of lutein esters from marigold (Tagetes erecta L.) with vegetable oils as continuous co-solvents"}, "refd-itemidlist": {"itemid": [{"$": "bib0040", "@idtype": "FRAGMENTID"}, {"$": "74849090104", "@idtype": "SGR"}]}, "ref-volisspag": {"voliss": {"@volume": "71"}, "pagerange": {"@first": "214", "@last": "219"}}, "ref-authors": {"author": [{"@seq": "1", "ce:initials": "Y.", "@_fa": "true", "ce:surname": "Gao", "ce:indexed-name": "Gao Y."}, {"@seq": "2", "ce:initials": "X.", "@_fa": "true", "ce:surname": "Liu", "ce:indexed-name": "Liu X."}, {"@seq": "3", "ce:initials": "H.", "@_fa": "true", "ce:surname": "Xu", "ce:indexed-name": "Xu H."}, {"@seq": "4", "ce:initials": "J.", "@_fa": "true", "ce:surname": "Zhao", "ce:indexed-name": "Zhao J."}, {"@seq": "5", "ce:initials": "Q.", "@_fa": "true", "ce:surname": "Wang", "ce:indexed-name": "Wang Q."}, {"@seq": "6", "ce:initials": "G.", "@_fa": "true", "ce:surname": "Liu", "ce:indexed-name": "Liu G."}, {"@seq": "7", "ce:initials": "Q.", "@_fa": "true", "ce:surname": "Hao", "ce:indexed-name": "Hao Q."}]}, "ref-sourcetitle": "Sep. Purif. Technol."}}, {"ref-fulltext": "Gong, Y., Hou, Z., Gao, Y., Xue, Y., Liu, X., Liu, G., Optimization of extraction parameters of bioactive components from defatted marigold (Tagetes erecta L.) residue using response surface methodology. Food Bioprod. Process. 90 (2012), 9\u201316.", "@id": "9", "ref-info": {"ref-publicationyear": {"@first": "2012"}, "ref-title": {"ref-titletext": "Optimization of extraction parameters of bioactive components from defatted marigold (Tagetes erecta L.) residue using response surface methodology"}, "refd-itemidlist": {"itemid": [{"$": "bib0045", "@idtype": "FRAGMENTID"}, {"$": "83555173623", "@idtype": "SGR"}]}, "ref-volisspag": {"voliss": {"@volume": "90"}, "pagerange": {"@first": "9", "@last": "16"}}, "ref-authors": {"author": [{"@seq": "1", "ce:initials": "Y.", "@_fa": "true", "ce:surname": "Gong", "ce:indexed-name": "Gong Y."}, {"@seq": "2", "ce:initials": "Z.", "@_fa": "true", "ce:surname": "Hou", "ce:indexed-name": "Hou Z."}, {"@seq": "3", "ce:initials": "Y.", "@_fa": "true", "ce:surname": "Gao", "ce:indexed-name": "Gao Y."}, {"@seq": "4", "ce:initials": "Y.", "@_fa": "true", "ce:surname": "Xue", "ce:indexed-name": "Xue Y."}, {"@seq": "5", "ce:initials": "X.", "@_fa": "true", "ce:surname": "Liu", "ce:indexed-name": "Liu X."}, {"@seq": "6", "ce:initials": "G.", "@_fa": "true", "ce:surname": "Liu", "ce:indexed-name": "Liu G."}]}, "ref-sourcetitle": "Food Bioprod. Process."}}, {"ref-fulltext": "Goto, M., Kanda, H., Wahyudiono, Machmudah, S., Extraction of carotenoids and lipids from algae by supercritical CO2and subcritical dimethyl ether. J. Supercrit. Fluids 96 (2015), 245\u2013251.", "@id": "10", "ref-info": {"ref-publicationyear": {"@first": "2015"}, "ref-title": {"ref-titletext": "Extraction of carotenoids and lipids from algae by supercritical CO2and subcritical dimethyl ether"}, "refd-itemidlist": {"itemid": [{"$": "bib0050", "@idtype": "FRAGMENTID"}, {"$": "84918787124", "@idtype": "SGR"}]}, "ref-volisspag": {"voliss": {"@volume": "96"}, "pagerange": {"@first": "245", "@last": "251"}}, "ref-authors": {"author": [{"@seq": "1", "ce:initials": "M.", "@_fa": "true", "ce:surname": "Goto", "ce:indexed-name": "Goto M."}, {"@seq": "2", "ce:initials": "H.", "@_fa": "true", "ce:surname": "Kanda", "ce:indexed-name": "Kanda H."}, {"@seq": "3", "@_fa": "true", "ce:surname": "Wahyudiono", "ce:indexed-name": "Wahyudiono"}, {"@seq": "4", "ce:initials": "S.", "@_fa": "true", "ce:surname": "Machmudah", "ce:indexed-name": "Machmudah S."}]}, "ref-sourcetitle": "J. Supercrit. Fluids"}}, {"ref-fulltext": "Han, J., Wang, Y., Ma, J., Wu, Y., Hu, Y., Ni, L., Li, Y., Simultaneous aqueous two-phase extraction and saponification reaction of chlorophyll from silkworm excrement. Sep. Purif. Technol. 115 (2013), 51\u201356.", "@id": "11", "ref-info": {"ref-publicationyear": {"@first": "2013"}, "ref-title": {"ref-titletext": "Simultaneous aqueous two-phase extraction and saponification reaction of chlorophyll from silkworm excrement"}, "refd-itemidlist": {"itemid": [{"$": "bib0055", "@idtype": "FRAGMENTID"}, {"$": "84878126902", "@idtype": "SGR"}]}, "ref-volisspag": {"voliss": {"@volume": "115"}, "pagerange": {"@first": "51", "@last": "56"}}, "ref-authors": {"author": [{"@seq": "1", "ce:initials": "J.", "@_fa": "true", "ce:surname": "Han", "ce:indexed-name": "Han J."}, {"@seq": "2", "ce:initials": "Y.", "@_fa": "true", "ce:surname": "Wang", "ce:indexed-name": "Wang Y."}, {"@seq": "3", "ce:initials": "J.", "@_fa": "true", "ce:surname": "Ma", "ce:indexed-name": "Ma J."}, {"@seq": "4", "ce:initials": "Y.", "@_fa": "true", "ce:surname": "Wu", "ce:indexed-name": "Wu Y."}, {"@seq": "5", "ce:initials": "Y.", "@_fa": "true", "ce:surname": "Hu", "ce:indexed-name": "Hu Y."}, {"@seq": "6", "ce:initials": "L.", "@_fa": "true", "ce:surname": "Ni", "ce:indexed-name": "Ni L."}, {"@seq": "7", "ce:initials": "Y.", "@_fa": "true", "ce:surname": "Li", "ce:indexed-name": "Li Y."}]}, "ref-sourcetitle": "Sep. Purif. Technol."}}, {"ref-fulltext": "Ho, S.H., Xie, Y., Chan, M.C., Liu, C.C., Chen, C.Y., Lee, D.J., Huang, C.C., Chang, J.S., Effects of nitrogen source availability and bioreactor operating strategies on lutein production with Scenedesmus obliquus FSP-3. Bioresour. Technol. 184 (2015), 131\u2013138.", "@id": "12", "ref-info": {"ref-publicationyear": {"@first": "2015"}, "ref-title": {"ref-titletext": "Effects of nitrogen source availability and bioreactor operating strategies on lutein production with Scenedesmus obliquus FSP-3"}, "refd-itemidlist": {"itemid": [{"$": "bib0060", "@idtype": "FRAGMENTID"}, {"$": "84939957365", "@idtype": "SGR"}]}, "ref-volisspag": {"voliss": {"@volume": "184"}, "pagerange": {"@first": "131", "@last": "138"}}, "ref-authors": {"author": [{"@seq": "1", "ce:initials": "S.H.", "@_fa": "true", "ce:surname": "Ho", "ce:indexed-name": "Ho S.H."}, {"@seq": "2", "ce:initials": "Y.", "@_fa": "true", "ce:surname": "Xie", "ce:indexed-name": "Xie Y."}, {"@seq": "3", "ce:initials": "M.C.", "@_fa": "true", "ce:surname": "Chan", "ce:indexed-name": "Chan M.C."}, {"@seq": "4", "ce:initials": "C.C.", "@_fa": "true", "ce:surname": "Liu", "ce:indexed-name": "Liu C.C."}, {"@seq": "5", "ce:initials": "C.Y.", "@_fa": "true", "ce:surname": "Chen", "ce:indexed-name": "Chen C.Y."}, {"@seq": "6", "ce:initials": "D.J.", "@_fa": "true", "ce:surname": "Lee", "ce:indexed-name": "Lee D.J."}, {"@seq": "7", "ce:initials": "C.C.", "@_fa": "true", "ce:surname": "Huang", "ce:indexed-name": "Huang C.C."}, {"@seq": "8", "ce:initials": "J.S.", "@_fa": "true", "ce:surname": "Chang", "ce:indexed-name": "Chang J.S."}]}, "ref-sourcetitle": "Bioresour. Technol."}}, {"ref-fulltext": "Hojnik, M., \u0160kerget, M., Knez, \u017d., Extraction of lutein from marigold flower petals\u2014experimental kinetics and modelling. Food Sci. Technol. 41 (2008), 2008\u20132016.", "@id": "13", "ref-info": {"ref-publicationyear": {"@first": "2008"}, "ref-title": {"ref-titletext": "Extraction of lutein from marigold flower petals\u2014experimental kinetics and modelling"}, "refd-itemidlist": {"itemid": [{"$": "bib0065", "@idtype": "FRAGMENTID"}, {"$": "50449104940", "@idtype": "SGR"}]}, "ref-volisspag": {"voliss": {"@volume": "41"}, "pagerange": {"@first": "2008", "@last": "2016"}}, "ref-authors": {"author": [{"@seq": "1", "ce:initials": "M.", "@_fa": "true", "ce:surname": "Hojnik", "ce:indexed-name": "Hojnik M."}, {"@seq": "2", "ce:initials": "M.", "@_fa": "true", "ce:surname": "\u0160kerget", "ce:indexed-name": "Skerget M."}, {"@seq": "3", "ce:initials": "\u017d.", "@_fa": "true", "ce:surname": "Knez", "ce:indexed-name": "Knez Z."}]}, "ref-sourcetitle": "Food Sci. Technol."}}, {"ref-fulltext": "Ihmels, E.C., Lemmon, E.W., Experimental densities, vapor pressures, and critical point, and a fundamental equation of state for dimethyl ether. Fluid Phase Equilib. 260 (2007), 36\u201348.", "@id": "14", "ref-info": {"ref-publicationyear": {"@first": "2007"}, "ref-title": {"ref-titletext": "Experimental densities, vapor pressures, and critical point, and a fundamental equation of state for dimethyl ether"}, "refd-itemidlist": {"itemid": [{"$": "bib0070", "@idtype": "FRAGMENTID"}, {"$": "34547724262", "@idtype": "SGR"}]}, "ref-volisspag": {"voliss": {"@volume": "260"}, "pagerange": {"@first": "36", "@last": "48"}}, "ref-authors": {"author": [{"@seq": "1", "ce:initials": "E.C.", "@_fa": "true", "ce:surname": "Ihmels", "ce:indexed-name": "Ihmels E.C."}, {"@seq": "2", "ce:initials": "E.W.", "@_fa": "true", "ce:surname": "Lemmon", "ce:indexed-name": "Lemmon E.W."}]}, "ref-sourcetitle": "Fluid Phase Equilib."}}, {"ref-fulltext": "JECFA, Lutein Esters from Tagetes Extract (Tentative), Compendium of Food Additive Specifications. 2014, Joint FAO/WHO Expert Committee on Food Additives, Food and Agricultural Organization of the United Nations, Rome, Italy, 23\u201326.", "@id": "15", "ref-info": {"ref-publicationyear": {"@first": "2014"}, "ref-title": {"ref-titletext": "Lutein Esters from Tagetes Extract (Tentative), Compendium of Food Additive Specifications"}, "refd-itemidlist": {"itemid": [{"$": "bib0075", "@idtype": "FRAGMENTID"}, {"$": "85032031457", "@idtype": "SGR"}]}, "ref-volisspag": {"pagerange": {"@first": "23", "@last": "26"}}, "ref-text": "Joint FAO/WHO Expert Committee on Food Additives, Food and Agricultural Organization of the United Nations Rome, Italy", "ref-authors": {"author": [{"@seq": "1", "@_fa": "true", "ce:surname": "JECFA", "ce:indexed-name": "JECFA"}]}}}, {"ref-fulltext": "Lin, J.H., Lee, D.J., Chang, J.S., Lutein production from biomass: marigold flowers versus microalgae. Bioresour. Technol. 184 (2015), 421\u2013428.", "@id": "16", "ref-info": {"ref-publicationyear": {"@first": "2015"}, "ref-title": {"ref-titletext": "Lutein production from biomass: marigold flowers versus microalgae"}, "refd-itemidlist": {"itemid": [{"$": "bib0080", "@idtype": "FRAGMENTID"}, {"$": "84939979567", "@idtype": "SGR"}]}, "ref-volisspag": {"voliss": {"@volume": "184"}, "pagerange": {"@first": "421", "@last": "428"}}, "ref-authors": {"author": [{"@seq": "1", "ce:initials": "J.H.", "@_fa": "true", "ce:surname": "Lin", "ce:indexed-name": "Lin J.H."}, {"@seq": "2", "ce:initials": "D.J.", "@_fa": "true", "ce:surname": "Lee", "ce:indexed-name": "Lee D.J."}, {"@seq": "3", "ce:initials": "J.S.", "@_fa": "true", "ce:surname": "Chang", "ce:indexed-name": "Chang J.S."}]}, "ref-sourcetitle": "Bioresour. Technol."}}, {"ref-fulltext": "Lin, J.H., Lee, D.J., Chang, J.S., Lutein in specific marigold flowers and microalgae. J. Taiwan Inst. Chem. Eng 49 (2015), 90\u201394.", "@id": "17", "ref-info": {"ref-publicationyear": {"@first": "2015"}, "ref-title": {"ref-titletext": "Lutein in specific marigold flowers and microalgae"}, "refd-itemidlist": {"itemid": [{"$": "bib0085", "@idtype": "FRAGMENTID"}, {"$": "84945316575", "@idtype": "SGR"}]}, "ref-volisspag": {"voliss": {"@volume": "49"}, "pagerange": {"@first": "90", "@last": "94"}}, "ref-authors": {"author": [{"@seq": "1", "ce:initials": "J.H.", "@_fa": "true", "ce:surname": "Lin", "ce:indexed-name": "Lin J.H."}, {"@seq": "2", "ce:initials": "D.J.", "@_fa": "true", "ce:surname": "Lee", "ce:indexed-name": "Lee D.J."}, {"@seq": "3", "ce:initials": "J.S.", "@_fa": "true", "ce:surname": "Chang", "ce:indexed-name": "Chang J.S."}]}, "ref-sourcetitle": "J. Taiwan Inst. Chem. Eng"}}, {"ref-fulltext": "Luengo, E., Cond\u00f3n-Abanto, S., Cond\u00f3n, S., \u00c1lvarez, I., Raso, J., Improving the extraction of carotenoids from tomato waste by application of ultrasound under pressure. Sep. Purif. Technol. 136 (2014), 130\u2013136.", "@id": "18", "ref-info": {"ref-publicationyear": {"@first": "2014"}, "ref-title": {"ref-titletext": "Improving the extraction of carotenoids from tomato waste by application of ultrasound under pressure"}, "refd-itemidlist": {"itemid": [{"$": "bib0090", "@idtype": "FRAGMENTID"}, {"$": "84907504199", "@idtype": "SGR"}]}, "ref-volisspag": {"voliss": {"@volume": "136"}, "pagerange": {"@first": "130", "@last": "136"}}, "ref-authors": {"author": [{"@seq": "1", "ce:initials": "E.", "@_fa": "true", "ce:surname": "Luengo", "ce:indexed-name": "Luengo E."}, {"@seq": "2", "ce:initials": "S.", "@_fa": "true", "ce:surname": "Cond\u00f3n-Abanto", "ce:indexed-name": "Condon-Abanto S."}, {"@seq": "3", "ce:initials": "S.", "@_fa": "true", "ce:surname": "Cond\u00f3n", "ce:indexed-name": "Condon S."}, {"@seq": "4", "ce:initials": "I.", "@_fa": "true", "ce:surname": "\u00c1lvarez", "ce:indexed-name": "Alvarez I."}, {"@seq": "5", "ce:initials": "J.", "@_fa": "true", "ce:surname": "Raso", "ce:indexed-name": "Raso J."}]}, "ref-sourcetitle": "Sep. Purif. Technol."}}, {"ref-fulltext": "Noriyasu, A., Furukawa, H., Kikuchi, A., Takaichi, H., Bouteau, F., Li, X., Nishihama, S., Yoshizuka, K., Kawano, T., Use of liquefied cold temperature dimethyl ether for extraction of pigments from fresh vegetable tissues. Adv. Hortic. Sci. 29 (2015), 48\u201352.", "@id": "19", "ref-info": {"ref-publicationyear": {"@first": "2015"}, "ref-title": {"ref-titletext": "Use of liquefied cold temperature dimethyl ether for extraction of pigments from fresh vegetable tissues"}, "refd-itemidlist": {"itemid": [{"$": "bib0095", "@idtype": "FRAGMENTID"}, {"$": "84955322908", "@idtype": "SGR"}]}, "ref-volisspag": {"voliss": {"@volume": "29"}, "pagerange": {"@first": "48", "@last": "52"}}, "ref-authors": {"author": [{"@seq": "1", "ce:initials": "A.", "@_fa": "true", "ce:surname": "Noriyasu", "ce:indexed-name": "Noriyasu A."}, {"@seq": "2", "ce:initials": "H.", "@_fa": "true", "ce:surname": "Furukawa", "ce:indexed-name": "Furukawa H."}, {"@seq": "3", "ce:initials": "A.", "@_fa": "true", "ce:surname": "Kikuchi", "ce:indexed-name": "Kikuchi A."}, {"@seq": "4", "ce:initials": "H.", "@_fa": "true", "ce:surname": "Takaichi", "ce:indexed-name": "Takaichi H."}, {"@seq": "5", "ce:initials": "F.", "@_fa": "true", "ce:surname": "Bouteau", "ce:indexed-name": "Bouteau F."}, {"@seq": "6", "ce:initials": "X.", "@_fa": "true", "ce:surname": "Li", "ce:indexed-name": "Li X."}, {"@seq": "7", "ce:initials": "S.", "@_fa": "true", "ce:surname": "Nishihama", "ce:indexed-name": "Nishihama S."}, {"@seq": "8", "ce:initials": "K.", "@_fa": "true", "ce:surname": "Yoshizuka", "ce:indexed-name": "Yoshizuka K."}, {"@seq": "9", "ce:initials": "T.", "@_fa": "true", "ce:surname": "Kawano", "ce:indexed-name": "Kawano T."}]}, "ref-sourcetitle": "Adv. Hortic. Sci."}}, {"ref-fulltext": "Palumpitag, W., Prasitchoke, P., Goto, M., Shotipruk, A., Supercritical carbon dioxide extraction of marigold lutein fatty acid esters: effects of cosolvents and saponification conditions. Sep. Sci. Technol. 46 (2011), 605\u2013610.", "@id": "20", "ref-info": {"ref-publicationyear": {"@first": "2011"}, "ref-title": {"ref-titletext": "Supercritical carbon dioxide extraction of marigold lutein fatty acid esters: effects of cosolvents and saponification conditions"}, "refd-itemidlist": {"itemid": [{"$": "bib0100", "@idtype": "FRAGMENTID"}, {"$": "79952417304", "@idtype": "SGR"}]}, "ref-volisspag": {"voliss": {"@volume": "46"}, "pagerange": {"@first": "605", "@last": "610"}}, "ref-authors": {"author": [{"@seq": "1", "ce:initials": "W.", "@_fa": "true", "ce:surname": "Palumpitag", "ce:indexed-name": "Palumpitag W."}, {"@seq": "2", "ce:initials": "P.", "@_fa": "true", "ce:surname": "Prasitchoke", "ce:indexed-name": "Prasitchoke P."}, {"@seq": "3", "ce:initials": "M.", "@_fa": "true", "ce:surname": "Goto", "ce:indexed-name": "Goto M."}, {"@seq": "4", "ce:initials": "A.", "@_fa": "true", "ce:surname": "Shotipruk", "ce:indexed-name": "Shotipruk A."}]}, "ref-sourcetitle": "Sep. Sci. Technol."}}, {"ref-fulltext": "Park, J.S., Chew, B.P., Wong, T.S., Dietary lutein absorption from marigold extract is rapid in BALB/c Mice1,2,3. J. Nutr. 128 (1998), 1802\u20131806.", "@id": "21", "ref-info": {"ref-publicationyear": {"@first": "1998"}, "ref-title": {"ref-titletext": "Dietary lutein absorption from marigold extract is rapid in BALB/c Mice1,2,3"}, "refd-itemidlist": {"itemid": [{"$": "bib0105", "@idtype": "FRAGMENTID"}, {"$": "0031663454", "@idtype": "SGR"}]}, "ref-volisspag": {"voliss": {"@volume": "128"}, "pagerange": {"@first": "1802", "@last": "1806"}}, "ref-authors": {"author": [{"@seq": "1", "ce:initials": "J.S.", "@_fa": "true", "ce:surname": "Park", "ce:indexed-name": "Park J.S."}, {"@seq": "2", "ce:initials": "B.P.", "@_fa": "true", "ce:surname": "Chew", "ce:indexed-name": "Chew B.P."}, {"@seq": "3", "ce:initials": "T.S.", "@_fa": "true", "ce:surname": "Wong", "ce:indexed-name": "Wong T.S."}]}, "ref-sourcetitle": "J. Nutr."}}, {"ref-fulltext": "Prommuak, C., De-Eknamkul, W., Shotipruk, A., Extraction of flavonoids and carotenoids from Thai silk waste and antioxidant activity of extracts. Sep. Purif. Technol. 62 (2008), 444\u2013448.", "@id": "22", "ref-info": {"ref-publicationyear": {"@first": "2008"}, "ref-title": {"ref-titletext": "Extraction of flavonoids and carotenoids from Thai silk waste and antioxidant activity of extracts"}, "refd-itemidlist": {"itemid": [{"$": "bib0110", "@idtype": "FRAGMENTID"}, {"$": "50249178561", "@idtype": "SGR"}]}, "ref-volisspag": {"voliss": {"@volume": "62"}, "pagerange": {"@first": "444", "@last": "448"}}, "ref-authors": {"author": [{"@seq": "1", "ce:initials": "C.", "@_fa": "true", "ce:surname": "Prommuak", "ce:indexed-name": "Prommuak C."}, {"@seq": "2", "ce:initials": "W.", "@_fa": "true", "ce:surname": "De-Eknamkul", "ce:indexed-name": "De-Eknamkul W."}, {"@seq": "3", "ce:initials": "A.", "@_fa": "true", "ce:surname": "Shotipruk", "ce:indexed-name": "Shotipruk A."}]}, "ref-sourcetitle": "Sep. Purif. Technol."}}, {"ref-fulltext": "Shibata, S., Ishihara, C., Matsumoto, K., Improved separation method for highly purified lutein from chlorella powder using jet mill and flash column chromatography on silica gel. J. Agric. Food Chem. 52 (2004), 6283\u20136286.", "@id": "23", "ref-info": {"ref-publicationyear": {"@first": "2004"}, "ref-title": {"ref-titletext": "Improved separation method for highly purified lutein from chlorella powder using jet mill and flash column chromatography on silica gel"}, "refd-itemidlist": {"itemid": [{"$": "bib0115", "@idtype": "FRAGMENTID"}, {"$": "4744374016", "@idtype": "SGR"}]}, "ref-volisspag": {"voliss": {"@volume": "52"}, "pagerange": {"@first": "6283", "@last": "6286"}}, "ref-authors": {"author": [{"@seq": "1", "ce:initials": "S.", "@_fa": "true", "ce:surname": "Shibata", "ce:indexed-name": "Shibata S."}, {"@seq": "2", "ce:initials": "C.", "@_fa": "true", "ce:surname": "Ishihara", "ce:indexed-name": "Ishihara C."}, {"@seq": "3", "ce:initials": "K.", "@_fa": "true", "ce:surname": "Matsumoto", "ce:indexed-name": "Matsumoto K."}]}, "ref-sourcetitle": "J. Agric. Food Chem."}}, {"ref-fulltext": "Siriamornpun, S., Kaisoon, O., Meeso, N., Changes in colour, antioxidant activities and carotenoids (lycopene, \u03b2-carotene, lutein) of marigold flower (Tagetes erecta L.) resulting from different drying processes. J. Funct. Foods 4 (2012), 757\u2013766.", "@id": "24", "ref-info": {"ref-publicationyear": {"@first": "2012"}, "ref-title": {"ref-titletext": "Changes in colour, antioxidant activities and carotenoids (lycopene, \u03b2-carotene, lutein) of marigold flower (Tagetes erecta L.) resulting from different drying processes"}, "refd-itemidlist": {"itemid": [{"$": "bib0120", "@idtype": "FRAGMENTID"}, {"$": "84866172811", "@idtype": "SGR"}]}, "ref-volisspag": {"voliss": {"@volume": "4"}, "pagerange": {"@first": "757", "@last": "766"}}, "ref-authors": {"author": [{"@seq": "1", "ce:initials": "S.", "@_fa": "true", "ce:surname": "Siriamornpun", "ce:indexed-name": "Siriamornpun S."}, {"@seq": "2", "ce:initials": "O.", "@_fa": "true", "ce:surname": "Kaisoon", "ce:indexed-name": "Kaisoon O."}, {"@seq": "3", "ce:initials": "N.", "@_fa": "true", "ce:surname": "Meeso", "ce:indexed-name": "Meeso N."}]}, "ref-sourcetitle": "J. Funct. Foods"}}, {"ref-fulltext": "Skerget, M., Bezjak, M., Makovsek, K., Knez, Z., Extraction of lutein diesters from tagetes erecta using supercritical CO2and liquid propane. Acta Chim. Slov. 57 (2010), 60\u201365.", "@id": "25", "ref-info": {"ref-publicationyear": {"@first": "2010"}, "ref-title": {"ref-titletext": "Extraction of lutein diesters from tagetes erecta using supercritical CO2and liquid propane"}, "refd-itemidlist": {"itemid": [{"$": "bib0125", "@idtype": "FRAGMENTID"}, {"$": "77949765734", "@idtype": "SGR"}]}, "ref-volisspag": {"voliss": {"@volume": "57"}, "pagerange": {"@first": "60", "@last": "65"}}, "ref-authors": {"author": [{"@seq": "1", "ce:initials": "M.", "@_fa": "true", "ce:surname": "Skerget", "ce:indexed-name": "Skerget M."}, {"@seq": "2", "ce:initials": "M.", "@_fa": "true", "ce:surname": "Bezjak", "ce:indexed-name": "Bezjak M."}, {"@seq": "3", "ce:initials": "K.", "@_fa": "true", "ce:surname": "Makovsek", "ce:indexed-name": "Makovsek K."}, {"@seq": "4", "ce:initials": "Z.", "@_fa": "true", "ce:surname": "Knez", "ce:indexed-name": "Knez Z."}]}, "ref-sourcetitle": "Acta Chim. Slov."}}, {"ref-fulltext": "Tian, Y., Kijlstra, A., Webers, C.A.B., Berendschot, T.T.J.M., Lutein and factor D: two intriguing players in the field of age-related macular degeneration. Arch. Biochem. Biophys. 572 (2015), 49\u201353.", "@id": "26", "ref-info": {"ref-publicationyear": {"@first": "2015"}, "ref-title": {"ref-titletext": "Lutein and factor D: two intriguing players in the field of age-related macular degeneration"}, "refd-itemidlist": {"itemid": [{"$": "bib0130", "@idtype": "FRAGMENTID"}, {"$": "84932165285", "@idtype": "SGR"}]}, "ref-volisspag": {"voliss": {"@volume": "572"}, "pagerange": {"@first": "49", "@last": "53"}}, "ref-authors": {"author": [{"@seq": "1", "ce:initials": "Y.", "@_fa": "true", "ce:surname": "Tian", "ce:indexed-name": "Tian Y."}, {"@seq": "2", "ce:initials": "A.", "@_fa": "true", "ce:surname": "Kijlstra", "ce:indexed-name": "Kijlstra A."}, {"@seq": "3", "ce:initials": "C.A.B.", "@_fa": "true", "ce:surname": "Webers", "ce:indexed-name": "Webers C.A.B."}, {"@seq": "4", "ce:initials": "T.T.J.M.", "@_fa": "true", "ce:surname": "Berendschot", "ce:indexed-name": "Berendschot T.T.J.M."}]}, "ref-sourcetitle": "Arch. Biochem. Biophys."}}, {"ref-fulltext": "Vechpanich, J., Shotipruk, A., Recovery of free lutein from Tagetes erecta: determination of suitable saponification and crystallization conditions. Sep. Sci. Technol. 46 (2010), 265\u2013271.", "@id": "27", "ref-info": {"ref-publicationyear": {"@first": "2010"}, "ref-title": {"ref-titletext": "Recovery of free lutein from Tagetes erecta: determination of suitable saponification and crystallization conditions"}, "refd-itemidlist": {"itemid": [{"$": "bib0135", "@idtype": "FRAGMENTID"}, {"$": "78751619892", "@idtype": "SGR"}]}, "ref-volisspag": {"voliss": {"@volume": "46"}, "pagerange": {"@first": "265", "@last": "271"}}, "ref-authors": {"author": [{"@seq": "1", "ce:initials": "J.", "@_fa": "true", "ce:surname": "Vechpanich", "ce:indexed-name": "Vechpanich J."}, {"@seq": "2", "ce:initials": "A.", "@_fa": "true", "ce:surname": "Shotipruk", "ce:indexed-name": "Shotipruk A."}]}, "ref-sourcetitle": "Sep. Sci. Technol."}}, {"ref-fulltext": "Wang, T., Han, J., Tian, Y., Zhang, D., Wang, Y., Wu, Y., Ni, L., Combined process of reaction, extraction, and purification of lutein in marigold flower by isopropanol\u2013KOH aqueous two-phase system. Sep. Sci. Technol. 51 (2016), 1490\u20131498.", "@id": "28", "ref-info": {"ref-publicationyear": {"@first": "2016"}, "ref-title": {"ref-titletext": "Combined process of reaction, extraction, and purification of lutein in marigold flower by isopropanol\u2013KOH aqueous two-phase system"}, "refd-itemidlist": {"itemid": [{"$": "bib0140", "@idtype": "FRAGMENTID"}, {"$": "84966713504", "@idtype": "SGR"}]}, "ref-volisspag": {"voliss": {"@volume": "51"}, "pagerange": {"@first": "1490", "@last": "1498"}}, "ref-authors": {"author": [{"@seq": "1", "ce:initials": "T.", "@_fa": "true", "ce:surname": "Wang", "ce:indexed-name": "Wang T."}, {"@seq": "2", "ce:initials": "J.", "@_fa": "true", "ce:surname": "Han", "ce:indexed-name": "Han J."}, {"@seq": "3", "ce:initials": "Y.", "@_fa": "true", "ce:surname": "Tian", "ce:indexed-name": "Tian Y."}, {"@seq": "4", "ce:initials": "D.", "@_fa": "true", "ce:surname": "Zhang", "ce:indexed-name": "Zhang D."}, {"@seq": "5", "ce:initials": "Y.", "@_fa": "true", "ce:surname": "Wang", "ce:indexed-name": "Wang Y."}, {"@seq": "6", "ce:initials": "Y.", "@_fa": "true", "ce:surname": "Wu", "ce:indexed-name": "Wu Y."}, {"@seq": "7", "ce:initials": "L.", "@_fa": "true", "ce:surname": "Ni", "ce:indexed-name": "Ni L."}]}, "ref-sourcetitle": "Sep. Sci. Technol."}}]}}}}, "affiliation": [{"affiliation-city": "Bangkok", "@id": "60028190", "affilname": "Chulalongkorn University", "@href": "https://api.elsevier.com/content/affiliation/affiliation_id/60028190", "affiliation-country": "Thailand"}, {"affiliation-city": "Pitsanulok", "@id": "60022498", "affilname": "Naresuan University", "@href": "https://api.elsevier.com/content/affiliation/affiliation_id/60022498", "affiliation-country": "Thailand"}], "coredata": {"srctype": "j", "eid": "2-s2.0-85032026998", "dc:description": "Extraction of xanthophylls from marigold flowers using liquefied dimethyl ether (DME) was investigated. The most suitable DME extraction condition was found to be 33:0.5 (w/w) DME to dried marigold flowers ratio and at 35 \u00b0C, giving 20.65 mg of total xanthophylls/g of dried marigold flowers. Following extraction, the suitable de-esterification conditions to convert the extracted lutein fatty acid ester (the major compound in xanthophylls) to free lutein, a more bio-available form, were determined to be 2.5%w/v KOH\u2013EtOH, at 35 \u00b0C for 4 h. While employing the most suitable conditions in each of the two steps gave favorable free lutein yield (16.65 mg free lutein/g dried marigold flowers), a one-step process in which simultaneous extraction and de-esterification carried out at the most suitable condition: the DME to dried marigold flowers ratio 33:0.5 (w/w), EtOH to dried marigold flowers ratio 10:0.5, 5% KOH\u2013EtOH concentration, at 35 \u00b0C for 1 h, could lead to about 20% improvement (20.71 mg free lutein/g dried marigold flowers). Furthermore, the results from this study suggested that wet marigold samples could possibly be used both in the DME extraction for xanthophylls and in the simultaneous process to obtain free lutein.", "prism:coverDate": "2017-11-01", "prism:aggregationType": "Journal", "prism:url": "https://api.elsevier.com/content/abstract/scopus_id/85032026998", "dc:creator": {"author": [{"ce:given-name": "Panatpong", "preferred-name": {"ce:given-name": "Panatpong", "ce:initials": "P.", "ce:surname": "Boonnoun", "ce:indexed-name": "Boonnoun P."}, "@seq": "1", "ce:initials": "P.", "@_fa": "true", "affiliation": {"@id": "60022498", "@href": "https://api.elsevier.com/content/affiliation/affiliation_id/60022498"}, "ce:surname": "Boonnoun", "@auid": "35742804700", "author-url": "https://api.elsevier.com/content/author/author_id/35742804700", "ce:indexed-name": "Boonnoun P."}]}, "link": [{"@_fa": "true", "@rel": "self", "@href": "https://api.elsevier.com/content/abstract/scopus_id/85032026998"}, {"@_fa": "true", "@rel": "scopus", "@href": "https://www.scopus.com/inward/record.uri?partnerID=HzOxMe3b&scp=85032026998&origin=inward"}, {"@_fa": "true", "@rel": "scopus-citedby", "@href": "https://www.scopus.com/inward/citedby.uri?partnerID=HzOxMe3b&scp=85032026998&origin=inward"}], "source-id": "15627", "pii": "S096030851730127X", "citedby-count": "23", "prism:volume": "106", "subtype": "ar", "dc:title": "Production of free lutein by simultaneous extraction and de-esterification of marigold flowers in liquefied dimethyl ether (DME)\u2013KOH\u2013EtOH mixture", "openaccess": "0", "prism:issn": "09603085", "publishercopyright": "\u00a9 2017 Institution of Chemical Engineers", "subtypeDescription": "Article", "prism:publicationName": "Food and Bioproducts Processing", "prism:pageRange": "193-200", "prism:endingPage": "200", "openaccessFlag": "false", "prism:doi": "10.1016/j.fbp.2017.10.002", "prism:startingPage": "193", "dc:identifier": "SCOPUS_ID:85032026998", "dc:publisher": "Institution of Chemical Engineers"}, "idxterms": {"mainterm": [{"$": "Dimethyl ethers", "@weight": "b", "@candidate": "n"}, {"$": "Extraction conditions", "@weight": "b", "@candidate": "n"}, {"$": "Fatty acid esters", "@weight": "b", "@candidate": "n"}, {"$": "Lutein", "@weight": "b", "@candidate": "n"}, {"$": "Marigold flowers", "@weight": "b", "@candidate": "n"}, {"$": "One-step process", "@weight": "b", "@candidate": "n"}, {"$": "Simultaneous extractions", "@weight": "b", "@candidate": "n"}, {"$": "Suitable conditions", "@weight": "b", "@candidate": "n"}]}, "language": {"@xml:lang": "eng"}, "authkeywords": {"author-keyword": [{"@_fa": "true", "$": "De-esterification"}, {"@_fa": "true", "$": "Liquefied dimethyl ether"}, {"@_fa": "true", "$": "Lutein"}, {"@_fa": "true", "$": "Marigold flowers"}, {"@_fa": "true", "$": "Simultaneous process"}, {"@_fa": "true", "$": "Solvent extraction"}]}, "subject-areas": {"subject-area": [{"@_fa": "true", "$": "Biotechnology", "@code": "1305", "@abbrev": "BIOC"}, {"@_fa": "true", "$": "Food Science", "@code": "1106", "@abbrev": "AGRI"}, {"@_fa": "true", "$": "Biochemistry", "@code": "1303", "@abbrev": "BIOC"}, {"@_fa": "true", "$": "Chemical Engineering (all)", "@code": "1500", "@abbrev": "CENG"}]}, "authors": {"author": [{"ce:given-name": "Panatpong", "preferred-name": {"ce:given-name": "Panatpong", "ce:initials": "P.", "ce:surname": "Boonnoun", "ce:indexed-name": "Boonnoun P."}, "@seq": "1", "ce:initials": "P.", "@_fa": "true", "affiliation": {"@id": "60022498", "@href": "https://api.elsevier.com/content/affiliation/affiliation_id/60022498"}, "ce:surname": "Boonnoun", "@auid": "35742804700", "author-url": "https://api.elsevier.com/content/author/author_id/35742804700", "ce:indexed-name": "Boonnoun P."}, {"ce:given-name": "Pemika", "preferred-name": {"ce:given-name": "Pemika", "ce:initials": "P.", "ce:surname": "Tunyasitikun", "ce:indexed-name": "Tunyasitikun P."}, "@seq": "2", "ce:initials": "P.", "@_fa": "true", "affiliation": {"@id": "60028190", "@href": "https://api.elsevier.com/content/affiliation/affiliation_id/60028190"}, "ce:surname": "Tunyasitikun", "@auid": "57196150192", "author-url": "https://api.elsevier.com/content/author/author_id/57196150192", "ce:indexed-name": "Tunyasitikun P."}, {"ce:given-name": "Weerawat", "preferred-name": {"ce:given-name": "Weerawat", "ce:initials": "W.", "ce:surname": "Clowutimon", "ce:indexed-name": "Clowutimon W."}, "@seq": "3", "ce:initials": "W.", "@_fa": "true", "affiliation": {"@id": "60028190", "@href": "https://api.elsevier.com/content/affiliation/affiliation_id/60028190"}, "ce:surname": "Clowutimon", "@auid": "44461118100", "author-url": "https://api.elsevier.com/content/author/author_id/44461118100", "ce:indexed-name": "Clowutimon W."}, {"ce:given-name": "Artiwan", "preferred-name": {"ce:given-name": "Artiwan", "ce:initials": "A.", "ce:surname": "Shotipruk", "ce:indexed-name": "Shotipruk A."}, "@seq": "4", "ce:initials": "A.", "@_fa": "true", "affiliation": {"@id": "60028190", "@href": "https://api.elsevier.com/content/affiliation/affiliation_id/60028190"}, "ce:surname": "Shotipruk", "@auid": "6508068779", "author-url": "https://api.elsevier.com/content/author/author_id/6508068779", "ce:indexed-name": "Shotipruk A."}]}}}