{"abstracts-retrieval-response": {"item": {"ait:process-info": {"ait:status": {"@state": "update", "@type": "core", "@stage": "S300"}, "ait:date-delivered": {"@day": "17", "@timestamp": "2021-09-17T15:59:36.000036-04:00", "@year": "2021", "@month": "09"}, "ait:date-sort": {"@day": "01", "@year": "2017", "@month": "11"}}, "xocs:meta": {"xocs:funding-list": {"@pui-match": "primary", "@has-funding-info": "1", "xocs:funding-addon-generated-timestamp": "2017-10-25T05:37:00.348Z", "xocs:funding-addon-type": "http://vtw.elsevier.com/data/voc/AddOnTypes/50.7/nlp"}}, "bibrecord": {"head": {"author-group": [{"affiliation": {"country": "Thailand", "@afid": "60008786", "@country": "tha", "city": "Bangkok", "organization": [{"$": "The Joint Graduate School of Energy and Environment"}, {"$": "Centre of Excellence on Energy Technology and Environment"}, {"$": "King Mongkut\u2019s University of Technology Thonburi"}], "affiliation-id": {"@afid": "60008786"}}, "author": [{"ce:given-name": "Shabbir H.", "preferred-name": {"ce:given-name": "Shabbir H.", "ce:initials": "S.H.", "ce:surname": "Gheewala", "ce:indexed-name": "Gheewala S.H."}, "@seq": "1", "ce:initials": "S.H.", "@_fa": "true", "@type": "auth", "ce:surname": "Gheewala", "@auid": "6602264724", "@orcid": "0000-0002-4300-1551", "ce:indexed-name": "Gheewala S.H."}, {"ce:given-name": "Thapat", "preferred-name": {"ce:given-name": "Thapat", "ce:initials": "T.", "ce:surname": "Silalertruksa", "ce:indexed-name": "Silalertruksa T."}, "@seq": "2", "ce:initials": "T.", "@_fa": "true", "@type": "auth", "ce:surname": "Silalertruksa", "@auid": "26636010200", "ce:indexed-name": "Silalertruksa T."}]}, {"affiliation": {"country": "Thailand", "@afid": "60028190", "@country": "tha", "city": "Bangkok", "organization": [{"$": "The Petroleum and Petrochemical College"}, {"$": "Chulalongkorn University"}], "affiliation-id": {"@afid": "60028190", "@dptid": "104425762"}, "@dptid": "104425762"}, "author": [{"ce:given-name": "Pomthong", "preferred-name": {"ce:given-name": "Pomthong", "ce:initials": "P.", "ce:surname": "Malakul", "ce:indexed-name": "Malakul P."}, "@seq": "3", "ce:initials": "P.", "@date-locked": "2019-11-06T04:47:41.692", "@_fa": "true", "@type": "auth", "ce:surname": "Malakul", "@auid": "55911593000", "ce:indexed-name": "Malakul P."}]}, {"affiliation": {"country": "Thailand", "@afid": "60012718", "@country": "tha", "city": "Nakhon Pathom", "organization": [{"$": "Department of Civil and Environmental Engineering"}, {"$": "Mahidol University"}], "affiliation-id": {"@afid": "60012718", "@dptid": "112601406"}, "@dptid": "112601406"}, "author": [{"ce:given-name": "Trakarn", "preferred-name": {"ce:given-name": "Trakarn", "ce:initials": "T.", "ce:surname": "Prapaspongsa", "ce:indexed-name": "Prapaspongsa T."}, "@seq": "4", "ce:initials": "T.", "@_fa": "true", "@type": "auth", "ce:surname": "Prapaspongsa", "@auid": "25923069700", "ce:indexed-name": "Prapaspongsa T."}]}], "citation-title": "Preface", "abstracts": null, "correspondence": {"affiliation": {"country": "Thailand", "@country": "tha", "city": "Bangkok", "organization": [{"$": "The Joint Graduate School of Energy and Environment"}, {"$": "Centre of Excellence on Energy Technology and Environment"}, {"$": "King Mongkut\u2019s University of Technology Thonburi"}]}, "person": {"ce:given-name": "Shabbir H.", "ce:initials": "S.H.", "ce:surname": "Gheewala", "ce:indexed-name": "Gheewala S.H."}}, "citation-info": {"citation-type": {"@code": "ed"}, "citation-language": {"@language": "English", "@xml:lang": "eng"}}, "source": {"website": {"ce:e-address": {"$": "http://www.springerlink.com/content/0948-3349", "@type": "email"}}, "translated-sourcetitle": {"$": "International Journal of Life Cycle Assessment", "@xml:lang": "eng"}, "volisspag": {"voliss": {"@volume": "22", "@issue": "11"}, "pagerange": {"@first": "1641", "@last": "1643"}}, "@type": "j", "sourcetitle": "International Journal of Life Cycle Assessment", "publicationdate": {"month": "11", "year": "2017", "date-text": {"@xfab-added": "true", "$": "1 November 2017"}, "day": "01"}, "codencode": "IJLCF", "sourcetitle-abbrev": "Int. J. Life Cycle Assess.", "@country": "deu", "issn": [{"$": "16147502", "@type": "electronic"}, {"$": "09483349", "@type": "print"}], "publicationyear": {"@first": "2017"}, "publisher": {"publishername": "Springer Verlag", "ce:e-address": {"$": "service@springer.de", "@type": "email"}}, "@srcid": "23271"}, "enhancement": {"classificationgroup": {"classifications": [{"@type": "EMCLASS", "classification": {"classification-code": "46", "classification-description": "Environmental Health and Pollution Control"}}, {"@type": "ASJC", "classification": "2300"}, {"@type": "SUBJABBR", "classification": "ENVI"}]}}}, "item-info": {"copyright": {"$": "Copyright 2017 Elsevier B.V., All rights reserved.", "@type": "Elsevier"}, "dbcollection": [{"$": "EMBASE"}, {"$": "EMBIO"}, {"$": "REAXYSCAR"}, {"$": "RMC"}, {"$": "SCOPUS"}, {"$": "Scopusbase"}], "history": {"date-created": {"@day": "21", "@timestamp": "BST 10:35:39", "@year": "2017", "@month": "10"}}, "itemidlist": {"itemid": [{"$": "618734932", "@idtype": "PUI"}, {"$": "742475199", "@idtype": "CAR-ID"}, {"$": "20170723692", "@idtype": "EMBASE"}, {"$": "2017248958", "@idtype": "EMBIO"}, {"$": "20171812825", "@idtype": "REAXYSCAR"}, {"$": "2017291975", "@idtype": "RMC"}, {"$": "20170691790", "@idtype": "SCOPUS"}, {"$": "85031277030", "@idtype": "SCP"}, {"$": "85031277030", "@idtype": "SGR"}], "ce:doi": "10.1007/s11367-017-1397-5"}}, "tail": {"bibliography": {"@refcount": "26", "reference": [{"ref-fulltext": "Arvizu-Pi\u00f1a VA, Burgos AC (2017) Promoting sustainability in Mexico's building sector via environmental product declarations. Int J Life Cycle Assess. https://doi.org/10.1007/s11367-017-1269-z (this issue)", "@id": "1", "ref-info": {"ref-publicationyear": {"@first": "2017"}, "ref-website": {"ce:e-address": {"$": "https://doi.org/10.1007/s11367-017-1269-z", "@type": "email"}}, "refd-itemidlist": {"itemid": [{"$": "CR1", "@idtype": "FRAGMENTID"}, {"$": "85011824600", "@idtype": "SGR"}]}, "ref-text": "Int J Life Cycle Assess", "ref-authors": {"author": [{"@seq": "1", "ce:initials": "V.A.", "@_fa": "true", "ce:surname": "Arvizu-Pi\u00f1a", "ce:indexed-name": "Arvizu-Pina V.A."}, {"@seq": "2", "ce:initials": "A.C.", "@_fa": "true", "ce:surname": "Burgos", "ce:indexed-name": "Burgos A.C."}]}, "ref-sourcetitle": "Promoting sustainability in Mexico's building sector via environmental product declarations"}}, {"ref-fulltext": "Balanay RM, Halog A (2017) Promoting life cycle thinking for sustainability in the mining sector of the Philippines. Int J Life Cycle Assess. https://doi.org/10.1007/s11367-016-1105-x (this issue)", "@id": "2", "ref-info": {"ref-publicationyear": {"@first": "2017"}, "ref-website": {"ce:e-address": {"$": "https://doi.org/10.1007/s11367-016-1105-x", "@type": "email"}}, "refd-itemidlist": {"itemid": [{"$": "CR2", "@idtype": "FRAGMENTID"}, {"$": "84964066869", "@idtype": "SGR"}]}, "ref-text": "Int J Life Cycle Assess", "ref-authors": {"author": [{"@seq": "1", "ce:initials": "R.M.", "@_fa": "true", "ce:surname": "Balanay", "ce:indexed-name": "Balanay R.M."}, {"@seq": "2", "ce:initials": "A.", "@_fa": "true", "ce:surname": "Halog", "ce:indexed-name": "Halog A."}]}, "ref-sourcetitle": "Promoting life cycle thinking for sustainability in the mining sector of the Philippines"}}, {"ref-fulltext": "Bhochhibhoya S, Pizzol M, Achten WMJ, Maskey RK, Zanetti M, Cavalli R (2017) Comparative life cycle assessment and life cycle costing of lodging in the Himalaya. Int J Life Cycle Assess. https://doi.org/10.1007/s11367-016-1212-8 (this issue)", "@id": "3", "ref-info": {"ref-publicationyear": {"@first": "2017"}, "ref-website": {"ce:e-address": {"$": "https://doi.org/10.1007/s11367-016-1212-8", "@type": "email"}}, "refd-itemidlist": {"itemid": [{"$": "CR3", "@idtype": "FRAGMENTID"}, {"$": "84992730929", "@idtype": "SGR"}]}, "ref-text": "Int J Life Cycle Assess", "ref-authors": {"author": [{"@seq": "1", "ce:initials": "S.", "@_fa": "true", "ce:surname": "Bhochhibhoya", "ce:indexed-name": "Bhochhibhoya S."}, {"@seq": "2", "ce:initials": "M.", "@_fa": "true", "ce:surname": "Pizzol", "ce:indexed-name": "Pizzol M."}, {"@seq": "3", "ce:initials": "W.M.J.", "@_fa": "true", "ce:surname": "Achten", "ce:indexed-name": "Achten W.M.J."}, {"@seq": "4", "ce:initials": "R.K.", "@_fa": "true", "ce:surname": "Maskey", "ce:indexed-name": "Maskey R.K."}, {"@seq": "5", "ce:initials": "M.", "@_fa": "true", "ce:surname": "Zanetti", "ce:indexed-name": "Zanetti M."}, {"@seq": "6", "ce:initials": "R.", "@_fa": "true", "ce:surname": "Cavalli", "ce:indexed-name": "Cavalli R."}]}, "ref-sourcetitle": "Comparative life cycle assessment and life cycle costing of lodging in the Himalaya"}}, {"ref-fulltext": "Bunchai A, Suttinun O, H-Kittikun A, Musikavong C (2017) Life cycle greenhouse gas emissions of palm oil production by wet and dry extraction processes in Thailand. Int J Life Cycle Assess. https://doi.org/10.1007/s11367-016-1232-4 (this issue)", "@id": "4", "ref-info": {"ref-publicationyear": {"@first": "2017"}, "ref-website": {"ce:e-address": {"$": "https://doi.org/10.1007/s11367-016-1232-4", "@type": "email"}}, "refd-itemidlist": {"itemid": [{"$": "CR4", "@idtype": "FRAGMENTID"}, {"$": "84996671008", "@idtype": "SGR"}]}, "ref-text": "Int J Life Cycle Assess", "ref-authors": {"author": [{"@seq": "1", "ce:initials": "A.", "@_fa": "true", "ce:surname": "Bunchai", "ce:indexed-name": "Bunchai A."}, {"@seq": "2", "ce:initials": "O.", "@_fa": "true", "ce:surname": "Suttinun", "ce:indexed-name": "Suttinun O."}, {"@seq": "3", "ce:initials": "A.", "@_fa": "true", "ce:surname": "H-Kittikun", "ce:indexed-name": "H-Kittikun A."}, {"@seq": "4", "ce:initials": "C.", "@_fa": "true", "ce:surname": "Musikavong", "ce:indexed-name": "Musikavong C."}]}, "ref-sourcetitle": "Life cycle greenhouse gas emissions of palm oil production by wet and dry extraction processes in Thailand"}}, {"ref-fulltext": "Chomkhamsri K, Mungcharoen T, Yuvaniyama C (2017) 10-year experience with the Thai national LCI database: case study of \u201crefinery products\u201d. Int J Life Cycle Assess. https://doi.org/10.1007/s11367-016-1160-3 (this issue)", "@id": "5", "ref-info": {"ref-publicationyear": {"@first": "2017"}, "ref-website": {"ce:e-address": {"$": "https://doi.org/10.1007/s11367-016-1160-3", "@type": "email"}}, "refd-itemidlist": {"itemid": [{"$": "CR5", "@idtype": "FRAGMENTID"}, {"$": "84978864211", "@idtype": "SGR"}]}, "ref-text": "Int J Life Cycle Assess", "ref-authors": {"author": [{"@seq": "1", "ce:initials": "K.", "@_fa": "true", "ce:surname": "Chomkhamsri", "ce:indexed-name": "Chomkhamsri K."}, {"@seq": "2", "ce:initials": "T.", "@_fa": "true", "ce:surname": "Mungcharoen", "ce:indexed-name": "Mungcharoen T."}, {"@seq": "3", "ce:initials": "C.", "@_fa": "true", "ce:surname": "Yuvaniyama", "ce:indexed-name": "Yuvaniyama C."}]}, "ref-sourcetitle": "10-year experience with the Thai national LCI database: case study of \u201crefinery products"}}, {"ref-fulltext": "Gheewala SH (2012) Challenges for LCA in the agri-food sector, perspectives from Thailand and Southeast Asia. In proceedings of the 8th International Conference on Life Cycle Assessment in the Agri-Food Sector (LCA Food 2012), Saint Malo, France, 1\u20134 October 2012, pp 26\u201330", "@id": "6", "ref-info": {"ref-publicationyear": {"@first": "2012"}, "refd-itemidlist": {"itemid": [{"$": "CR6", "@idtype": "FRAGMENTID"}, {"$": "85031307903", "@idtype": "SGR"}]}, "ref-authors": {"author": [{"@seq": "1", "ce:initials": "S.H.", "@_fa": "true", "ce:surname": "Gheewala", "ce:indexed-name": "Gheewala S.H."}]}, "ref-sourcetitle": "Challenges for LCA in the agri-food sector, perspectives from Thailand and Southeast Asia. In proceedings of the 8th International Conference on Life Cycle Assessment in the Agri-Food Sector (LCA Food 2012), Saint Malo, France, 1\u20134 October 2012, pp 26\u201330"}}, {"ref-fulltext": "Gheewala SH, Mungcharoen T (2017) Perspectives on life cycle assessment application and research in Thailand. Indones J Life Cycle Assess Sustain 1(1):8\u201312", "@id": "7", "ref-info": {"ref-publicationyear": {"@first": "2017"}, "ref-title": {"ref-titletext": "Perspectives on life cycle assessment application and research in Thailand"}, "refd-itemidlist": {"itemid": [{"$": "CR7", "@idtype": "FRAGMENTID"}, {"$": "85031298642", "@idtype": "SGR"}]}, "ref-volisspag": {"voliss": {"@volume": "1", "@issue": "1"}, "pagerange": {"@first": "8", "@last": "12"}}, "ref-authors": {"author": [{"@seq": "1", "ce:initials": "S.H.", "@_fa": "true", "ce:surname": "Gheewala", "ce:indexed-name": "Gheewala S.H."}, {"@seq": "2", "ce:initials": "T.", "@_fa": "true", "ce:surname": "Mungcharoen", "ce:indexed-name": "Mungcharoen T."}]}, "ref-sourcetitle": "Indones J Life Cycle Assess Sustain"}}, {"ref-fulltext": "Hassanain EM, Yacout DMM, Metwally MA, Hassouna MS (2017) Life cycle assessment of waste strategies for used lubricating oil. Int J Life Cycle Assess 22(8):1232\u20131240", "@id": "8", "ref-info": {"ref-publicationyear": {"@first": "2017"}, "ref-title": {"ref-titletext": "Life cycle assessment of waste strategies for used lubricating oil"}, "refd-itemidlist": {"itemid": [{"$": "10.1007/s11367-016-1255-x", "@idtype": "DOI"}, {"$": "CR8", "@idtype": "FRAGMENTID"}, {"$": "85007414198", "@idtype": "SGR"}]}, "ref-volisspag": {"voliss": {"@volume": "22", "@issue": "8"}, "pagerange": {"@first": "1232", "@last": "1240"}}, "ref-text": "COI: 1:CAS:528:DC%2BC2sXktVQ%3D", "ref-authors": {"author": [{"@seq": "1", "ce:initials": "E.M.", "@_fa": "true", "ce:surname": "Hassanain", "ce:indexed-name": "Hassanain E.M."}, {"@seq": "2", "ce:initials": "D.M.M.", "@_fa": "true", "ce:surname": "Yacout", "ce:indexed-name": "Yacout D.M.M."}, {"@seq": "3", "ce:initials": "M.A.", "@_fa": "true", "ce:surname": "Metwally", "ce:indexed-name": "Metwally M.A."}, {"@seq": "4", "ce:initials": "M.S.", "@_fa": "true", "ce:surname": "Hassouna", "ce:indexed-name": "Hassouna M.S."}]}, "ref-sourcetitle": "Int J Life Cycle Assess"}}, {"ref-fulltext": "IEA (2013) Energy Technology R&D Needs of Emerging Economies: Experts\u2019 Group on R&D Priority setting and Evaluation Workshop, Beijing, China, 28\u201329 November 2012. OECD/IEA 2013", "@id": "9", "ref-info": {"ref-publicationyear": {"@first": "2013"}, "ref-title": {"ref-titletext": "Energy Technology R&D Needs of Emerging Economies: Experts\u2019 Group on R&D Priority setting and Evaluation Workshop, Beijing, China, 28\u201329 November 2012"}, "refd-itemidlist": {"itemid": [{"$": "CR9", "@idtype": "FRAGMENTID"}, {"$": "85031304666", "@idtype": "SGR"}]}, "ref-volisspag": {"voliss": {"@volume": "2013"}}, "ref-authors": {"collaboration": {"@seq": "1", "ce:text": "IEA", "ce:indexed-name": "IEA"}}, "ref-sourcetitle": "OECD/IEA"}}, {"ref-fulltext": "Kaenchan P, Gheewala SH (2017) Budget constraint and the valuation of environmental impacts in Thailand. Int J Life Cycle Assess. https://doi.org/10.1007/s11367-016-1210-x (this issue)", "@id": "10", "ref-info": {"ref-publicationyear": {"@first": "2017"}, "ref-website": {"ce:e-address": {"$": "https://doi.org/10.1007/s11367-016-1210-x", "@type": "email"}}, "refd-itemidlist": {"itemid": [{"$": "CR10", "@idtype": "FRAGMENTID"}, {"$": "84991571402", "@idtype": "SGR"}]}, "ref-text": "Int J Life Cycle Assess", "ref-authors": {"author": [{"@seq": "1", "ce:initials": "P.", "@_fa": "true", "ce:surname": "Kaenchan", "ce:indexed-name": "Kaenchan P."}, {"@seq": "2", "ce:initials": "S.H.", "@_fa": "true", "ce:surname": "Gheewala", "ce:indexed-name": "Gheewala S.H."}]}, "ref-sourcetitle": "Budget constraint and the valuation of environmental impacts in Thailand"}}, {"ref-fulltext": "Khonpikul S, Jakrawatana N, Sangkaew P, Gheewala SH (2017) Resource use and improvement strategy analysis of the livestock and feed production supply chain in Thailand. Int J Life Cycle Assess. https://doi.org/10.1007/s11367-016-1210-x (this issue)", "@id": "11", "ref-info": {"ref-publicationyear": {"@first": "2017"}, "ref-website": {"ce:e-address": {"$": "https://doi.org/10.1007/s11367-016-1210-x", "@type": "email"}}, "refd-itemidlist": {"itemid": [{"$": "CR11", "@idtype": "FRAGMENTID"}, {"$": "85024501054", "@idtype": "SGR"}]}, "ref-text": "Int J Life Cycle Assess", "ref-authors": {"author": [{"@seq": "1", "ce:initials": "S.", "@_fa": "true", "ce:surname": "Khonpikul", "ce:indexed-name": "Khonpikul S."}, {"@seq": "2", "ce:initials": "N.", "@_fa": "true", "ce:surname": "Jakrawatana", "ce:indexed-name": "Jakrawatana N."}, {"@seq": "3", "ce:initials": "P.", "@_fa": "true", "ce:surname": "Sangkaew", "ce:indexed-name": "Sangkaew P."}, {"@seq": "4", "ce:initials": "S.H.", "@_fa": "true", "ce:surname": "Gheewala", "ce:indexed-name": "Gheewala S.H."}]}, "ref-sourcetitle": "Resource use and improvement strategy analysis of the livestock and feed production supply chain in Thailand"}}, {"ref-fulltext": "Magalini VMZ, Luz SM, Caldeira-Pires A, Machado FS, Silveira CM (2017) Life cycle assessment of biodiesel production from beef tallow in Brazil. Int J Life Cycle Assess. https://doi.org/10.1007/s11367-017-1396-6 (this issue)", "@id": "12", "ref-info": {"ref-publicationyear": {"@first": "2017"}, "ref-website": {"ce:e-address": {"$": "https://doi.org/10.1007/s11367-017-1396-6", "@type": "email"}}, "refd-itemidlist": {"itemid": [{"$": "CR12", "@idtype": "FRAGMENTID"}, {"$": "85029750264", "@idtype": "SGR"}]}, "ref-text": "Int J Life Cycle Assess", "ref-authors": {"author": [{"@seq": "1", "ce:initials": "V.M.Z.", "@_fa": "true", "ce:surname": "Magalini", "ce:indexed-name": "Magalini V.M.Z."}, {"@seq": "2", "ce:initials": "S.M.", "@_fa": "true", "ce:surname": "Luz", "ce:indexed-name": "Luz S.M."}, {"@seq": "3", "ce:initials": "A.", "@_fa": "true", "ce:surname": "Caldeira-Pires", "ce:indexed-name": "Caldeira-Pires A."}, {"@seq": "4", "ce:initials": "F.S.", "@_fa": "true", "ce:surname": "Machado", "ce:indexed-name": "Machado F.S."}, {"@seq": "5", "ce:initials": "C.M.", "@_fa": "true", "ce:surname": "Silveira", "ce:indexed-name": "Silveira C.M."}]}, "ref-sourcetitle": "Life cycle assessment of biodiesel production from beef tallow in Brazil"}}, {"ref-fulltext": "Medeiros DL, do Carmo Tavares AO, Rap\u00f4so AL, Kiperstok A (2017) Life cycle assessment in the furniture industry: the case study of an office cabinet. Int J Life Cycle Assess. https://doi.org/10.1007/s11367-017-1370-3 (this issue)", "@id": "13", "ref-info": {"ref-publicationyear": {"@first": "2017"}, "ref-website": {"ce:e-address": {"$": "https://doi.org/10.1007/s11367-017-1370-3", "@type": "email"}}, "ref-title": {"ref-titletext": "Life cycle assessment in the furniture industry: the case study of an office cabinet"}, "refd-itemidlist": {"itemid": [{"$": "CR13", "@idtype": "FRAGMENTID"}, {"$": "85027507625", "@idtype": "SGR"}]}, "ref-text": "this issue", "ref-authors": {"author": [{"@seq": "1", "ce:initials": "D.L.", "@_fa": "true", "ce:surname": "Medeiros", "ce:indexed-name": "Medeiros D.L."}, {"@seq": "2", "ce:initials": "A.O.", "@_fa": "true", "ce:surname": "do Carmo Tavares", "ce:indexed-name": "do Carmo Tavares A.O."}, {"@seq": "3", "ce:initials": "A.L.", "@_fa": "true", "ce:surname": "Rap\u00f4so", "ce:indexed-name": "Raposo A.L."}, {"@seq": "4", "ce:initials": "A.", "@_fa": "true", "ce:surname": "Kiperstok", "ce:indexed-name": "Kiperstok A."}]}, "ref-sourcetitle": "Int J Life Cycle Assess"}}, {"ref-fulltext": "Nilsalab P, Gheewala SH, Mungkung R, Perret SR, Silalertruksa T, Bonnet S (2017) Water demand and stress from oil palm based biodiesel production in Thailand. Int J Life Cycle Assess. https://doi.org/10.1007/s11367-016-1213-7 (this issue)", "@id": "14", "ref-info": {"ref-publicationyear": {"@first": "2017"}, "ref-website": {"ce:e-address": {"$": "https://doi.org/10.1007/s11367-016-1213-7", "@type": "email"}}, "refd-itemidlist": {"itemid": [{"$": "CR14", "@idtype": "FRAGMENTID"}, {"$": "84994222169", "@idtype": "SGR"}]}, "ref-text": "Int J Life Cycle Assess", "ref-authors": {"author": [{"@seq": "1", "ce:initials": "P.", "@_fa": "true", "ce:surname": "Nilsalab", "ce:indexed-name": "Nilsalab P."}, {"@seq": "2", "ce:initials": "S.H.", "@_fa": "true", "ce:surname": "Gheewala", "ce:indexed-name": "Gheewala S.H."}, {"@seq": "3", "ce:initials": "R.", "@_fa": "true", "ce:surname": "Mungkung", "ce:indexed-name": "Mungkung R."}, {"@seq": "4", "ce:initials": "S.R.", "@_fa": "true", "ce:surname": "Perret", "ce:indexed-name": "Perret S.R."}, {"@seq": "5", "ce:initials": "T.", "@_fa": "true", "ce:surname": "Silalertruksa", "ce:indexed-name": "Silalertruksa T."}, {"@seq": "6", "ce:initials": "S.", "@_fa": "true", "ce:surname": "Bonnet", "ce:indexed-name": "Bonnet S."}]}, "ref-sourcetitle": "Water demand and stress from oil palm based biodiesel production in Thailand"}}, {"ref-fulltext": "Pingmuanglek P, Jakrawatana N, Gheewala SH (2017) Freshwater use analysis of cassava for food feed fuel in the Mun River Basin. Int J Life Cycle Assess. https://doi.org/10.1007/s11367-017-1286-y (this issue)", "@id": "15", "ref-info": {"ref-publicationyear": {"@first": "2017"}, "ref-website": {"ce:e-address": {"$": "https://doi.org/10.1007/s11367-017-1286-y", "@type": "email"}}, "refd-itemidlist": {"itemid": [{"$": "CR15", "@idtype": "FRAGMENTID"}, {"$": "85015758575", "@idtype": "SGR"}]}, "ref-text": "Int J Life Cycle Assess", "ref-authors": {"author": [{"@seq": "1", "ce:initials": "P.", "@_fa": "true", "ce:surname": "Pingmuanglek", "ce:indexed-name": "Pingmuanglek P."}, {"@seq": "2", "ce:initials": "N.", "@_fa": "true", "ce:surname": "Jakrawatana", "ce:indexed-name": "Jakrawatana N."}, {"@seq": "3", "ce:initials": "S.H.", "@_fa": "true", "ce:surname": "Gheewala", "ce:indexed-name": "Gheewala S.H."}]}, "ref-sourcetitle": "Freshwater use analysis of cassava for food feed fuel in the Mun River Basin"}}, {"ref-fulltext": "Poolsawad N, Thanungkano W, Mungkalasiri J, Wisansuwannakorn R, Suksatit P, Jirajariyavech A, Datchaneekul K (2017) Thai national LCI\u2019s readiness for product environmental footprint. Int J Life Cycle Assess. https://doi.org/10.1007/s11367-016-1257-8 (this issue)", "@id": "16", "ref-info": {"ref-publicationyear": {"@first": "2017"}, "ref-website": {"ce:e-address": {"$": "https://doi.org/10.1007/s11367-016-1257-8", "@type": "email"}}, "refd-itemidlist": {"itemid": [{"$": "CR16", "@idtype": "FRAGMENTID"}, {"$": "85007499655", "@idtype": "SGR"}]}, "ref-text": "Int J Life Cycle Assess", "ref-authors": {"author": [{"@seq": "1", "ce:initials": "N.", "@_fa": "true", "ce:surname": "Poolsawad", "ce:indexed-name": "Poolsawad N."}, {"@seq": "2", "ce:initials": "W.", "@_fa": "true", "ce:surname": "Thanungkano", "ce:indexed-name": "Thanungkano W."}, {"@seq": "3", "ce:initials": "J.", "@_fa": "true", "ce:surname": "Mungkalasiri", "ce:indexed-name": "Mungkalasiri J."}, {"@seq": "4", "ce:initials": "R.", "@_fa": "true", "ce:surname": "Wisansuwannakorn", "ce:indexed-name": "Wisansuwannakorn R."}, {"@seq": "5", "ce:initials": "P.", "@_fa": "true", "ce:surname": "Suksatit", "ce:indexed-name": "Suksatit P."}, {"@seq": "6", "ce:initials": "A.", "@_fa": "true", "ce:surname": "Jirajariyavech", "ce:indexed-name": "Jirajariyavech A."}, {"@seq": "7", "ce:initials": "K.", "@_fa": "true", "ce:surname": "Datchaneekul", "ce:indexed-name": "Datchaneekul K."}]}, "ref-sourcetitle": "Thai national LCI\u2019s readiness for product environmental footprint"}}, {"ref-fulltext": "Prapaspongsa T, Gheewala SH (2017) Consequential and attributional environmental assessment of biofuels: implications of modeling choices on climate change mitigation strategies. Int J Life Cycle Assess. https://doi.org/10.1007/s11367-017-1355-2 (this issue)", "@id": "17", "ref-info": {"ref-publicationyear": {"@first": "2017"}, "ref-website": {"ce:e-address": {"$": "https://doi.org/10.1007/s11367-017-1355-2", "@type": "email"}}, "refd-itemidlist": {"itemid": [{"$": "CR17", "@idtype": "FRAGMENTID"}, {"$": "85021304167", "@idtype": "SGR"}]}, "ref-text": "Int J Life Cycle Assess", "ref-authors": {"author": [{"@seq": "1", "ce:initials": "T.", "@_fa": "true", "ce:surname": "Prapaspongsa", "ce:indexed-name": "Prapaspongsa T."}, {"@seq": "2", "ce:initials": "S.H.", "@_fa": "true", "ce:surname": "Gheewala", "ce:indexed-name": "Gheewala S.H."}]}, "ref-sourcetitle": "Consequential and attributional environmental assessment of biofuels: implications of modeling choices on climate change mitigation strategies"}}, {"ref-fulltext": "Prateep Na Talang R, Pizzol M, Sirivihtayapakorn S (2017) Comparative life cycle assessment of fired brick production in Thailand. Int J Life Cycle Assess. https://doi.org/10.1007/s11367-016-1197-3 (this issue)", "@id": "18", "ref-info": {"ref-publicationyear": {"@first": "2017"}, "ref-website": {"ce:e-address": {"$": "https://doi.org/10.1007/s11367-016-1197-3", "@type": "email"}}, "refd-itemidlist": {"itemid": [{"$": "CR18", "@idtype": "FRAGMENTID"}, {"$": "84986292224", "@idtype": "SGR"}]}, "ref-text": "Int J Life Cycle Assess", "ref-authors": {"author": [{"@seq": "1", "ce:initials": "R.", "@_fa": "true", "ce:surname": "Prateep Na Talang", "ce:indexed-name": "Prateep Na Talang R."}, {"@seq": "2", "ce:initials": "M.", "@_fa": "true", "ce:surname": "Pizzol", "ce:indexed-name": "Pizzol M."}, {"@seq": "3", "ce:initials": "S.", "@_fa": "true", "ce:surname": "Sirivihtayapakorn", "ce:indexed-name": "Sirivihtayapakorn S."}]}, "ref-sourcetitle": "Comparative life cycle assessment of fired brick production in Thailand"}}, {"ref-fulltext": "Salzer C, Wallbaum H, Ostermeyer Y, Kono J (2017) Environmental performance of social housing in emerging economies: life cycle assessment of conventional and alternative construction methods in the Philippines. Int J Life Cycle Assess. https://doi.org/10.1007/s11367-017-1362-3 (this issue)", "@id": "19", "ref-info": {"ref-publicationyear": {"@first": "2017"}, "ref-website": {"ce:e-address": {"$": "https://doi.org/10.1007/s11367-017-1362-3", "@type": "email"}}, "refd-itemidlist": {"itemid": [{"$": "CR19", "@idtype": "FRAGMENTID"}, {"$": "85024493624", "@idtype": "SGR"}]}, "ref-text": "Int J Life Cycle Assess", "ref-authors": {"author": [{"@seq": "1", "ce:initials": "C.", "@_fa": "true", "ce:surname": "Salzer", "ce:indexed-name": "Salzer C."}, {"@seq": "2", "ce:initials": "H.", "@_fa": "true", "ce:surname": "Wallbaum", "ce:indexed-name": "Wallbaum H."}, {"@seq": "3", "ce:initials": "Y.", "@_fa": "true", "ce:surname": "Ostermeyer", "ce:indexed-name": "Ostermeyer Y."}, {"@seq": "4", "ce:initials": "J.", "@_fa": "true", "ce:surname": "Kono", "ce:indexed-name": "Kono J."}]}, "ref-sourcetitle": "Environmental performance of social housing in emerging economies: life cycle assessment of conventional and alternative construction methods in the Philippines"}}, {"ref-fulltext": "Sedpho S, Sampattagul S, Chaiyat N, Gheewala SH (2017) Conventional and exergetic life cycle assessment of organic rankine cycle implementation to municipal waste management: the case study of Mae Hong Son (Thailand). Int J Life Cycle Assess. https://doi.org/10.1007/s11367-016-1216-4 (this issue)", "@id": "20", "ref-info": {"ref-publicationyear": {"@first": "2017"}, "ref-website": {"ce:e-address": {"$": "https://doi.org/10.1007/s11367-016-1216-4", "@type": "email"}}, "refd-itemidlist": {"itemid": [{"$": "CR20", "@idtype": "FRAGMENTID"}, {"$": "84992699187", "@idtype": "SGR"}]}, "ref-text": "Int J Life Cycle Assess", "ref-authors": {"author": [{"@seq": "1", "ce:initials": "S.", "@_fa": "true", "ce:surname": "Sedpho", "ce:indexed-name": "Sedpho S."}, {"@seq": "2", "ce:initials": "S.", "@_fa": "true", "ce:surname": "Sampattagul", "ce:indexed-name": "Sampattagul S."}, {"@seq": "3", "ce:initials": "N.", "@_fa": "true", "ce:surname": "Chaiyat", "ce:indexed-name": "Chaiyat N."}, {"@seq": "4", "ce:initials": "S.H.", "@_fa": "true", "ce:surname": "Gheewala", "ce:indexed-name": "Gheewala S.H."}]}, "ref-sourcetitle": "Conventional and exergetic life cycle assessment of organic rankine cycle implementation to municipal waste management: the case study of Mae Hong Son (Thailand)"}}, {"ref-fulltext": "Silveira EA, Caldeira-Pires A, Luz SM, Silveira CM (2017) Mass and energy allocation method analysis for an oil refinery characterization using multi-scale modeling. Int J Life Cycle Assess. https://doi.org/10.1007/s11367-017-1369-9 (this issue)", "@id": "21", "ref-info": {"ref-publicationyear": {"@first": "2017"}, "ref-website": {"ce:e-address": {"$": "https://doi.org/10.1007/s11367-017-1369-9", "@type": "email"}}, "refd-itemidlist": {"itemid": [{"$": "CR21", "@idtype": "FRAGMENTID"}, {"$": "85025433021", "@idtype": "SGR"}]}, "ref-text": "Int J Life Cycle Assess", "ref-authors": {"author": [{"@seq": "1", "ce:initials": "E.A.", "@_fa": "true", "ce:surname": "Silveira", "ce:indexed-name": "Silveira E.A."}, {"@seq": "2", "ce:initials": "A.", "@_fa": "true", "ce:surname": "Caldeira-Pires", "ce:indexed-name": "Caldeira-Pires A."}, {"@seq": "3", "ce:initials": "S.M.", "@_fa": "true", "ce:surname": "Luz", "ce:indexed-name": "Luz S.M."}, {"@seq": "4", "ce:initials": "C.M.", "@_fa": "true", "ce:surname": "Silveira", "ce:indexed-name": "Silveira C.M."}]}, "ref-sourcetitle": "Mass and energy allocation method analysis for an oil refinery characterization using multi-scale modeling"}}, {"ref-fulltext": "UNEP (2016a) GEO-6 regional assessment for Asia and the Pacific. United Nations Environment Programme, Nairobi", "@id": "22", "ref-info": {"ref-publicationyear": {"@first": "2016"}, "refd-itemidlist": {"itemid": [{"$": "CR22", "@idtype": "FRAGMENTID"}, {"$": "85029945235", "@idtype": "SGR"}]}, "ref-text": "United Nations Environment Programme, Nairobi", "ref-authors": {"collaboration": {"@seq": "1", "ce:text": "UNEP", "ce:indexed-name": "UNEP"}}, "ref-sourcetitle": "GEO-6 regional assessment for Asia and the Pacific"}}, {"ref-fulltext": "UNEP (2016b) GEO-6 regional assessment for Africa. United Nations Environment Programme, Nairobi", "@id": "23", "ref-info": {"ref-publicationyear": {"@first": "2016"}, "refd-itemidlist": {"itemid": [{"$": "CR23", "@idtype": "FRAGMENTID"}, {"$": "84981222614", "@idtype": "SGR"}]}, "ref-text": "United Nations Environment Programme, Nairobi", "ref-authors": {"collaboration": {"@seq": "1", "ce:text": "UNEP", "ce:indexed-name": "UNEP"}}, "ref-sourcetitle": "GEO-6 regional assessment for Africa"}}, {"ref-fulltext": "UNEP (2016c) GEO-6 regional assessment for Latin America and Caribbean. United Nations Environment Programme, Nairobi", "@id": "24", "ref-info": {"ref-publicationyear": {"@first": "2016"}, "refd-itemidlist": {"itemid": [{"$": "CR24", "@idtype": "FRAGMENTID"}, {"$": "85016817094", "@idtype": "SGR"}]}, "ref-text": "United Nations Environment Programme, Nairobi", "ref-authors": {"collaboration": {"@seq": "1", "ce:text": "UNEP", "ce:indexed-name": "UNEP"}}, "ref-sourcetitle": "GEO-6 regional assessment for Latin America and Caribbean"}}, {"ref-fulltext": "van Kempen EA, Spiliotopoulou E, Stojanovski G, de Leeuw S (2017) Using life cycle sustainability assessment to trade off sourcing strategies for humanitarian relief items. Int J Life Cycle Assess. https://doi.org/10.1007/s11367-016-1245-z (this issue)", "@id": "25", "ref-info": {"ref-publicationyear": {"@first": "2017"}, "ref-website": {"ce:e-address": {"$": "https://doi.org/10.1007/s11367-016-1245-z", "@type": "email"}}, "refd-itemidlist": {"itemid": [{"$": "CR25", "@idtype": "FRAGMENTID"}, {"$": "85006489823", "@idtype": "SGR"}]}, "ref-text": "Int J Life Cycle Assess", "ref-authors": {"author": [{"@seq": "1", "ce:initials": "E.A.", "@_fa": "true", "ce:surname": "van Kempen", "ce:indexed-name": "van Kempen E.A."}, {"@seq": "2", "ce:initials": "E.", "@_fa": "true", "ce:surname": "Spiliotopoulou", "ce:indexed-name": "Spiliotopoulou E."}, {"@seq": "3", "ce:initials": "G.", "@_fa": "true", "ce:surname": "Stojanovski", "ce:indexed-name": "Stojanovski G."}, {"@seq": "4", "ce:initials": "S.", "@_fa": "true", "ce:surname": "de Leeuw", "ce:indexed-name": "de Leeuw S."}]}, "ref-sourcetitle": "Using life cycle sustainability assessment to trade off sourcing strategies for humanitarian relief items"}}, {"ref-fulltext": "Vigon B, Sonnemann G, Asselin A, Schrijvers D, Ciroth A, Chen SS, Braga PN, Mungkalasiri J, Boureima F, Mil\u00e1 I, Canals L (2017) Review of LCA datasets in three emerging economies: a summary of learnings. Int J Life Cycle Assess. https://doi.org/10.1007/s11367-016-1198-2 (this issue)", "@id": "26", "ref-info": {"ref-publicationyear": {"@first": "2017"}, "ref-website": {"ce:e-address": {"$": "https://doi.org/10.1007/s11367-016-1198-2", "@type": "email"}}, "refd-itemidlist": {"itemid": [{"$": "CR26", "@idtype": "FRAGMENTID"}, {"$": "84984866202", "@idtype": "SGR"}]}, "ref-text": "Int J Life Cycle Assess", "ref-authors": {"author": [{"@seq": "1", "ce:initials": "B.", "@_fa": "true", "ce:surname": "Vigon", "ce:indexed-name": "Vigon B."}, {"@seq": "2", "ce:initials": "G.", "@_fa": "true", "ce:surname": "Sonnemann", "ce:indexed-name": "Sonnemann G."}, {"@seq": "3", "ce:initials": "A.", "@_fa": "true", "ce:surname": "Asselin", "ce:indexed-name": "Asselin A."}, {"@seq": "4", "ce:initials": "D.", "@_fa": "true", "ce:surname": "Schrijvers", "ce:indexed-name": "Schrijvers D."}, {"@seq": "5", "ce:initials": "A.", "@_fa": "true", "ce:surname": "Ciroth", "ce:indexed-name": "Ciroth A."}, {"@seq": "6", "ce:initials": "S.S.", "@_fa": "true", "ce:surname": "Chen", "ce:indexed-name": "Chen S.S."}, {"@seq": "7", "ce:initials": "P.N.", "@_fa": "true", "ce:surname": "Braga", "ce:indexed-name": "Braga P.N."}, {"@seq": "8", "ce:initials": "J.", "@_fa": "true", "ce:surname": "Mungkalasiri", "ce:indexed-name": "Mungkalasiri J."}, {"@seq": "9", "ce:initials": "F.", "@_fa": "true", "ce:surname": "Boureima", "ce:indexed-name": "Boureima F."}, {"@seq": "10", "ce:initials": "I.", "@_fa": "true", "ce:surname": "Mil\u00e1", "ce:indexed-name": "Mila I."}, {"@seq": "11", "ce:initials": "L.", "@_fa": "true", "ce:surname": "Canals", "ce:indexed-name": "Canals L."}]}, "ref-sourcetitle": "Review of LCA datasets in three emerging economies: a summary of learnings"}}]}}}}, "affiliation": [{"affiliation-city": "Bangkok", "@id": "60028190", "affilname": "Chulalongkorn University", "@href": "https://api.elsevier.com/content/affiliation/affiliation_id/60028190", "affiliation-country": "Thailand"}, {"affiliation-city": "Nakhon Pathom", "@id": "60012718", "affilname": "Mahidol University", "@href": "https://api.elsevier.com/content/affiliation/affiliation_id/60012718", "affiliation-country": "Thailand"}, {"affiliation-city": "Bangkok", "@id": "60008786", "affilname": "King Mongkut's University of Technology Thonburi", "@href": "https://api.elsevier.com/content/affiliation/affiliation_id/60008786", "affiliation-country": "Thailand"}], "coredata": {"srctype": "j", "prism:issueIdentifier": "11", "eid": "2-s2.0-85031277030", "prism:coverDate": "2017-11-01", "prism:aggregationType": "Journal", "prism:url": "https://api.elsevier.com/content/abstract/scopus_id/85031277030", "subtypeDescription": "Editorial", "dc:creator": {"author": [{"ce:given-name": "Shabbir H.", "preferred-name": {"ce:given-name": "Shabbir H.", "ce:initials": "S.H.", "ce:surname": "Gheewala", "ce:indexed-name": "Gheewala S.H."}, "@seq": "1", "ce:initials": "S.H.", "@_fa": "true", "affiliation": {"@id": "60008786", "@href": "https://api.elsevier.com/content/affiliation/affiliation_id/60008786"}, "ce:surname": "Gheewala", "@auid": "6602264724", "author-url": "https://api.elsevier.com/content/author/author_id/6602264724", "ce:indexed-name": "Gheewala S.H."}]}, "link": [{"@_fa": "true", "@rel": "self", "@href": "https://api.elsevier.com/content/abstract/scopus_id/85031277030"}, {"@_fa": "true", "@rel": "scopus", "@href": "https://www.scopus.com/inward/record.uri?partnerID=HzOxMe3b&scp=85031277030&origin=inward"}, {"@_fa": "true", "@rel": "scopus-citedby", "@href": "https://www.scopus.com/inward/citedby.uri?partnerID=HzOxMe3b&scp=85031277030&origin=inward"}], "prism:publicationName": "International Journal of Life Cycle Assessment", "source-id": "23271", "citedby-count": "3", "prism:volume": "22", "subtype": "ed", "prism:pageRange": "1641-1643", "dc:title": "Preface", "prism:endingPage": "1643", "openaccess": "0", "openaccessFlag": "false", "prism:doi": "10.1007/s11367-017-1397-5", "prism:issn": "16147502 09483349", "prism:startingPage": "1641", "dc:identifier": "SCOPUS_ID:85031277030", "dc:publisher": "Springer Verlagservice@springer.de"}, "idxterms": null, "language": {"@xml:lang": "eng"}, "authkeywords": null, "subject-areas": {"subject-area": [{"@_fa": "true", "$": "Environmental Science (all)", "@code": "2300", "@abbrev": "ENVI"}]}, "authors": {"author": [{"ce:given-name": "Shabbir H.", "preferred-name": {"ce:given-name": "Shabbir H.", "ce:initials": "S.H.", "ce:surname": "Gheewala", "ce:indexed-name": "Gheewala S.H."}, "@seq": "1", "ce:initials": "S.H.", "@_fa": "true", "affiliation": {"@id": "60008786", "@href": "https://api.elsevier.com/content/affiliation/affiliation_id/60008786"}, "ce:surname": "Gheewala", "@auid": "6602264724", "author-url": "https://api.elsevier.com/content/author/author_id/6602264724", "ce:indexed-name": "Gheewala S.H."}, {"ce:given-name": "Thapat", "preferred-name": {"ce:given-name": "Thapat", "ce:initials": "T.", "ce:surname": "Silalertruksa", "ce:indexed-name": "Silalertruksa T."}, "@seq": "2", "ce:initials": "T.", "@_fa": "true", "affiliation": {"@id": "60008786", "@href": "https://api.elsevier.com/content/affiliation/affiliation_id/60008786"}, "ce:surname": "Silalertruksa", "@auid": "26636010200", "author-url": "https://api.elsevier.com/content/author/author_id/26636010200", "ce:indexed-name": "Silalertruksa T."}, {"ce:given-name": "Pomthong", "preferred-name": {"ce:given-name": "Pomthong", "ce:initials": "P.", "ce:surname": "Malakul", "ce:indexed-name": "Malakul P."}, "@seq": "3", "ce:initials": "P.", "@_fa": "true", "affiliation": {"@id": "60028190", "@href": "https://api.elsevier.com/content/affiliation/affiliation_id/60028190"}, "ce:surname": "Malakul", "@auid": "55911593000", "author-url": "https://api.elsevier.com/content/author/author_id/55911593000", "ce:indexed-name": "Malakul P."}, {"ce:given-name": "Trakarn", "preferred-name": {"ce:given-name": "Trakarn", "ce:initials": "T.", "ce:surname": "Prapaspongsa", "ce:indexed-name": "Prapaspongsa T."}, "@seq": "4", "ce:initials": "T.", "@_fa": "true", "affiliation": {"@id": "60012718", "@href": "https://api.elsevier.com/content/affiliation/affiliation_id/60012718"}, "ce:surname": "Prapaspongsa", "@auid": "25923069700", "author-url": "https://api.elsevier.com/content/author/author_id/25923069700", "ce:indexed-name": "Prapaspongsa T."}]}}}