{"abstracts-retrieval-response": {"item": {"ait:process-info": {"ait:status": {"@state": "update", "@type": "core", "@stage": "S300"}, "ait:date-delivered": {"@day": "23", "@timestamp": "2021-02-23T16:27:55.000055-05:00", "@year": "2021", "@month": "02"}, "ait:date-sort": {"@day": "01", "@year": "2017", "@month": "11"}}, "xocs:meta": {"xocs:funding-list": {"@pui-match": "primary", "@has-funding-info": "1", "xocs:funding-addon-generated-timestamp": "2018-05-16T19:30:11.248Z", "xocs:funding-addon-type": "http://vtw.elsevier.com/data/voc/AddOnTypes/50.7/nlp"}}, "bibrecord": {"head": {"author-group": {"affiliation": {"country": "Thailand", "@afid": "60022183", "@country": "tha", "city": "Thai Red Cross Society", "organization": [{"$": "Division of Neurosurgery"}, {"$": "Department of Surgery"}, {"$": "Faculty of Medicine"}, {"$": "Chulalongkorn University and King Chulalongkorn Memorial Hospital"}], "affiliation-id": [{"@afid": "60022183", "@dptid": "104136198"}, {"@afid": "60031780"}, {"@afid": "60028190"}], "@dptid": "104136198"}, "author": [{"ce:given-name": "Krishnapundha", "preferred-name": {"ce:given-name": "Krishnapundha", "ce:initials": "K.", "ce:surname": "Bunyaratavej", "ce:indexed-name": "Bunyaratavej K."}, "@seq": "1", "ce:initials": "K.", "@_fa": "true", "@type": "auth", "ce:surname": "Bunyaratavej", "@auid": "6505815017", "@orcid": "0000-0001-5045-2855", "ce:indexed-name": "Bunyaratavej K."}, {"ce:given-name": "Rungsak", "preferred-name": {"ce:given-name": "Rungsak", "ce:initials": "R.", "ce:surname": "Siwanuwatn", "ce:indexed-name": "Siwanuwatn R."}, "@seq": "2", "ce:initials": "R.", "@_fa": "true", "@type": "auth", "ce:surname": "Siwanuwatn", "@auid": "6506384125", "@orcid": "0000-0001-9514-3335", "ce:indexed-name": "Siwanuwatn R."}]}, "citation-title": "Three-Dimensional Cortical Surface Reconstruction Versus Operative Findings: Their Similarity and Applications", "abstracts": "\u00a9 2017 Elsevier Inc.Background Three-dimensional cortical surface reconstruction (3DCSR) is an important tool for operations involving cerebral cortex, but data on its similarity to actual cortical architecture are lacking. In this study, the authors systematically tested the similarity between operative findings and 3DCSR built by a neuronavigation system and illustrated its applications. Methods The authors retrospectively retrieved operative photographs and 3DCSR of patients who underwent craniotomy with the aid of 3DCSR and asked 4 evaluators to perform a series of matching tests. Test 1 was to match 3DCSR and operative photographs. Test 2 was a repetition of test 1 to determine the consistency of matching ability. Test 3 was to match detailed anatomy of the 3DCSR with operative photographs. Scores on all tests were analyzed to measure the degree of similarity between 3DCSR and operative findings. The scores between patients with and without cortical distortion were compared to determine the impact of distortion on matching ability. Results Tests of similarity were performed on 22 patients. Mean scores of tests 1, 2, and 3 were 84.09%, 93.18%, and 89.77%, respectively. The Kappa statistic for agreement between test 1 and 2 ranged from 0.76 to 0.88. There was no statistically significant difference between average score of patients with and without cortical distortion in all tests. Conclusions Authors have systematically demonstrated that 3DCSR built by neuronavigation system in this study provides detailed anatomy of cortical surface with a high degree of similarity to operative findings even in the presence of cortical distortion, leading to various applications beyond navigation alone.", "correspondence": {"affiliation": {"country": "Thailand", "@country": "tha", "city": "Thai Red Cross Society", "organization": [{"$": "Division of Neurosurgery"}, {"$": "Department of Surgery"}, {"$": "Faculty of Medicine"}, {"$": "Chulalongkorn University and King Chulalongkorn Memorial Hospital"}]}, "person": {"ce:given-name": "Krishnapundha", "ce:initials": "K.", "ce:surname": "Bunyaratavej", "ce:indexed-name": "Bunyaratavej K."}}, "citation-info": {"author-keywords": {"author-keyword": [{"$": "Brain surgery", "@xml:lang": "eng"}, {"$": "Cerebral cortex", "@xml:lang": "eng"}, {"$": "Neuronavigation", "@xml:lang": "eng"}, {"$": "Similarity analysis", "@xml:lang": "eng"}, {"$": "Three-dimensional reconstruction", "@xml:lang": "eng"}]}, "citation-type": {"@code": "ar"}, "citation-language": {"@language": "English", "@xml:lang": "eng"}, "abstract-language": {"@language": "English", "@xml:lang": "eng"}}, "source": {"sourcetitle-abbrev": "World Neurosurg.", "website": {"ce:e-address": {"$": "http://www.elsevier.com/wps/find/journaldescription.cws_home/722082/description#description", "@type": "email"}}, "@country": "usa", "translated-sourcetitle": {"$": "World Neurosurgery", "@xml:lang": "eng"}, "issn": [{"$": "18788769", "@type": "electronic"}, {"$": "18788750", "@type": "print"}], "volisspag": {"voliss": {"@volume": "107"}, "pagerange": {"@first": "809", "@last": "819"}}, "@type": "j", "publicationyear": {"@first": "2017"}, "publisher": {"publishername": "Elsevier Inc.", "ce:e-address": {"$": "usjcs@elsevier.com", "@type": "email"}}, "sourcetitle": "World Neurosurgery", "@srcid": "19700171401", "publicationdate": {"month": "11", "year": "2017", "date-text": "November 2017", "day": "01"}}, "enhancement": {"classificationgroup": {"classifications": [{"@type": "CABSCLASS", "classification": {"classification-code": "99", "classification-description": "General"}}, {"@type": "ASJC", "classification": [{"$": "2746"}, {"$": "2728"}]}, {"@type": "SUBJABBR", "classification": "MEDI"}]}}}, "item-info": {"copyright": {"$": "Copyright 2017 Elsevier B.V., All rights reserved.", "@type": "Elsevier"}, "dbcollection": [{"$": "CABS"}, {"$": "EMBASE"}, {"$": "MEDL"}, {"$": "MOSYEA"}, {"$": "REAXYSCAR"}, {"$": "RMC"}, {"$": "SCOPUS"}, {"$": "Scopusbase"}], "history": {"date-created": {"@day": "29", "@timestamp": "BST 16:05:07", "@year": "2017", "@month": "12"}}, "itemidlist": {"itemid": [{"$": "618263822", "@idtype": "PUI"}, {"$": "2017290920", "@idtype": "CABS"}, {"$": "693452199", "@idtype": "CAR-ID"}, {"$": "20170654886", "@idtype": "EMBASE"}, {"$": "28842237", "@idtype": "MEDL"}, {"$": "2017106971", "@idtype": "MOSYEA"}, {"$": "20171643419", "@idtype": "REAXYSCAR"}, {"$": "2017265162", "@idtype": "RMC"}, {"$": "20170459916", "@idtype": "SCOPUS"}, {"$": "85029452820", "@idtype": "SCP"}, {"$": "85029452820", "@idtype": "SGR"}, {"$": "619971191", "@idtype": "PUIsecondary"}], "ce:pii": "S1878875017313530", "ce:doi": "10.1016/j.wneu.2017.08.052"}}, "tail": {"bibliography": {"@refcount": "23", "reference": [{"ref-fulltext": "Aydin, K., Cokluk, C., Kuruoglu, E., Gelmez, S., Diren, B., Rakunt, C., et al. Using the magnetic resonance three-dimensional volume rendering for tissues technique in the planning of craniotomy flaps with linear scalp incision. Minim Invasive Neurosurg 49 (2006), 189\u2013193.", "@id": "1", "ref-info": {"ref-publicationyear": {"@first": "2006"}, "ref-title": {"ref-titletext": "Using the magnetic resonance three-dimensional volume rendering for tissues technique in the planning of craniotomy flaps with linear scalp incision"}, "refd-itemidlist": {"itemid": [{"$": "bib1", "@idtype": "FRAGMENTID"}, {"$": "33750209390", "@idtype": "SGR"}]}, "ref-volisspag": {"voliss": {"@volume": "49"}, "pagerange": {"@first": "189", "@last": "193"}}, "ref-authors": {"author": [{"@seq": "1", "ce:initials": "K.", "@_fa": "true", "ce:surname": "Aydin", "ce:indexed-name": "Aydin K."}, {"@seq": "2", "ce:initials": "C.", "@_fa": "true", "ce:surname": "Cokluk", "ce:indexed-name": "Cokluk C."}, {"@seq": "3", "ce:initials": "E.", "@_fa": "true", "ce:surname": "Kuruoglu", "ce:indexed-name": "Kuruoglu E."}, {"@seq": "4", "ce:initials": "S.", "@_fa": "true", "ce:surname": "Gelmez", "ce:indexed-name": "Gelmez S."}, {"@seq": "5", "ce:initials": "B.", "@_fa": "true", "ce:surname": "Diren", "ce:indexed-name": "Diren B."}, {"@seq": "6", "ce:initials": "C.", "@_fa": "true", "ce:surname": "Rakunt", "ce:indexed-name": "Rakunt C."}], "et-al": null}, "ref-sourcetitle": "Minim Invasive Neurosurg"}}, {"ref-fulltext": "Callovini, G., Sherkat, S., Gazzeri, R., Frameless nonstereotactic image-guided surgery of supratentorial lesions: introduction to a safe and inexpensive technique. J Neurol Surg A Cent Eur Neurosurg 75 (2014), 365\u2013370.", "@id": "2", "ref-info": {"ref-publicationyear": {"@first": "2014"}, "ref-title": {"ref-titletext": "Frameless nonstereotactic image-guided surgery of supratentorial lesions: introduction to a safe and inexpensive technique"}, "refd-itemidlist": {"itemid": [{"$": "bib2", "@idtype": "FRAGMENTID"}, {"$": "84906790470", "@idtype": "SGR"}]}, "ref-volisspag": {"voliss": {"@volume": "75"}, "pagerange": {"@first": "365", "@last": "370"}}, "ref-authors": {"author": [{"@seq": "1", "ce:initials": "G.", "@_fa": "true", "ce:surname": "Callovini", "ce:indexed-name": "Callovini G."}, {"@seq": "2", "ce:initials": "S.", "@_fa": "true", "ce:surname": "Sherkat", "ce:indexed-name": "Sherkat S."}, {"@seq": "3", "ce:initials": "R.", "@_fa": "true", "ce:surname": "Gazzeri", "ce:indexed-name": "Gazzeri R."}]}, "ref-sourcetitle": "J Neurol Surg A Cent Eur Neurosurg"}}, {"ref-fulltext": "Callovini, G.M., Sherkat, S., Rinaldi, A., Santucci, N., Gazzeri, G., Stereotactic-guided microsurgical removal of lesions without cortical appearance planned by three-dimensional CT reconstruction: limits and advantages of the frame-based technique. Minim Invasive Neurosurg 41 (1998), 187\u2013193.", "@id": "3", "ref-info": {"ref-publicationyear": {"@first": "1998"}, "ref-title": {"ref-titletext": "Stereotactic-guided microsurgical removal of lesions without cortical appearance planned by three-dimensional CT reconstruction: limits and advantages of the frame-based technique"}, "refd-itemidlist": {"itemid": [{"$": "bib3", "@idtype": "FRAGMENTID"}, {"$": "0032417266", "@idtype": "SGR"}]}, "ref-volisspag": {"voliss": {"@volume": "41"}, "pagerange": {"@first": "187", "@last": "193"}}, "ref-authors": {"author": [{"@seq": "1", "ce:initials": "G.M.", "@_fa": "true", "ce:surname": "Callovini", "ce:indexed-name": "Callovini G.M."}, {"@seq": "2", "ce:initials": "S.", "@_fa": "true", "ce:surname": "Sherkat", "ce:indexed-name": "Sherkat S."}, {"@seq": "3", "ce:initials": "A.", "@_fa": "true", "ce:surname": "Rinaldi", "ce:indexed-name": "Rinaldi A."}, {"@seq": "4", "ce:initials": "N.", "@_fa": "true", "ce:surname": "Santucci", "ce:indexed-name": "Santucci N."}, {"@seq": "5", "ce:initials": "G.", "@_fa": "true", "ce:surname": "Gazzeri", "ce:indexed-name": "Gazzeri G."}]}, "ref-sourcetitle": "Minim Invasive Neurosurg"}}, {"ref-fulltext": "Chabrerie, A., Ozlen, F., Nakajima, S., Leventon, M.E., Atsumi, H., Grimson, E., et al. Three-dimensional image reconstruction for low-grade glioma surgery. Neurosurg Focus, 4, 1998, e7.", "@id": "4", "ref-info": {"ref-publicationyear": {"@first": "1998"}, "ref-title": {"ref-titletext": "Three-dimensional image reconstruction for low-grade glioma surgery"}, "refd-itemidlist": {"itemid": [{"$": "bib4", "@idtype": "FRAGMENTID"}, {"$": "0003282481", "@idtype": "SGR"}]}, "ref-volisspag": {"voliss": {"@volume": "4"}, "pagerange": {"@first": "e7"}}, "ref-authors": {"author": [{"@seq": "1", "ce:initials": "A.", "@_fa": "true", "ce:surname": "Chabrerie", "ce:indexed-name": "Chabrerie A."}, {"@seq": "2", "ce:initials": "F.", "@_fa": "true", "ce:surname": "Ozlen", "ce:indexed-name": "Ozlen F."}, {"@seq": "3", "ce:initials": "S.", "@_fa": "true", "ce:surname": "Nakajima", "ce:indexed-name": "Nakajima S."}, {"@seq": "4", "ce:initials": "M.E.", "@_fa": "true", "ce:surname": "Leventon", "ce:indexed-name": "Leventon M.E."}, {"@seq": "5", "ce:initials": "H.", "@_fa": "true", "ce:surname": "Atsumi", "ce:indexed-name": "Atsumi H."}, {"@seq": "6", "ce:initials": "E.", "@_fa": "true", "ce:surname": "Grimson", "ce:indexed-name": "Grimson E."}], "et-al": null}, "ref-sourcetitle": "Neurosurg Focus"}}, {"ref-fulltext": "Gleason, P.L., Kikinis, R., Altobelli, D., Wells, W., Alexander, E., Black, P.M., et al. Video registration virtual reality for nonlinkage stereotactic surgery. Stereotact Funct Neurosurg 63 (1994), 139\u2013143.", "@id": "5", "ref-info": {"ref-publicationyear": {"@first": "1994"}, "ref-title": {"ref-titletext": "Video registration virtual reality for nonlinkage stereotactic surgery"}, "refd-itemidlist": {"itemid": [{"$": "bib5", "@idtype": "FRAGMENTID"}, {"$": "0028645495", "@idtype": "SGR"}]}, "ref-volisspag": {"voliss": {"@volume": "63"}, "pagerange": {"@first": "139", "@last": "143"}}, "ref-authors": {"author": [{"@seq": "1", "ce:initials": "P.L.", "@_fa": "true", "ce:surname": "Gleason", "ce:indexed-name": "Gleason P.L."}, {"@seq": "2", "ce:initials": "R.", "@_fa": "true", "ce:surname": "Kikinis", "ce:indexed-name": "Kikinis R."}, {"@seq": "3", "ce:initials": "D.", "@_fa": "true", "ce:surname": "Altobelli", "ce:indexed-name": "Altobelli D."}, {"@seq": "4", "ce:initials": "W.", "@_fa": "true", "ce:surname": "Wells", "ce:indexed-name": "Wells W."}, {"@seq": "5", "ce:initials": "E.", "@_fa": "true", "ce:surname": "Alexander", "ce:indexed-name": "Alexander E."}, {"@seq": "6", "ce:initials": "P.M.", "@_fa": "true", "ce:surname": "Black", "ce:indexed-name": "Black P.M."}], "et-al": null}, "ref-sourcetitle": "Stereotact Funct Neurosurg"}}, {"ref-fulltext": "Hu, X.P., Tan, K.K., Levin, D.N., Galhotra, S., Mullan, J.F., Hekmatpanah, J., et al. Three-dimensional magnetic resonance images of the brain: application to neurosurgical planning. J Neurosurg 72 (1990), 433\u2013440.", "@id": "6", "ref-info": {"ref-publicationyear": {"@first": "1990"}, "ref-title": {"ref-titletext": "Three-dimensional magnetic resonance images of the brain: application to neurosurgical planning"}, "refd-itemidlist": {"itemid": [{"$": "bib6", "@idtype": "FRAGMENTID"}, {"$": "0025190539", "@idtype": "SGR"}]}, "ref-volisspag": {"voliss": {"@volume": "72"}, "pagerange": {"@first": "433", "@last": "440"}}, "ref-authors": {"author": [{"@seq": "1", "ce:initials": "X.P.", "@_fa": "true", "ce:surname": "Hu", "ce:indexed-name": "Hu X.P."}, {"@seq": "2", "ce:initials": "K.K.", "@_fa": "true", "ce:surname": "Tan", "ce:indexed-name": "Tan K.K."}, {"@seq": "3", "ce:initials": "D.N.", "@_fa": "true", "ce:surname": "Levin", "ce:indexed-name": "Levin D.N."}, {"@seq": "4", "ce:initials": "S.", "@_fa": "true", "ce:surname": "Galhotra", "ce:indexed-name": "Galhotra S."}, {"@seq": "5", "ce:initials": "J.F.", "@_fa": "true", "ce:surname": "Mullan", "ce:indexed-name": "Mullan J.F."}, {"@seq": "6", "ce:initials": "J.", "@_fa": "true", "ce:surname": "Hekmatpanah", "ce:indexed-name": "Hekmatpanah J."}], "et-al": null}, "ref-sourcetitle": "J Neurosurg"}}, {"ref-fulltext": "Iseki, H., Masutani, Y., Iwahara, M., Tanikawa, T., Muragaki, Y., Taira, T., et al. Volumegraph (overlaid three-dimensional image-guided navigation). Clinical application of augmented reality in neurosurgery. Stereotact Funct Neurosurg 68 (1997), 18\u201324.", "@id": "7", "ref-info": {"ref-publicationyear": {"@first": "1997"}, "ref-title": {"ref-titletext": "Volumegraph (overlaid three-dimensional image-guided navigation). Clinical application of augmented reality in neurosurgery"}, "refd-itemidlist": {"itemid": [{"$": "bib7", "@idtype": "FRAGMENTID"}, {"$": "0031395270", "@idtype": "SGR"}]}, "ref-volisspag": {"voliss": {"@volume": "68"}, "pagerange": {"@first": "18", "@last": "24"}}, "ref-authors": {"author": [{"@seq": "1", "ce:initials": "H.", "@_fa": "true", "ce:surname": "Iseki", "ce:indexed-name": "Iseki H."}, {"@seq": "2", "ce:initials": "Y.", "@_fa": "true", "ce:surname": "Masutani", "ce:indexed-name": "Masutani Y."}, {"@seq": "3", "ce:initials": "M.", "@_fa": "true", "ce:surname": "Iwahara", "ce:indexed-name": "Iwahara M."}, {"@seq": "4", "ce:initials": "T.", "@_fa": "true", "ce:surname": "Tanikawa", "ce:indexed-name": "Tanikawa T."}, {"@seq": "5", "ce:initials": "Y.", "@_fa": "true", "ce:surname": "Muragaki", "ce:indexed-name": "Muragaki Y."}, {"@seq": "6", "ce:initials": "T.", "@_fa": "true", "ce:surname": "Taira", "ce:indexed-name": "Taira T."}], "et-al": null}, "ref-sourcetitle": "Stereotact Funct Neurosurg"}}, {"ref-fulltext": "Kikinis, R., Gleason, P.L., Moriarty, T.M., Moore, M.R., Alexander, E., Stieg, P.E., et al. Computer-assisted interactive three-dimensional planning for neurosurgical procedures. Neurosurgery 38 (1996), 640\u2013649.", "@id": "8", "ref-info": {"ref-publicationyear": {"@first": "1996"}, "ref-title": {"ref-titletext": "Computer-assisted interactive three-dimensional planning for neurosurgical procedures"}, "refd-itemidlist": {"itemid": [{"$": "bib8", "@idtype": "FRAGMENTID"}, {"$": "9044242644", "@idtype": "SGR"}]}, "ref-volisspag": {"voliss": {"@volume": "38"}, "pagerange": {"@first": "640", "@last": "649"}}, "ref-authors": {"author": [{"@seq": "1", "ce:initials": "R.", "@_fa": "true", "ce:surname": "Kikinis", "ce:indexed-name": "Kikinis R."}, {"@seq": "2", "ce:initials": "P.L.", "@_fa": "true", "ce:surname": "Gleason", "ce:indexed-name": "Gleason P.L."}, {"@seq": "3", "ce:initials": "T.M.", "@_fa": "true", "ce:surname": "Moriarty", "ce:indexed-name": "Moriarty T.M."}, {"@seq": "4", "ce:initials": "M.R.", "@_fa": "true", "ce:surname": "Moore", "ce:indexed-name": "Moore M.R."}, {"@seq": "5", "ce:initials": "E.", "@_fa": "true", "ce:surname": "Alexander", "ce:indexed-name": "Alexander E."}, {"@seq": "6", "ce:initials": "P.E.", "@_fa": "true", "ce:surname": "Stieg", "ce:indexed-name": "Stieg P.E."}], "et-al": null}, "ref-sourcetitle": "Neurosurgery"}}, {"ref-fulltext": "Lovo, E.E., Quintana, J.C., Puebla, M.C., Torrealba, G., Santos, J.L., Lira, I.H., et al. A novel, inexpensive method of image coregistration for applications in image-guided surgery using augmented reality. Neurosurgery 60 (2007), 366\u2013371.", "@id": "9", "ref-info": {"ref-publicationyear": {"@first": "2007"}, "ref-title": {"ref-titletext": "A novel, inexpensive method of image coregistration for applications in image-guided surgery using augmented reality"}, "refd-itemidlist": {"itemid": [{"$": "bib9", "@idtype": "FRAGMENTID"}, {"$": "34147223562", "@idtype": "SGR"}]}, "ref-volisspag": {"voliss": {"@volume": "60"}, "pagerange": {"@first": "366", "@last": "371"}}, "ref-authors": {"author": [{"@seq": "1", "ce:initials": "E.E.", "@_fa": "true", "ce:surname": "Lovo", "ce:indexed-name": "Lovo E.E."}, {"@seq": "2", "ce:initials": "J.C.", "@_fa": "true", "ce:surname": "Quintana", "ce:indexed-name": "Quintana J.C."}, {"@seq": "3", "ce:initials": "M.C.", "@_fa": "true", "ce:surname": "Puebla", "ce:indexed-name": "Puebla M.C."}, {"@seq": "4", "ce:initials": "G.", "@_fa": "true", "ce:surname": "Torrealba", "ce:indexed-name": "Torrealba G."}, {"@seq": "5", "ce:initials": "J.L.", "@_fa": "true", "ce:surname": "Santos", "ce:indexed-name": "Santos J.L."}, {"@seq": "6", "ce:initials": "I.H.", "@_fa": "true", "ce:surname": "Lira", "ce:indexed-name": "Lira I.H."}], "et-al": null}, "ref-sourcetitle": "Neurosurgery"}}, {"ref-fulltext": "Nakajima, S., Atsumi, H., Kikinis, R., Moriarty, T.M., Metcalf, D.C., Jolesz, F.A., et al. Use of cortical surface vessel registration for image-guided neurosurgery. Neurosurgery 40 (1997), 1201\u20131208.", "@id": "10", "ref-info": {"ref-publicationyear": {"@first": "1997"}, "ref-title": {"ref-titletext": "Use of cortical surface vessel registration for image-guided neurosurgery"}, "refd-itemidlist": {"itemid": [{"$": "bib10", "@idtype": "FRAGMENTID"}, {"$": "0030967602", "@idtype": "SGR"}]}, "ref-volisspag": {"voliss": {"@volume": "40"}, "pagerange": {"@first": "1201", "@last": "1208"}}, "ref-authors": {"author": [{"@seq": "1", "ce:initials": "S.", "@_fa": "true", "ce:surname": "Nakajima", "ce:indexed-name": "Nakajima S."}, {"@seq": "2", "ce:initials": "H.", "@_fa": "true", "ce:surname": "Atsumi", "ce:indexed-name": "Atsumi H."}, {"@seq": "3", "ce:initials": "R.", "@_fa": "true", "ce:surname": "Kikinis", "ce:indexed-name": "Kikinis R."}, {"@seq": "4", "ce:initials": "T.M.", "@_fa": "true", "ce:surname": "Moriarty", "ce:indexed-name": "Moriarty T.M."}, {"@seq": "5", "ce:initials": "D.C.", "@_fa": "true", "ce:surname": "Metcalf", "ce:indexed-name": "Metcalf D.C."}, {"@seq": "6", "ce:initials": "F.A.", "@_fa": "true", "ce:surname": "Jolesz", "ce:indexed-name": "Jolesz F.A."}], "et-al": null}, "ref-sourcetitle": "Neurosurgery"}}, {"ref-fulltext": "Stadie, A.T., Kockro, R.A., Reisch, R., Tropine, A., Boor, S., Stoeter, P., et al. Virtual reality system for planning minimally invasive neurosurgery. Technical note. J Neurosurg 108 (2008), 382\u2013394.", "@id": "11", "ref-info": {"ref-publicationyear": {"@first": "2008"}, "ref-title": {"ref-titletext": "Virtual reality system for planning minimally invasive neurosurgery. Technical note"}, "refd-itemidlist": {"itemid": [{"$": "bib11", "@idtype": "FRAGMENTID"}, {"$": "38949205623", "@idtype": "SGR"}]}, "ref-volisspag": {"voliss": {"@volume": "108"}, "pagerange": {"@first": "382", "@last": "394"}}, "ref-authors": {"author": [{"@seq": "1", "ce:initials": "A.T.", "@_fa": "true", "ce:surname": "Stadie", "ce:indexed-name": "Stadie A.T."}, {"@seq": "2", "ce:initials": "R.A.", "@_fa": "true", "ce:surname": "Kockro", "ce:indexed-name": "Kockro R.A."}, {"@seq": "3", "ce:initials": "R.", "@_fa": "true", "ce:surname": "Reisch", "ce:indexed-name": "Reisch R."}, {"@seq": "4", "ce:initials": "A.", "@_fa": "true", "ce:surname": "Tropine", "ce:indexed-name": "Tropine A."}, {"@seq": "5", "ce:initials": "S.", "@_fa": "true", "ce:surname": "Boor", "ce:indexed-name": "Boor S."}, {"@seq": "6", "ce:initials": "P.", "@_fa": "true", "ce:surname": "Stoeter", "ce:indexed-name": "Stoeter P."}], "et-al": null}, "ref-sourcetitle": "J Neurosurg"}}, {"ref-fulltext": "Zele, T., Matos, B., Knific, J., Bajrovic, F.F., Prestor, B., Use of 3D visualisation of medical images for planning and intraoperative localisation of superficial brain tumours: our experience. Br J Neurosurg 24 (2010), 555\u2013560.", "@id": "12", "ref-info": {"ref-publicationyear": {"@first": "2010"}, "ref-title": {"ref-titletext": "Use of 3D visualisation of medical images for planning and intraoperative localisation of superficial brain tumours: our experience"}, "refd-itemidlist": {"itemid": [{"$": "bib12", "@idtype": "FRAGMENTID"}, {"$": "77957299262", "@idtype": "SGR"}]}, "ref-volisspag": {"voliss": {"@volume": "24"}, "pagerange": {"@first": "555", "@last": "560"}}, "ref-authors": {"author": [{"@seq": "1", "ce:initials": "T.", "@_fa": "true", "ce:surname": "Zele", "ce:indexed-name": "Zele T."}, {"@seq": "2", "ce:initials": "B.", "@_fa": "true", "ce:surname": "Matos", "ce:indexed-name": "Matos B."}, {"@seq": "3", "ce:initials": "J.", "@_fa": "true", "ce:surname": "Knific", "ce:indexed-name": "Knific J."}, {"@seq": "4", "ce:initials": "F.F.", "@_fa": "true", "ce:surname": "Bajrovic", "ce:indexed-name": "Bajrovic F.F."}, {"@seq": "5", "ce:initials": "B.", "@_fa": "true", "ce:surname": "Prestor", "ce:indexed-name": "Prestor B."}]}, "ref-sourcetitle": "Br J Neurosurg"}}, {"ref-fulltext": "Nowell, M., Rodionov, R., Zombori, G., Sparks, R., Winston, G., Kinghorn, J., et al. Utility of 3D multimodality imaging in the implantation of intracranial electrodes in epilepsy. Epilepsia 56 (2015), 403\u2013413.", "@id": "13", "ref-info": {"ref-publicationyear": {"@first": "2015"}, "ref-title": {"ref-titletext": "Utility of 3D multimodality imaging in the implantation of intracranial electrodes in epilepsy"}, "refd-itemidlist": {"itemid": [{"$": "bib13", "@idtype": "FRAGMENTID"}, {"$": "84924982101", "@idtype": "SGR"}]}, "ref-volisspag": {"voliss": {"@volume": "56"}, "pagerange": {"@first": "403", "@last": "413"}}, "ref-authors": {"author": [{"@seq": "1", "ce:initials": "M.", "@_fa": "true", "ce:surname": "Nowell", "ce:indexed-name": "Nowell M."}, {"@seq": "2", "ce:initials": "R.", "@_fa": "true", "ce:surname": "Rodionov", "ce:indexed-name": "Rodionov R."}, {"@seq": "3", "ce:initials": "G.", "@_fa": "true", "ce:surname": "Zombori", "ce:indexed-name": "Zombori G."}, {"@seq": "4", "ce:initials": "R.", "@_fa": "true", "ce:surname": "Sparks", "ce:indexed-name": "Sparks R."}, {"@seq": "5", "ce:initials": "G.", "@_fa": "true", "ce:surname": "Winston", "ce:indexed-name": "Winston G."}, {"@seq": "6", "ce:initials": "J.", "@_fa": "true", "ce:surname": "Kinghorn", "ce:indexed-name": "Kinghorn J."}], "et-al": null}, "ref-sourcetitle": "Epilepsia"}}, {"ref-fulltext": "Bastos, A.C., Comeau, R.M., Andermann, F., Melanson, D., Cendes, F., Dubeau, F., et al. Diagnosis of subtle focal dysplastic lesions: curvilinear reformatting from three-dimensional magnetic resonance imaging. Ann Neurol 46 (1999), 88\u201394.", "@id": "14", "ref-info": {"ref-publicationyear": {"@first": "1999"}, "ref-title": {"ref-titletext": "Diagnosis of subtle focal dysplastic lesions: curvilinear reformatting from three-dimensional magnetic resonance imaging"}, "refd-itemidlist": {"itemid": [{"$": "bib14", "@idtype": "FRAGMENTID"}, {"$": "0033009112", "@idtype": "SGR"}]}, "ref-volisspag": {"voliss": {"@volume": "46"}, "pagerange": {"@first": "88", "@last": "94"}}, "ref-authors": {"author": [{"@seq": "1", "ce:initials": "A.C.", "@_fa": "true", "ce:surname": "Bastos", "ce:indexed-name": "Bastos A.C."}, {"@seq": "2", "ce:initials": "R.M.", "@_fa": "true", "ce:surname": "Comeau", "ce:indexed-name": "Comeau R.M."}, {"@seq": "3", "ce:initials": "F.", "@_fa": "true", "ce:surname": "Andermann", "ce:indexed-name": "Andermann F."}, {"@seq": "4", "ce:initials": "D.", "@_fa": "true", "ce:surname": "Melanson", "ce:indexed-name": "Melanson D."}, {"@seq": "5", "ce:initials": "F.", "@_fa": "true", "ce:surname": "Cendes", "ce:indexed-name": "Cendes F."}, {"@seq": "6", "ce:initials": "F.", "@_fa": "true", "ce:surname": "Dubeau", "ce:indexed-name": "Dubeau F."}], "et-al": null}, "ref-sourcetitle": "Ann Neurol"}}, {"ref-fulltext": "Hattingen, E., Good, C., Weidauer, S., Herminghaus, S., Raab, P., Marquardt, G., et al. Brain surface reformatted images for fast and easy localization of perirolandic lesions. J Neurosurg 102 (2005), 302\u2013310.", "@id": "15", "ref-info": {"ref-publicationyear": {"@first": "2005"}, "ref-title": {"ref-titletext": "Brain surface reformatted images for fast and easy localization of perirolandic lesions"}, "refd-itemidlist": {"itemid": [{"$": "bib15", "@idtype": "FRAGMENTID"}, {"$": "14844333306", "@idtype": "SGR"}]}, "ref-volisspag": {"voliss": {"@volume": "102"}, "pagerange": {"@first": "302", "@last": "310"}}, "ref-authors": {"author": [{"@seq": "1", "ce:initials": "E.", "@_fa": "true", "ce:surname": "Hattingen", "ce:indexed-name": "Hattingen E."}, {"@seq": "2", "ce:initials": "C.", "@_fa": "true", "ce:surname": "Good", "ce:indexed-name": "Good C."}, {"@seq": "3", "ce:initials": "S.", "@_fa": "true", "ce:surname": "Weidauer", "ce:indexed-name": "Weidauer S."}, {"@seq": "4", "ce:initials": "S.", "@_fa": "true", "ce:surname": "Herminghaus", "ce:indexed-name": "Herminghaus S."}, {"@seq": "5", "ce:initials": "P.", "@_fa": "true", "ce:surname": "Raab", "ce:indexed-name": "Raab P."}, {"@seq": "6", "ce:initials": "G.", "@_fa": "true", "ce:surname": "Marquardt", "ce:indexed-name": "Marquardt G."}], "et-al": null}, "ref-sourcetitle": "J Neurosurg"}}, {"ref-fulltext": "Tsuchiya, K., Katase, S., Hachiya, J., Hiyama, T., Shiokawa, Y., A new technique of surface anatomy MR scanning of the brain: its application to scalp incision planning. AJNR Am J Neuroradiol 20 (1999), 515\u2013518.", "@id": "16", "ref-info": {"ref-publicationyear": {"@first": "1999"}, "ref-title": {"ref-titletext": "A new technique of surface anatomy MR scanning of the brain: its application to scalp incision planning"}, "refd-itemidlist": {"itemid": [{"$": "bib16", "@idtype": "FRAGMENTID"}, {"$": "0033366778", "@idtype": "SGR"}]}, "ref-volisspag": {"voliss": {"@volume": "20"}, "pagerange": {"@first": "515", "@last": "518"}}, "ref-authors": {"author": [{"@seq": "1", "ce:initials": "K.", "@_fa": "true", "ce:surname": "Tsuchiya", "ce:indexed-name": "Tsuchiya K."}, {"@seq": "2", "ce:initials": "S.", "@_fa": "true", "ce:surname": "Katase", "ce:indexed-name": "Katase S."}, {"@seq": "3", "ce:initials": "J.", "@_fa": "true", "ce:surname": "Hachiya", "ce:indexed-name": "Hachiya J."}, {"@seq": "4", "ce:initials": "T.", "@_fa": "true", "ce:surname": "Hiyama", "ce:indexed-name": "Hiyama T."}, {"@seq": "5", "ce:initials": "Y.", "@_fa": "true", "ce:surname": "Shiokawa", "ce:indexed-name": "Shiokawa Y."}]}, "ref-sourcetitle": "AJNR Am J Neuroradiol"}}, {"ref-fulltext": "Sumida, M., Uozumi, T., Kiya, K., Arita, K., Kurisu, K., Onda, J., et al. Surface anatomy scanning (SAS) in intracranial tumours: comparison with surgical findings. Neuroradiology 37 (1995), 94\u201398.", "@id": "17", "ref-info": {"ref-publicationyear": {"@first": "1995"}, "ref-title": {"ref-titletext": "Surface anatomy scanning (SAS) in intracranial tumours: comparison with surgical findings"}, "refd-itemidlist": {"itemid": [{"$": "bib17", "@idtype": "FRAGMENTID"}, {"$": "0028842027", "@idtype": "SGR"}]}, "ref-volisspag": {"voliss": {"@volume": "37"}, "pagerange": {"@first": "94", "@last": "98"}}, "ref-authors": {"author": [{"@seq": "1", "ce:initials": "M.", "@_fa": "true", "ce:surname": "Sumida", "ce:indexed-name": "Sumida M."}, {"@seq": "2", "ce:initials": "T.", "@_fa": "true", "ce:surname": "Uozumi", "ce:indexed-name": "Uozumi T."}, {"@seq": "3", "ce:initials": "K.", "@_fa": "true", "ce:surname": "Kiya", "ce:indexed-name": "Kiya K."}, {"@seq": "4", "ce:initials": "K.", "@_fa": "true", "ce:surname": "Arita", "ce:indexed-name": "Arita K."}, {"@seq": "5", "ce:initials": "K.", "@_fa": "true", "ce:surname": "Kurisu", "ce:indexed-name": "Kurisu K."}, {"@seq": "6", "ce:initials": "J.", "@_fa": "true", "ce:surname": "Onda", "ce:indexed-name": "Onda J."}], "et-al": null}, "ref-sourcetitle": "Neuroradiology"}}, {"ref-fulltext": "Bunyaratavej, K., Sangtongjaraskul, S., Lerdsirisopon, S., Tuchinda, L., Continuous physical examination during subcortical resection in awake craniotomy patients: Its usefulness and surgical outcome. Clin Neurol Neurosurg 147 (2016), 34\u201338.", "@id": "18", "ref-info": {"ref-publicationyear": {"@first": "2016"}, "ref-title": {"ref-titletext": "Continuous physical examination during subcortical resection in awake craniotomy patients: Its usefulness and surgical outcome"}, "refd-itemidlist": {"itemid": [{"$": "bib18", "@idtype": "FRAGMENTID"}, {"$": "84973129890", "@idtype": "SGR"}]}, "ref-volisspag": {"voliss": {"@volume": "147"}, "pagerange": {"@first": "34", "@last": "38"}}, "ref-authors": {"author": [{"@seq": "1", "ce:initials": "K.", "@_fa": "true", "ce:surname": "Bunyaratavej", "ce:indexed-name": "Bunyaratavej K."}, {"@seq": "2", "ce:initials": "S.", "@_fa": "true", "ce:surname": "Sangtongjaraskul", "ce:indexed-name": "Sangtongjaraskul S."}, {"@seq": "3", "ce:initials": "S.", "@_fa": "true", "ce:surname": "Lerdsirisopon", "ce:indexed-name": "Lerdsirisopon S."}, {"@seq": "4", "ce:initials": "L.", "@_fa": "true", "ce:surname": "Tuchinda", "ce:indexed-name": "Tuchinda L."}]}, "ref-sourcetitle": "Clin Neurol Neurosurg"}}, {"ref-fulltext": "Berger, M.S., Deliganis, A.V., Dobbins, J., Keles, G.E., The effect of extent of resection on recurrence in patients with low grade cerebral hemisphere gliomas. Cancer 74 (1994), 1784\u20131791.", "@id": "19", "ref-info": {"ref-publicationyear": {"@first": "1994"}, "ref-title": {"ref-titletext": "The effect of extent of resection on recurrence in patients with low grade cerebral hemisphere gliomas"}, "refd-itemidlist": {"itemid": [{"$": "bib19", "@idtype": "FRAGMENTID"}, {"$": "0027931566", "@idtype": "SGR"}]}, "ref-volisspag": {"voliss": {"@volume": "74"}, "pagerange": {"@first": "1784", "@last": "1791"}}, "ref-authors": {"author": [{"@seq": "1", "ce:initials": "M.S.", "@_fa": "true", "ce:surname": "Berger", "ce:indexed-name": "Berger M.S."}, {"@seq": "2", "ce:initials": "A.V.", "@_fa": "true", "ce:surname": "Deliganis", "ce:indexed-name": "Deliganis A.V."}, {"@seq": "3", "ce:initials": "J.", "@_fa": "true", "ce:surname": "Dobbins", "ce:indexed-name": "Dobbins J."}, {"@seq": "4", "ce:initials": "G.E.", "@_fa": "true", "ce:surname": "Keles", "ce:indexed-name": "Keles G.E."}]}, "ref-sourcetitle": "Cancer"}}, {"ref-fulltext": "Wagner, M., Jurcoane, A., Hattingen, E., The U sign: tenth landmark to the central region on brain surface reformatted MR imaging. AJNR Am J Neuroradiol 34 (2013), 323\u2013326.", "@id": "20", "ref-info": {"ref-publicationyear": {"@first": "2013"}, "ref-title": {"ref-titletext": "The U sign: tenth landmark to the central region on brain surface reformatted MR imaging"}, "refd-itemidlist": {"itemid": [{"$": "bib20", "@idtype": "FRAGMENTID"}, {"$": "84876192887", "@idtype": "SGR"}]}, "ref-volisspag": {"voliss": {"@volume": "34"}, "pagerange": {"@first": "323", "@last": "326"}}, "ref-authors": {"author": [{"@seq": "1", "ce:initials": "M.", "@_fa": "true", "ce:surname": "Wagner", "ce:indexed-name": "Wagner M."}, {"@seq": "2", "ce:initials": "A.", "@_fa": "true", "ce:surname": "Jurcoane", "ce:indexed-name": "Jurcoane A."}, {"@seq": "3", "ce:initials": "E.", "@_fa": "true", "ce:surname": "Hattingen", "ce:indexed-name": "Hattingen E."}]}, "ref-sourcetitle": "AJNR Am J Neuroradiol"}}, {"ref-fulltext": "Levin, D.N., Hu, X.P., Tan, K.K., Galhotra, S., Surface of the brain: three-dimensional MR images created with volume rendering. Radiology 171 (1989), 277\u2013280.", "@id": "21", "ref-info": {"ref-publicationyear": {"@first": "1989"}, "ref-title": {"ref-titletext": "Surface of the brain: three-dimensional MR images created with volume rendering"}, "refd-itemidlist": {"itemid": [{"$": "bib21", "@idtype": "FRAGMENTID"}, {"$": "0024563224", "@idtype": "SGR"}]}, "ref-volisspag": {"voliss": {"@volume": "171"}, "pagerange": {"@first": "277", "@last": "280"}}, "ref-authors": {"author": [{"@seq": "1", "ce:initials": "D.N.", "@_fa": "true", "ce:surname": "Levin", "ce:indexed-name": "Levin D.N."}, {"@seq": "2", "ce:initials": "X.P.", "@_fa": "true", "ce:surname": "Hu", "ce:indexed-name": "Hu X.P."}, {"@seq": "3", "ce:initials": "K.K.", "@_fa": "true", "ce:surname": "Tan", "ce:indexed-name": "Tan K.K."}, {"@seq": "4", "ce:initials": "S.", "@_fa": "true", "ce:surname": "Galhotra", "ce:indexed-name": "Galhotra S."}]}, "ref-sourcetitle": "Radiology"}}, {"ref-fulltext": "Cline, H.E., Lorensen, W.E., Souza, S.P., Jolesz, F.A., Kikinis, R., Gerig, G., et al. 3D surface rendered MR images of the brain and its vasculature. J Comput Assist Tomogr 15 (1991), 344\u2013351.", "@id": "22", "ref-info": {"ref-publicationyear": {"@first": "1991"}, "ref-title": {"ref-titletext": "3D surface rendered MR images of the brain and its vasculature"}, "refd-itemidlist": {"itemid": [{"$": "bib22", "@idtype": "FRAGMENTID"}, {"$": "0025858660", "@idtype": "SGR"}]}, "ref-volisspag": {"voliss": {"@volume": "15"}, "pagerange": {"@first": "344", "@last": "351"}}, "ref-authors": {"author": [{"@seq": "1", "ce:initials": "H.E.", "@_fa": "true", "ce:surname": "Cline", "ce:indexed-name": "Cline H.E."}, {"@seq": "2", "ce:initials": "W.E.", "@_fa": "true", "ce:surname": "Lorensen", "ce:indexed-name": "Lorensen W.E."}, {"@seq": "3", "ce:initials": "S.P.", "@_fa": "true", "ce:surname": "Souza", "ce:indexed-name": "Souza S.P."}, {"@seq": "4", "ce:initials": "F.A.", "@_fa": "true", "ce:surname": "Jolesz", "ce:indexed-name": "Jolesz F.A."}, {"@seq": "5", "ce:initials": "R.", "@_fa": "true", "ce:surname": "Kikinis", "ce:indexed-name": "Kikinis R."}, {"@seq": "6", "ce:initials": "G.", "@_fa": "true", "ce:surname": "Gerig", "ce:indexed-name": "Gerig G."}], "et-al": null}, "ref-sourcetitle": "J Comput Assist Tomogr"}}, {"ref-fulltext": "Araujo, D., Machado, H.R., Oliveira, R.S., Terra-Bustamante, V., Barros de Araujo, D., Santos, A.C., et al. Brain surface reformatted imaging (BSRI) in surgical planning for resections around eloquent cortex. Childs Nerv Syst 22 (2006), 1122\u20131126.", "@id": "23", "ref-info": {"ref-publicationyear": {"@first": "2006"}, "ref-title": {"ref-titletext": "Brain surface reformatted imaging (BSRI) in surgical planning for resections around eloquent cortex"}, "refd-itemidlist": {"itemid": [{"$": "bib23", "@idtype": "FRAGMENTID"}, {"$": "33748156641", "@idtype": "SGR"}]}, "ref-volisspag": {"voliss": {"@volume": "22"}, "pagerange": {"@first": "1122", "@last": "1126"}}, "ref-authors": {"author": [{"@seq": "1", "ce:initials": "D.", "@_fa": "true", "ce:surname": "Araujo", "ce:indexed-name": "Araujo D."}, {"@seq": "2", "ce:initials": "H.R.", "@_fa": "true", "ce:surname": "Machado", "ce:indexed-name": "Machado H.R."}, {"@seq": "3", "ce:initials": "R.S.", "@_fa": "true", "ce:surname": "Oliveira", "ce:indexed-name": "Oliveira R.S."}, {"@seq": "4", "ce:initials": "V.", "@_fa": "true", "ce:surname": "Terra-Bustamante", "ce:indexed-name": "Terra-Bustamante V."}, {"@seq": "5", "ce:initials": "D.", "@_fa": "true", "ce:surname": "Barros de Araujo", "ce:indexed-name": "Barros de Araujo D."}, {"@seq": "6", "ce:initials": "A.C.", "@_fa": "true", "ce:surname": "Santos", "ce:indexed-name": "Santos A.C."}], "et-al": null}, "ref-sourcetitle": "Childs Nerv Syst"}}]}}}}, "affiliation": {"affiliation-city": "Bangkok", "@id": "60022183", "affilname": "King Chulalongkorn Memorial Hospital", "@href": "https://api.elsevier.com/content/affiliation/affiliation_id/60022183", "affiliation-country": "Thailand"}, "coredata": {"srctype": "j", "eid": "2-s2.0-85029452820", "dc:description": "Background Three-dimensional cortical surface reconstruction (3DCSR) is an important tool for operations involving cerebral cortex, but data on its similarity to actual cortical architecture are lacking. In this study, the authors systematically tested the similarity between operative findings and 3DCSR built by a neuronavigation system and illustrated its applications. Methods The authors retrospectively retrieved operative photographs and 3DCSR of patients who underwent craniotomy with the aid of 3DCSR and asked 4 evaluators to perform a series of matching tests. Test 1 was to match 3DCSR and operative photographs. Test 2 was a repetition of test 1 to determine the consistency of matching ability. Test 3 was to match detailed anatomy of the 3DCSR with operative photographs. Scores on all tests were analyzed to measure the degree of similarity between 3DCSR and operative findings. The scores between patients with and without cortical distortion were compared to determine the impact of distortion on matching ability. Results Tests of similarity were performed on 22 patients. Mean scores of tests 1, 2, and 3 were 84.09%, 93.18%, and 89.77%, respectively. The Kappa statistic for agreement between test 1 and 2 ranged from 0.76 to 0.88. There was no statistically significant difference between average score of patients with and without cortical distortion in all tests. Conclusions Authors have systematically demonstrated that 3DCSR built by neuronavigation system in this study provides detailed anatomy of cortical surface with a high degree of similarity to operative findings even in the presence of cortical distortion, leading to various applications beyond navigation alone.", "pubmed-id": "28842237", "prism:coverDate": "2017-11-01", "prism:aggregationType": "Journal", "prism:url": "https://api.elsevier.com/content/abstract/scopus_id/85029452820", "dc:creator": {"author": [{"ce:given-name": "Krishnapundha", "preferred-name": {"ce:given-name": "Krishnapundha", "ce:initials": "K.", "ce:surname": "Bunyaratavej", "ce:indexed-name": "Bunyaratavej K."}, "@seq": "1", "ce:initials": "K.", "@_fa": "true", "affiliation": {"@id": "60022183", "@href": "https://api.elsevier.com/content/affiliation/affiliation_id/60022183"}, "ce:surname": "Bunyaratavej", "@auid": "6505815017", "author-url": "https://api.elsevier.com/content/author/author_id/6505815017", "ce:indexed-name": "Bunyaratavej K."}]}, "link": [{"@_fa": "true", "@rel": "self", "@href": "https://api.elsevier.com/content/abstract/scopus_id/85029452820"}, {"@_fa": "true", "@rel": "scopus", "@href": "https://www.scopus.com/inward/record.uri?partnerID=HzOxMe3b&scp=85029452820&origin=inward"}, {"@_fa": "true", "@rel": "scopus-citedby", "@href": "https://www.scopus.com/inward/citedby.uri?partnerID=HzOxMe3b&scp=85029452820&origin=inward"}], "source-id": "19700171401", "pii": "S1878875017313530", "citedby-count": "1", "prism:volume": "107", "subtype": "ar", "dc:title": "Three-Dimensional Cortical Surface Reconstruction Versus Operative Findings: Their Similarity and Applications", "openaccess": "0", "prism:issn": "18788769 18788750", "publishercopyright": "\u00a9 2017 Elsevier Inc.", "subtypeDescription": "Article", "prism:publicationName": "World Neurosurgery", "prism:pageRange": "809-819", "prism:endingPage": "819", "openaccessFlag": "false", "prism:doi": "10.1016/j.wneu.2017.08.052", "prism:startingPage": "809", "dc:identifier": "SCOPUS_ID:85029452820", "dc:publisher": "Elsevier Inc.usjcs@elsevier.com"}, "idxterms": {"mainterm": [{"$": "Adult", "@weight": "b", "@candidate": "n"}, {"$": "Aged", "@weight": "b", "@candidate": "n"}, {"$": "Astrocytoma", "@weight": "b", "@candidate": "n"}, {"$": "Brain Neoplasms", "@weight": "b", "@candidate": "n"}, {"$": "Cerebral Cortex", "@weight": "b", "@candidate": "n"}, {"$": "Craniotomy", "@weight": "b", "@candidate": "n"}, {"$": "Female", "@weight": "b", "@candidate": "n"}, {"$": "Follow-Up Studies", "@weight": "b", "@candidate": "n"}, {"$": "Humans", "@weight": "b", "@candidate": "n"}, {"$": "Imaging, Three-Dimensional", "@weight": "a", "@candidate": "n"}, {"$": "Male", "@weight": "b", "@candidate": "n"}, {"$": "Middle Aged", "@weight": "b", "@candidate": "n"}, {"$": "Neuronavigation", "@weight": "a", "@candidate": "n"}, {"$": "Neurophysiological Monitoring", "@weight": "b", "@candidate": "n"}, {"$": "Oligodendroglioma", "@weight": "b", "@candidate": "n"}, {"$": "Photography", "@weight": "b", "@candidate": "n"}, {"$": "Reproducibility of Results", "@weight": "b", "@candidate": "n"}, {"$": "Retrospective Studies", "@weight": "b", "@candidate": "n"}, {"$": "Treatment Outcome", "@weight": "b", "@candidate": "n"}, {"$": "Young Adult", "@weight": "b", "@candidate": "n"}]}, "language": {"@xml:lang": "eng"}, "authkeywords": {"author-keyword": [{"@_fa": "true", "$": "Brain surgery"}, {"@_fa": "true", "$": "Cerebral cortex"}, {"@_fa": "true", "$": "Neuronavigation"}, {"@_fa": "true", "$": "Similarity analysis"}, {"@_fa": "true", "$": "Three-dimensional reconstruction"}]}, "subject-areas": {"subject-area": [{"@_fa": "true", "$": "Surgery", "@code": "2746", "@abbrev": "MEDI"}, {"@_fa": "true", "$": "Neurology (clinical)", "@code": "2728", "@abbrev": "MEDI"}]}, "authors": {"author": [{"ce:given-name": "Krishnapundha", "preferred-name": {"ce:given-name": "Krishnapundha", "ce:initials": "K.", "ce:surname": "Bunyaratavej", "ce:indexed-name": "Bunyaratavej K."}, "@seq": "1", "ce:initials": "K.", "@_fa": "true", "affiliation": {"@id": "60022183", "@href": "https://api.elsevier.com/content/affiliation/affiliation_id/60022183"}, "ce:surname": "Bunyaratavej", "@auid": "6505815017", "author-url": "https://api.elsevier.com/content/author/author_id/6505815017", "ce:indexed-name": "Bunyaratavej K."}, {"ce:given-name": "Rungsak", "preferred-name": {"ce:given-name": "Rungsak", "ce:initials": "R.", "ce:surname": "Siwanuwatn", "ce:indexed-name": "Siwanuwatn R."}, "@seq": "2", "ce:initials": "R.", "@_fa": "true", "affiliation": {"@id": "60022183", "@href": "https://api.elsevier.com/content/affiliation/affiliation_id/60022183"}, "ce:surname": "Siwanuwatn", "@auid": "6506384125", "author-url": "https://api.elsevier.com/content/author/author_id/6506384125", "ce:indexed-name": "Siwanuwatn R."}]}}}