{"abstracts-retrieval-response": {"item": {"ait:process-info": {"ait:status": {"@state": "update", "@type": "core", "@stage": "S300"}, "ait:date-delivered": {"@day": "23", "@timestamp": "2021-02-23T16:27:55.000055-05:00", "@year": "2021", "@month": "02"}, "ait:date-sort": {"@day": "01", "@year": "2017", "@month": "11"}}, "bibrecord": {"head": {"author-group": [{"affiliation": {"country": "Thailand", "@afid": "60199583", "@country": "tha", "city": "Bangkok", "organization": [{"$": "Chulalongkorn Business School"}, {"$": "Chulalongkorn University"}], "affiliation-id": [{"@afid": "60199583"}, {"@afid": "60028190"}]}, "author": [{"ce:given-name": "Manapol", "preferred-name": {"ce:given-name": "Manapol", "ce:initials": "M.", "ce:surname": "Ekkayokkaya", "ce:indexed-name": "Ekkayokkaya M."}, "@seq": "1", "ce:initials": "M.", "@_fa": "true", "@type": "auth", "ce:surname": "Ekkayokkaya", "@auid": "26321438800", "ce:indexed-name": "Ekkayokkaya M."}, {"ce:given-name": "Pimnipa", "preferred-name": {"ce:given-name": "Pimnipa", "ce:initials": "P.", "ce:surname": "Foojinphan", "ce:indexed-name": "Foojinphan P."}, "@seq": "2", "ce:initials": "P.", "@_fa": "true", "@type": "auth", "ce:surname": "Foojinphan", "@auid": "57194507002", "ce:indexed-name": "Foojinphan P."}]}, {"affiliation": {"country": "Luxembourg", "@afid": "60072562", "@country": "lux", "organization": [{"$": "Luxembourg School of Finance"}, {"$": "University of Luxembourg"}], "affiliation-id": {"@afid": "60072562", "@dptid": "104813000"}, "@dptid": "104813000"}, "author": [{"ce:given-name": "Christian C.P.", "preferred-name": {"ce:given-name": "Christian C.P.", "ce:initials": "C.C.P.", "ce:surname": "Wolff", "ce:indexed-name": "Wolff C.C.P."}, "@seq": "3", "ce:initials": "C.C.P.", "@_fa": "true", "@type": "auth", "ce:surname": "Wolff", "@auid": "7103395739", "ce:indexed-name": "Wolff C.C.P."}]}, {"affiliation": {"country": "United Kingdom", "@afid": "60016621", "@country": "gbr", "city": "London", "organization": {"$": "CEPR"}, "affiliation-id": {"@afid": "60016621"}}, "author": [{"ce:given-name": "Christian C.P.", "preferred-name": {"ce:given-name": "Christian C.P.", "ce:initials": "C.C.P.", "ce:surname": "Wolff", "ce:indexed-name": "Wolff C.C.P."}, "@seq": "3", "ce:initials": "C.C.P.", "@_fa": "true", "@type": "auth", "ce:surname": "Wolff", "@auid": "7103395739", "ce:indexed-name": "Wolff C.C.P."}]}], "citation-title": "Cross-border mergers and acquisitions: Evidence from the Indochina region", "abstracts": "\u00a9 2017 Elsevier Inc.We study cross-border mergers and acquisitions (M&As) in ten countries in the Indochina region during the period 1993\u20132015. Countries with a French colonial history showed markedly lower levels of cross-border M&As (value as well as volume) than other countries, whether previously colonized or not. This difference persists even after accounting for the known drivers of cross-border M&A activity, including legal origin, trade openness, and labor cost levels. Together, these findings suggest that the colonial past of a country plays an important role in cross-border M&A activity.", "correspondence": {"affiliation": {"country": "Luxembourg", "@country": "lux", "organization": [{"$": "Luxembourg School of Finance"}, {"$": "University of Luxembourg"}]}, "person": {"ce:given-name": "Christian C.P.", "ce:initials": "C.C.P.", "ce:surname": "Wolff", "ce:indexed-name": "Wolff C.C.P."}}, "citation-info": {"author-keywords": {"author-keyword": [{"$": "Colonial history", "@xml:lang": "eng"}, {"$": "Foreign direct investment", "@xml:lang": "eng"}, {"$": "South-East Asia", "@xml:lang": "eng"}]}, "citation-type": {"@code": "ar"}, "citation-language": {"@language": "English", "@xml:lang": "eng"}, "abstract-language": {"@language": "English", "@xml:lang": "eng"}}, "source": {"sourcetitle-abbrev": "Finan. Res. Lett.", "website": {"ce:e-address": {"$": "http://www.elsevier.com/inca/publications/store/6/7/2/9/0/8/index.htt", "@type": "email"}}, "@country": "gbr", "translated-sourcetitle": {"$": "Finance Research Letters", "@xml:lang": "eng"}, "issn": {"$": "15446123", "@type": "print"}, "volisspag": {"voliss": {"@volume": "23"}, "pagerange": {"@first": "253", "@last": "256"}}, "@type": "j", "publicationyear": {"@first": "2017"}, "publisher": {"publishername": "Elsevier Ltd"}, "sourcetitle": "Finance Research Letters", "@srcid": "15519", "publicationdate": {"month": "11", "year": "2017", "date-text": "November 2017", "day": "01"}}, "enhancement": {"classificationgroup": {"classifications": [{"@type": "ASJC", "classification": "2003"}, {"@type": "SUBJABBR", "classification": "ECON"}]}}}, "item-info": {"copyright": {"$": "Copyright 2017 Elsevier B.V., All rights reserved.", "@type": "Elsevier"}, "dbcollection": [{"$": "SNECON"}, {"$": "SCOPUS"}, {"$": "Scopusbase"}], "history": {"date-created": {"@day": "26", "@timestamp": "BST 12:23:08", "@year": "2017", "@month": "10"}}, "itemidlist": {"itemid": [{"$": "616779472", "@idtype": "PUI"}, {"$": "665759427", "@idtype": "CAR-ID"}, {"$": "2017029758", "@idtype": "SNECON"}, {"$": "85020463194", "@idtype": "SCP"}, {"$": "85020463194", "@idtype": "SGR"}], "ce:pii": "S1544612317301393", "ce:doi": "10.1016/j.frl.2017.06.009"}}, "tail": {"bibliography": {"@refcount": "20", "reference": [{"ref-fulltext": "Acemoglu, D., Johnson, S., Robinson, J., The colonial origins of comparative development: an empirical investigation. Am. Econ. Rev. 91:5 (2001), 1369\u20131401.", "@id": "1", "ref-info": {"ref-publicationyear": {"@first": "2001"}, "ref-title": {"ref-titletext": "The colonial origins of comparative development: an empirical investigation"}, "refd-itemidlist": {"itemid": [{"$": "bib0001", "@idtype": "FRAGMENTID"}, {"$": "0000979996", "@idtype": "SGR"}]}, "ref-volisspag": {"voliss": {"@volume": "91", "@issue": "5"}, "pagerange": {"@first": "1369", "@last": "1401"}}, "ref-authors": {"author": [{"@seq": "1", "ce:initials": "D.", "@_fa": "true", "ce:surname": "Acemoglu", "ce:indexed-name": "Acemoglu D."}, {"@seq": "2", "ce:initials": "S.", "@_fa": "true", "ce:surname": "Johnson", "ce:indexed-name": "Johnson S."}, {"@seq": "3", "ce:initials": "J.", "@_fa": "true", "ce:surname": "Robinson", "ce:indexed-name": "Robinson J."}]}, "ref-sourcetitle": "Am. Econ. Rev."}}, {"ref-fulltext": "Baier, S., Bergstrand, J., Do free trade agreements actually increase members\u2019 international trade?. J. Int. Econ. 71:1 (2007), 72\u201395.", "@id": "2", "ref-info": {"ref-publicationyear": {"@first": "2007"}, "ref-title": {"ref-titletext": "Do free trade agreements actually increase members\u2019 international trade?"}, "refd-itemidlist": {"itemid": [{"$": "bib0002", "@idtype": "FRAGMENTID"}, {"$": "33847100132", "@idtype": "SGR"}]}, "ref-volisspag": {"voliss": {"@volume": "71", "@issue": "1"}, "pagerange": {"@first": "72", "@last": "95"}}, "ref-authors": {"author": [{"@seq": "1", "ce:initials": "S.", "@_fa": "true", "ce:surname": "Baier", "ce:indexed-name": "Baier S."}, {"@seq": "2", "ce:initials": "J.", "@_fa": "true", "ce:surname": "Bergstrand", "ce:indexed-name": "Bergstrand J."}]}, "ref-sourcetitle": "J. Int. Econ."}}, {"ref-fulltext": "Bekaert, G., Harvey, C., Lundblad, C., Siegel, S., Global growth opportunities and market integration. J. Finance 62:3 (2007), 1081\u20131137.", "@id": "3", "ref-info": {"ref-publicationyear": {"@first": "2007"}, "ref-title": {"ref-titletext": "Global growth opportunities and market integration"}, "refd-itemidlist": {"itemid": [{"$": "bib0003", "@idtype": "FRAGMENTID"}, {"$": "34248225915", "@idtype": "SGR"}]}, "ref-volisspag": {"voliss": {"@volume": "62", "@issue": "3"}, "pagerange": {"@first": "1081", "@last": "1137"}}, "ref-authors": {"author": [{"@seq": "1", "ce:initials": "G.", "@_fa": "true", "ce:surname": "Bekaert", "ce:indexed-name": "Bekaert G."}, {"@seq": "2", "ce:initials": "C.", "@_fa": "true", "ce:surname": "Harvey", "ce:indexed-name": "Harvey C."}, {"@seq": "3", "ce:initials": "C.", "@_fa": "true", "ce:surname": "Lundblad", "ce:indexed-name": "Lundblad C."}, {"@seq": "4", "ce:initials": "S.", "@_fa": "true", "ce:surname": "Siegel", "ce:indexed-name": "Siegel S."}]}, "ref-sourcetitle": "J. Finance"}}, {"ref-fulltext": "Bris, A., Cabolis, C., The value of investor protection: Evidence from cross-border mergers. Rev. Financ. Stud. 21:2 (2008), 605\u2013648.", "@id": "4", "ref-info": {"ref-publicationyear": {"@first": "2008"}, "ref-title": {"ref-titletext": "The value of investor protection: Evidence from cross-border mergers"}, "refd-itemidlist": {"itemid": [{"$": "bib0004", "@idtype": "FRAGMENTID"}, {"$": "41549100523", "@idtype": "SGR"}]}, "ref-volisspag": {"voliss": {"@volume": "21", "@issue": "2"}, "pagerange": {"@first": "605", "@last": "648"}}, "ref-authors": {"author": [{"@seq": "1", "ce:initials": "A.", "@_fa": "true", "ce:surname": "Bris", "ce:indexed-name": "Bris A."}, {"@seq": "2", "ce:initials": "C.", "@_fa": "true", "ce:surname": "Cabolis", "ce:indexed-name": "Cabolis C."}]}, "ref-sourcetitle": "Rev. Financ. Stud."}}, {"ref-fulltext": "Crowder, M., West Africa under Colonial Rule. 1968, Northwestern University Press, Chicago.", "@id": "5", "ref-info": {"ref-publicationyear": {"@first": "1968"}, "ref-title": {"ref-titletext": "West Africa under Colonial Rule"}, "refd-itemidlist": {"itemid": [{"$": "bib0005", "@idtype": "FRAGMENTID"}, {"$": "0003928023", "@idtype": "SGR"}]}, "ref-text": "Northwestern University Press Chicago", "ref-authors": {"author": [{"@seq": "1", "ce:initials": "M.", "@_fa": "true", "ce:surname": "Crowder", "ce:indexed-name": "Crowder M."}]}}}, {"ref-fulltext": "Dyck, A., Zingales, L., Private benefits of control: an international comparison. J. Finance 59:2 (2004), 537\u2013600.", "@id": "6", "ref-info": {"ref-publicationyear": {"@first": "2004"}, "ref-title": {"ref-titletext": "Private benefits of control: an international comparison"}, "refd-itemidlist": {"itemid": [{"$": "bib0006", "@idtype": "FRAGMENTID"}, {"$": "1842445955", "@idtype": "SGR"}]}, "ref-volisspag": {"voliss": {"@volume": "59", "@issue": "2"}, "pagerange": {"@first": "537", "@last": "600"}}, "ref-authors": {"author": [{"@seq": "1", "ce:initials": "A.", "@_fa": "true", "ce:surname": "Dyck", "ce:indexed-name": "Dyck A."}, {"@seq": "2", "ce:initials": "L.", "@_fa": "true", "ce:surname": "Zingales", "ce:indexed-name": "Zingales L."}]}, "ref-sourcetitle": "J. Finance"}}, {"ref-fulltext": "Erel, I., Liao, R.C., Weisbach, M., Determinants of cross\u2010border mergers and acquisitions. J. Finance 67:3 (2012), 1045\u20131082.", "@id": "7", "ref-info": {"ref-publicationyear": {"@first": "2012"}, "ref-title": {"ref-titletext": "Determinants of cross\u2010border mergers and acquisitions"}, "refd-itemidlist": {"itemid": [{"$": "bib0007", "@idtype": "FRAGMENTID"}, {"$": "84857113938", "@idtype": "SGR"}]}, "ref-volisspag": {"voliss": {"@volume": "67", "@issue": "3"}, "pagerange": {"@first": "1045", "@last": "1082"}}, "ref-authors": {"author": [{"@seq": "1", "ce:initials": "I.", "@_fa": "true", "ce:surname": "Erel", "ce:indexed-name": "Erel I."}, {"@seq": "2", "ce:initials": "R.C.", "@_fa": "true", "ce:surname": "Liao", "ce:indexed-name": "Liao R.C."}, {"@seq": "3", "ce:initials": "M.", "@_fa": "true", "ce:surname": "Weisbach", "ce:indexed-name": "Weisbach M."}]}, "ref-sourcetitle": "J. Finance"}}, {"ref-fulltext": "Fabry, N., Zeghni, S., Foreign direct investment in Russia: how the investment climate matters. Communist Post-Communist Stud. 35:3 (2002), 289\u2013303.", "@id": "8", "ref-info": {"ref-publicationyear": {"@first": "2002"}, "ref-title": {"ref-titletext": "Foreign direct investment in Russia: how the investment climate matters"}, "refd-itemidlist": {"itemid": [{"$": "bib0008", "@idtype": "FRAGMENTID"}, {"$": "0036745321", "@idtype": "SGR"}]}, "ref-volisspag": {"voliss": {"@volume": "35", "@issue": "3"}, "pagerange": {"@first": "289", "@last": "303"}}, "ref-authors": {"author": [{"@seq": "1", "ce:initials": "N.", "@_fa": "true", "ce:surname": "Fabry", "ce:indexed-name": "Fabry N."}, {"@seq": "2", "ce:initials": "S.", "@_fa": "true", "ce:surname": "Zeghni", "ce:indexed-name": "Zeghni S."}]}, "ref-sourcetitle": "Communist Post-Communist Stud."}}, {"ref-fulltext": "Fedderke, J., Viegi, N., Agbor, J., How Does Colonial Origin Matter for Economic Performance in Sub-Saharan Africa. 2010, University of Cape Town Working Paper No. 176Available at SSRN 1527355.", "@id": "9", "ref-info": {"ref-publicationyear": {"@first": "2010"}, "ref-title": {"ref-titletext": "How Does Colonial Origin Matter for Economic Performance in Sub-Saharan Africa"}, "refd-itemidlist": {"itemid": [{"$": "bib0009", "@idtype": "FRAGMENTID"}, {"$": "84869454136", "@idtype": "SGR"}]}, "ref-text": "University of Cape Town Working Paper No. 176Available at SSRN 1527355", "ref-authors": {"author": [{"@seq": "1", "ce:initials": "J.", "@_fa": "true", "ce:surname": "Fedderke", "ce:indexed-name": "Fedderke J."}, {"@seq": "2", "ce:initials": "N.", "@_fa": "true", "ce:surname": "Viegi", "ce:indexed-name": "Viegi N."}, {"@seq": "3", "ce:initials": "J.", "@_fa": "true", "ce:surname": "Agbor", "ce:indexed-name": "Agbor J."}]}}}, {"ref-fulltext": "Ferreira, M., Massa, M., Matos, P., Shareholders at the gate: institutional investors and cross-border mergers and acquisitions. Rev. Financ. Stud. 23:2 (2009), 601\u2013644.", "@id": "10", "ref-info": {"ref-publicationyear": {"@first": "2009"}, "ref-title": {"ref-titletext": "Shareholders at the gate: institutional investors and cross-border mergers and acquisitions"}, "refd-itemidlist": {"itemid": [{"$": "bib0010", "@idtype": "FRAGMENTID"}, {"$": "76549104469", "@idtype": "SGR"}]}, "ref-volisspag": {"voliss": {"@volume": "23", "@issue": "2"}, "pagerange": {"@first": "601", "@last": "644"}}, "ref-authors": {"author": [{"@seq": "1", "ce:initials": "M.", "@_fa": "true", "ce:surname": "Ferreira", "ce:indexed-name": "Ferreira M."}, {"@seq": "2", "ce:initials": "M.", "@_fa": "true", "ce:surname": "Massa", "ce:indexed-name": "Massa M."}, {"@seq": "3", "ce:initials": "P.", "@_fa": "true", "ce:surname": "Matos", "ce:indexed-name": "Matos P."}]}, "ref-sourcetitle": "Rev. Financ. Stud."}}, {"ref-fulltext": "La Porta, R., Lopez-de-Silanes, F., Shleifer, A., Vishny, R., Legal determinants of external finance. J. Finance 52:3 (1997), 1131\u20131150.", "@id": "11", "ref-info": {"ref-publicationyear": {"@first": "1997"}, "ref-title": {"ref-titletext": "Legal determinants of external finance"}, "refd-itemidlist": {"itemid": [{"$": "bib0011", "@idtype": "FRAGMENTID"}, {"$": "0001503097", "@idtype": "SGR"}]}, "ref-volisspag": {"voliss": {"@volume": "52", "@issue": "3"}, "pagerange": {"@first": "1131", "@last": "1150"}}, "ref-authors": {"author": [{"@seq": "1", "ce:initials": "R.", "@_fa": "true", "ce:surname": "La Porta", "ce:indexed-name": "La Porta R."}, {"@seq": "2", "ce:initials": "F.", "@_fa": "true", "ce:surname": "Lopez-de-Silanes", "ce:indexed-name": "Lopez-de-Silanes F."}, {"@seq": "3", "ce:initials": "A.", "@_fa": "true", "ce:surname": "Shleifer", "ce:indexed-name": "Shleifer A."}, {"@seq": "4", "ce:initials": "R.", "@_fa": "true", "ce:surname": "Vishny", "ce:indexed-name": "Vishny R."}]}, "ref-sourcetitle": "J. Finance"}}, {"ref-fulltext": "La Porta, R., Lopez-de-Silanes, F., Shleifer, A., Vishny, R., Law and finance. J. Political Econ. 101:6 (1998), 678\u2013709.", "@id": "12", "ref-info": {"ref-publicationyear": {"@first": "1998"}, "ref-title": {"ref-titletext": "Law and finance"}, "refd-itemidlist": {"itemid": [{"$": "bib0012", "@idtype": "FRAGMENTID"}, {"$": "50249178102", "@idtype": "SGR"}]}, "ref-volisspag": {"voliss": {"@volume": "101", "@issue": "6"}, "pagerange": {"@first": "678", "@last": "709"}}, "ref-authors": {"author": [{"@seq": "1", "ce:initials": "R.", "@_fa": "true", "ce:surname": "La Porta", "ce:indexed-name": "La Porta R."}, {"@seq": "2", "ce:initials": "F.", "@_fa": "true", "ce:surname": "Lopez-de-Silanes", "ce:indexed-name": "Lopez-de-Silanes F."}, {"@seq": "3", "ce:initials": "A.", "@_fa": "true", "ce:surname": "Shleifer", "ce:indexed-name": "Shleifer A."}, {"@seq": "4", "ce:initials": "R.", "@_fa": "true", "ce:surname": "Vishny", "ce:indexed-name": "Vishny R."}]}, "ref-sourcetitle": "J. Political Econ."}}, {"ref-fulltext": "La Porta, R., Lopez-de-Silanes, F., Shleifer, A., Vishny, R., The quality of government. J. Law Econ. Organ. 15:1 (1999), 222\u2013279.", "@id": "13", "ref-info": {"ref-publicationyear": {"@first": "1999"}, "ref-title": {"ref-titletext": "The quality of government"}, "refd-itemidlist": {"itemid": [{"$": "bib0013", "@idtype": "FRAGMENTID"}, {"$": "0033466690", "@idtype": "SGR"}]}, "ref-volisspag": {"voliss": {"@volume": "15", "@issue": "1"}, "pagerange": {"@first": "222", "@last": "279"}}, "ref-authors": {"author": [{"@seq": "1", "ce:initials": "R.", "@_fa": "true", "ce:surname": "La Porta", "ce:indexed-name": "La Porta R."}, {"@seq": "2", "ce:initials": "F.", "@_fa": "true", "ce:surname": "Lopez-de-Silanes", "ce:indexed-name": "Lopez-de-Silanes F."}, {"@seq": "3", "ce:initials": "A.", "@_fa": "true", "ce:surname": "Shleifer", "ce:indexed-name": "Shleifer A."}, {"@seq": "4", "ce:initials": "R.", "@_fa": "true", "ce:surname": "Vishny", "ce:indexed-name": "Vishny R."}]}, "ref-sourcetitle": "J. Law Econ. Organ."}}, {"ref-fulltext": "Lang, M.H., Lins, K.V., Miller, D.P., Concentrated control, analyst following, and valuation: do analysts matter most when investors are protected least?. J. Accounting Res. 42:3 (2004), 589\u2013623.", "@id": "14", "ref-info": {"ref-publicationyear": {"@first": "2004"}, "ref-title": {"ref-titletext": "Concentrated control, analyst following, and valuation: do analysts matter most when investors are protected least?"}, "refd-itemidlist": {"itemid": [{"$": "bib0014", "@idtype": "FRAGMENTID"}, {"$": "2642546687", "@idtype": "SGR"}]}, "ref-volisspag": {"voliss": {"@volume": "42", "@issue": "3"}, "pagerange": {"@first": "589", "@last": "623"}}, "ref-authors": {"author": [{"@seq": "1", "ce:initials": "M.H.", "@_fa": "true", "ce:surname": "Lang", "ce:indexed-name": "Lang M.H."}, {"@seq": "2", "ce:initials": "K.V.", "@_fa": "true", "ce:surname": "Lins", "ce:indexed-name": "Lins K.V."}, {"@seq": "3", "ce:initials": "D.P.", "@_fa": "true", "ce:surname": "Miller", "ce:indexed-name": "Miller D.P."}]}, "ref-sourcetitle": "J. Accounting Res."}}, {"ref-fulltext": "Leuz, C., Lins, K.V., Warnock, F.E., Do foreigners invest less in poorly governed firms?. Rev. Financ. Stud. 22:8 (2009), 3246\u20133285.", "@id": "15", "ref-info": {"ref-publicationyear": {"@first": "2009"}, "ref-title": {"ref-titletext": "Do foreigners invest less in poorly governed firms?"}, "refd-itemidlist": {"itemid": [{"$": "bib0015", "@idtype": "FRAGMENTID"}, {"$": "62649167652", "@idtype": "SGR"}]}, "ref-volisspag": {"voliss": {"@volume": "22", "@issue": "8"}, "pagerange": {"@first": "3246", "@last": "3285"}}, "ref-authors": {"author": [{"@seq": "1", "ce:initials": "C.", "@_fa": "true", "ce:surname": "Leuz", "ce:indexed-name": "Leuz C."}, {"@seq": "2", "ce:initials": "K.V.", "@_fa": "true", "ce:surname": "Lins", "ce:indexed-name": "Lins K.V."}, {"@seq": "3", "ce:initials": "F.E.", "@_fa": "true", "ce:surname": "Warnock", "ce:indexed-name": "Warnock F.E."}]}, "ref-sourcetitle": "Rev. Financ. Stud."}}, {"ref-fulltext": "Rossi, S., Volpin, P., Cross-country determinants of mergers and acquisitions,. J. Financ. Econ. 74:2 (2004), 277\u2013304.", "@id": "16", "ref-info": {"ref-publicationyear": {"@first": "2004"}, "ref-title": {"ref-titletext": "Cross-country determinants of mergers and acquisitions"}, "refd-itemidlist": {"itemid": [{"$": "bib0016", "@idtype": "FRAGMENTID"}, {"$": "7444246169", "@idtype": "SGR"}]}, "ref-volisspag": {"voliss": {"@volume": "74", "@issue": "2"}, "pagerange": {"@first": "277", "@last": "304"}}, "ref-authors": {"author": [{"@seq": "1", "ce:initials": "S.", "@_fa": "true", "ce:surname": "Rossi", "ce:indexed-name": "Rossi S."}, {"@seq": "2", "ce:initials": "P.", "@_fa": "true", "ce:surname": "Volpin", "ce:indexed-name": "Volpin P."}]}, "ref-sourcetitle": "J. Financ. Econ."}}, {"ref-fulltext": "Stuart-Fox, M., The French in Laos, 1887-1945. Mod. Asian Stud. 29:1 (1995), 123\u2013129.", "@id": "17", "ref-info": {"ref-publicationyear": {"@first": "1995"}, "ref-title": {"ref-titletext": "The French in Laos, 1887-1945"}, "refd-itemidlist": {"itemid": [{"$": "bib0017", "@idtype": "FRAGMENTID"}, {"$": "0028825175", "@idtype": "SGR"}]}, "ref-volisspag": {"voliss": {"@volume": "29", "@issue": "1"}, "pagerange": {"@first": "123", "@last": "129"}}, "ref-authors": {"author": [{"@seq": "1", "ce:initials": "M.", "@_fa": "true", "ce:surname": "Stuart-Fox", "ce:indexed-name": "Stuart-Fox M."}]}, "ref-sourcetitle": "Mod. Asian Stud."}}, {"ref-fulltext": "Terra, C., El Kallab, T., French Colonial Trade Patterns: European Settlement, Networking and Institutions. 2014, Universit\u00e9 de Cergy-Pontoise Working Paper No. 2014-27, THEMA.", "@id": "18", "ref-info": {"ref-publicationyear": {"@first": "2014"}, "ref-title": {"ref-titletext": "French Colonial Trade Patterns: European Settlement, Networking and Institutions"}, "refd-itemidlist": {"itemid": [{"$": "bib0018", "@idtype": "FRAGMENTID"}, {"$": "85031845604", "@idtype": "SGR"}]}, "ref-text": "Universit\u00e9 de Cergy-Pontoise Working Paper No. 2014-27, THEMA", "ref-authors": {"author": [{"@seq": "1", "ce:initials": "C.", "@_fa": "true", "ce:surname": "Terra", "ce:indexed-name": "Terra C."}, {"@seq": "2", "ce:initials": "T.", "@_fa": "true", "ce:surname": "El Kallab", "ce:indexed-name": "El Kallab T."}]}}}, {"ref-fulltext": "Treisman, D., The causes of corruption: a cross-national study. J. Public Econ. 76:3 (2000), 399\u2013457.", "@id": "19", "ref-info": {"ref-publicationyear": {"@first": "2000"}, "ref-title": {"ref-titletext": "The causes of corruption: a cross-national study"}, "refd-itemidlist": {"itemid": [{"$": "bib0019", "@idtype": "FRAGMENTID"}, {"$": "0037975094", "@idtype": "SGR"}]}, "ref-volisspag": {"voliss": {"@volume": "76", "@issue": "3"}, "pagerange": {"@first": "399", "@last": "457"}}, "ref-authors": {"author": [{"@seq": "1", "ce:initials": "D.", "@_fa": "true", "ce:surname": "Treisman", "ce:indexed-name": "Treisman D."}]}, "ref-sourcetitle": "J. Public Econ."}}, {"ref-fulltext": "Yanikkaya, H., Trade openness and economic growth: a cross-country empirical investigation. J. Dev. Econ. 72 (2003), 57\u201389.", "@id": "20", "ref-info": {"ref-publicationyear": {"@first": "2003"}, "ref-title": {"ref-titletext": "Trade openness and economic growth: a cross-country empirical investigation"}, "refd-itemidlist": {"itemid": [{"$": "bib0020", "@idtype": "FRAGMENTID"}, {"$": "0043128578", "@idtype": "SGR"}]}, "ref-volisspag": {"voliss": {"@volume": "72"}, "pagerange": {"@first": "57", "@last": "89"}}, "ref-authors": {"author": [{"@seq": "1", "ce:initials": "H.", "@_fa": "true", "ce:surname": "Yanikkaya", "ce:indexed-name": "Yanikkaya H."}]}, "ref-sourcetitle": "J. Dev. Econ."}}]}}}}, "affiliation": [{"affiliation-city": "Bangkok", "@id": "60199583", "affilname": "Chulalongkorn Business School", "@href": "https://api.elsevier.com/content/affiliation/affiliation_id/60199583", "affiliation-country": "Thailand"}, {"affiliation-city": "Esch-sur-Alzette", "@id": "60072562", "affilname": "University of Luxembourg", "@href": "https://api.elsevier.com/content/affiliation/affiliation_id/60072562", "affiliation-country": "Luxembourg"}, {"affiliation-city": "London", "@id": "60016621", "affilname": "Centre for Economic Policy Research, London", "@href": "https://api.elsevier.com/content/affiliation/affiliation_id/60016621", "affiliation-country": "United Kingdom"}], "coredata": {"srctype": "j", "eid": "2-s2.0-85020463194", "dc:description": "We study cross-border mergers and acquisitions (M&As) in ten countries in the Indochina region during the period 1993\u20132015. Countries with a French colonial history showed markedly lower levels of cross-border M&As (value as well as volume) than other countries, whether previously colonized or not. This difference persists even after accounting for the known drivers of cross-border M&A activity, including legal origin, trade openness, and labor cost levels. Together, these findings suggest that the colonial past of a country plays an important role in cross-border M&A activity.", "prism:coverDate": "2017-11-01", "prism:aggregationType": "Journal", "prism:url": "https://api.elsevier.com/content/abstract/scopus_id/85020463194", "dc:creator": {"author": [{"ce:given-name": "Manapol", "preferred-name": {"ce:given-name": "Manapol", "ce:initials": "M.", "ce:surname": "Ekkayokkaya", "ce:indexed-name": "Ekkayokkaya M."}, "@seq": "1", "ce:initials": "M.", "@_fa": "true", "affiliation": {"@id": "60199583", "@href": "https://api.elsevier.com/content/affiliation/affiliation_id/60199583"}, "ce:surname": "Ekkayokkaya", "@auid": "26321438800", "author-url": "https://api.elsevier.com/content/author/author_id/26321438800", "ce:indexed-name": "Ekkayokkaya M."}]}, "link": [{"@_fa": "true", "@rel": "self", "@href": "https://api.elsevier.com/content/abstract/scopus_id/85020463194"}, {"@_fa": "true", "@rel": "scopus", "@href": "https://www.scopus.com/inward/record.uri?partnerID=HzOxMe3b&scp=85020463194&origin=inward"}, {"@_fa": "true", "@rel": "scopus-citedby", "@href": "https://www.scopus.com/inward/citedby.uri?partnerID=HzOxMe3b&scp=85020463194&origin=inward"}], "source-id": "15519", "pii": "S1544612317301393", "citedby-count": "1", "prism:volume": "23", "subtype": "ar", "dc:title": "Cross-border mergers and acquisitions: Evidence from the Indochina region", "openaccess": "0", "prism:issn": "15446123", "publishercopyright": "\u00a9 2017 Elsevier Inc.", "subtypeDescription": "Article", "prism:publicationName": "Finance Research Letters", "prism:pageRange": "253-256", "prism:endingPage": "256", "openaccessFlag": "false", "prism:doi": "10.1016/j.frl.2017.06.009", "prism:startingPage": "253", "dc:identifier": "SCOPUS_ID:85020463194", "dc:publisher": "Elsevier Ltd"}, "idxterms": null, "language": {"@xml:lang": "eng"}, "authkeywords": {"author-keyword": [{"@_fa": "true", "$": "Colonial history"}, {"@_fa": "true", "$": "Foreign direct investment"}, {"@_fa": "true", "$": "South-East Asia"}]}, "subject-areas": {"subject-area": [{"@_fa": "true", "$": "Finance", "@code": "2003", "@abbrev": "ECON"}]}, "authors": {"author": [{"ce:given-name": "Manapol", "preferred-name": {"ce:given-name": "Manapol", "ce:initials": "M.", "ce:surname": "Ekkayokkaya", "ce:indexed-name": "Ekkayokkaya M."}, "@seq": "1", "ce:initials": "M.", "@_fa": "true", "affiliation": {"@id": "60199583", "@href": "https://api.elsevier.com/content/affiliation/affiliation_id/60199583"}, "ce:surname": "Ekkayokkaya", "@auid": "26321438800", "author-url": "https://api.elsevier.com/content/author/author_id/26321438800", "ce:indexed-name": "Ekkayokkaya M."}, {"ce:given-name": "Pimnipa", "preferred-name": {"ce:given-name": "Pimnipa", "ce:initials": "P.", "ce:surname": "Foojinphan", "ce:indexed-name": "Foojinphan P."}, "@seq": "2", "ce:initials": "P.", "@_fa": "true", "affiliation": {"@id": "60199583", "@href": "https://api.elsevier.com/content/affiliation/affiliation_id/60199583"}, "ce:surname": "Foojinphan", "@auid": "57194507002", "author-url": "https://api.elsevier.com/content/author/author_id/57194507002", "ce:indexed-name": "Foojinphan P."}, {"ce:given-name": "Christian C.P.", "preferred-name": {"ce:given-name": "Christian C.P.", "ce:initials": "C.C.P.", "ce:surname": "Wolff", "ce:indexed-name": "Wolff C.C.P."}, "@seq": "3", "ce:initials": "C.C.P.", "@_fa": "true", "affiliation": [{"@id": "60072562", "@href": "https://api.elsevier.com/content/affiliation/affiliation_id/60072562"}, {"@id": "60016621", "@href": "https://api.elsevier.com/content/affiliation/affiliation_id/60016621"}], "ce:surname": "Wolff", "@auid": "7103395739", "author-url": "https://api.elsevier.com/content/author/author_id/7103395739", "ce:indexed-name": "Wolff C.C.P."}]}}}