{"abstracts-retrieval-response": {"item": {"ait:process-info": {"ait:status": {"@state": "update", "@type": "core", "@stage": "S300"}, "ait:date-delivered": {"@day": "18", "@timestamp": "2024-04-18T08:50:06.000006-04:00", "@year": "2024", "@month": "04"}, "ait:date-sort": {"@day": "01", "@year": "2017", "@month": "11"}}, "xocs:meta": {"xocs:funding-list": {"@pui-match": "primary", "@has-funding-info": "1", "xocs:funding-addon-generated-timestamp": "2019-04-17T02:59:17.323Z", "xocs:funding-addon-type": "http://vtw.elsevier.com/data/voc/AddOnTypes/50.7/car"}}, "bibrecord": {"head": {"author-group": [{"affiliation": {"country": "Thailand", "postal-code": "10330", "@afid": "60028190", "@country": "tha", "city": "Bangkok", "organization": [{"$": "Center of Excellence for Molecular Biology and Genomics of Shrimp"}, {"$": "Department of Biochemistry"}, {"$": "Faculty of Science"}, {"$": "Chulalongkorn University"}], "affiliation-id": {"@afid": "60028190", "@dptid": "112978483"}, "@affiliation-instance-id": "OB2BibRecID-664345812-81602e7f829b3e9b6bfbcc9e51c907e1-1", "@dptid": "112978483"}, "author": [{"ce:given-name": "Sopacha", "preferred-name": {"ce:given-name": "Sopacha", "ce:initials": "S.", "ce:surname": "Arayamethakorn", "ce:indexed-name": "Arayamethakorn S."}, "@author-instance-id": "OB2BibRecID-664345812-c58e131ae8fee80e6a6da5057f25e4f6-1", "@seq": "1", "ce:initials": "S.", "@_fa": "true", "@type": "auth", "ce:surname": "Arayamethakorn", "@auid": "57191868826", "ce:indexed-name": "Arayamethakorn S."}, {"ce:given-name": "Premruethai", "preferred-name": {"ce:given-name": "Premruethai", "ce:initials": "P.", "ce:surname": "Supungul", "ce:indexed-name": "Supungul P."}, "@author-instance-id": "OB2BibRecID-664345812-2b55e816a4a282bb099622d1c93d4c11-1", "@seq": "2", "ce:initials": "P.", "@_fa": "true", "@type": "auth", "ce:surname": "Supungul", "@auid": "6508068998", "ce:indexed-name": "Supungul P."}, {"ce:given-name": "Anchalee", "preferred-name": {"ce:given-name": "Anchalee", "ce:initials": "A.", "ce:surname": "Tassanakajon", "ce:indexed-name": "Tassanakajon A."}, "@author-instance-id": "OB2BibRecID-664345812-dbb7de5bc827d7467e4e0782a492c934-1", "@seq": "3", "ce:initials": "A.", "@_fa": "true", "@type": "auth", "ce:surname": "Tassanakajon", "@auid": "6603935274", "ce:indexed-name": "Tassanakajon A."}, {"ce:given-name": "Kuakarun", "preferred-name": {"ce:given-name": "Kuakarun", "ce:initials": "K.", "ce:surname": "Krusong", "ce:indexed-name": "Krusong K."}, "@author-instance-id": "OB2BibRecID-664345812-79ffcd44b29c18a12b437310a1328a12-1", "@seq": "4", "ce:initials": "K.", "@date-locked": "2019-09-20T00:23:14.521", "@_fa": "true", "@type": "auth", "ce:surname": "Krusong", "@auid": "57210230008", "ce:indexed-name": "Krusong K."}]}, {"affiliation": {"country": "Thailand", "address-part": "Pathumthani", "postal-code": "12120", "@afid": "60011947", "@country": "tha", "organization": [{"$": "National Center for Genetic Engineering and Biotechnology (BIOTEC)"}, {"$": "National Science and Technology Development Agency (NSTDA)"}], "affiliation-id": [{"@afid": "60011947"}, {"@afid": "60004391"}], "@affiliation-instance-id": "OB2BibRecID-664345812-e659712f12fbf3b6fb9382421c3429f1-1"}, "author": [{"ce:given-name": "Premruethai", "preferred-name": {"ce:given-name": "Premruethai", "ce:initials": "P.", "ce:surname": "Supungul", "ce:indexed-name": "Supungul P."}, "@author-instance-id": "OB2BibRecID-664345812-2b55e816a4a282bb099622d1c93d4c11-1", "@seq": "2", "ce:initials": "P.", "@_fa": "true", "@type": "auth", "ce:surname": "Supungul", "@auid": "6508068998", "ce:indexed-name": "Supungul P."}]}], "citation-title": "Corrigendum to \u2018Characterization of molecular properties and regulatory pathways of CrustinPm1 and CrustinPm7 from the black tiger shrimp Penaeus monodon\u2019 [Dev. Comp. Immunol. 67 (2017) 18\u201329] (S0145305X16303858) (10.1016/j.dci.2016.10.015)", "abstracts": "\u00a9 2017 Elsevier LtdThe authors regret that Fig. 3A was inadvertently duplicated as Fig. 3B. The correct Fig. 3A and B are reproduced below.[figure presented] The authors would like to apologise for any inconvenience caused.", "correspondence": {"affiliation": {"country": "Thailand", "postal-code": "10330", "@country": "tha", "city": "Bangkok", "organization": [{"$": "Center of Excellence for Molecular Biology and Genomics of Shrimp"}, {"$": "Department of Biochemistry"}, {"$": "Faculty of Science"}, {"$": "Chulalongkorn University"}], "@affiliation-instance-id": "OB2BibRecID-664345812-81602e7f829b3e9b6bfbcc9e51c907e1-1"}, "person": {"ce:given-name": "Kuakarun", "@author-instance-id": "OB2BibRecID-664345812-e342598f10326e65d1189d1292131312-1", "ce:initials": "K.", "ce:surname": "Krusong", "ce:indexed-name": "Krusong K."}}, "related-item": {"itemid": {"$": "613110996", "@idtype": "relatedPUI"}, "citation-title": "Characterization of molecular properties and regulatory pathways of CrustinPm1 and CrustinPm7 from the black tiger shrimp Penaeus monodon", "ce:pii": "S0145305X16303858", "@type": "original", "citation-info": {"author-keywords": {"author-keyword": [{"$": "Crustin", "@xml:lang": "eng"}, {"$": "Toll pathway", "@xml:lang": "eng"}, {"$": "Antimicrobial peptides", "@xml:lang": "eng"}, {"$": "Imd pathway", "@xml:lang": "eng"}, {"$": "Penaeus monodon", "@xml:lang": "eng"}]}, "citation-type": {"@code": "ar"}, "citation-language": {"@language": "English", "@xml:lang": "eng"}, "abstract-language": {"@language": "English", "@xml:lang": "eng"}}, "source": {"codencode": "DCIMD", "sourcetitle-abbrev": "Dev. Comp. Immunol.", "website": {"ce:e-address": {"$": "https://www.sciencedirect.com/science/journal/0145305X", "@type": "email"}}, "@country": "gbr", "translated-sourcetitle": {"$": "Developmental and Comparative Immunology", "@xml:lang": "eng"}, "issn": [{"$": "0145305X", "@type": "print"}, {"$": "18790089", "@type": "electronic"}], "volisspag": {"voliss": {"@volume": "67"}, "pagerange": {"@first": "18", "@last": "29"}}, "@type": "j", "publicationyear": {"@first": "2017"}, "publisher": {"publishername": "Elsevier Ltd"}, "sourcetitle": "Developmental and Comparative Immunology", "publicationdate": {"month": "02", "year": "2017", "day": "01"}}, "ce:doi": "10.1016/j.dci.2016.10.015"}, "citation-info": {"citation-type": {"@code": "er"}, "citation-language": {"@language": "English", "@xml:lang": "eng"}, "abstract-language": {"@language": "English", "@xml:lang": "eng"}}, "source": {"website": {"ce:e-address": {"$": "https://www.sciencedirect.com/science/journal/0145305X", "@type": "email"}}, "translated-sourcetitle": {"$": "Developmental and Comparative Immunology", "@xml:lang": "eng"}, "volisspag": {"voliss": {"@volume": "76"}, "pagerange": {"@first": "420"}}, "@type": "j", "sourcetitle": "Developmental and Comparative Immunology", "publicationdate": {"month": "11", "year": "2017", "date-text": "November 2017", "day": "01"}, "codencode": "DCIMD", "sourcetitle-abbrev": "Dev. Comp. Immunol.", "@country": "gbr", "issn": [{"$": "18790089", "@type": "electronic"}, {"$": "0145305X", "@type": "print"}], "publicationyear": {"@first": "2017"}, "publisher": {"publishername": "Elsevier Ltd"}, "@srcid": "20775"}, "enhancement": {"classificationgroup": {"classifications": [{"@type": "CABSCLASS", "classification": {"classification-code": "86.12.2", "classification-description": "IMMUNOLOGY AND INFECTIOUS DISEASES; COMPARATIVE AND DEVELOPMENTAL IMMUNOLOGY; Comparative Immunology"}}, {"@type": "EMCLASS", "classification": {"classification-code": "26", "classification-description": "Immunology, Serology and Transplantation"}}, {"@type": "ASJC", "classification": [{"$": "2403"}, {"$": "1309"}]}, {"@type": "SUBJABBR", "classification": [{"$": "IMMU"}, {"$": "BIOC"}]}]}}}, "item-info": {"copyright": {"$": "Copyright 2024 Elsevier B.V., All rights reserved.", "@type": "Elsevier"}, "external-source": "PubMed-not-MEDLINE", "dbcollection": [{"$": "CABS"}, {"$": "EMBASE"}, {"$": "EMBIO"}, {"$": "MEDL"}, {"$": "REAXYSCAR"}, {"$": "RMC"}, {"$": "SCOPUS"}, {"$": "Scopusbase"}], "history": {"date-created": {"@day": "17", "@timestamp": "BST 16:29:54", "@year": "2024", "@month": "04"}}, "itemidlist": {"itemid": [{"$": "616022654", "@idtype": "PUI"}, {"$": "2017146880", "@idtype": "CABS"}, {"$": "664345812", "@idtype": "CAR-ID"}, {"$": "20170330162", "@idtype": "EMBASE"}, {"$": "2017002273", "@idtype": "EMBIO"}, {"$": "28483486", "@idtype": "MEDL"}, {"$": "20170819504", "@idtype": "REAXYSCAR"}, {"$": "2017132597", "@idtype": "RMC"}, {"$": "20172772975", "@idtype": "SCOPUS"}, {"$": "664345812#76328799", "@idtype": "SRC-OCC-ID"}, {"$": "85018413022", "@idtype": "SCP"}, {"$": "85018413022", "@idtype": "SGR"}, {"$": "625253405", "@idtype": "PUIsecondary"}], "ce:pii": "S0145305X17302513", "ce:doi": "10.1016/j.dci.2017.05.001"}}, "tail": null}}, "affiliation": [{"affiliation-city": "Bangkok", "@id": "60028190", "affilname": "Chulalongkorn University", "@href": "https://api.elsevier.com/content/affiliation/affiliation_id/60028190", "affiliation-country": "Thailand"}, {"affiliation-city": "Pathum Thani", "@id": "60011947", "affilname": "Thailand National Center for Genetic Engineering and Biotechnology", "@href": "https://api.elsevier.com/content/affiliation/affiliation_id/60011947", "affiliation-country": "Thailand"}], "coredata": {"srctype": "j", "eid": "2-s2.0-85018413022", "dc:description": "The authors regret that Fig. 3A was inadvertently duplicated as Fig. 3B. The correct Fig. 3A and B are reproduced below.[figure presented] The authors would like to apologise for any inconvenience caused.", "pubmed-id": "28483486", "prism:coverDate": "2017-11-01", "prism:aggregationType": "Journal", "prism:url": "https://api.elsevier.com/content/abstract/scopus_id/85018413022", "dc:creator": {"author": [{"ce:given-name": "Sopacha", "preferred-name": {"ce:given-name": "Sopacha", "ce:initials": "S.", "ce:surname": "Arayamethakorn", "ce:indexed-name": "Arayamethakorn S."}, "@seq": "1", "ce:initials": "S.", "@_fa": "true", "affiliation": {"@id": "60028190", "@href": "https://api.elsevier.com/content/affiliation/affiliation_id/60028190"}, "ce:surname": "Arayamethakorn", "@auid": "57191868826", "author-url": "https://api.elsevier.com/content/author/author_id/57191868826", "ce:indexed-name": "Arayamethakorn S."}]}, "link": [{"@_fa": "true", "@rel": "self", "@href": "https://api.elsevier.com/content/abstract/scopus_id/85018413022"}, {"@_fa": "true", "@rel": "scopus", "@href": "https://www.scopus.com/inward/record.uri?partnerID=HzOxMe3b&scp=85018413022&origin=inward"}, {"@_fa": "true", "@rel": "scopus-citedby", "@href": "https://www.scopus.com/inward/citedby.uri?partnerID=HzOxMe3b&scp=85018413022&origin=inward"}], "source-id": "20775", "pii": "S0145305X17302513", "citedby-count": "2", "prism:volume": "76", "subtype": "er", "dc:title": "Corrigendum to \u2018Characterization of molecular properties and regulatory pathways of CrustinPm1 and CrustinPm7 from the black tiger shrimp Penaeus monodon\u2019 [Dev. Comp. Immunol. 67 (2017) 18\u201329] (S0145305X16303858) (10.1016/j.dci.2016.10.015)", "openaccess": "0", "prism:issn": "18790089 0145305X", "publishercopyright": "\u00a9 2017 Elsevier Ltd", "subtypeDescription": "Erratum", "prism:publicationName": "Developmental and Comparative Immunology", "openaccessFlag": "false", "prism:doi": "10.1016/j.dci.2017.05.001", "prism:startingPage": "420", "dc:identifier": "SCOPUS_ID:85018413022", "dc:publisher": "Elsevier Ltd"}, "idxterms": null, "language": {"@xml:lang": "eng"}, "authkeywords": null, "subject-areas": {"subject-area": [{"@_fa": "true", "$": "Immunology", "@code": "2403", "@abbrev": "IMMU"}, {"@_fa": "true", "$": "Developmental Biology", "@code": "1309", "@abbrev": "BIOC"}]}, "authors": {"author": [{"ce:given-name": "Sopacha", "preferred-name": {"ce:given-name": "Sopacha", "ce:initials": "S.", "ce:surname": "Arayamethakorn", "ce:indexed-name": "Arayamethakorn S."}, "@seq": "1", "ce:initials": "S.", "@_fa": "true", "affiliation": {"@id": "60028190", "@href": "https://api.elsevier.com/content/affiliation/affiliation_id/60028190"}, "ce:surname": "Arayamethakorn", "@auid": "57191868826", "author-url": "https://api.elsevier.com/content/author/author_id/57191868826", "ce:indexed-name": "Arayamethakorn S."}, {"ce:given-name": "Premruethai", "preferred-name": {"ce:given-name": "Premruethai", "ce:initials": "P.", "ce:surname": "Supungul", "ce:indexed-name": "Supungul P."}, "@seq": "2", "ce:initials": "P.", "@_fa": "true", "affiliation": [{"@id": "60028190", "@href": "https://api.elsevier.com/content/affiliation/affiliation_id/60028190"}, {"@id": "60011947", "@href": "https://api.elsevier.com/content/affiliation/affiliation_id/60011947"}], "ce:surname": "Supungul", "@auid": "6508068998", "author-url": "https://api.elsevier.com/content/author/author_id/6508068998", "ce:indexed-name": "Supungul P."}, {"ce:given-name": "Anchalee", "preferred-name": {"ce:given-name": "Anchalee", "ce:initials": "A.", "ce:surname": "Tassanakajon", "ce:indexed-name": "Tassanakajon A."}, "@seq": "3", "ce:initials": "A.", "@_fa": "true", "affiliation": {"@id": "60028190", "@href": "https://api.elsevier.com/content/affiliation/affiliation_id/60028190"}, "ce:surname": "Tassanakajon", "@auid": "6603935274", "author-url": "https://api.elsevier.com/content/author/author_id/6603935274", "ce:indexed-name": "Tassanakajon A."}, {"ce:given-name": "Kuakarun", "preferred-name": {"ce:given-name": "Kuakarun", "ce:initials": "K.", "ce:surname": "Krusong", "ce:indexed-name": "Krusong K."}, "@seq": "4", "ce:initials": "K.", "@_fa": "true", "affiliation": {"@id": "60028190", "@href": "https://api.elsevier.com/content/affiliation/affiliation_id/60028190"}, "ce:surname": "Krusong", "@auid": "57210230008", "author-url": "https://api.elsevier.com/content/author/author_id/57210230008", "ce:indexed-name": "Krusong K."}]}}}