{"abstracts-retrieval-response": {"item": {"ait:process-info": {"ait:status": {"@state": "update", "@type": "core", "@stage": "S300"}, "ait:date-delivered": {"@day": "21", "@timestamp": "2020-11-21T13:36:31.000031-05:00", "@year": "2020", "@month": "11"}, "ait:date-sort": {"@day": "01", "@year": "2017", "@month": "11"}}, "bibrecord": {"head": {"author-group": [{"affiliation": {"country": "Thailand", "postal-code": "10330", "@afid": "60028190", "@country": "tha", "city": "Bongkok", "organization": [{"$": "Geotechnical Research Unit"}, {"$": "Dept. of Civil Engineer"}, {"$": "Faculty of Engineering"}, {"$": "Chulalongkorn University"}], "affiliation-id": {"@afid": "60028190", "@dptid": "104425662"}, "@dptid": "104425662"}, "author": [{"ce:given-name": "Boonchai", "preferred-name": {"ce:given-name": "Boonchai", "ce:initials": "B.", "ce:surname": "Ukritchon", "ce:indexed-name": "Ukritchon B."}, "@seq": "1", "ce:initials": "B.", "@_fa": "true", "@type": "auth", "ce:surname": "Ukritchon", "@auid": "6507527284", "ce:indexed-name": "Ukritchon B."}, {"ce:given-name": "Suraparb", "preferred-name": {"ce:given-name": "Suraparb", "ce:initials": "S.", "ce:surname": "Keawsawasvong", "ce:indexed-name": "Keawsawasvong S."}, "@seq": "3", "ce:initials": "S.", "@date-locked": "2019-09-19T06:53:48.113", "@_fa": "true", "@type": "auth", "ce:surname": "Keawsawasvong", "@auid": "57095934600", "ce:indexed-name": "Keawsawasvong S."}]}, {"affiliation": {"country": "Cambodia", "@afid": "118019567", "@country": "khm", "city": "Phnom Penh", "organization": [{"$": "Technical Engineering"}, {"$": "Cana Sino Construction Corporation"}], "affiliation-id": {"@afid": "118019567", "@dptid": "118020552"}, "@dptid": "118020552"}, "author": [{"ce:given-name": "Sophea", "preferred-name": {"ce:given-name": "Sophea", "ce:initials": "S.", "ce:surname": "Chea", "ce:indexed-name": "Chea S."}, "@seq": "2", "ce:initials": "S.", "@_fa": "true", "@type": "auth", "ce:surname": "Chea", "@auid": "57193092106", "ce:indexed-name": "Chea S."}]}], "citation-title": "Optimal design of Reinforced Concrete Cantilever Retaining Walls considering the requirement of slope stability", "abstracts": "\u00a9 2017, Korean Society of Civil Engineers and Springer-Verlag Berlin Heidelberg.A Reinforced Concrete Cantilever Retaining Wall (RCCRW) is one commonly used soil retaining structure in engineering practice. Various optimization techniques to obtain the optimal design of cantilever walls have been proposed, where the three basic geotechnical constraints of overturning, sliding and bearing failures have generally been taken into consideration. However, none of these approaches have considered the geotechnical requirement of slope stability. In this paper, a novel formulation for the optimal design of RCCRWs that considers the more complete requirements of geotechnical stability of overturning, sliding, bearing and slope failures, is described. The objective function of the minimum cost of materials, geotechnical constraints of wall failures (overturning, sliding and bearing) and the structural requirements for steel reinforcements in the wall sections all followed the conventional approaches used in previous works. Using the Ordinary Method of Slices (OMS) with a circular arc failure surface (CAFS), the factor of safety against slope failure (FSOMS) for a RCCRW was implicitly derived. Constraints for ensuring that the minimum FSOMS was higher than the required factor were enforced in the formulation. Design variables were the dimensions of the wall sections, corresponding steel reinforcements and the x-y coordinate of center of the CAFS, where the latter are the additional unknowns in this novel formulation. Computational performance of the proposed optimization method is demonstrated and verified through its application to the optimal design of two examples of RCCRWs.", "correspondence": {"affiliation": {"country": "Thailand", "postal-code": "10330", "@country": "tha", "city": "Bongkok", "organization": [{"$": "Geotechnical Research Unit"}, {"$": "Dept. of Civil Engineer"}, {"$": "Faculty of Engineering"}, {"$": "Chulalongkorn University"}]}, "person": {"ce:given-name": "Boonchai", "ce:initials": "B.", "ce:surname": "Ukritchon", "ce:indexed-name": "Ukritchon B."}}, "related-item": {"itemid": {"$": "2005261700", "@idtype": "erratumPUI"}, "citation-title": "Erratum to: Optimal design of reinforced concrete cantilever retaining walls considering the requirement of slope stability (KSCE Journal of Civil Engineering, (2017) 21, 7, (2673-2682), 10.1007/s12205-017-1627-1)", "@type": "erratum", "citation-info": {"citation-type": {"@code": "er"}, "citation-language": {"@language": "English", "@xml:lang": "eng"}, "abstract-language": {"@language": "English", "@xml:lang": "eng"}}, "source": {"sourcetitle-abbrev": "KSCE J. Civ. Eng.", "website": {"ce:e-address": {"$": "http://www.springer.com/engineering/journal/12205", "@type": "email"}}, "@country": "deu", "translated-sourcetitle": {"$": "KSCE Journal of Civil Engineering", "@xml:lang": "eng"}, "issn": [{"$": "12267988", "@type": "print"}, {"$": "19763808", "@type": "electronic"}], "volisspag": {"voliss": {"@volume": "22", "@issue": "7"}, "pagerange": {"@first": "2648"}}, "@type": "j", "publicationyear": {"@first": "2018"}, "publisher": {"publishername": "Springer Verlag"}, "sourcetitle": "KSCE Journal of Civil Engineering", "publicationdate": {"month": "07", "year": "2018", "date-text": "July 2018", "day": "01"}}, "ce:doi": "10.1007/s12205-018-2627-5"}, "citation-info": {"author-keywords": {"author-keyword": [{"$": "geotechnical stability", "@xml:lang": "eng"}, {"$": "optimization", "@xml:lang": "eng"}, {"$": "optimum design", "@xml:lang": "eng"}, {"$": "retaining wall", "@xml:lang": "eng"}, {"$": "structural safety", "@xml:lang": "eng"}]}, "citation-type": {"@code": "ar"}, "citation-language": {"@language": "English", "@xml:lang": "eng"}, "abstract-language": {"@language": "English", "@xml:lang": "eng"}}, "source": {"sourcetitle-abbrev": "KSCE J. Civ. Eng.", "website": {"ce:e-address": {"$": "http://www.springer.com/engineering/journal/12205", "@type": "email"}}, "@country": "deu", "translated-sourcetitle": {"$": "KSCE Journal of Civil Engineering", "@xml:lang": "eng"}, "issn": [{"$": "19763808", "@type": "electronic"}, {"$": "12267988", "@type": "print"}], "volisspag": {"voliss": {"@volume": "21", "@issue": "7"}, "pagerange": {"@first": "2673", "@last": "2682"}}, "@type": "j", "publicationyear": {"@first": "2017"}, "publisher": {"publishername": "Springer Verlag"}, "sourcetitle": "KSCE Journal of Civil Engineering", "@srcid": "17600155006", "publicationdate": {"month": "11", "year": "2017", "date-text": {"@xfab-added": "true", "$": "1 November 2017"}, "day": "01"}}, "enhancement": {"classificationgroup": {"classifications": [{"@type": "CPXCLASS", "classification": [{"classification-code": "406.2", "classification-description": "Roads and Streets"}, {"classification-code": "412", "classification-description": "Concrete"}, {"classification-code": "601.2", "classification-description": "Machine Components"}, {"classification-code": "761", "classification-description": "Nanotechnology"}, {"classification-code": "914.1", "classification-description": "Accidents and Accident Prevention"}, {"classification-code": "921.5", "classification-description": "Optimization Techniques"}, {"classification-code": "933", "classification-description": "Solid State Physics"}, {"classification-code": "961", "classification-description": "Systems Science"}]}, {"@type": "FLXCLASS", "classification": {"classification-code": "902", "classification-description": "FLUIDEX; Related Topics"}}, {"@type": "ASJC", "classification": "2205"}, {"@type": "SUBJABBR", "classification": "ENGI"}]}}}, "item-info": {"copyright": {"$": "Copyright 2020 Elsevier B.V., All rights reserved.", "@type": "Elsevier"}, "dbcollection": [{"$": "CPX"}, {"$": "REAXYSCAR"}, {"$": "SCOPUS"}, {"$": "Scopusbase"}], "history": {"date-created": {"@day": "20", "@timestamp": "BST 16:30:04", "@year": "2020", "@month": "11"}}, "itemidlist": {"itemid": [{"$": "614230356", "@idtype": "PUI"}, {"$": "660445982", "@idtype": "CAR-ID"}, {"$": "20170503303237", "@idtype": "CPX"}, {"$": "20170188670", "@idtype": "REAXYSCAR"}, {"$": "20172699826", "@idtype": "SCOPUS"}, {"$": "85010726105", "@idtype": "SCP"}, {"$": "85010726105", "@idtype": "SGR"}], "ce:doi": "10.1007/s12205-017-1627-1"}}, "tail": {"bibliography": {"@refcount": "34", "reference": [{"ref-fulltext": "American Concrete Institute, Committee 318 (ACI 318-2005). (2005). Building code requirements for structural concrete and commentary, American Concrete Institute, Farmington Hills, Mich.", "@id": "1", "ref-info": {"ref-publicationyear": {"@first": "2005"}, "refd-itemidlist": {"itemid": [{"$": "CR1", "@idtype": "FRAGMENTID"}, {"$": "85032144422", "@idtype": "SGR"}]}, "ref-text": "Building code requirements for structural concrete and commentary, American Concrete Institute, Farmington Hills, Mich", "ref-authors": {"collaboration": {"@seq": "1", "ce:text": "American Concrete Institute", "ce:indexed-name": "American Concrete Institute"}}, "ref-sourcetitle": "Committee 318 (ACI 318-2005)"}}, {"ref-fulltext": "Bishop, A. W. (1955). \u201cThe use of the slip circle in the stability analysis of earth slopes.\u201d Geotechnique, Vol. 5, No. 1, pp. 7\u201317, DOI: 10.1680/geot.1955.5.1.7.", "@id": "2", "ref-info": {"ref-publicationyear": {"@first": "1955"}, "ref-title": {"ref-titletext": "The use of the slip circle in the stability analysis of earth slopes"}, "refd-itemidlist": {"itemid": [{"$": "10.1680/geot.1955.5.1.7", "@idtype": "DOI"}, {"$": "CR2", "@idtype": "FRAGMENTID"}, {"$": "84993995958", "@idtype": "SGR"}]}, "ref-volisspag": {"voliss": {"@volume": "5", "@issue": "1"}, "pagerange": {"@first": "7", "@last": "17"}}, "ref-authors": {"author": [{"@seq": "1", "ce:initials": "A.W.", "@_fa": "true", "ce:surname": "Bishop", "ce:indexed-name": "Bishop A.W."}]}, "ref-sourcetitle": "Geotechnique"}}, {"ref-fulltext": "Byrd, R. H., Hribar, M. E., and Nocedal J. (1999). \u201cAn interior point algorithm for large-scale nonlinear programming.\u201d SIAM Journal on Optimization, Vol. 9, No. 4, pp. 877\u2013900, DOI: 10.1137/S1052623497325107.", "@id": "3", "ref-info": {"ref-publicationyear": {"@first": "1999"}, "ref-title": {"ref-titletext": "An interior point algorithm for large-scale nonlinear programming"}, "refd-itemidlist": {"itemid": [{"$": "10.1137/S1052623497325107", "@idtype": "DOI"}, {"$": "CR3", "@idtype": "FRAGMENTID"}, {"$": "0033471382", "@idtype": "SGR"}]}, "ref-volisspag": {"voliss": {"@volume": "9", "@issue": "4"}, "pagerange": {"@first": "877", "@last": "900"}}, "ref-authors": {"author": [{"@seq": "1", "ce:initials": "R.H.", "@_fa": "true", "ce:surname": "Byrd", "ce:indexed-name": "Byrd R.H."}, {"@seq": "2", "ce:initials": "M.E.", "@_fa": "true", "ce:surname": "Hribar", "ce:indexed-name": "Hribar M.E."}, {"@seq": "3", "ce:initials": "J.", "@_fa": "true", "ce:surname": "Nocedal", "ce:indexed-name": "Nocedal J."}]}, "ref-sourcetitle": "SIAM Journal on Optimization"}}, {"ref-fulltext": "Camp, C. V. and Akin, A. (2012). \u201cDesign of retaining walls using big bang-big crunch optimization.\u201d Journal of Structural Engineering, Vol. 138, No. 3, pp. 438\u2013448, DOI: 10.1061/(ASCE)ST.1943-541X.0000461.", "@id": "4", "ref-info": {"ref-publicationyear": {"@first": "2012"}, "ref-title": {"ref-titletext": "Design of retaining walls using big bang-big crunch optimization"}, "refd-itemidlist": {"itemid": [{"$": "10.1061/(ASCE)ST.1943-541X.0000461", "@idtype": "DOI"}, {"$": "CR4", "@idtype": "FRAGMENTID"}, {"$": "84873155789", "@idtype": "SGR"}]}, "ref-volisspag": {"voliss": {"@volume": "138", "@issue": "3"}, "pagerange": {"@first": "438", "@last": "448"}}, "ref-authors": {"author": [{"@seq": "1", "ce:initials": "C.V.", "@_fa": "true", "ce:surname": "Camp", "ce:indexed-name": "Camp C.V."}, {"@seq": "2", "ce:initials": "A.", "@_fa": "true", "ce:surname": "Akin", "ce:indexed-name": "Akin A."}]}, "ref-sourcetitle": "Journal of Structural Engineering"}}, {"ref-fulltext": "Castillo, E., Minguezb, R., Ter\u00e1 nb, A. R., and Fern\u00e1ndez-Cantelic, A. (2004). \u201cDesign and sensitivity analysis using the probability-safetyfactor method: An Application to Retaining Walls.\u201d Structural Safety, Vol. 26, pp. 159\u2013179, DOI: 10.1016/S0167-4730(03)00039-0.", "@id": "5", "ref-info": {"ref-publicationyear": {"@first": "2004"}, "ref-title": {"ref-titletext": "Design and sensitivity analysis using the probability-safetyfactor method: An Application to Retaining Walls"}, "refd-itemidlist": {"itemid": [{"$": "10.1016/S0167-4730(03)00039-0", "@idtype": "DOI"}, {"$": "CR5", "@idtype": "FRAGMENTID"}, {"$": "0346886904", "@idtype": "SGR"}]}, "ref-volisspag": {"voliss": {"@volume": "26"}, "pagerange": {"@first": "159", "@last": "179"}}, "ref-authors": {"author": [{"@seq": "1", "ce:initials": "E.", "@_fa": "true", "ce:surname": "Castillo", "ce:indexed-name": "Castillo E."}, {"@seq": "2", "ce:initials": "R.T.", "@_fa": "true", "ce:surname": "Minguezb", "ce:indexed-name": "Minguezb R.T."}, {"@seq": "3", "ce:initials": "A.R.", "@_fa": "true", "ce:surname": "nb", "ce:indexed-name": "nb A.R."}, {"@seq": "4", "ce:initials": "A.", "@_fa": "true", "ce:surname": "Fern\u00e1ndez-Cantelic", "ce:indexed-name": "Fernandez-Cantelic A."}]}, "ref-sourcetitle": "Structural Safety"}}, {"ref-fulltext": "Ceranic, B., Fryer, C., and Baines, R. W. (2001). \u201cApplication of simulated annealing to the optimum design of reinforced concrete retaining structures.\u201d Computers and Structures, Vol. 79, pp. 1569\u20131581, DOI: 10.1016/S0045-7949(01)00037-2.", "@id": "6", "ref-info": {"ref-publicationyear": {"@first": "2001"}, "ref-title": {"ref-titletext": "Application of simulated annealing to the optimum design of reinforced concrete retaining structures"}, "refd-itemidlist": {"itemid": [{"$": "10.1016/S0045-7949(01)00037-2", "@idtype": "DOI"}, {"$": "CR6", "@idtype": "FRAGMENTID"}, {"$": "0035388076", "@idtype": "SGR"}]}, "ref-volisspag": {"voliss": {"@volume": "79"}, "pagerange": {"@first": "1569", "@last": "1581"}}, "ref-authors": {"author": [{"@seq": "1", "ce:initials": "B.", "@_fa": "true", "ce:surname": "Ceranic", "ce:indexed-name": "Ceranic B."}, {"@seq": "2", "ce:initials": "C.", "@_fa": "true", "ce:surname": "Fryer", "ce:indexed-name": "Fryer C."}, {"@seq": "3", "ce:initials": "R.W.", "@_fa": "true", "ce:surname": "Baines", "ce:indexed-name": "Baines R.W."}]}, "ref-sourcetitle": "Computers and Structures"}}, {"ref-fulltext": "Fellenius, W. (1936). \u201cCalculation of the stability of earth dams.\u201d Transactions of the 2nd congress on large dams, International commission on large dams of the world power conference, Vol. 4, pp. 445\u2013462.", "@id": "7", "ref-info": {"ref-publicationyear": {"@first": "1936"}, "ref-title": {"ref-titletext": "Calculation of the stability of earth dams"}, "refd-itemidlist": {"itemid": [{"$": "CR7", "@idtype": "FRAGMENTID"}, {"$": "0000852636", "@idtype": "SGR"}]}, "ref-volisspag": {"voliss": {"@volume": "4"}, "pagerange": {"@first": "445", "@last": "462"}}, "ref-authors": {"author": [{"@seq": "1", "ce:initials": "W.", "@_fa": "true", "ce:surname": "Fellenius", "ce:indexed-name": "Fellenius W."}]}, "ref-sourcetitle": "Transactions of the 2nd congress on large dams, International commission on large dams of the world power conference"}}, {"ref-fulltext": "Fornberg, B. (1988). \u201cGeneration of finite difference formulas on arbitrarily spaced grids.\u201d Mathematics of Computation, Vol. 51, No. 184, pp. 699\u2013706, DOI: 10.1090/S0025-5718-1988-0935077-0.", "@id": "8", "ref-info": {"ref-publicationyear": {"@first": "1988"}, "ref-title": {"ref-titletext": "Generation of finite difference formulas on arbitrarily spaced grids"}, "refd-itemidlist": {"itemid": [{"$": "10.1090/S0025-5718-1988-0935077-0", "@idtype": "DOI"}, {"$": "CR8", "@idtype": "FRAGMENTID"}, {"$": "84966247397", "@idtype": "SGR"}]}, "ref-volisspag": {"voliss": {"@volume": "51", "@issue": "184"}, "pagerange": {"@first": "699", "@last": "706"}}, "ref-authors": {"author": [{"@seq": "1", "ce:initials": "B.", "@_fa": "true", "ce:surname": "Fornberg", "ce:indexed-name": "Fornberg B."}]}, "ref-sourcetitle": "Mathematics of Computation"}}, {"ref-fulltext": "Gandomi, A. H., Kashani, A. R., Roke, D. A., and Mousavi, M. (2015). \u201cOptimization of retaining wall design using recent swarm intelligence techniques,\u201d Engineering Structures, Vol. 103, pp. 72\u201384, DOI: 10.1016/j.engstruct.2015.08.034.", "@id": "9", "ref-info": {"ref-publicationyear": {"@first": "2015"}, "ref-title": {"ref-titletext": "Optimization of retaining wall design using recent swarm intelligence techniques"}, "refd-itemidlist": {"itemid": [{"$": "10.1016/j.engstruct.2015.08.034", "@idtype": "DOI"}, {"$": "CR9", "@idtype": "FRAGMENTID"}, {"$": "84941658058", "@idtype": "SGR"}]}, "ref-volisspag": {"voliss": {"@volume": "103"}, "pagerange": {"@first": "72", "@last": "84"}}, "ref-authors": {"author": [{"@seq": "1", "ce:initials": "A.H.", "@_fa": "true", "ce:surname": "Gandomi", "ce:indexed-name": "Gandomi A.H."}, {"@seq": "2", "ce:initials": "A.R.", "@_fa": "true", "ce:surname": "Kashani", "ce:indexed-name": "Kashani A.R."}, {"@seq": "3", "ce:initials": "D.A.", "@_fa": "true", "ce:surname": "Roke", "ce:indexed-name": "Roke D.A."}, {"@seq": "4", "ce:initials": "M.", "@_fa": "true", "ce:surname": "Mousavi", "ce:indexed-name": "Mousavi M."}]}, "ref-sourcetitle": "Engineering Structures"}}, {"ref-fulltext": "Ghasemi, H., Brighenti, R., Zhuang, X., Muthu, J., and Rabczuk, T. (2015). \u201cOptimal fiber content and distribution in fiber-reinforced solids using a reliability and NURBS based sequential optimization approach.\u201d Structural and Multidisciplinary Optimization, Vol. 51, No. 1, pp. 99\u2013112, DOI: 10.1007/s00158-014-1114-y.", "@id": "10", "ref-info": {"ref-publicationyear": {"@first": "2015"}, "ref-title": {"ref-titletext": "Optimal fiber content and distribution in fiber-reinforced solids using a reliability and NURBS based sequential optimization approach"}, "refd-itemidlist": {"itemid": [{"$": "10.1007/s00158-014-1114-y", "@idtype": "DOI"}, {"$": "CR10", "@idtype": "FRAGMENTID"}, {"$": "84924223217", "@idtype": "SGR"}]}, "ref-volisspag": {"voliss": {"@volume": "51", "@issue": "1"}, "pagerange": {"@first": "99", "@last": "112"}}, "ref-authors": {"author": [{"@seq": "1", "ce:initials": "H.", "@_fa": "true", "ce:surname": "Ghasemi", "ce:indexed-name": "Ghasemi H."}, {"@seq": "2", "ce:initials": "R.", "@_fa": "true", "ce:surname": "Brighenti", "ce:indexed-name": "Brighenti R."}, {"@seq": "3", "ce:initials": "X.", "@_fa": "true", "ce:surname": "Zhuang", "ce:indexed-name": "Zhuang X."}, {"@seq": "4", "ce:initials": "J.", "@_fa": "true", "ce:surname": "Muthu", "ce:indexed-name": "Muthu J."}, {"@seq": "5", "ce:initials": "T.", "@_fa": "true", "ce:surname": "Rabczuk", "ce:indexed-name": "Rabczuk T."}]}, "ref-sourcetitle": "Structural and Multidisciplinary Optimization"}}, {"ref-fulltext": "Ghasemi, H., Rafiee, R., Zhuang, X., Muthu, J., and Rabczuk, T. (2014). \u201cUncertainties propagation in metamodel-based probabilistic optimization of CNT/polymer composite structure using stochastic multi-scale modeling.\u201d Computational Materials Science, Vol. 85, pp. 295\u2013305, DOI: 10.1016/j.commatsci.2014.01.020.", "@id": "11", "ref-info": {"ref-publicationyear": {"@first": "2014"}, "ref-title": {"ref-titletext": "Uncertainties propagation in metamodel-based probabilistic optimization of CNT/polymer composite structure using stochastic multi-scale modeling"}, "refd-itemidlist": {"itemid": [{"$": "10.1016/j.commatsci.2014.01.020", "@idtype": "DOI"}, {"$": "CR11", "@idtype": "FRAGMENTID"}, {"$": "84893334964", "@idtype": "SGR"}]}, "ref-volisspag": {"voliss": {"@volume": "85"}, "pagerange": {"@first": "295", "@last": "305"}}, "ref-authors": {"author": [{"@seq": "1", "ce:initials": "H.", "@_fa": "true", "ce:surname": "Ghasemi", "ce:indexed-name": "Ghasemi H."}, {"@seq": "2", "ce:initials": "R.", "@_fa": "true", "ce:surname": "Rafiee", "ce:indexed-name": "Rafiee R."}, {"@seq": "3", "ce:initials": "X.", "@_fa": "true", "ce:surname": "Zhuang", "ce:indexed-name": "Zhuang X."}, {"@seq": "4", "ce:initials": "J.", "@_fa": "true", "ce:surname": "Muthu", "ce:indexed-name": "Muthu J."}, {"@seq": "5", "ce:initials": "T.", "@_fa": "true", "ce:surname": "Rabczuk", "ce:indexed-name": "Rabczuk T."}]}, "ref-sourcetitle": "Computational Materials Science"}}, {"ref-fulltext": "Ghazavi, M. and Bazzazian Bonab, S. (2011). \u201cOptimization of reinforced concrete retaining walls using ant colony method.\u201d Proc., 3rd Int. Symposium on Geotechnical Safety and Risk (ISGSR), Germany.", "@id": "12", "ref-info": {"ref-publicationyear": {"@first": "2011"}, "ref-title": {"ref-titletext": "Optimization of reinforced concrete retaining walls using ant colony method"}, "refd-itemidlist": {"itemid": [{"$": "CR12", "@idtype": "FRAGMENTID"}, {"$": "84898955402", "@idtype": "SGR"}]}, "ref-authors": {"author": [{"@seq": "1", "ce:initials": "M.", "@_fa": "true", "ce:surname": "Ghazavi", "ce:indexed-name": "Ghazavi M."}, {"@seq": "2", "ce:initials": "S.", "@_fa": "true", "ce:surname": "Bazzazian Bonab", "ce:indexed-name": "Bazzazian Bonab S."}]}, "ref-sourcetitle": "Proc., 3rd Int. Symposium on Geotechnical Safety and Risk (ISGSR)"}}, {"ref-fulltext": "Kaveh, A. and Abadi, S. M. A. (2011). \u201cHarmony search based algorithms for the optimum cost design of reinforced concrete cantilever retaining walls.\u201d International Journal of Civil Engineering, Vol. 9, No. 1, pp. 1\u20138.", "@id": "13", "ref-info": {"ref-publicationyear": {"@first": "2011"}, "ref-title": {"ref-titletext": "Harmony search based algorithms for the optimum cost design of reinforced concrete cantilever retaining walls"}, "refd-itemidlist": {"itemid": [{"$": "CR13", "@idtype": "FRAGMENTID"}, {"$": "79952810197", "@idtype": "SGR"}]}, "ref-volisspag": {"voliss": {"@volume": "9", "@issue": "1"}, "pagerange": {"@first": "1", "@last": "8"}}, "ref-authors": {"author": [{"@seq": "1", "ce:initials": "A.", "@_fa": "true", "ce:surname": "Kaveh", "ce:indexed-name": "Kaveh A."}, {"@seq": "2", "ce:initials": "S.M.A.", "@_fa": "true", "ce:surname": "Abadi", "ce:indexed-name": "Abadi S.M.A."}]}, "ref-sourcetitle": "International Journal of Civil Engineering"}}, {"ref-fulltext": "Kaveh, A., Kalateh-Ahani, M., and Fahimi-Farzam, M. (2013). \u201cConstructability optimal design of reinforced concrete retaining walls using a multi-objective genetic algorithm.\u201d Structural Engineering and Mechanics, Vol. 47, No. 2, pp. 227\u2013245, DOI: 10.12989/sem.2013.47.2.227.", "@id": "14", "ref-info": {"ref-publicationyear": {"@first": "2013"}, "ref-title": {"ref-titletext": "Constructability optimal design of reinforced concrete retaining walls using a multi-objective genetic algorithm"}, "refd-itemidlist": {"itemid": [{"$": "10.12989/sem.2013.47.2.227", "@idtype": "DOI"}, {"$": "CR14", "@idtype": "FRAGMENTID"}, {"$": "84880843456", "@idtype": "SGR"}]}, "ref-volisspag": {"voliss": {"@volume": "47", "@issue": "2"}, "pagerange": {"@first": "227", "@last": "245"}}, "ref-authors": {"author": [{"@seq": "1", "ce:initials": "A.", "@_fa": "true", "ce:surname": "Kaveh", "ce:indexed-name": "Kaveh A."}, {"@seq": "2", "ce:initials": "M.", "@_fa": "true", "ce:surname": "Kalateh-Ahani", "ce:indexed-name": "Kalateh-Ahani M."}, {"@seq": "3", "ce:initials": "M.", "@_fa": "true", "ce:surname": "Fahimi-Farzam", "ce:indexed-name": "Fahimi-Farzam M."}]}, "ref-sourcetitle": "Structural Engineering and Mechanics"}}, {"ref-fulltext": "Khajehzadeh, M., Taha, M. R., El-Shafie, A., and Eslami, M. (2010). \u201cDesign of retaining wall using particle swarm optimization with passive congregation.\u201d Australian Journal of Basic and Applied Sciences, Vol. 4, No. 11, pp. 5500\u20135507.", "@id": "15", "ref-info": {"ref-publicationyear": {"@first": "2010"}, "ref-title": {"ref-titletext": "Design of retaining wall using particle swarm optimization with passive congregation"}, "refd-itemidlist": {"itemid": [{"$": "CR15", "@idtype": "FRAGMENTID"}, {"$": "78650783847", "@idtype": "SGR"}]}, "ref-volisspag": {"voliss": {"@volume": "4", "@issue": "11"}, "pagerange": {"@first": "5500", "@last": "5507"}}, "ref-authors": {"author": [{"@seq": "1", "ce:initials": "M.", "@_fa": "true", "ce:surname": "Khajehzadeh", "ce:indexed-name": "Khajehzadeh M."}, {"@seq": "2", "ce:initials": "M.R.", "@_fa": "true", "ce:surname": "Taha", "ce:indexed-name": "Taha M.R."}, {"@seq": "3", "ce:initials": "A.", "@_fa": "true", "ce:surname": "El-Shafie", "ce:indexed-name": "El-Shafie A."}, {"@seq": "4", "ce:initials": "M.", "@_fa": "true", "ce:surname": "Eslami", "ce:indexed-name": "Eslami M."}]}, "ref-sourcetitle": "Australian Journal of Basic and Applied Sciences"}}, {"ref-fulltext": "Khajehzadeh, M. and Eslami, M. (2012). \u201cGravitational search algorithm for optimization of retaining structures.\u201d Indian Journal of Science and Technology, Vol. 5, No. 1, pp. 1821\u20131827.", "@id": "16", "ref-info": {"ref-publicationyear": {"@first": "2012"}, "ref-title": {"ref-titletext": "Gravitational search algorithm for optimization of retaining structures"}, "refd-itemidlist": {"itemid": [{"$": "CR16", "@idtype": "FRAGMENTID"}, {"$": "84864779542", "@idtype": "SGR"}]}, "ref-volisspag": {"voliss": {"@volume": "5", "@issue": "1"}, "pagerange": {"@first": "1821", "@last": "1827"}}, "ref-authors": {"author": [{"@seq": "1", "ce:initials": "M.", "@_fa": "true", "ce:surname": "Khajehzadeh", "ce:indexed-name": "Khajehzadeh M."}, {"@seq": "2", "ce:initials": "M.", "@_fa": "true", "ce:surname": "Eslami", "ce:indexed-name": "Eslami M."}]}, "ref-sourcetitle": "Indian Journal of Science and Technology"}}, {"ref-fulltext": "Khajehzadeh, M., Taha, M. R., and Eslami, M. (2013). \u201cEfficient gravitational search algorithm for optimum design of retaining walls.\u201d Structural Engineering and Mechanics, Vol. 45, No. 1, pp. 111\u2013127, DOI: 10.12989/sem.2013.45.1.111.", "@id": "17", "ref-info": {"ref-publicationyear": {"@first": "2013"}, "ref-title": {"ref-titletext": "Efficient gravitational search algorithm for optimum design of retaining walls"}, "refd-itemidlist": {"itemid": [{"$": "10.12989/sem.2013.45.1.111", "@idtype": "DOI"}, {"$": "CR17", "@idtype": "FRAGMENTID"}, {"$": "84873137232", "@idtype": "SGR"}]}, "ref-volisspag": {"voliss": {"@volume": "45", "@issue": "1"}, "pagerange": {"@first": "111", "@last": "127"}}, "ref-authors": {"author": [{"@seq": "1", "ce:initials": "M.", "@_fa": "true", "ce:surname": "Khajehzadeh", "ce:indexed-name": "Khajehzadeh M."}, {"@seq": "2", "ce:initials": "M.R.", "@_fa": "true", "ce:surname": "Taha", "ce:indexed-name": "Taha M.R."}, {"@seq": "3", "ce:initials": "M.", "@_fa": "true", "ce:surname": "Eslami", "ce:indexed-name": "Eslami M."}]}, "ref-sourcetitle": "Structural Engineering and Mechanics"}}, {"ref-fulltext": "Mehrotra, S. (1992). \u201cOn the implementation of a primal-dual interior point method.\u201d SIAM Journal on Optimization, Vol. 2, No. 4, pp. 575. DOI: 10.1137/0802028.", "@id": "18", "ref-info": {"ref-publicationyear": {"@first": "1992"}, "ref-title": {"ref-titletext": "On the implementation of a primal-dual interior point method"}, "refd-itemidlist": {"itemid": [{"$": "10.1137/0802028", "@idtype": "DOI"}, {"$": "CR18", "@idtype": "FRAGMENTID"}, {"$": "0000561116", "@idtype": "SGR"}]}, "ref-volisspag": {"voliss": {"@volume": "2", "@issue": "4"}, "pagerange": {"@first": "575"}}, "ref-authors": {"author": [{"@seq": "1", "ce:initials": "S.", "@_fa": "true", "ce:surname": "Mehrotra", "ce:indexed-name": "Mehrotra S."}]}, "ref-sourcetitle": "SIAM Journal on Optimization"}}, {"ref-fulltext": "NLPSolve (2016). Waterloo Maple Inc. 2016. Maple Help: NLPSolve Available from: http://www.maplesoft.com/support/help/Maple/view. aspx?path=Optimization/NLPSolve", "@id": "19", "ref-info": {"ref-publicationyear": {"@first": "2016"}, "ref-website": {"ce:e-address": {"$": "http://www.maplesoft.com/support/help/Maple/view", "@type": "email"}}, "refd-itemidlist": {"itemid": [{"$": "CR19", "@idtype": "FRAGMENTID"}, {"$": "85032159714", "@idtype": "SGR"}]}, "ref-sourcetitle": "NLPSolve,Waterloo Maple Inc. 2016. Maple Help: NLPSolve"}}, {"ref-fulltext": "Palacios-Gomez, F., Lasdon, L., and Enquist, M. (1982). \u201cNonlinear optimization by successive linear programming.\u201d Management Science, Vol. 28, No. 10, pp. 1106\u20131120, DOI: 10.1287/mnsc.28.10.1106.", "@id": "20", "ref-info": {"ref-publicationyear": {"@first": "1982"}, "ref-title": {"ref-titletext": "Nonlinear optimization by successive linear programming"}, "refd-itemidlist": {"itemid": [{"$": "10.1287/mnsc.28.10.1106", "@idtype": "DOI"}, {"$": "CR20", "@idtype": "FRAGMENTID"}, {"$": "0020190760", "@idtype": "SGR"}]}, "ref-volisspag": {"voliss": {"@volume": "28", "@issue": "10"}, "pagerange": {"@first": "1106", "@last": "1120"}}, "ref-authors": {"author": [{"@seq": "1", "ce:initials": "F.", "@_fa": "true", "ce:surname": "Palacios-Gomez", "ce:indexed-name": "Palacios-Gomez F."}, {"@seq": "2", "ce:initials": "L.", "@_fa": "true", "ce:surname": "Lasdon", "ce:indexed-name": "Lasdon L."}, {"@seq": "3", "ce:initials": "M.", "@_fa": "true", "ce:surname": "Enquist", "ce:indexed-name": "Enquist M."}]}, "ref-sourcetitle": "Management Science"}}, {"ref-fulltext": "Pourbaba, M., Talatahari, S., and Sheikholeslami, R. (2013). \u201cA chaotic imperialist competitive algorithm for optimum cost design of cantilever retaining walls.\u201d KSCE Journal of Civil Engineering, Vol. 17, No. 5, pp. 972\u2013979, DOI: 10.1007/s12205-013-0283-3.", "@id": "21", "ref-info": {"ref-publicationyear": {"@first": "2013"}, "ref-title": {"ref-titletext": "A chaotic imperialist competitive algorithm for optimum cost design of cantilever retaining walls"}, "refd-itemidlist": {"itemid": [{"$": "10.1007/s12205-013-0283-3", "@idtype": "DOI"}, {"$": "CR21", "@idtype": "FRAGMENTID"}, {"$": "84879625601", "@idtype": "SGR"}]}, "ref-volisspag": {"voliss": {"@volume": "17", "@issue": "5"}, "pagerange": {"@first": "972", "@last": "979"}}, "ref-authors": {"author": [{"@seq": "1", "ce:initials": "M.", "@_fa": "true", "ce:surname": "Pourbaba", "ce:indexed-name": "Pourbaba M."}, {"@seq": "2", "ce:initials": "S.", "@_fa": "true", "ce:surname": "Talatahari", "ce:indexed-name": "Talatahari S."}, {"@seq": "3", "ce:initials": "R.", "@_fa": "true", "ce:surname": "Sheikholeslami", "ce:indexed-name": "Sheikholeslami R."}]}, "ref-sourcetitle": "KSCE Journal of Civil Engineering"}}, {"ref-fulltext": "Rabczuk, T., Zi, G., Bordas, S., and Nguyen-Xuan, H. (2008). \u201cA geometrically non-linear three-dimensional cohesive crack method for reinforced concrete structures.\u201d Engineering Fracture Mechanics, Vol. 75, No. 16, pp. 4740\u20134758, DOI: 10.1016/j.engfracmech. 2008.06.019.", "@id": "22", "ref-info": {"ref-publicationyear": {"@first": "2008"}, "ref-title": {"ref-titletext": "A geometrically non-linear three-dimensional cohesive crack method for reinforced concrete structures"}, "refd-itemidlist": {"itemid": [{"$": "10.1016/j.engfracmech.2008.06.019", "@idtype": "DOI"}, {"$": "CR22", "@idtype": "FRAGMENTID"}, {"$": "50549101580", "@idtype": "SGR"}]}, "ref-volisspag": {"voliss": {"@volume": "75", "@issue": "16"}, "pagerange": {"@first": "4740", "@last": "4758"}}, "ref-authors": {"author": [{"@seq": "1", "ce:initials": "T.", "@_fa": "true", "ce:surname": "Rabczuk", "ce:indexed-name": "Rabczuk T."}, {"@seq": "2", "ce:initials": "G.", "@_fa": "true", "ce:surname": "Zi", "ce:indexed-name": "Zi G."}, {"@seq": "3", "ce:initials": "S.", "@_fa": "true", "ce:surname": "Bordas", "ce:indexed-name": "Bordas S."}, {"@seq": "4", "ce:initials": "H.", "@_fa": "true", "ce:surname": "Nguyen-Xuan", "ce:indexed-name": "Nguyen-Xuan H."}]}, "ref-sourcetitle": "Engineering Fracture Mechanics"}}, {"ref-fulltext": "Rabczuk, T. and Belytschko, T. (2006). \u201cApplication of particle methods to static fracture of reinforced concrete structures.\u201d International Journal of Fracture, Vol. 137 Nos. 1-4, pp. 19\u201349, DOI: 10.1007/s10704-005-3075-z.", "@id": "23", "ref-info": {"ref-publicationyear": {"@first": "2006"}, "ref-title": {"ref-titletext": "Application of particle methods to static fracture of reinforced concrete structures"}, "refd-itemidlist": {"itemid": [{"$": "10.1007/s10704-005-3075-z", "@idtype": "DOI"}, {"$": "CR23", "@idtype": "FRAGMENTID"}, {"$": "33644836729", "@idtype": "SGR"}]}, "ref-volisspag": {"voliss": {"@volume": "137", "@issue": "1-4"}, "pagerange": {"@first": "19", "@last": "49"}}, "ref-authors": {"author": [{"@seq": "1", "ce:initials": "T.", "@_fa": "true", "ce:surname": "Rabczuk", "ce:indexed-name": "Rabczuk T."}, {"@seq": "2", "ce:initials": "T.", "@_fa": "true", "ce:surname": "Belytschko", "ce:indexed-name": "Belytschko T."}]}, "ref-sourcetitle": "International Journal of Fracture"}}, {"ref-fulltext": "Rhomberg, E. J. and Street, W. M. (1981). \u201cOptimal design of retaining walls.\u201d Journal of Structural Division, ASCE Vol. 107, No. 5, pp. 992\u20131002, DOI: 10.4203/ccp.92.26", "@id": "24", "ref-info": {"ref-publicationyear": {"@first": "1981"}, "ref-title": {"ref-titletext": "Optimal design of retaining walls"}, "refd-itemidlist": {"itemid": [{"$": "CR24", "@idtype": "FRAGMENTID"}, {"$": "18144399504", "@idtype": "SGR"}]}, "ref-volisspag": {"voliss": {"@volume": "107", "@issue": "5"}, "pagerange": {"@first": "992", "@last": "1002"}}, "ref-authors": {"author": [{"@seq": "1", "ce:initials": "E.J.", "@_fa": "true", "ce:surname": "Rhomberg", "ce:indexed-name": "Rhomberg E.J."}, {"@seq": "2", "ce:initials": "W.M.", "@_fa": "true", "ce:surname": "Street", "ce:indexed-name": "Street W.M."}]}, "ref-sourcetitle": "Journal of Structural Division, ASCE Vol."}}, {"ref-fulltext": "Sadoglu, E. (2014). \u201cDesign optimization for symmetrical gravity retaining walls.\u201d Acta Geotechnica Slovenica, Vol. 11, No. 1, pp. 61\u201373.", "@id": "25", "ref-info": {"ref-publicationyear": {"@first": "2014"}, "ref-title": {"ref-titletext": "Design optimization for symmetrical gravity retaining walls"}, "refd-itemidlist": {"itemid": [{"$": "CR25", "@idtype": "FRAGMENTID"}, {"$": "84919423544", "@idtype": "SGR"}]}, "ref-volisspag": {"voliss": {"@volume": "11", "@issue": "1"}, "pagerange": {"@first": "61", "@last": "73"}}, "ref-authors": {"author": [{"@seq": "1", "ce:initials": "E.", "@_fa": "true", "ce:surname": "Sadoglu", "ce:indexed-name": "Sadoglu E."}]}, "ref-sourcetitle": "Acta Geotechnica Slovenica"}}, {"ref-fulltext": "Saribas, A. and Erbatur, F. (1996). \u201cOptimization and sensitivity of retaining structures.\u201d Journal of Geotechnical Engineering, ASCE, Vol. 122, No. 8, pp. 649\u2013656, DOI: 10.1061/(ASCE)0733-9410 (1996)122:8(649).", "@id": "26", "ref-info": {"ref-publicationyear": {"@first": "1996"}, "ref-title": {"ref-titletext": "Optimization and sensitivity of retaining structures"}, "refd-itemidlist": {"itemid": [{"$": "10.1061/(ASCE)0733-9410(1996)122:8(649)", "@idtype": "DOI"}, {"$": "CR26", "@idtype": "FRAGMENTID"}, {"$": "0030390532", "@idtype": "SGR"}]}, "ref-volisspag": {"voliss": {"@volume": "122", "@issue": "8"}, "pagerange": {"@first": "649", "@last": "656"}}, "ref-authors": {"author": [{"@seq": "1", "ce:initials": "A.", "@_fa": "true", "ce:surname": "Saribas", "ce:indexed-name": "Saribas A."}, {"@seq": "2", "ce:initials": "F.", "@_fa": "true", "ce:surname": "Erbatur", "ce:indexed-name": "Erbatur F."}]}, "ref-sourcetitle": "Journal of Geotechnical Engineering, ASCE"}}, {"ref-fulltext": "Sivakumar Babu, G. L. and Basha, B. M. (2008). \u201cOptimum design of cantilever retaining walls using target reliability approach.\u201d International Journal of Geomechanic, ASCE, Vol. 8, pp. 240\u2013252, DOI: 10.1061/(ASCE)1532-3641(2008)8:4(240).", "@id": "27", "ref-info": {"ref-publicationyear": {"@first": "2008"}, "ref-title": {"ref-titletext": "Optimum design of cantilever retaining walls using target reliability approach"}, "refd-itemidlist": {"itemid": [{"$": "10.1061/(ASCE)1532-3641(2008)8:4(240)", "@idtype": "DOI"}, {"$": "CR27", "@idtype": "FRAGMENTID"}, {"$": "48049092344", "@idtype": "SGR"}]}, "ref-volisspag": {"voliss": {"@volume": "8"}, "pagerange": {"@first": "240", "@last": "252"}}, "ref-authors": {"author": [{"@seq": "1", "ce:initials": "G.L.", "@_fa": "true", "ce:surname": "Sivakumar Babu", "ce:indexed-name": "Sivakumar Babu G.L."}, {"@seq": "2", "ce:initials": "B.M.", "@_fa": "true", "ce:surname": "Basha", "ce:indexed-name": "Basha B.M."}]}, "ref-sourcetitle": "International Journal of Geomechanic, ASCE"}}, {"ref-fulltext": "Talatahari, S. and Sheikholeslami, R. (2014). \u201cOptimum design of gravity and reinforced retaining walls using enhanced charged system search algorithm.\u201d KSCE Journal of Civil Engineering, Vol. 18, No. 5, pp. 1464\u20131469, DOI: 10.1007/s12205-014-0406-5.", "@id": "28", "ref-info": {"ref-publicationyear": {"@first": "2014"}, "ref-title": {"ref-titletext": "Optimum design of gravity and reinforced retaining walls using enhanced charged system search algorithm"}, "refd-itemidlist": {"itemid": [{"$": "10.1007/s12205-014-0406-5", "@idtype": "DOI"}, {"$": "CR28", "@idtype": "FRAGMENTID"}, {"$": "84903397493", "@idtype": "SGR"}]}, "ref-volisspag": {"voliss": {"@volume": "18", "@issue": "5"}, "pagerange": {"@first": "1464", "@last": "1469"}}, "ref-authors": {"author": [{"@seq": "1", "ce:initials": "S.", "@_fa": "true", "ce:surname": "Talatahari", "ce:indexed-name": "Talatahari S."}, {"@seq": "2", "ce:initials": "R.", "@_fa": "true", "ce:surname": "Sheikholeslami", "ce:indexed-name": "Sheikholeslami R."}]}, "ref-sourcetitle": "KSCE Journal of Civil Engineering"}}, {"ref-fulltext": "Tem\u00fcr, R. and Bekdas, G. (2016). \u201cTeaching learning-based optimization for design of cantilever retaining walls.\u201d Structural Engineering and Mechanics, Vol. 57, No. 4, pp. 763\u2013783, DOI: 10.12989/sem.2016.57.4.763.", "@id": "29", "ref-info": {"ref-publicationyear": {"@first": "2016"}, "ref-title": {"ref-titletext": "Teaching learning-based optimization for design of cantilever retaining walls"}, "refd-itemidlist": {"itemid": [{"$": "10.12989/sem.2016.57.4.763", "@idtype": "DOI"}, {"$": "CR29", "@idtype": "FRAGMENTID"}, {"$": "84963781112", "@idtype": "SGR"}]}, "ref-volisspag": {"voliss": {"@volume": "57", "@issue": "4"}, "pagerange": {"@first": "763", "@last": "783"}}, "ref-authors": {"author": [{"@seq": "1", "ce:initials": "R.", "@_fa": "true", "ce:surname": "Tem\u00fcr", "ce:indexed-name": "Temur R."}, {"@seq": "2", "ce:initials": "G.", "@_fa": "true", "ce:surname": "Bekdas", "ce:indexed-name": "Bekdas G."}]}, "ref-sourcetitle": "Structural Engineering and Mechanics"}}, {"ref-fulltext": "Ukritchon, B., Boonyatee, T., and Sinauo, P. (2004). AutoSLOPE (2004): Automated Slope Stability Analysis Program. Department of Civil Engineering, Faculty of Engineering, Chulalongkorn University.", "@id": "30", "ref-info": {"ref-publicationyear": {"@first": "2004"}, "refd-itemidlist": {"itemid": [{"$": "CR30", "@idtype": "FRAGMENTID"}, {"$": "85032152451", "@idtype": "SGR"}]}, "ref-authors": {"author": [{"@seq": "1", "ce:initials": "B.", "@_fa": "true", "ce:surname": "Ukritchon", "ce:indexed-name": "Ukritchon B."}, {"@seq": "2", "ce:initials": "T.", "@_fa": "true", "ce:surname": "Boonyatee", "ce:indexed-name": "Boonyatee T."}, {"@seq": "3", "ce:initials": "P.", "@_fa": "true", "ce:surname": "Sinauo", "ce:indexed-name": "Sinauo P."}]}, "ref-sourcetitle": "AutoSLOPE (2004): Automated Slope Stability Analysis Program"}}, {"ref-fulltext": "Ukritchon, B. and Keawsawasvong, S. (2016). \u201cA practical method for the optimal design of continuous footing using ant-colony optimization.\u201d Acta Geotechnica Slovenica, Vol. 13, No. 2, pp. 45\u201355.", "@id": "31", "ref-info": {"ref-publicationyear": {"@first": "2016"}, "ref-title": {"ref-titletext": "A practical method for the optimal design of continuous footing using ant-colony optimization"}, "refd-itemidlist": {"itemid": [{"$": "CR31", "@idtype": "FRAGMENTID"}, {"$": "85006041141", "@idtype": "SGR"}]}, "ref-volisspag": {"voliss": {"@volume": "13", "@issue": "2"}, "pagerange": {"@first": "45", "@last": "55"}}, "ref-authors": {"author": [{"@seq": "1", "ce:initials": "B.", "@_fa": "true", "ce:surname": "Ukritchon", "ce:indexed-name": "Ukritchon B."}, {"@seq": "2", "ce:initials": "S.", "@_fa": "true", "ce:surname": "Keawsawasvong", "ce:indexed-name": "Keawsawasvong S."}]}, "ref-sourcetitle": "Acta Geotechnica Slovenica"}}, {"ref-fulltext": "Waterloo Maple Inc. (2016). http://www.maplesoft.com", "@id": "32", "ref-info": {"ref-publicationyear": {"@first": "2016"}, "ref-website": {"ce:e-address": {"$": "http://www.maplesoft.com", "@type": "email"}}, "refd-itemidlist": {"itemid": [{"$": "CR32", "@idtype": "FRAGMENTID"}, {"$": "85032160980", "@idtype": "SGR"}]}, "ref-authors": {"author": [{"ce:given-name": "Waterloo Maple", "@seq": "1", "ce:initials": "W.M.", "@_fa": "true", "ce:surname": "Inc", "ce:indexed-name": "Inc W.M."}]}}}, {"ref-fulltext": "Waltz, R. A. and Plantenga, T. D. (2004). KNITRO 7.0 User\u2019s Manual. Technical report, Ziena Optimization, Inc., Evanston, IL,USA, September 2004.", "@id": "33", "ref-info": {"ref-publicationyear": {"@first": "2004"}, "refd-itemidlist": {"itemid": [{"$": "CR33", "@idtype": "FRAGMENTID"}, {"$": "62749137565", "@idtype": "SGR"}]}, "ref-text": "Ziena Optimization, Inc., Evanston, IL,USA", "ref-authors": {"author": [{"@seq": "1", "ce:initials": "R.A.", "@_fa": "true", "ce:surname": "Waltz", "ce:indexed-name": "Waltz R.A."}, {"@seq": "2", "ce:initials": "T.D.", "@_fa": "true", "ce:surname": "Plantenga", "ce:indexed-name": "Plantenga T.D."}]}, "ref-sourcetitle": "KNITRO 7.0 User\u2019s Manual"}}, {"ref-fulltext": "Yepes, V., Alcala, J., Perea, C., and Gonz\u00e1lez-Vidosa, F. (2008). \u201cA parametric study of optimum earth-retaining walls by simulated annealing.\u201d Engineering Structures, Vol. 30, No. 3, pp. 821\u2013830, DOI: 10.1016/j.engstruct.2007.05.023.", "@id": "34", "ref-info": {"ref-publicationyear": {"@first": "2008"}, "ref-title": {"ref-titletext": "A parametric study of optimum earth-retaining walls by simulated annealing"}, "refd-itemidlist": {"itemid": [{"$": "10.1016/j.engstruct.2007.05.023", "@idtype": "DOI"}, {"$": "CR34", "@idtype": "FRAGMENTID"}, {"$": "38849141525", "@idtype": "SGR"}]}, "ref-volisspag": {"voliss": {"@volume": "30", "@issue": "3"}, "pagerange": {"@first": "821", "@last": "830"}}, "ref-authors": {"author": [{"@seq": "1", "ce:initials": "V.", "@_fa": "true", "ce:surname": "Yepes", "ce:indexed-name": "Yepes V."}, {"@seq": "2", "ce:initials": "J.", "@_fa": "true", "ce:surname": "Alcala", "ce:indexed-name": "Alcala J."}, {"@seq": "3", "ce:initials": "C.", "@_fa": "true", "ce:surname": "Perea", "ce:indexed-name": "Perea C."}, {"@seq": "4", "ce:initials": "F.", "@_fa": "true", "ce:surname": "Gonz\u00e1lez-Vidosa", "ce:indexed-name": "Gonzalez-Vidosa F."}]}, "ref-sourcetitle": "Engineering Structures"}}]}}}}, "affiliation": [{"affiliation-city": "Bangkok", "@id": "60028190", "affilname": "Chulalongkorn University", "@href": "https://api.elsevier.com/content/affiliation/affiliation_id/60028190", "affiliation-country": "Thailand"}, {"affiliation-city": "Phnom Penh", "@id": "118019567", "affilname": "Cana Sino Construction Corporation", "@href": "https://api.elsevier.com/content/affiliation/affiliation_id/118019567", "affiliation-country": "Cambodia"}], "coredata": {"srctype": "j", "eid": "2-s2.0-85010726105", "dc:description": "A Reinforced Concrete Cantilever Retaining Wall (RCCRW) is one commonly used soil retaining structure in engineering practice. Various optimization techniques to obtain the optimal design of cantilever walls have been proposed, where the three basic geotechnical constraints of overturning, sliding and bearing failures have generally been taken into consideration. However, none of these approaches have considered the geotechnical requirement of slope stability. In this paper, a novel formulation for the optimal design of RCCRWs that considers the more complete requirements of geotechnical stability of overturning, sliding, bearing and slope failures, is described. The objective function of the minimum cost of materials, geotechnical constraints of wall failures (overturning, sliding and bearing) and the structural requirements for steel reinforcements in the wall sections all followed the conventional approaches used in previous works. Using the Ordinary Method of Slices (OMS) with a circular arc failure surface (CAFS), the factor of safety against slope failure (FSOMS) for a RCCRW was implicitly derived. Constraints for ensuring that the minimum FSOMS was higher than the required factor were enforced in the formulation. Design variables were the dimensions of the wall sections, corresponding steel reinforcements and the x-y coordinate of center of the CAFS, where the latter are the additional unknowns in this novel formulation. Computational performance of the proposed optimization method is demonstrated and verified through its application to the optimal design of two examples of RCCRWs.", "prism:coverDate": "2017-11-01", "prism:aggregationType": "Journal", "prism:url": "https://api.elsevier.com/content/abstract/scopus_id/85010726105", "dc:creator": {"author": [{"ce:given-name": "Boonchai", "preferred-name": {"ce:given-name": "Boonchai", "ce:initials": "B.", "ce:surname": "Ukritchon", "ce:indexed-name": "Ukritchon B."}, "@seq": "1", "ce:initials": "B.", "@_fa": "true", "affiliation": {"@id": "60028190", "@href": "https://api.elsevier.com/content/affiliation/affiliation_id/60028190"}, "ce:surname": "Ukritchon", "@auid": "6507527284", "author-url": "https://api.elsevier.com/content/author/author_id/6507527284", "ce:indexed-name": "Ukritchon B."}]}, "link": [{"@_fa": "true", "@rel": "self", "@href": "https://api.elsevier.com/content/abstract/scopus_id/85010726105"}, {"@_fa": "true", "@rel": "scopus", "@href": "https://www.scopus.com/inward/record.uri?partnerID=HzOxMe3b&scp=85010726105&origin=inward"}, {"@_fa": "true", "@rel": "scopus-citedby", "@href": "https://www.scopus.com/inward/citedby.uri?partnerID=HzOxMe3b&scp=85010726105&origin=inward"}], "source-id": "17600155006", "citedby-count": "8", "prism:volume": "21", "subtype": "ar", "dc:title": "Optimal design of Reinforced Concrete Cantilever Retaining Walls considering the requirement of slope stability", "openaccess": "0", "prism:issn": "19763808 12267988", "publishercopyright": "\u00a9 2017, Korean Society of Civil Engineers and Springer-Verlag Berlin Heidelberg.", "prism:issueIdentifier": "7", "subtypeDescription": "Article", "prism:publicationName": "KSCE Journal of Civil Engineering", "prism:pageRange": "2673-2682", "prism:endingPage": "2682", "openaccessFlag": "false", "prism:doi": "10.1007/s12205-017-1627-1", "prism:startingPage": "2673", "dc:identifier": "SCOPUS_ID:85010726105", "dc:publisher": "Springer Verlag"}, "idxterms": {"mainterm": [{"$": "Cantilever retaining walls", "@weight": "b", "@candidate": "n"}, {"$": "Computational performance", "@weight": "b", "@candidate": "n"}, {"$": "Engineering practices", "@weight": "b", "@candidate": "n"}, {"$": "Geotechnical stability", "@weight": "b", "@candidate": "n"}, {"$": "Optimization techniques", "@weight": "b", "@candidate": "n"}, {"$": "Optimum designs", "@weight": "b", "@candidate": "n"}, {"$": "Structural requirements", "@weight": "b", "@candidate": "n"}, {"$": "Structural safety", "@weight": "b", "@candidate": "n"}]}, "language": {"@xml:lang": "eng"}, "authkeywords": {"author-keyword": [{"@_fa": "true", "$": "geotechnical stability"}, {"@_fa": "true", "$": "optimization"}, {"@_fa": "true", "$": "optimum design"}, {"@_fa": "true", "$": "retaining wall"}, {"@_fa": "true", "$": "structural safety"}]}, "subject-areas": {"subject-area": [{"@_fa": "true", "$": "Civil and Structural Engineering", "@code": "2205", "@abbrev": "ENGI"}]}, "authors": {"author": [{"ce:given-name": "Boonchai", "preferred-name": {"ce:given-name": "Boonchai", "ce:initials": "B.", "ce:surname": "Ukritchon", "ce:indexed-name": "Ukritchon B."}, "@seq": "1", "ce:initials": "B.", "@_fa": "true", "affiliation": {"@id": "60028190", "@href": "https://api.elsevier.com/content/affiliation/affiliation_id/60028190"}, "ce:surname": "Ukritchon", "@auid": "6507527284", "author-url": "https://api.elsevier.com/content/author/author_id/6507527284", "ce:indexed-name": "Ukritchon B."}, {"ce:given-name": "Sophea", "preferred-name": {"ce:given-name": "Sophea", "ce:initials": "S.", "ce:surname": "Chea", "ce:indexed-name": "Chea S."}, "@seq": "2", "ce:initials": "S.", "@_fa": "true", "affiliation": {"@id": "118019567", "@href": "https://api.elsevier.com/content/affiliation/affiliation_id/118019567"}, "ce:surname": "Chea", "@auid": "57193092106", "author-url": "https://api.elsevier.com/content/author/author_id/57193092106", "ce:indexed-name": "Chea S."}, {"ce:given-name": "Suraparb", "preferred-name": {"ce:given-name": "Suraparb", "ce:initials": "S.", "ce:surname": "Keawsawasvong", "ce:indexed-name": "Keawsawasvong S."}, "@seq": "3", "ce:initials": "S.", "@_fa": "true", "affiliation": {"@id": "60028190", "@href": "https://api.elsevier.com/content/affiliation/affiliation_id/60028190"}, "ce:surname": "Keawsawasvong", "@auid": "57095934600", "author-url": "https://api.elsevier.com/content/author/author_id/57095934600", "ce:indexed-name": "Keawsawasvong S."}]}}}