{"abstracts-retrieval-response": {"item": {"ait:process-info": {"ait:status": {"@state": "update", "@type": "core", "@stage": "S300"}, "ait:date-delivered": {"@day": "07", "@year": "2021", "@timestamp": "2021-10-07T10:51:14.000014-04:00", "@month": "10"}, "ait:date-sort": {"@day": "31", "@year": "2017", "@month": "10"}}, "xocs:meta": {"xocs:funding-list": {"@pui-match": "primary", "@has-funding-info": "1", "xocs:funding": {"xocs:funding-agency-matched-string": "Chulalongkorn University", "xocs:funding-agency-acronym": "CU", "xocs:funding-agency": "Chulalongkorn University", "xocs:funding-agency-id": "http://data.elsevier.com/vocabulary/SciValFunders/501100002873", "xocs:funding-agency-country": "http://sws.geonames.org/1605651/"}, "xocs:funding-addon-generated-timestamp": "2021-05-21T14:17:45.045Z", "xocs:funding-text": "The authors would like to acknowledge the Graduate School of Chulalongkorn University, Thailand for the 100th anniversary Chulalongkorn University Fund for Doctoral Scholarship and 90th Anniversary Chulalongkorn University Fund (Ratchdaphiseksomphot Endowment Fund). The first author would like to acknowledge the Department of Electrical Engineering Faculty of Engineering, Chulalongkorn University, Thailand for the Electrical Engineering Chulalongkorn University PhD (EECU-PhD) Honors Program Scholarship. The first author would like to express her sincere appreciation to Dr. Muhammad Saadi, Assistant Professor, Department of Electrical Engineering, University of Central Punjab for his kind support in revising this journal. Further, we are grateful to the referees for their insightful comments and suggestions to improve the quality of this paper.", "xocs:funding-addon-type": "http://vtw.elsevier.com/data/voc/AddOnTypes/50.7/aggregated-refined"}}, "bibrecord": {"head": {"author-group": [{"affiliation": {"country": "Thailand", "postal-code": "10330", "@afid": "60028190", "@country": "tha", "city": "Bangkok", "organization": [{"$": "Department of Electrical Engineering"}, {"$": "Faculty of Engineering"}, {"$": "Chulalongkorn University"}], "affiliation-id": {"@afid": "60028190", "@dptid": "113845132"}, "@dptid": "113845132"}, "author": [{"ce:given-name": "Sanika K.", "preferred-name": {"ce:given-name": "Sanika K.", "ce:initials": "S.K.", "ce:surname": "Wijayasekara", "ce:indexed-name": "Wijayasekara S.K."}, "@seq": "1", "ce:initials": "S.K.", "@_fa": "true", "@type": "auth", "ce:surname": "Wijayasekara", "@auid": "56131665100", "ce:indexed-name": "Wijayasekara S.K."}, {"ce:given-name": "Suvit", "preferred-name": {"ce:given-name": "Suvit", "ce:initials": "S.", "ce:surname": "Nakpeerayuth", "ce:indexed-name": "Nakpeerayuth S."}, "@seq": "5", "ce:initials": "S.", "@_fa": "true", "@type": "auth", "ce:surname": "Nakpeerayuth", "@auid": "6507794236", "ce:indexed-name": "Nakpeerayuth S."}, {"ce:given-name": "Lunchakorn", "preferred-name": {"ce:given-name": "Lunchakorn", "ce:initials": "L.", "ce:surname": "Wuttisittikulkij", "ce:indexed-name": "Wuttisittikulkij L."}, "@seq": "6", "ce:initials": "L.", "@_fa": "true", "@type": "auth", "ce:surname": "Wuttisittikulkij", "@auid": "6701827990", "ce:indexed-name": "Wuttisittikulkij L."}]}, {"affiliation": {"country": "Malaysia", "@afid": "60090708", "@country": "mys", "city": "Kuala Lumpur", "organization": [{"$": "Faculty of Information and Communication Technology"}, {"$": "Universiti Tunku Abdul Rahman"}], "affiliation-id": {"@afid": "60090708", "@dptid": "106529270"}, "@dptid": "106529270"}, "author": [{"ce:given-name": "Annur", "preferred-name": {"ce:given-name": "Annur", "ce:initials": "A.", "ce:surname": "Robithoh", "ce:indexed-name": "Robithoh A."}, "@seq": "2", "ce:initials": "A.", "@_fa": "true", "@type": "auth", "ce:surname": "Robithoh", "@auid": "37119977300", "ce:indexed-name": "Robithoh A."}]}, {"affiliation": {"country": "Thailand", "@afid": "60103462", "@country": "tha", "city": "North Bangkok", "organization": [{"$": "Department of Electrical and Computer Engineering"}, {"$": "Faculty of Engineering"}, {"$": "King Mongkut\u2019s University of Technology"}], "affiliation-id": {"@afid": "60103462", "@dptid": "112948303"}, "@dptid": "112948303"}, "author": [{"ce:given-name": "Pruk", "preferred-name": {"ce:given-name": "Pruk", "ce:initials": "P.", "ce:surname": "Sasithong", "ce:indexed-name": "Sasithong P."}, "@seq": "3", "ce:initials": "P.", "@_fa": "true", "@type": "auth", "ce:surname": "Sasithong", "@auid": "57196478954", "ce:indexed-name": "Sasithong P."}, {"ce:given-name": "Pisit", "preferred-name": {"ce:given-name": "Pisit", "ce:initials": "P.", "ce:surname": "Vanichchanunt", "ce:indexed-name": "Vanichchanunt P."}, "@seq": "4", "ce:initials": "P.", "@_fa": "true", "@type": "auth", "ce:surname": "Vanichchanunt", "@auid": "6505952578", "ce:indexed-name": "Vanichchanunt P."}]}], "citation-title": "A reduced complexity of Vahedi\u2019s tag estimation method for DFSA", "abstracts": "\u00a9 2017, Chulalongkorn University 1. All Rights Reserved.In order to calculate the number of tags in a radio frequency identification (RFID) system, several tag estimation methods have been investigated in literature and most of the available estimation methods need the overall knowledge of idle, success and collision slots of the previous frame to carry out the tag estimation process. In this article, we present three techniques to reduce the complexity of Vahedi\u2019s tag estimation for tag King Mongkut\u2019s University of Technology North Bangkokcollision resolution in RFID systems using dynamic frame slotted ALOHA. Our modified and useful approach considers the information about only the number of empty, successful or colliding slots in the previous frame for the tag estimation. Three decision rules were obtained by maximizing the likelihood of success, idle and collision which helps in the reduction of complexity substantially. However, the accuracy of estimation decreases for success-only and idle-only methods while the collision-only method gives a consistent and lower estimate error when the frame sizes and the number of tags increase.", "correspondence": {"affiliation": {"country": "Thailand", "@country": "tha", "city": "North Bangkok", "organization": [{"$": "Department of Electrical and Computer Engineering"}, {"$": "Faculty of Engineering"}, {"$": "King Mongkut\u2019s University of Technology"}]}, "person": {"ce:given-name": "Pisit", "ce:initials": "P.", "ce:surname": "Vanichchanunt", "ce:indexed-name": "Vanichchanunt P."}}, "citation-info": {"author-keywords": {"author-keyword": [{"$": "Collision resolution", "@xml:lang": "eng"}, {"$": "DFSA", "@xml:lang": "eng"}, {"$": "RFID", "@xml:lang": "eng"}, {"$": "Tag estimation", "@xml:lang": "eng"}]}, "citation-type": {"@code": "ar"}, "citation-language": {"@language": "English", "@xml:lang": "eng"}, "abstract-language": {"@language": "English", "@xml:lang": "eng"}}, "source": {"sourcetitle-abbrev": "Eng. J.", "website": {"ce:e-address": {"$": "http://engj.org/index.php/ej/article/download/2208/663", "@type": "email"}}, "@country": "tha", "translated-sourcetitle": {"$": "Engineering Journal", "@xml:lang": "eng"}, "issn": {"$": "01258281", "@type": "print"}, "volisspag": {"voliss": {"@volume": "21", "@issue": "6 Special Issue"}, "pagerange": {"@first": "111", "@last": "125"}}, "@type": "j", "publicationyear": {"@first": "2017"}, "publisher": {"publishername": "Chulalongkorn University 1", "ce:e-address": {"$": "yan.z@chula.ac.th", "@type": "email"}}, "sourcetitle": "Engineering Journal", "@srcid": "21100197000", "publicationdate": {"month": "10", "year": "2017", "date-text": {"@xfab-added": "true", "$": "31 October 2017"}, "day": "31"}}, "enhancement": {"classificationgroup": {"classifications": [{"@type": "ASJC", "classification": "2200"}, {"@type": "SUBJABBR", "classification": "ENGI"}]}}, "grantlist": {"@complete": "y", "grant-text": {"$": "The authors would like to acknowledge the Graduate School of Chulalongkorn University, Thailand for the 100th anniversary Chulalongkorn University Fund for Doctoral Scholarship and 90th Anniversary Chulalongkorn University Fund (Ratchdaphiseksomphot Endowment Fund). The first author would like to acknowledge the Department of Electrical Engineering Faculty of Engineering, Chulalongkorn University, Thailand for the Electrical Engineering Chulalongkorn University PhD (EECU-PhD) Honors Program Scholarship. The first author would like to express her sincere appreciation to Dr. Muhammad Saadi, Assistant Professor, Department of Electrical Engineering, University of Central Punjab for his kind support in revising this journal. Further, we are grateful to the referees for their insightful comments and suggestions to improve the quality of this paper.", "@xml:lang": "eng"}, "grant": {"grant-acronym": "CU", "grant-agency": {"@iso-code": "tha", "$": "Chulalongkorn University"}, "grant-agency-id": "501100002873"}}}, "item-info": {"copyright": {"$": "Copyright 2017 Elsevier B.V., All rights reserved.", "@type": "Elsevier"}, "dbcollection": [{"$": "REAXYSCAR"}, {"$": "SCOPUS"}, {"$": "SNCPX"}, {"$": "Scopusbase"}], "history": {"date-created": {"@day": "16", "@year": "2017", "@timestamp": "BST 06:08:29", "@month": "11"}}, "itemidlist": {"itemid": [{"$": "619128269", "@idtype": "PUI"}, {"$": "784832099", "@idtype": "CAR-ID"}, {"$": "20171999730", "@idtype": "REAXYSCAR"}, {"$": "20170941687", "@idtype": "SCOPUS"}, {"$": "2017134524", "@idtype": "SNCPX"}, {"$": "85033596884", "@idtype": "SCP"}, {"$": "85033596884", "@idtype": "SGR"}], "ce:doi": "10.4186/ej.2017.21.6.111"}}, "tail": {"bibliography": {"@refcount": "25", "reference": [{"ref-fulltext": "D. H. Shih, P. L. Sun, D. C. Yen, and S. M. Huang, \u201cTaxonomy and survey of RFID anti-collision protocols,\u201d Computer Communications, vol. 29, no. 11, pp. 2150-2166, 2006.", "@id": "1", "ref-info": {"ref-publicationyear": {"@first": "2006"}, "ref-title": {"ref-titletext": "Taxonomy and survey of RFID anti-collision protocols"}, "refd-itemidlist": {"itemid": {"$": "33745762633", "@idtype": "SGR"}}, "ref-volisspag": {"voliss": {"@volume": "29", "@issue": "11"}, "pagerange": {"@first": "2150", "@last": "2166"}}, "ref-authors": {"author": [{"@seq": "1", "ce:initials": "D.H.", "@_fa": "true", "ce:surname": "Shih", "ce:indexed-name": "Shih D.H."}, {"@seq": "2", "ce:initials": "P.L.", "@_fa": "true", "ce:surname": "Sun", "ce:indexed-name": "Sun P.L."}, {"@seq": "3", "ce:initials": "D.C.", "@_fa": "true", "ce:surname": "Yen", "ce:indexed-name": "Yen D.C."}, {"@seq": "4", "ce:initials": "S.M.", "@_fa": "true", "ce:surname": "Huang", "ce:indexed-name": "Huang S.M."}]}, "ref-sourcetitle": "Computer Communications"}}, {"ref-fulltext": "X. Su, C. C. Chu, B. S. Prabhu, and R. Gadh, \u201cOn the creation of automatic identification and data capture infrastructure via RFID,\u201d UCLA, 2007.", "@id": "2", "ref-info": {"ref-publicationyear": {"@first": "2007"}, "ref-title": {"ref-titletext": "On the creation of automatic identification and data capture infrastructure via RFID"}, "refd-itemidlist": {"itemid": {"$": "85033567815", "@idtype": "SGR"}}, "ref-authors": {"author": [{"@seq": "1", "ce:initials": "X.", "@_fa": "true", "ce:surname": "Su", "ce:indexed-name": "Su X."}, {"@seq": "2", "ce:initials": "C.C.", "@_fa": "true", "ce:surname": "Chu", "ce:indexed-name": "Chu C.C."}, {"@seq": "3", "ce:initials": "B.S.", "@_fa": "true", "ce:surname": "Prabhu", "ce:indexed-name": "Prabhu B.S."}, {"@seq": "4", "ce:initials": "R.", "@_fa": "true", "ce:surname": "Gadh", "ce:indexed-name": "Gadh R."}]}, "ref-sourcetitle": "UCLA"}}, {"ref-fulltext": "C. Abraham, V. Ahuja, A. K. Ghosh, and P. Pakanati, \u201cInventory management using passive RFID tags: A survey,\u201d Department of Computer Science, The University of Texas at Dallas, 2002.", "@id": "3", "ref-info": {"ref-publicationyear": {"@first": "2002"}, "refd-itemidlist": {"itemid": {"$": "13444287573", "@idtype": "SGR"}}, "ref-text": "Department of Computer Science, The University of Texas at Dallas", "ref-authors": {"author": [{"@seq": "1", "ce:initials": "C.", "@_fa": "true", "ce:surname": "Abraham", "ce:indexed-name": "Abraham C."}, {"@seq": "2", "ce:initials": "V.", "@_fa": "true", "ce:surname": "Ahuja", "ce:indexed-name": "Ahuja V."}, {"@seq": "3", "ce:initials": "A.K.", "@_fa": "true", "ce:surname": "Ghosh", "ce:indexed-name": "Ghosh A.K."}, {"@seq": "4", "ce:initials": "P.", "@_fa": "true", "ce:surname": "Pakanati", "ce:indexed-name": "Pakanati P."}]}, "ref-sourcetitle": "Inventory Management Using Passive RFID Tags: A Survey"}}, {"ref-fulltext": "R. Want, \u201cAn introduction to RFID technology,\u201d IEEE Pervasive Computing, vol. 5, pp. 25-33. 2006.", "@id": "4", "ref-info": {"ref-publicationyear": {"@first": "2006"}, "ref-title": {"ref-titletext": "An introduction to RFID technology"}, "refd-itemidlist": {"itemid": {"$": "32844471136", "@idtype": "SGR"}}, "ref-volisspag": {"voliss": {"@volume": "5"}, "pagerange": {"@first": "25", "@last": "33"}}, "ref-authors": {"author": [{"@seq": "1", "ce:initials": "R.", "@_fa": "true", "ce:surname": "Want", "ce:indexed-name": "Want R."}]}, "ref-sourcetitle": "IEEE Pervasive Computing"}}, {"ref-fulltext": "S. Nakpeerayuth, L. Wuttisittikulkij, P. Vanichchanunt, W. Srichavengsup, N. Wattanamongkhol, R. Annur, M. Saadi, K. Wannakong, and S. Siwamogsatham, \u201cEfficient medium access control protocols for broadband wireless communications,\u201d in Advanced Trends in Wireless Communications. InTech, 2011.", "@id": "5", "ref-info": {"ref-publicationyear": {"@first": "2011"}, "ref-title": {"ref-titletext": "Efficient medium access control protocols for broadband wireless communications"}, "refd-itemidlist": {"itemid": {"$": "85033598775", "@idtype": "SGR"}}, "ref-authors": {"author": [{"@seq": "1", "ce:initials": "S.", "@_fa": "true", "ce:surname": "Nakpeerayuth", "ce:indexed-name": "Nakpeerayuth S."}, {"@seq": "2", "ce:initials": "L.", "@_fa": "true", "ce:surname": "Wuttisittikulkij", "ce:indexed-name": "Wuttisittikulkij L."}, {"@seq": "3", "ce:initials": "P.", "@_fa": "true", "ce:surname": "Vanichchanunt", "ce:indexed-name": "Vanichchanunt P."}, {"@seq": "4", "ce:initials": "W.", "@_fa": "true", "ce:surname": "Srichavengsup", "ce:indexed-name": "Srichavengsup W."}, {"@seq": "5", "ce:initials": "N.", "@_fa": "true", "ce:surname": "Wattanamongkhol", "ce:indexed-name": "Wattanamongkhol N."}, {"@seq": "6", "ce:initials": "R.", "@_fa": "true", "ce:surname": "Annur", "ce:indexed-name": "Annur R."}, {"@seq": "7", "ce:initials": "M.", "@_fa": "true", "ce:surname": "Saadi", "ce:indexed-name": "Saadi M."}, {"@seq": "8", "ce:initials": "K.", "@_fa": "true", "ce:surname": "Wannakong", "ce:indexed-name": "Wannakong K."}, {"@seq": "9", "ce:initials": "S.", "@_fa": "true", "ce:surname": "Siwamogsatham", "ce:indexed-name": "Siwamogsatham S."}]}, "ref-sourcetitle": "Advanced Trends in Wireless Communications. Intech"}}, {"ref-fulltext": "Z. Tang and Y. He, \u201cResearch of multi-access and anti-collision protocols in RFID systems,\u201d in International Workshop on Anti-Counterfeiting, Security and Identification (ASID), Xiamen, Fujian, China, 2007, pp. 377-380.", "@id": "6", "ref-info": {"ref-publicationyear": {"@first": "2007"}, "ref-title": {"ref-titletext": "Research of multi-access and anti-collision protocols in RFID systems"}, "refd-itemidlist": {"itemid": {"$": "34548842478", "@idtype": "SGR"}}, "ref-volisspag": {"pagerange": {"@first": "377", "@last": "380"}}, "ref-text": "Xiamen, Fujian, China", "ref-authors": {"author": [{"@seq": "1", "ce:initials": "Z.", "@_fa": "true", "ce:surname": "Tang", "ce:indexed-name": "Tang Z."}, {"@seq": "2", "ce:initials": "Y.", "@_fa": "true", "ce:surname": "He", "ce:indexed-name": "He Y."}]}, "ref-sourcetitle": "In International Workshop on Anti-Counterfeiting, Security and Identification (ASID)"}}, {"ref-fulltext": "P. \u0160oli\u0107, J. Radi\u0107, and N. Ro\u017ei\u0107, \u201cAlgorithm for deriving optimal frame size in passive rfid uhf class1-gen2 standard using combinatorial model boundaries,\u201d Automatika, vol. 51, no. 255-263, pp. 255-263, 2010.", "@id": "7", "ref-info": {"ref-publicationyear": {"@first": "2010"}, "ref-title": {"ref-titletext": "Algorithm for deriving optimal frame size in passive rfid uhf class1-gen2 standard using combinatorial model boundaries"}, "refd-itemidlist": {"itemid": {"$": "78649854240", "@idtype": "SGR"}}, "ref-volisspag": {"voliss": {"@volume": "51", "@issue": "255-263"}, "pagerange": {"@first": "255", "@last": "263"}}, "ref-authors": {"author": [{"@seq": "1", "ce:initials": "P.", "@_fa": "true", "ce:surname": "\u0160oli\u0107", "ce:indexed-name": "Solic P."}, {"@seq": "2", "ce:initials": "J.", "@_fa": "true", "ce:surname": "Radi\u0107", "ce:indexed-name": "Radic J."}, {"@seq": "3", "ce:initials": "N.", "@_fa": "true", "ce:surname": "Ro\u017ei\u0107", "ce:indexed-name": "Rozic N."}]}, "ref-sourcetitle": "Automatika"}}, {"ref-fulltext": "J. L. Massey, \u201cCollision-resolution algorithms and random-access communication,\u201d in Multi-User Communication Systems, vol. 265. Vienna: Springer, 1981, pp. 73-137.", "@id": "8", "ref-info": {"ref-publicationyear": {"@first": "1981"}, "ref-title": {"ref-titletext": "Collision-resolution algorithms and random-access communication"}, "refd-itemidlist": {"itemid": {"$": "0002876117", "@idtype": "SGR"}}, "ref-volisspag": {"voliss": {"@volume": "265"}, "pagerange": {"@first": "73", "@last": "137"}}, "ref-text": "Vienna: Springer", "ref-authors": {"author": [{"@seq": "1", "ce:initials": "J.L.", "@_fa": "true", "ce:surname": "Massey", "ce:indexed-name": "Massey J.L."}]}, "ref-sourcetitle": "Multi-User Communication Systems"}}, {"ref-fulltext": "R. Raphael and S. Moshe, Multiple Access Protocols: Performance and Analysis, 1st ed. New York: Springer-Verlag, 1990.", "@id": "9", "ref-info": {"ref-publicationyear": {"@first": "1990"}, "refd-itemidlist": {"itemid": {"$": "0003750371", "@idtype": "SGR"}}, "ref-text": "New York: Springer-Verlag", "ref-authors": {"author": [{"@seq": "1", "ce:initials": "R.", "@_fa": "true", "ce:surname": "Raphael", "ce:indexed-name": "Raphael R."}, {"@seq": "2", "ce:initials": "S.", "@_fa": "true", "ce:surname": "Moshe", "ce:indexed-name": "Moshe S."}]}, "ref-sourcetitle": "Multiple Access Protocols: Performance and Analysis, 1St Ed"}}, {"ref-fulltext": "J. Su, Z. Sheng, D. Hong, and G. Wen, \u201cAn effective frame breaking policy for dynamic framed slotted aloha in RFID,\u201d IEEE Communications Letters, vol. 20, no. 4, pp. 692-695, 2016.", "@id": "10", "ref-info": {"ref-publicationyear": {"@first": "2016"}, "ref-title": {"ref-titletext": "An effective frame breaking policy for dynamic framed slotted aloha in RFID"}, "refd-itemidlist": {"itemid": {"$": "84963948564", "@idtype": "SGR"}}, "ref-volisspag": {"voliss": {"@volume": "20", "@issue": "4"}, "pagerange": {"@first": "692", "@last": "695"}}, "ref-authors": {"author": [{"@seq": "1", "ce:initials": "J.", "@_fa": "true", "ce:surname": "Su", "ce:indexed-name": "Su J."}, {"@seq": "2", "ce:initials": "Z.", "@_fa": "true", "ce:surname": "Sheng", "ce:indexed-name": "Sheng Z."}, {"@seq": "3", "ce:initials": "D.", "@_fa": "true", "ce:surname": "Hong", "ce:indexed-name": "Hong D."}, {"@seq": "4", "ce:initials": "G.", "@_fa": "true", "ce:surname": "Wen", "ce:indexed-name": "Wen G."}]}, "ref-sourcetitle": "IEEE Communications Letters"}}, {"ref-fulltext": "P. Mathys and P. Flajolet, \u201cQ-ary collision resolution algorithms in random-access systems with free or blocked channel access,\u201d IEEE Transactions on Information Theory, vol. 31, no. 2, pp. 217-243, Mar. 1985.", "@id": "11", "ref-info": {"ref-publicationyear": {"@first": "1985"}, "ref-title": {"ref-titletext": "Q-ary collision resolution algorithms in random-access systems with free or blocked channel access"}, "refd-itemidlist": {"itemid": {"$": "0022037535", "@idtype": "SGR"}}, "ref-volisspag": {"voliss": {"@volume": "31", "@issue": "2"}, "pagerange": {"@first": "217", "@last": "243"}}, "ref-text": "Mar", "ref-authors": {"author": [{"@seq": "1", "ce:initials": "P.", "@_fa": "true", "ce:surname": "Mathys", "ce:indexed-name": "Mathys P."}, {"@seq": "2", "ce:initials": "P.", "@_fa": "true", "ce:surname": "Flajolet", "ce:indexed-name": "Flajolet P."}]}, "ref-sourcetitle": "IEEE Transactions on Information Theory"}}, {"ref-fulltext": "J. Capetanakis, \u201cTree algorithms for packet broadcast channels,\u201d IEEE Transactions on Information Theory, vol. 25, pp. 505-515, 1979.", "@id": "12", "ref-info": {"ref-publicationyear": {"@first": "1979"}, "ref-title": {"ref-titletext": "Tree algorithms for packet broadcast channels"}, "refd-itemidlist": {"itemid": {"$": "0018522043", "@idtype": "SGR"}}, "ref-volisspag": {"voliss": {"@volume": "25"}, "pagerange": {"@first": "505", "@last": "515"}}, "ref-authors": {"author": [{"@seq": "1", "ce:initials": "J.", "@_fa": "true", "ce:surname": "Capetanakis", "ce:indexed-name": "Capetanakis J."}]}, "ref-sourcetitle": "IEEE Transactions on Information Theory"}}, {"ref-fulltext": "H. Wu, Y. Zeng, J. Feng, and Y. Gu, \u201cBinary tree slotted ALOHA for passive RFID tag anticollision,\u201d IEEE Transactions on Parallel and Distributed Systems, vol. 24, pp. 19-31, Jan. 2013.", "@id": "13", "ref-info": {"ref-publicationyear": {"@first": "2013"}, "ref-title": {"ref-titletext": "Binary tree slotted ALOHA for passive RFID tag anticollision"}, "refd-itemidlist": {"itemid": {"$": "84870942235", "@idtype": "SGR"}}, "ref-volisspag": {"voliss": {"@volume": "24"}, "pagerange": {"@first": "19", "@last": "31"}}, "ref-text": "Jan", "ref-authors": {"author": [{"@seq": "1", "ce:initials": "H.", "@_fa": "true", "ce:surname": "Wu", "ce:indexed-name": "Wu H."}, {"@seq": "2", "ce:initials": "Y.", "@_fa": "true", "ce:surname": "Zeng", "ce:indexed-name": "Zeng Y."}, {"@seq": "3", "ce:initials": "J.", "@_fa": "true", "ce:surname": "Feng", "ce:indexed-name": "Feng J."}, {"@seq": "4", "ce:initials": "Y.", "@_fa": "true", "ce:surname": "Gu", "ce:indexed-name": "Gu Y."}]}, "ref-sourcetitle": "IEEE Transactions on Parallel and Distributed Systems"}}, {"ref-fulltext": "F. Schoute, \u201cDynamic frame length ALOHA,\u201d IEEE Transactions on Communications, vol. 31, no. 4, pp. 565-568, Apr. 1983.", "@id": "14", "ref-info": {"ref-publicationyear": {"@first": "1983"}, "ref-title": {"ref-titletext": "Dynamic frame length ALOHA"}, "refd-itemidlist": {"itemid": {"$": "0020734120", "@idtype": "SGR"}}, "ref-volisspag": {"voliss": {"@volume": "31", "@issue": "4"}, "pagerange": {"@first": "565", "@last": "568"}}, "ref-text": "Apr", "ref-authors": {"author": [{"@seq": "1", "ce:initials": "F.", "@_fa": "true", "ce:surname": "Schoute", "ce:indexed-name": "Schoute F."}]}, "ref-sourcetitle": "IEEE Transactions on Communications"}}, {"ref-fulltext": "W. T. Chen, \u201cAn accurate tag estimate method for improving the performance of an RFID anticollision algorithm based on dynamic frame length ALOHA,\u201d IEEE Transactions on Automation Science and Engineering, vol. 6, no. 1, pp. 9-15, Jan. 2009.", "@id": "15", "ref-info": {"ref-publicationyear": {"@first": "2009"}, "ref-title": {"ref-titletext": "An accurate tag estimate method for improving the performance of an RFID anticollision algorithm based on dynamic frame length ALOHA"}, "refd-itemidlist": {"itemid": {"$": "58149525989", "@idtype": "SGR"}}, "ref-volisspag": {"voliss": {"@volume": "6", "@issue": "1"}, "pagerange": {"@first": "9", "@last": "15"}}, "ref-text": "Jan", "ref-authors": {"author": [{"@seq": "1", "ce:initials": "W.T.", "@_fa": "true", "ce:surname": "Chen", "ce:indexed-name": "Chen W.T."}]}, "ref-sourcetitle": "IEEE Transactions on Automation Science and Engineering"}}, {"ref-fulltext": "W. T. Chen, \u201cA feasible and easy-to-implement anticollision algorithm for the EPCglobal UHF Class-1 Generation-2 RFID Protocol,\u201d IEEE Transactions on Automation Science and Engineering, vol. 11, no. 2, pp. 485-491, Apr. 2014.", "@id": "16", "ref-info": {"ref-publicationyear": {"@first": "2014"}, "ref-title": {"ref-titletext": "A feasible and easy-to-implement anticollision algorithm for the EPCglobal UHF Class-1 Generation-2 RFID Protocol"}, "refd-itemidlist": {"itemid": {"$": "84898788610", "@idtype": "SGR"}}, "ref-volisspag": {"voliss": {"@volume": "11", "@issue": "2"}, "pagerange": {"@first": "485", "@last": "491"}}, "ref-text": "Apr", "ref-authors": {"author": [{"@seq": "1", "ce:initials": "W.T.", "@_fa": "true", "ce:surname": "Chen", "ce:indexed-name": "Chen W.T."}]}, "ref-sourcetitle": "IEEE Transactions on Automation Science and Engineering"}}, {"ref-fulltext": "P. \u0160oli\u0107, J. Radi\u0107, and N. Ro\u017ei\u0107, \u201cEnergy efficient tag estimation method for ALOHA-based RFID systems,\u201d IEEE Sensors Journal, vol. 14, no. 10, pp. 3637-3647, Oct. 2014.", "@id": "17", "ref-info": {"ref-publicationyear": {"@first": "2014"}, "ref-title": {"ref-titletext": "Energy efficient tag estimation method for ALOHA-based RFID systems"}, "refd-itemidlist": {"itemid": {"$": "84906847318", "@idtype": "SGR"}}, "ref-volisspag": {"voliss": {"@volume": "14", "@issue": "10"}, "pagerange": {"@first": "3637", "@last": "3647"}}, "ref-text": "Oct", "ref-authors": {"author": [{"@seq": "1", "ce:initials": "P.", "@_fa": "true", "ce:surname": "\u0160oli\u0107", "ce:indexed-name": "Solic P."}, {"@seq": "2", "ce:initials": "J.", "@_fa": "true", "ce:surname": "Radi\u0107", "ce:indexed-name": "Radic J."}, {"@seq": "3", "ce:initials": "N.", "@_fa": "true", "ce:surname": "Ro\u017ei\u0107", "ce:indexed-name": "Rozic N."}]}, "ref-sourcetitle": "IEEE Sensors Journal"}}, {"ref-fulltext": "X. Jia, Q. Feng, and C. Ma, \u201cAn efficient anti-collision protocol for RFID tag identification,\u201d IEEE Communications Letters, vol. 14, no. 11, pp. 1014-1016, Nov. 2010.", "@id": "18", "ref-info": {"ref-publicationyear": {"@first": "2010"}, "ref-title": {"ref-titletext": "An efficient anti-collision protocol for RFID tag identification"}, "refd-itemidlist": {"itemid": {"$": "78449308592", "@idtype": "SGR"}}, "ref-volisspag": {"voliss": {"@volume": "14", "@issue": "11"}, "pagerange": {"@first": "1014", "@last": "1016"}}, "ref-text": "Nov", "ref-authors": {"author": [{"@seq": "1", "ce:initials": "X.", "@_fa": "true", "ce:surname": "Jia", "ce:indexed-name": "Jia X."}, {"@seq": "2", "ce:initials": "Q.", "@_fa": "true", "ce:surname": "Feng", "ce:indexed-name": "Feng Q."}, {"@seq": "3", "ce:initials": "C.", "@_fa": "true", "ce:surname": "Ma", "ce:indexed-name": "Ma C."}]}, "ref-sourcetitle": "IEEE Communications Letters"}}, {"ref-fulltext": "X. Jia, Q. Feng, and L. Yu, \u201cStability analysis of an efficient anti-collision protocol for RFID tag identification,\u201d IEEE Transactions on Communications, vol. 60, no. 8, pp. 2285-2294, Aug. 2012.", "@id": "19", "ref-info": {"ref-publicationyear": {"@first": "2012"}, "ref-title": {"ref-titletext": "Stability analysis of an efficient anti-collision protocol for RFID tag identification"}, "refd-itemidlist": {"itemid": {"$": "84885836235", "@idtype": "SGR"}}, "ref-volisspag": {"voliss": {"@volume": "60", "@issue": "8"}, "pagerange": {"@first": "2285", "@last": "2294"}}, "ref-text": "Aug", "ref-authors": {"author": [{"@seq": "1", "ce:initials": "X.", "@_fa": "true", "ce:surname": "Jia", "ce:indexed-name": "Jia X."}, {"@seq": "2", "ce:initials": "Q.", "@_fa": "true", "ce:surname": "Feng", "ce:indexed-name": "Feng Q."}, {"@seq": "3", "ce:initials": "L.", "@_fa": "true", "ce:surname": "Yu", "ce:indexed-name": "Yu L."}]}, "ref-sourcetitle": "IEEE Transactions on Communications"}}, {"ref-fulltext": "X. Jia and Q. Feng, \u201cAn improved anti-collision protocol for radio frequency identification tag,\u201d International Journal of Communication Systems, vol. 28, no. 3, pp. 401-413, Feb. 2015.", "@id": "20", "ref-info": {"ref-publicationyear": {"@first": "2015"}, "ref-title": {"ref-titletext": "An improved anti-collision protocol for radio frequency identification tag"}, "refd-itemidlist": {"itemid": {"$": "84921830594", "@idtype": "SGR"}}, "ref-volisspag": {"voliss": {"@volume": "28", "@issue": "3"}, "pagerange": {"@first": "401", "@last": "413"}}, "ref-text": "Feb", "ref-authors": {"author": [{"@seq": "1", "ce:initials": "X.", "@_fa": "true", "ce:surname": "Jia", "ce:indexed-name": "Jia X."}, {"@seq": "2", "ce:initials": "Q.", "@_fa": "true", "ce:surname": "Feng", "ce:indexed-name": "Feng Q."}]}, "ref-sourcetitle": "International Journal of Communication Systems"}}, {"ref-fulltext": "H. Gou, H. C. Jeong, and Y. Yoo, \u201cA bit collision detection based query tree protocol for anti-collision in RFID system,\u201d in IEEE 6th International Conference on Wireless and Mobile Computing, Networking and Communications, Niagara Falls, 2010.", "@id": "21", "ref-info": {"ref-publicationyear": {"@first": "2010"}, "ref-title": {"ref-titletext": "A bit collision detection based query tree protocol for anti-collision in RFID system"}, "refd-itemidlist": {"itemid": {"$": "80055004726", "@idtype": "SGR"}}, "ref-text": "Niagara Falls", "ref-authors": {"author": [{"@seq": "1", "ce:initials": "H.", "@_fa": "true", "ce:surname": "Gou", "ce:indexed-name": "Gou H."}, {"@seq": "2", "ce:initials": "H.C.", "@_fa": "true", "ce:surname": "Jeong", "ce:indexed-name": "Jeong H.C."}, {"@seq": "3", "ce:initials": "Y.", "@_fa": "true", "ce:surname": "Yoo", "ce:indexed-name": "Yoo Y."}]}, "ref-sourcetitle": "IEEE 6Th International Conference on Wireless and Mobile Computing, Networking and Communications"}}, {"ref-fulltext": "X. Jia and Y. Gu, \u201cStandards and protocols for RFID tag identification,\u201d in Electronics, Communications and Networks IV. Taylor and Francis Group, 2015, pp. 581-855.", "@id": "22", "ref-info": {"ref-publicationyear": {"@first": "2015"}, "ref-title": {"ref-titletext": "Standards and protocols for RFID tag identification"}, "refd-itemidlist": {"itemid": {"$": "85019298311", "@idtype": "SGR"}}, "ref-volisspag": {"pagerange": {"@first": "581", "@last": "855"}}, "ref-text": "Taylor and Francis Group", "ref-authors": {"author": [{"@seq": "1", "ce:initials": "X.", "@_fa": "true", "ce:surname": "Jia", "ce:indexed-name": "Jia X."}, {"@seq": "2", "ce:initials": "Y.", "@_fa": "true", "ce:surname": "Gu", "ce:indexed-name": "Gu Y."}]}, "ref-sourcetitle": "Electronics, Communications and Networks IV"}}, {"ref-fulltext": "E. Vahedi, W. S. Vincent, I. F. Blake, and R. K. Ward, \u201cProbabilistic analysis and correction of Chen\u2019s tag estimate method,\u201d IEEE Transactions on Automation Science and Engineering, vol. 8, no. 3, pp. 659-663, Jul. 2011.", "@id": "23", "ref-info": {"ref-publicationyear": {"@first": "2011"}, "ref-title": {"ref-titletext": "Probabilistic analysis and correction of Chen\u2019s tag estimate method"}, "refd-itemidlist": {"itemid": {"$": "79960111243", "@idtype": "SGR"}}, "ref-volisspag": {"voliss": {"@volume": "8", "@issue": "3"}, "pagerange": {"@first": "659", "@last": "663"}}, "ref-text": "Jul", "ref-authors": {"author": [{"@seq": "1", "ce:initials": "E.", "@_fa": "true", "ce:surname": "Vahedi", "ce:indexed-name": "Vahedi E."}, {"@seq": "2", "ce:initials": "W.S.", "@_fa": "true", "ce:surname": "Vincent", "ce:indexed-name": "Vincent W.S."}, {"@seq": "3", "ce:initials": "I.F.", "@_fa": "true", "ce:surname": "Blake", "ce:indexed-name": "Blake I.F."}, {"@seq": "4", "ce:initials": "R.K.", "@_fa": "true", "ce:surname": "Ward", "ce:indexed-name": "Ward R.K."}]}, "ref-sourcetitle": "IEEE Transactions on Automation Science and Engineering"}}, {"ref-fulltext": "H. Vogt, \u201cEfficient object identification with passive RFID tags,\u201d in Proceeding Pervasive\u201902 Proceedings of the First International Conference on Pervasive Computing, August, 2002, pp. 98-113.", "@id": "24", "ref-info": {"ref-publicationyear": {"@first": "2002"}, "ref-title": {"ref-titletext": "Efficient object identification with passive RFID tags"}, "refd-itemidlist": {"itemid": {"$": "77951571790", "@idtype": "SGR"}}, "ref-volisspag": {"pagerange": {"@first": "98", "@last": "113"}}, "ref-text": "August", "ref-authors": {"author": [{"@seq": "1", "ce:initials": "H.", "@_fa": "true", "ce:surname": "Vogt", "ce:indexed-name": "Vogt H."}]}, "ref-sourcetitle": "Proceeding Pervasive\u201902 Proceedings of the First International Conference on Pervasive Computing"}}, {"ref-fulltext": "J. Riordan, An Introduction to Combinatorial Analysis. New York: Wiley, 1985.", "@id": "25", "ref-info": {"ref-publicationyear": {"@first": "1985"}, "refd-itemidlist": {"itemid": {"$": "0003862964", "@idtype": "SGR"}}, "ref-text": "New York: Wiley", "ref-authors": {"author": [{"@seq": "1", "ce:initials": "J.", "@_fa": "true", "ce:surname": "Riordan", "ce:indexed-name": "Riordan J."}]}, "ref-sourcetitle": "An Introduction to Combinatorial Analysis"}}]}}}}, "affiliation": [{"affiliation-city": "Bangkok", "@id": "60103462", "affilname": "King Mongkut's University of Technology North Bangkok", "@href": "https://api.elsevier.com/content/affiliation/affiliation_id/60103462", "affiliation-country": "Thailand"}, {"affiliation-city": "Kajang", "@id": "60090708", "affilname": "Universiti Tunku Abdul Rahman", "@href": "https://api.elsevier.com/content/affiliation/affiliation_id/60090708", "affiliation-country": "Malaysia"}, {"affiliation-city": "Bangkok", "@id": "60028190", "affilname": "Chulalongkorn University", "@href": "https://api.elsevier.com/content/affiliation/affiliation_id/60028190", "affiliation-country": "Thailand"}], "coredata": {"srctype": "j", "eid": "2-s2.0-85033596884", "dc:description": "In order to calculate the number of tags in a radio frequency identification (RFID) system, several tag estimation methods have been investigated in literature and most of the available estimation methods need the overall knowledge of idle, success and collision slots of the previous frame to carry out the tag estimation process. In this article, we present three techniques to reduce the complexity of Vahedi\u2019s tag estimation for tag King Mongkut\u2019s University of Technology North Bangkokcollision resolution in RFID systems using dynamic frame slotted ALOHA. Our modified and useful approach considers the information about only the number of empty, successful or colliding slots in the previous frame for the tag estimation. Three decision rules were obtained by maximizing the likelihood of success, idle and collision which helps in the reduction of complexity substantially. However, the accuracy of estimation decreases for success-only and idle-only methods while the collision-only method gives a consistent and lower estimate error when the frame sizes and the number of tags increase.", "prism:coverDate": "2017-10-31", "prism:aggregationType": "Journal", "prism:url": "https://api.elsevier.com/content/abstract/scopus_id/85033596884", "dc:creator": {"author": [{"ce:given-name": "Sanika K.", "preferred-name": {"ce:given-name": "Sanika K.", "ce:initials": "S.K.", "ce:surname": "Wijayasekara", "ce:indexed-name": "Wijayasekara S.K."}, "@seq": "1", "ce:initials": "S.K.", "@_fa": "true", "affiliation": {"@id": "60028190", "@href": "https://api.elsevier.com/content/affiliation/affiliation_id/60028190"}, "ce:surname": "Wijayasekara", "@auid": "56131665100", "author-url": "https://api.elsevier.com/content/author/author_id/56131665100", "ce:indexed-name": "Wijayasekara S.K."}]}, "link": [{"@_fa": "true", "@rel": "self", "@href": "https://api.elsevier.com/content/abstract/scopus_id/85033596884"}, {"@_fa": "true", "@rel": "scopus", "@href": "https://www.scopus.com/inward/record.uri?partnerID=HzOxMe3b&scp=85033596884&origin=inward"}, {"@_fa": "true", "@rel": "scopus-citedby", "@href": "https://www.scopus.com/inward/citedby.uri?partnerID=HzOxMe3b&scp=85033596884&origin=inward"}], "source-id": "21100197000", "citedby-count": "4", "prism:volume": "21", "subtype": "ar", "dc:title": "A reduced complexity of Vahedi\u2019s tag estimation method for DFSA", "openaccess": "1", "prism:issn": "01258281", "publishercopyright": "\u00a9 2017, Chulalongkorn University 1. All Rights Reserved.", "prism:issueIdentifier": "6 Special Issue", "subtypeDescription": "Article", "prism:publicationName": "Engineering Journal", "prism:pageRange": "111-125", "prism:endingPage": "125", "openaccessFlag": "true", "prism:doi": "10.4186/ej.2017.21.6.111", "prism:startingPage": "111", "dc:identifier": "SCOPUS_ID:85033596884", "dc:publisher": "Chulalongkorn University 1yan.z@chula.ac.th"}, "idxterms": null, "language": {"@xml:lang": "eng"}, "authkeywords": {"author-keyword": [{"@_fa": "true", "$": "Collision resolution"}, {"@_fa": "true", "$": "DFSA"}, {"@_fa": "true", "$": "RFID"}, {"@_fa": "true", "$": "Tag estimation"}]}, "subject-areas": {"subject-area": [{"@_fa": "true", "$": "Engineering (all)", "@code": "2200", "@abbrev": "ENGI"}]}, "authors": {"author": [{"ce:given-name": "Sanika K.", "preferred-name": {"ce:given-name": "Sanika K.", "ce:initials": "S.K.", "ce:surname": "Wijayasekara", "ce:indexed-name": "Wijayasekara S.K."}, "@seq": "1", "ce:initials": "S.K.", "@_fa": "true", "affiliation": {"@id": "60028190", "@href": "https://api.elsevier.com/content/affiliation/affiliation_id/60028190"}, "ce:surname": "Wijayasekara", "@auid": "56131665100", "author-url": "https://api.elsevier.com/content/author/author_id/56131665100", "ce:indexed-name": "Wijayasekara S.K."}, {"ce:given-name": "Annur", "preferred-name": {"ce:given-name": "Annur", "ce:initials": "A.", "ce:surname": "Robithoh", "ce:indexed-name": "Robithoh A."}, "@seq": "2", "ce:initials": "A.", "@_fa": "true", "affiliation": {"@id": "60090708", "@href": "https://api.elsevier.com/content/affiliation/affiliation_id/60090708"}, "ce:surname": "Robithoh", "@auid": "37119977300", "author-url": "https://api.elsevier.com/content/author/author_id/37119977300", "ce:indexed-name": "Robithoh A."}, {"ce:given-name": "Pruk", "preferred-name": {"ce:given-name": "Pruk", "ce:initials": "P.", "ce:surname": "Sasithong", "ce:indexed-name": "Sasithong P."}, "@seq": "3", "ce:initials": "P.", "@_fa": "true", "affiliation": {"@id": "60103462", "@href": "https://api.elsevier.com/content/affiliation/affiliation_id/60103462"}, "ce:surname": "Sasithong", "@auid": "57196478954", "author-url": "https://api.elsevier.com/content/author/author_id/57196478954", "ce:indexed-name": "Sasithong P."}, {"ce:given-name": "Pisit", "preferred-name": {"ce:given-name": "Pisit", "ce:initials": "P.", "ce:surname": "Vanichchanunt", "ce:indexed-name": "Vanichchanunt P."}, "@seq": "4", "ce:initials": "P.", "@_fa": "true", "affiliation": {"@id": "60103462", "@href": "https://api.elsevier.com/content/affiliation/affiliation_id/60103462"}, "ce:surname": "Vanichchanunt", "@auid": "6505952578", "author-url": "https://api.elsevier.com/content/author/author_id/6505952578", "ce:indexed-name": "Vanichchanunt P."}, {"ce:given-name": "Suvit", "preferred-name": {"ce:given-name": "Suvit", "ce:initials": "S.", "ce:surname": "Nakpeerayuth", "ce:indexed-name": "Nakpeerayuth S."}, "@seq": "5", "ce:initials": "S.", "@_fa": "true", "affiliation": {"@id": "60028190", "@href": "https://api.elsevier.com/content/affiliation/affiliation_id/60028190"}, "ce:surname": "Nakpeerayuth", "@auid": "6507794236", "author-url": "https://api.elsevier.com/content/author/author_id/6507794236", "ce:indexed-name": "Nakpeerayuth S."}, {"ce:given-name": "Lunchakorn", "preferred-name": {"ce:given-name": "Lunchakorn", "ce:initials": "L.", "ce:surname": "Wuttisittikulkij", "ce:indexed-name": "Wuttisittikulkij L."}, "@seq": "6", "ce:initials": "L.", "@_fa": "true", "affiliation": {"@id": "60028190", "@href": "https://api.elsevier.com/content/affiliation/affiliation_id/60028190"}, "ce:surname": "Wuttisittikulkij", "@auid": "6701827990", "author-url": "https://api.elsevier.com/content/author/author_id/6701827990", "ce:indexed-name": "Wuttisittikulkij L."}]}}}