{"abstracts-retrieval-response": {"item": {"ait:process-info": {"ait:status": {"@state": "update", "@type": "core", "@stage": "S300"}, "ait:date-delivered": {"@day": "23", "@timestamp": "2021-02-23T07:04:29.000029-05:00", "@year": "2021", "@month": "02"}, "ait:date-sort": {"@day": "27", "@year": "2017", "@month": "10"}}, "bibrecord": {"head": {"author-group": [{"affiliation": {"country": "Thailand", "@afid": "60199578", "@country": "tha", "city": "Bangkok", "organization": [{"$": "Department of Psychiatry"}, {"$": "Faculty of Medicine"}, {"$": "Ramathibodi Hospital"}, {"$": "Mahidol University"}], "affiliation-id": [{"@afid": "60199578", "@dptid": "125769075"}, {"@afid": "60012718"}], "@dptid": "125769075"}, "author": [{"ce:given-name": "Ronnachai", "preferred-name": {"ce:given-name": "Ronnachai", "ce:initials": "R.", "ce:surname": "Kongsakon", "ce:indexed-name": "Kongsakon R."}, "@seq": "1", "ce:initials": "R.", "@_fa": "true", "@type": "auth", "ce:surname": "Kongsakon", "@auid": "8876054100", "ce:indexed-name": "Kongsakon R."}]}, {"affiliation": {"country": "Thailand", "@afid": "60028190", "@country": "tha", "city": "Bangkok", "organization": [{"$": "Department of Medicine"}, {"$": "Division of Psychiatry"}, {"$": "King Chulalongkorn Memorial Hospital"}, {"$": "Chulalongkorn University"}], "affiliation-id": [{"@afid": "60028190", "@dptid": "113019942"}, {"@afid": "60022183"}], "@dptid": "113019942"}, "author": [{"ce:given-name": "Nuntika", "preferred-name": {"ce:given-name": "Nuntika", "ce:initials": "N.", "ce:surname": "Thavichachart", "ce:indexed-name": "Thavichachart N."}, "@seq": "2", "ce:initials": "N.", "@_fa": "true", "@type": "auth", "ce:surname": "Thavichachart", "@auid": "6506010150", "ce:indexed-name": "Thavichachart N."}]}, {"affiliation": {"country": "Hong Kong", "@afid": "60006541", "@country": "hkg", "organization": [{"$": "Department of Psychiatry"}, {"$": "University of Hong Kong"}], "affiliation-id": {"@afid": "60006541", "@dptid": "113187118"}, "@dptid": "113187118"}, "author": [{"ce:given-name": "Ka Fai", "preferred-name": {"ce:given-name": "Ka Fai", "ce:initials": "K.F.", "ce:surname": "Chung", "ce:indexed-name": "Chung K.F."}, "@seq": "3", "ce:initials": "K.F.", "@date-locked": "2018-04-11T08:04:06.940", "@_fa": "true", "@type": "auth", "ce:surname": "Chung", "@auid": "57194128409", "ce:indexed-name": "Chung K.F."}]}, {"affiliation": {"country": "Singapore", "@afid": "60017958", "@country": "sgp", "organization": [{"$": "Department of Psychiatry"}, {"$": "Singapore General Hospital"}], "affiliation-id": {"@afid": "60017958", "@dptid": "113266458"}, "@dptid": "113266458"}, "author": [{"ce:given-name": "Leslie", "preferred-name": {"ce:given-name": "Leslie", "ce:initials": "L.", "ce:surname": "Lim", "ce:indexed-name": "Lim L."}, "@seq": "4", "ce:initials": "L.", "@_fa": "true", "@type": "auth", "ce:surname": "Lim", "@auid": "55436153700", "ce:indexed-name": "Lim L."}]}, {"affiliation": {"country": "Philippines", "@afid": "106966783", "@country": "phl", "city": "Mandaluyong", "organization": {"$": "National Center for Mental Health"}, "affiliation-id": {"@afid": "106966783"}}, "author": [{"ce:given-name": "Beverly", "preferred-name": {"ce:given-name": "Beverly", "ce:initials": "B.", "ce:surname": "Azucena", "ce:indexed-name": "Azucena B."}, "@seq": "5", "ce:initials": "B.", "@_fa": "true", "@type": "auth", "ce:surname": "Azucena", "@auid": "57197795708", "ce:indexed-name": "Azucena B."}]}, {"affiliation": {"country": "Philippines", "@afid": "60071498", "@country": "phl", "city": "Makati", "organization": {"$": "Makati Medical Center"}, "affiliation-id": {"@afid": "60071498"}}, "author": [{"ce:given-name": "Elizabeth", "preferred-name": {"ce:given-name": "Elizabeth", "ce:initials": "E.", "ce:surname": "Rondain", "ce:indexed-name": "Rondain E."}, "@seq": "6", "ce:initials": "E.", "@_fa": "true", "@type": "auth", "ce:surname": "Rondain", "@auid": "57197795884", "ce:indexed-name": "Rondain E."}]}, {"affiliation": {"country": "Philippines", "@afid": "119803892", "@country": "phl", "city": "Cagayan De Oro", "organization": {"$": "Northern Mindanao Medical Center"}, "affiliation-id": {"@afid": "119803892"}, "state": "Misamis Oriental"}, "author": [{"ce:given-name": "Benson", "preferred-name": {"ce:given-name": "Benson", "ce:initials": "B.", "ce:surname": "Go", "ce:indexed-name": "Go B."}, "@seq": "7", "ce:initials": "B.", "@_fa": "true", "@type": "auth", "ce:surname": "Go", "@auid": "57197795092", "ce:indexed-name": "Go B."}]}, {"affiliation": {"country": "Philippines", "@afid": "100516455", "@country": "phl", "city": "Cebu", "organization": {"$": "Perpetual Succour Hospital"}, "affiliation-id": {"@afid": "100516455"}}, "author": [{"ce:given-name": "Fe", "preferred-name": {"ce:given-name": "Fe", "ce:initials": "F.", "ce:surname": "Costales", "ce:indexed-name": "Costales F."}, "@seq": "8", "ce:initials": "F.", "@_fa": "true", "@type": "auth", "ce:surname": "Costales", "@auid": "57197793011", "ce:indexed-name": "Costales F."}]}, {"affiliation": {"country": "Thailand", "@afid": "116497145", "@country": "tha", "city": "Bangkok", "organization": [{"$": "Medical Affairs"}, {"$": "Janssen-Cilag"}], "affiliation-id": {"@afid": "116497145"}}, "author": [{"ce:given-name": "Osot", "preferred-name": {"ce:given-name": "Osot", "ce:initials": "O.", "ce:surname": "Nerapusee", "ce:indexed-name": "Nerapusee O."}, "@seq": "9", "ce:initials": "O.", "@_fa": "true", "@type": "auth", "ce:surname": "Nerapusee", "@auid": "37024668000", "ce:indexed-name": "Nerapusee O."}]}], "citation-title": "Evaluation of sleep profile in schizophrenia patients treated with extended-release paliperidone: An open-label prospective study in Southeast Asia", "abstracts": "\u00a9 2017 Kongsakon et al.Objective: To evaluate the effect of 6 months of treatment with paliperidone extended-release (ER) tablets on the sleep profile of patients with schizophrenia. Methods: A total of 984 patients meeting the The Diagnostic and Statistical Manual of Mental Disorders, Fourth Edition (DSM-IV) criteria for schizophrenia who switched their antipsychotic to paliperidone ER were recruited from 61 sites in five countries in Southeast Asia. We recorded patient demographics and assessed sleep quality and daytime drowsiness using visual analog scales. Results: Approximately 70% of patients completed the 6-month study. After the use of paliperidone ER, patients reported significantly better sleep quality (76.44 vs 65.48; p<0.001) and less daytime drowsiness compared with their baseline value (23.18 vs 34.22; p<0.001). Factors predicting sleep profile improvement were completion of the study and higher baseline Positive and Negative Syndrome Scale scores. Conclusion: Paliperidone ER can help schizophrenia patients to improve sleep quality and reduce daytime drowsiness; this was seen especially in the patients who completed the 6-month treatment period and had higher baseline Positive and Negative Syndrome Scale scores.", "correspondence": {"affiliation": {"country": "Thailand", "address-part": "Rama 6 Rd., Payathai", "postal-code": "10400", "@country": "tha", "city": "Bangkok", "organization": [{"$": "Department of Psychiatry"}, {"$": "Faculty of Medicine"}, {"$": "Ramathibodi Hospital"}, {"$": "Mahidol University"}]}, "person": {"ce:given-name": "Ronnachai", "ce:initials": "R.", "ce:surname": "Kongsakon", "ce:indexed-name": "Kongsakon R."}}, "citation-info": {"author-keywords": {"author-keyword": [{"$": "CGI-S", "@xml:lang": "eng"}, {"$": "Paliperidone ER", "@xml:lang": "eng"}, {"$": "PANSS", "@xml:lang": "eng"}, {"$": "Schizophrenia", "@xml:lang": "eng"}, {"$": "Sleep profile", "@xml:lang": "eng"}]}, "citation-type": {"@code": "ar"}, "citation-language": {"@language": "English", "@xml:lang": "eng"}, "abstract-language": {"@language": "English", "@xml:lang": "eng"}}, "source": {"sourcetitle-abbrev": "Psychol. Res. Behav. Manage.", "website": {"ce:e-address": {"$": "https://www.dovepress.com/getfile.php?fileID=39064", "@type": "email"}}, "@country": "nzl", "translated-sourcetitle": {"$": "Psychology Research and Behavior Management", "@xml:lang": "eng"}, "issn": {"$": "11791578", "@type": "electronic"}, "volisspag": {"voliss": {"@volume": "10"}, "pagerange": {"@first": "323", "@last": "327"}}, "@type": "j", "publicationyear": {"@first": "2017"}, "publisher": {"affiliation": {"address-part": "PO Box 300-008, Albany", "@country": "nzl", "city": "Auckland"}, "publishername": "Dove Medical Press Ltd."}, "sourcetitle": "Psychology Research and Behavior Management", "@srcid": "19700175787", "publicationdate": {"month": "10", "year": "2017", "date-text": {"@xfab-added": "true", "$": "27 October 2017"}, "day": "27"}}, "enhancement": {"classificationgroup": {"classifications": [{"@type": "ASJC", "classification": [{"$": "3200"}, {"$": "2738"}]}, {"@type": "SUBJABBR", "classification": [{"$": "PSYC"}, {"$": "MEDI"}]}]}}}, "item-info": {"copyright": {"$": "Copyright 2017 Elsevier B.V., All rights reserved.", "@type": "Elsevier"}, "dbcollection": [{"$": "NURSNG"}, {"$": "SCOPUS"}, {"$": "Scopusbase"}], "history": {"date-created": {"@day": "28", "@timestamp": "BST 06:40:39", "@year": "2017", "@month": "11"}}, "itemidlist": {"itemid": [{"$": "619329684", "@idtype": "PUI"}, {"$": "810362899", "@idtype": "CAR-ID"}, {"$": "2017401659", "@idtype": "NURSNG"}, {"$": "20171058178", "@idtype": "SCOPUS"}, {"$": "85034836860", "@idtype": "SCP"}, {"$": "85034836860", "@idtype": "SGR"}], "ce:doi": "10.2147/PRBM.S132272"}}, "tail": {"bibliography": {"@refcount": "13", "reference": [{"ref-fulltext": "Miller DD. Atypical antipsychotics: sleep, sedation and efficacy. J Clin Psychiatry. 2004;6:3-7.", "@id": "1", "ref-info": {"ref-publicationyear": {"@first": "2004"}, "ref-title": {"ref-titletext": "Atypical antipsychotics: Sleep, sedation and efficacy"}, "refd-itemidlist": {"itemid": {"$": "25444533069", "@idtype": "SGR"}}, "ref-volisspag": {"voliss": {"@volume": "6"}, "pagerange": {"@first": "3", "@last": "7"}}, "ref-authors": {"author": [{"@seq": "1", "ce:initials": "D.D.", "@_fa": "true", "ce:surname": "Miller", "ce:indexed-name": "Miller D.D."}]}, "ref-sourcetitle": "J Clin Psychiatry"}}, {"ref-fulltext": "Monti JM, Monti D. Sleep disturbance in schizophrenia. Int Rev Psychiatry. 2005;17(4):247-253.", "@id": "2", "ref-info": {"ref-publicationyear": {"@first": "2005"}, "ref-title": {"ref-titletext": "Sleep disturbance in schizophrenia"}, "refd-itemidlist": {"itemid": {"$": "21744454372", "@idtype": "SGR"}}, "ref-volisspag": {"voliss": {"@volume": "17", "@issue": "4"}, "pagerange": {"@first": "247", "@last": "253"}}, "ref-authors": {"author": [{"@seq": "1", "ce:initials": "J.M.", "@_fa": "true", "ce:surname": "Monti", "ce:indexed-name": "Monti J.M."}, {"@seq": "2", "ce:initials": "D.", "@_fa": "true", "ce:surname": "Monti", "ce:indexed-name": "Monti D."}]}, "ref-sourcetitle": "Int Rev Psychiatry"}}, {"ref-fulltext": "Cohrs S. Sleep disturbance in patients with schizophrenia: Impact and effect of antipsychotic. CNS Drug. 2006;22(11):939-962.", "@id": "3", "ref-info": {"ref-publicationyear": {"@first": "2006"}, "ref-title": {"ref-titletext": "Sleep disturbance in patients with schizophrenia: Impact and effect of antipsychotic"}, "refd-itemidlist": {"itemid": {"$": "53549111345", "@idtype": "SGR"}}, "ref-volisspag": {"voliss": {"@volume": "22", "@issue": "11"}, "pagerange": {"@first": "939", "@last": "962"}}, "ref-authors": {"author": [{"@seq": "1", "ce:initials": "S.", "@_fa": "true", "ce:surname": "Cohrs", "ce:indexed-name": "Cohrs S."}]}, "ref-sourcetitle": "CNS Drug"}}, {"ref-fulltext": "Marder SR, Kramer M, Ford L, et al. Efficacy and safety of paliperidone extended release tablets: results of a 6-week, randomized, placebocontrolled study. Biol Psychiatry. 2007;62:1363-13670.", "@id": "4", "ref-info": {"ref-publicationyear": {"@first": "2007"}, "ref-title": {"ref-titletext": "Efficacy and safety of paliperidone extended release tablets: Results of a 6-week, randomized, placebocontrolled study"}, "refd-itemidlist": {"itemid": {"$": "36048941530", "@idtype": "SGR"}}, "ref-volisspag": {"voliss": {"@volume": "62"}, "pagerange": {"@first": "1363", "@last": "13670"}}, "ref-authors": {"author": [{"@seq": "1", "ce:initials": "S.R.", "@_fa": "true", "ce:surname": "Marder", "ce:indexed-name": "Marder S.R."}, {"@seq": "2", "ce:initials": "M.", "@_fa": "true", "ce:surname": "Kramer", "ce:indexed-name": "Kramer M."}, {"@seq": "3", "ce:initials": "L.", "@_fa": "true", "ce:surname": "Ford", "ce:indexed-name": "Ford L."}], "et-al": null}, "ref-sourcetitle": "Biol Psychiatry"}}, {"ref-fulltext": "Davidson M, Emsley R, Kramer M, et al. Efficacy, safety and effect on functioning of paliperidone extended-release tablets in the treatment of acute schizophrenia: an international 6-week placebo-controlled study. Schizophrenia Res. 2007;93:117-130.", "@id": "5", "ref-info": {"ref-publicationyear": {"@first": "2007"}, "ref-title": {"ref-titletext": "Efficacy, safety and effect on functioning of paliperidone extended-release tablets in the treatment of acute schizophrenia: An international 6-week placebo-controlled study"}, "refd-itemidlist": {"itemid": {"$": "34249275309", "@idtype": "SGR"}}, "ref-volisspag": {"voliss": {"@volume": "93"}, "pagerange": {"@first": "117", "@last": "130"}}, "ref-authors": {"author": [{"@seq": "1", "ce:initials": "M.", "@_fa": "true", "ce:surname": "Davidson", "ce:indexed-name": "Davidson M."}, {"@seq": "2", "ce:initials": "R.", "@_fa": "true", "ce:surname": "Emsley", "ce:indexed-name": "Emsley R."}, {"@seq": "3", "ce:initials": "M.", "@_fa": "true", "ce:surname": "Kramer", "ce:indexed-name": "Kramer M."}], "et-al": null}, "ref-sourcetitle": "Schizophrenia Res"}}, {"ref-fulltext": "Kane J, Canas F, Kramer M, et al. Treatment of schizophrenia with paliperidone extended-release tablets: a 6-week placebo-controlled trial. Schizophrenia Res. 2007;90:147-161.", "@id": "6", "ref-info": {"ref-publicationyear": {"@first": "2007"}, "ref-title": {"ref-titletext": "Treatment of schizophrenia with paliperidone extended-release tablets: A 6-week placebo-controlled trial"}, "refd-itemidlist": {"itemid": {"$": "33846590147", "@idtype": "SGR"}}, "ref-volisspag": {"voliss": {"@volume": "90"}, "pagerange": {"@first": "147", "@last": "161"}}, "ref-authors": {"author": [{"@seq": "1", "ce:initials": "J.", "@_fa": "true", "ce:surname": "Kane", "ce:indexed-name": "Kane J."}, {"@seq": "2", "ce:initials": "F.", "@_fa": "true", "ce:surname": "Canas", "ce:indexed-name": "Canas F."}, {"@seq": "3", "ce:initials": "M.", "@_fa": "true", "ce:surname": "Kramer", "ce:indexed-name": "Kramer M."}], "et-al": null}, "ref-sourcetitle": "Schizophrenia Res"}}, {"ref-fulltext": "Meltzer H, Kramer M, Gassmann-Mayer C, et al. Efficacy and tolerability of oral paliperidone extended-release tablets in the treatment of acute schizophrenia: pooled data from three 6-week placebo-controlled studies. Int J Neuropsychopharmacol. 2006;9:S225.", "@id": "7", "ref-info": {"ref-publicationyear": {"@first": "2006"}, "ref-title": {"ref-titletext": "Efficacy and tolerability of oral paliperidone extended-release tablets in the treatment of acute schizophrenia: Pooled data from three 6-week placebo-controlled studies"}, "refd-itemidlist": {"itemid": {"$": "37849046729", "@idtype": "SGR"}}, "ref-volisspag": {"voliss": {"@volume": "9"}, "pagerange": {"@first": "225"}}, "ref-authors": {"author": [{"@seq": "1", "ce:initials": "H.", "@_fa": "true", "ce:surname": "Meltzer", "ce:indexed-name": "Meltzer H."}, {"@seq": "2", "ce:initials": "M.", "@_fa": "true", "ce:surname": "Kramer", "ce:indexed-name": "Kramer M."}, {"@seq": "3", "ce:initials": "C.", "@_fa": "true", "ce:surname": "Gassmann-Mayer", "ce:indexed-name": "Gassmann-Mayer C."}], "et-al": null}, "ref-sourcetitle": "Int J Neuropsychopharmacol"}}, {"ref-fulltext": "Kramer M, Kushner S, Vijapurkar U. Delaying symptom recurrence in patients with schizophrenia with paliperidone extended-release tablet: an international, randomized, double-blind, placebo-controlled study. Presented at the Collegium Internationale Neuro-Psychopharmacologicum; July 9-13; 2006; Chicago, IL.", "@id": "8", "ref-info": {"ref-publicationyear": {"@first": "2006"}, "ref-title": {"ref-titletext": "Delaying symptom recurrence in patients with schizophrenia with paliperidone extended-release tablet: An international, randomized, double-blind, placebo-controlled study"}, "refd-itemidlist": {"itemid": {"$": "33846621975", "@idtype": "SGR"}}, "ref-text": "July 9-13, Chicago, IL", "ref-authors": {"author": [{"@seq": "1", "ce:initials": "M.", "@_fa": "true", "ce:surname": "Kramer", "ce:indexed-name": "Kramer M."}, {"@seq": "2", "ce:initials": "S.", "@_fa": "true", "ce:surname": "Kushner", "ce:indexed-name": "Kushner S."}, {"@seq": "3", "ce:initials": "U.", "@_fa": "true", "ce:surname": "Vijapurkar", "ce:indexed-name": "Vijapurkar U."}]}, "ref-sourcetitle": "Presented at the Collegium Internationale Neuro-Psychopharmacologicum"}}, {"ref-fulltext": "Luthringer R, Staner L, Noel N, et al. A double-blind, placebocontrolled, randomized study evaluating effect of paliperidone extendedrelease tablets on sleep architecture in patients with schizophrenia. Int Clin Psychopharmacol. 2007;22:299-308.", "@id": "9", "ref-info": {"ref-publicationyear": {"@first": "2007"}, "ref-title": {"ref-titletext": "A double-blind, placebocontrolled, randomized study evaluating effect of paliperidone extendedrelease tablets on sleep architecture in patients with schizophrenia"}, "refd-itemidlist": {"itemid": {"$": "34547769972", "@idtype": "SGR"}}, "ref-volisspag": {"voliss": {"@volume": "22"}, "pagerange": {"@first": "299", "@last": "308"}}, "ref-authors": {"author": [{"@seq": "1", "ce:initials": "R.", "@_fa": "true", "ce:surname": "Luthringer", "ce:indexed-name": "Luthringer R."}, {"@seq": "2", "ce:initials": "L.", "@_fa": "true", "ce:surname": "Staner", "ce:indexed-name": "Staner L."}, {"@seq": "3", "ce:initials": "N.", "@_fa": "true", "ce:surname": "Noel", "ce:indexed-name": "Noel N."}], "et-al": null}, "ref-sourcetitle": "Int Clin Psychopharmacol"}}, {"ref-fulltext": "Janicak P, Winans E, Paliperidone ER. A review of the clinical trial data. Neuropsychiatric Disease Treatment. 2007;3(6):869-883.", "@id": "10", "ref-info": {"ref-publicationyear": {"@first": "2007"}, "ref-title": {"ref-titletext": "A review of the clinical trial data"}, "refd-itemidlist": {"itemid": {"$": "38349057515", "@idtype": "SGR"}}, "ref-volisspag": {"voliss": {"@volume": "3", "@issue": "6"}, "pagerange": {"@first": "869", "@last": "883"}}, "ref-authors": {"author": [{"@seq": "1", "ce:initials": "P.", "@_fa": "true", "ce:surname": "Janicak", "ce:indexed-name": "Janicak P."}, {"@seq": "2", "ce:initials": "E.", "@_fa": "true", "ce:surname": "Winans", "ce:indexed-name": "Winans E."}, {"@seq": "3", "ce:initials": "E.R.", "@_fa": "true", "ce:surname": "Paliperidone", "ce:indexed-name": "Paliperidone E.R."}]}, "ref-sourcetitle": "Neuropsychiatric Disease Treatment"}}, {"ref-fulltext": "Thavichachart N, Kongsakon R, Lo WT, et al. The psychopathological characteristics of treatment discontinuation group in 6-month treatment with paliperidone ER. Int J Clin Pract. 2012;66(10):969-975.", "@id": "11", "ref-info": {"ref-publicationyear": {"@first": "2012"}, "ref-title": {"ref-titletext": "The psychopathological characteristics of treatment discontinuation group in 6-month treatment with paliperidone ER"}, "refd-itemidlist": {"itemid": {"$": "84866481904", "@idtype": "SGR"}}, "ref-volisspag": {"voliss": {"@volume": "66", "@issue": "10"}, "pagerange": {"@first": "969", "@last": "975"}}, "ref-authors": {"author": [{"@seq": "1", "ce:initials": "N.", "@_fa": "true", "ce:surname": "Thavichachart", "ce:indexed-name": "Thavichachart N."}, {"@seq": "2", "ce:initials": "R.", "@_fa": "true", "ce:surname": "Kongsakon", "ce:indexed-name": "Kongsakon R."}, {"@seq": "3", "ce:initials": "W.T.", "@_fa": "true", "ce:surname": "Lo", "ce:indexed-name": "Lo W.T."}], "et-al": null}, "ref-sourcetitle": "Int J Clin Pract"}}, {"ref-fulltext": "Birnbaum M, Sharif Z. Medication adherence in schizophrenia: patient perspectives and the clinical utility of paliperidone ER. Patient Prefer Adherence. 2008;2:233-240.", "@id": "12", "ref-info": {"ref-publicationyear": {"@first": "2008"}, "ref-title": {"ref-titletext": "Medication adherence in schizophrenia: Patient perspectives and the clinical utility of paliperidone ER"}, "refd-itemidlist": {"itemid": {"$": "77956566534", "@idtype": "SGR"}}, "ref-volisspag": {"voliss": {"@volume": "2"}, "pagerange": {"@first": "233", "@last": "240"}}, "ref-authors": {"author": [{"@seq": "1", "ce:initials": "M.", "@_fa": "true", "ce:surname": "Birnbaum", "ce:indexed-name": "Birnbaum M."}, {"@seq": "2", "ce:initials": "Z.", "@_fa": "true", "ce:surname": "Sharif", "ce:indexed-name": "Sharif Z."}]}, "ref-sourcetitle": "Patient Prefer Adherence"}}, {"ref-fulltext": "Chan MS, Chung KF, Yung KP, Yeung WF. Sleep in schizophrenia: A systematic review and meta-analysis of polysomnographic findings in case-control studies. Sleep Med Rev. 2017;32:69-84.", "@id": "13", "ref-info": {"ref-publicationyear": {"@first": "2017"}, "ref-title": {"ref-titletext": "Sleep in schizophrenia: A systematic review and meta-analysis of polysomnographic findings in case-control studies"}, "refd-itemidlist": {"itemid": {"$": "84962441621", "@idtype": "SGR"}}, "ref-volisspag": {"voliss": {"@volume": "32"}, "pagerange": {"@first": "69", "@last": "84"}}, "ref-authors": {"author": [{"@seq": "1", "ce:initials": "M.S.", "@_fa": "true", "ce:surname": "Chan", "ce:indexed-name": "Chan M.S."}, {"@seq": "2", "ce:initials": "K.F.", "@_fa": "true", "ce:surname": "Chung", "ce:indexed-name": "Chung K.F."}, {"@seq": "3", "ce:initials": "K.P.", "@_fa": "true", "ce:surname": "Yung", "ce:indexed-name": "Yung K.P."}, {"@seq": "4", "ce:initials": "W.F.", "@_fa": "true", "ce:surname": "Yeung", "ce:indexed-name": "Yeung W.F."}]}, "ref-sourcetitle": "Sleep Med Rev"}}]}}}}, "affiliation": [{"affiliation-city": "Bangkok", "@id": "60199578", "affilname": "Ramathibodi Hospital", "@href": "https://api.elsevier.com/content/affiliation/affiliation_id/60199578", "affiliation-country": "Thailand"}, {"affiliation-city": "Makati", "@id": "60071498", "affilname": "Makati Medical Center", "@href": "https://api.elsevier.com/content/affiliation/affiliation_id/60071498", "affiliation-country": "Philippines"}, {"affiliation-city": "Bangkok", "@id": "60028190", "affilname": "Chulalongkorn University", "@href": "https://api.elsevier.com/content/affiliation/affiliation_id/60028190", "affiliation-country": "Thailand"}, {"affiliation-city": "Singapore City", "@id": "60017958", "affilname": "Singapore General Hospital", "@href": "https://api.elsevier.com/content/affiliation/affiliation_id/60017958", "affiliation-country": "Singapore"}, {"affiliation-city": "Hong Kong", "@id": "60006541", "affilname": "The University of Hong Kong", "@href": "https://api.elsevier.com/content/affiliation/affiliation_id/60006541", "affiliation-country": "Hong Kong"}, {"affiliation-city": "Cagayan de Oro City", "@id": "119803892", "affilname": "Northern Mindanao Medical Center", "@href": "https://api.elsevier.com/content/affiliation/affiliation_id/119803892", "affiliation-country": "Philippines"}, {"affiliation-city": "Bangkok", "@id": "116497145", "affilname": "Medical Affairs", "@href": "https://api.elsevier.com/content/affiliation/affiliation_id/116497145", "affiliation-country": "Thailand"}, {"affiliation-city": "Manila", "@id": "106966783", "affilname": "National Center for Mental Health", "@href": "https://api.elsevier.com/content/affiliation/affiliation_id/106966783", "affiliation-country": "Philippines"}, {"affiliation-city": "Cebu", "@id": "100516455", "affilname": "Perpetual Succour Hospital", "@href": "https://api.elsevier.com/content/affiliation/affiliation_id/100516455", "affiliation-country": "Philippines"}], "coredata": {"srctype": "j", "eid": "2-s2.0-85034836860", "dc:description": "Objective: To evaluate the effect of 6 months of treatment with paliperidone extended-release (ER) tablets on the sleep profile of patients with schizophrenia. Methods: A total of 984 patients meeting the The Diagnostic and Statistical Manual of Mental Disorders, Fourth Edition (DSM-IV) criteria for schizophrenia who switched their antipsychotic to paliperidone ER were recruited from 61 sites in five countries in Southeast Asia. We recorded patient demographics and assessed sleep quality and daytime drowsiness using visual analog scales. Results: Approximately 70% of patients completed the 6-month study. After the use of paliperidone ER, patients reported significantly better sleep quality (76.44 vs 65.48; p<0.001) and less daytime drowsiness compared with their baseline value (23.18 vs 34.22; p<0.001). Factors predicting sleep profile improvement were completion of the study and higher baseline Positive and Negative Syndrome Scale scores. Conclusion: Paliperidone ER can help schizophrenia patients to improve sleep quality and reduce daytime drowsiness; this was seen especially in the patients who completed the 6-month treatment period and had higher baseline Positive and Negative Syndrome Scale scores.", "prism:coverDate": "2017-10-27", "prism:aggregationType": "Journal", "prism:url": "https://api.elsevier.com/content/abstract/scopus_id/85034836860", "dc:creator": {"author": [{"ce:given-name": "Ronnachai", "preferred-name": {"ce:given-name": "Ronnachai", "ce:initials": "R.", "ce:surname": "Kongsakon", "ce:indexed-name": "Kongsakon R."}, "@seq": "1", "ce:initials": "R.", "@_fa": "true", "affiliation": {"@id": "60199578", "@href": "https://api.elsevier.com/content/affiliation/affiliation_id/60199578"}, "ce:surname": "Kongsakon", "@auid": "8876054100", "author-url": "https://api.elsevier.com/content/author/author_id/8876054100", "ce:indexed-name": "Kongsakon R."}]}, "link": [{"@_fa": "true", "@rel": "self", "@href": "https://api.elsevier.com/content/abstract/scopus_id/85034836860"}, {"@_fa": "true", "@rel": "scopus", "@href": "https://www.scopus.com/inward/record.uri?partnerID=HzOxMe3b&scp=85034836860&origin=inward"}, {"@_fa": "true", "@rel": "scopus-citedby", "@href": "https://www.scopus.com/inward/citedby.uri?partnerID=HzOxMe3b&scp=85034836860&origin=inward"}], "source-id": "19700175787", "citedby-count": "0", "prism:volume": "10", "subtype": "ar", "dc:title": "Evaluation of sleep profile in schizophrenia patients treated with extended-release paliperidone: An open-label prospective study in Southeast Asia", "openaccess": "1", "prism:issn": "11791578", "publishercopyright": "\u00a9 2017 Kongsakon et al.", "subtypeDescription": "Article", "prism:publicationName": "Psychology Research and Behavior Management", "prism:pageRange": "323-327", "prism:endingPage": "327", "openaccessFlag": "true", "prism:doi": "10.2147/PRBM.S132272", "prism:startingPage": "323", "dc:identifier": "SCOPUS_ID:85034836860", "dc:publisher": "Dove Medical Press Ltd.PO Box 300-008, AlbanyAuckland"}, "idxterms": null, "language": {"@xml:lang": "eng"}, "authkeywords": {"author-keyword": [{"@_fa": "true", "$": "CGI-S"}, {"@_fa": "true", "$": "Paliperidone ER"}, {"@_fa": "true", "$": "PANSS"}, {"@_fa": "true", "$": "Schizophrenia"}, {"@_fa": "true", "$": "Sleep profile"}]}, "subject-areas": {"subject-area": [{"@_fa": "true", "$": "Psychology (all)", "@code": "3200", "@abbrev": "PSYC"}, {"@_fa": "true", "$": "Psychiatry and Mental Health", "@code": "2738", "@abbrev": "MEDI"}]}, "authors": {"author": [{"ce:given-name": "Ronnachai", "preferred-name": {"ce:given-name": "Ronnachai", "ce:initials": "R.", "ce:surname": "Kongsakon", "ce:indexed-name": "Kongsakon R."}, "@seq": "1", "ce:initials": "R.", "@_fa": "true", "affiliation": {"@id": "60199578", "@href": "https://api.elsevier.com/content/affiliation/affiliation_id/60199578"}, "ce:surname": "Kongsakon", "@auid": "8876054100", "author-url": "https://api.elsevier.com/content/author/author_id/8876054100", "ce:indexed-name": "Kongsakon R."}, {"ce:given-name": "Nuntika", "preferred-name": {"ce:given-name": "Nuntika", "ce:initials": "N.", "ce:surname": "Thavichachart", "ce:indexed-name": "Thavichachart N."}, "@seq": "2", "ce:initials": "N.", "@_fa": "true", "affiliation": {"@id": "60028190", "@href": "https://api.elsevier.com/content/affiliation/affiliation_id/60028190"}, "ce:surname": "Thavichachart", "@auid": "6506010150", "author-url": "https://api.elsevier.com/content/author/author_id/6506010150", "ce:indexed-name": "Thavichachart N."}, {"ce:given-name": "Ka Fai", "preferred-name": {"ce:given-name": "Ka Fai", "ce:initials": "K.F.", "ce:surname": "Chung", "ce:indexed-name": "Chung K.F."}, "@seq": "3", "ce:initials": "K.F.", "@_fa": "true", "affiliation": {"@id": "60006541", "@href": "https://api.elsevier.com/content/affiliation/affiliation_id/60006541"}, "ce:surname": "Chung", "@auid": "57194128409", "author-url": "https://api.elsevier.com/content/author/author_id/57194128409", "ce:indexed-name": "Chung K.F."}, {"ce:given-name": "Leslie", "preferred-name": {"ce:given-name": "Leslie", "ce:initials": "L.", "ce:surname": "Lim", "ce:indexed-name": "Lim L."}, "@seq": "4", "ce:initials": "L.", "@_fa": "true", "affiliation": {"@id": "60017958", "@href": "https://api.elsevier.com/content/affiliation/affiliation_id/60017958"}, "ce:surname": "Lim", "@auid": "55436153700", "author-url": "https://api.elsevier.com/content/author/author_id/55436153700", "ce:indexed-name": "Lim L."}, {"ce:given-name": "Beverly", "preferred-name": {"ce:given-name": "Beverly", "ce:initials": "B.", "ce:surname": "Azucena", "ce:indexed-name": "Azucena B."}, "@seq": "5", "ce:initials": "B.", "@_fa": "true", "affiliation": {"@id": "106966783", "@href": "https://api.elsevier.com/content/affiliation/affiliation_id/106966783"}, "ce:surname": "Azucena", "@auid": "57197795708", "author-url": "https://api.elsevier.com/content/author/author_id/57197795708", "ce:indexed-name": "Azucena B."}, {"ce:given-name": "Elizabeth", "preferred-name": {"ce:given-name": "Elizabeth", "ce:initials": "E.", "ce:surname": "Rondain", "ce:indexed-name": "Rondain E."}, "@seq": "6", "ce:initials": "E.", "@_fa": "true", "affiliation": {"@id": "60071498", "@href": "https://api.elsevier.com/content/affiliation/affiliation_id/60071498"}, "ce:surname": "Rondain", "@auid": "57197795884", "author-url": "https://api.elsevier.com/content/author/author_id/57197795884", "ce:indexed-name": "Rondain E."}, {"ce:given-name": "Benson", "preferred-name": {"ce:given-name": "Benson", "ce:initials": "B.", "ce:surname": "Go", "ce:indexed-name": "Go B."}, "@seq": "7", "ce:initials": "B.", "@_fa": "true", "affiliation": {"@id": "119803892", "@href": "https://api.elsevier.com/content/affiliation/affiliation_id/119803892"}, "ce:surname": "Go", "@auid": "57197795092", "author-url": "https://api.elsevier.com/content/author/author_id/57197795092", "ce:indexed-name": "Go B."}, {"ce:given-name": "Fe", "preferred-name": {"ce:given-name": "Fe", "ce:initials": "F.", "ce:surname": "Costales", "ce:indexed-name": "Costales F."}, "@seq": "8", "ce:initials": "F.", "@_fa": "true", "affiliation": {"@id": "100516455", "@href": "https://api.elsevier.com/content/affiliation/affiliation_id/100516455"}, "ce:surname": "Costales", "@auid": "57197793011", "author-url": "https://api.elsevier.com/content/author/author_id/57197793011", "ce:indexed-name": "Costales F."}, {"ce:given-name": "Osot", "preferred-name": {"ce:given-name": "Osot", "ce:initials": "O.", "ce:surname": "Nerapusee", "ce:indexed-name": "Nerapusee O."}, "@seq": "9", "ce:initials": "O.", "@_fa": "true", "affiliation": {"@id": "116497145", "@href": "https://api.elsevier.com/content/affiliation/affiliation_id/116497145"}, "ce:surname": "Nerapusee", "@auid": "37024668000", "author-url": "https://api.elsevier.com/content/author/author_id/37024668000", "ce:indexed-name": "Nerapusee O."}]}}}