{"abstracts-retrieval-response": {"item": {"ait:process-info": {"ait:status": {"@state": "update", "@type": "core", "@stage": "S300"}, "ait:date-delivered": {"@day": "31", "@timestamp": "2021-03-31T16:40:43.000043-04:00", "@year": "2021", "@month": "03"}, "ait:date-sort": {"@day": "25", "@year": "2017", "@month": "10"}}, "xocs:meta": {"xocs:funding-list": {"@pui-match": "primary", "@has-funding-info": "1", "xocs:funding": [{"xocs:funding-agency-matched-string": "Slovak University of Technology"}, {"xocs:funding-agency-matched-string": "Chulalongkorn University", "xocs:funding-agency-acronym": "CU", "xocs:funding-agency": "Chulalongkorn University", "xocs:funding-agency-id": "http://data.elsevier.com/vocabulary/SciValFunders/501100002873", "xocs:funding-agency-country": "http://sws.geonames.org/1605651/"}, {"xocs:funding-agency-matched-string": "Thailand Research Fund", "xocs:funding-agency-acronym": "TRF", "xocs:funding-agency": "Thailand Research Fund", "xocs:funding-id": "/0297/2550", "xocs:funding-agency-id": "http://data.elsevier.com/vocabulary/SciValFunders/501100004396", "xocs:funding-agency-country": "http://sws.geonames.org/1605651/"}], "xocs:funding-addon-generated-timestamp": "2021-02-06T13:52:43.187Z", "xocs:funding-text": "We gratefully acknowledge the Thailand Research Fund though the Royal Golden Jubilee Ph.D. Program (Grant No.PHD/0297/2550) for supporting this work. Many thanks also go to the separation laboratory, department of chemical engineering, Chulalongkorn University, Bangkok, Thailand as well as department of organic technology, Slovak University of Technology, Slovakia, for supporting apparatus.", "xocs:funding-addon-type": "http://vtw.elsevier.com/data/voc/AddOnTypes/50.7/aggregated-refined"}}, "bibrecord": {"head": {"author-group": [{"affiliation": {"country": "Thailand", "address-part": "Pathumwan", "postal-code": "10330", "@afid": "60028190", "@country": "tha", "city": "Bangkok", "organization": [{"$": "Department of Chemical Engineering"}, {"$": "Faculty of Engineering"}, {"$": "Chulalongkorn University"}], "affiliation-id": {"@afid": "60028190", "@dptid": "112958590"}, "@dptid": "112958590"}, "author": [{"ce:given-name": "Krirkratthawit", "preferred-name": {"ce:given-name": "Krirkratthawit", "ce:initials": "K.", "ce:surname": "Wongkaew", "ce:indexed-name": "Wongkaew K."}, "@seq": "1", "ce:initials": "K.", "@_fa": "true", "@type": "auth", "ce:surname": "Wongkaew", "@auid": "55544801800", "ce:indexed-name": "Wongkaew K."}, {"ce:given-name": "Vanee", "preferred-name": {"ce:given-name": "Vanee", "ce:initials": "V.", "ce:surname": "Mohdee", "ce:indexed-name": "Mohdee V."}, "@seq": "2", "ce:initials": "V.", "@_fa": "true", "@type": "auth", "ce:surname": "Mohdee", "@auid": "56459017500", "ce:indexed-name": "Mohdee V."}, {"ce:given-name": "Ura", "preferred-name": {"ce:given-name": "Ura", "ce:initials": "U.", "ce:surname": "Pancharoen", "ce:indexed-name": "Pancharoen U."}, "@seq": "5", "ce:initials": "U.", "@_fa": "true", "@type": "auth", "ce:surname": "Pancharoen", "@auid": "55897909900", "@orcid": "0000-0003-1348-1221", "ce:indexed-name": "Pancharoen U."}, {"ce:given-name": "Amornchai", "preferred-name": {"ce:given-name": "Amornchai", "ce:initials": "A.", "ce:surname": "Arpornwichanop", "ce:indexed-name": "Arpornwichanop A."}, "@seq": "6", "ce:initials": "A.", "@date-locked": "2018-08-10T06:23:20.024", "@_fa": "true", "@type": "auth", "ce:surname": "Arpornwichanop", "@auid": "23102293600", "ce:indexed-name": "Arpornwichanop A."}]}, {"affiliation": {"country": "Slovakia", "address-part": "Radlinsk\u00e9ho 9", "postal-code": "812 37", "@afid": "60006861", "@country": "svk", "city": "Bratislava", "organization": [{"$": "Department of Organic Technology"}, {"$": "Slovak University of Technology"}], "affiliation-id": {"@afid": "60006861", "@dptid": "103385993"}, "@dptid": "103385993"}, "author": [{"ce:given-name": "Tom\u00e1\u0161", "preferred-name": {"ce:given-name": "Tom\u00e1\u0161", "ce:initials": "T.", "ce:surname": "Sot\u00e1k", "ce:indexed-name": "Sot\u00e1k T."}, "@seq": "3", "ce:initials": "T.", "@_fa": "true", "@type": "auth", "ce:surname": "Sot\u00e1k", "@auid": "47661698100", "@orcid": "0000-0002-7163-3775", "ce:indexed-name": "Sotak T."}, {"ce:given-name": "Milan", "preferred-name": {"ce:given-name": "Milan", "ce:initials": "M.", "ce:surname": "Hronec", "ce:indexed-name": "Hronec M."}, "@seq": "4", "ce:initials": "M.", "@_fa": "true", "@type": "auth", "ce:surname": "Hronec", "@auid": "7004839351", "ce:indexed-name": "Hronec M."}]}, {"affiliation": {"country": "Thailand", "postal-code": "10330", "@afid": "60028190", "@country": "tha", "city": "Bangkok", "organization": [{"$": "Computational Process Engineering Research Unit"}, {"$": "Department of Chemical Engineering"}, {"$": "Faculty of Engineering"}, {"$": "Chulalongkorn University"}], "affiliation-id": {"@afid": "60028190", "@dptid": "112958590"}, "@dptid": "112958590"}, "author": [{"ce:given-name": "Amornchai", "preferred-name": {"ce:given-name": "Amornchai", "ce:initials": "A.", "ce:surname": "Arpornwichanop", "ce:indexed-name": "Arpornwichanop A."}, "@seq": "6", "ce:initials": "A.", "@date-locked": "2018-08-10T06:23:20.024", "@_fa": "true", "@type": "auth", "ce:surname": "Arpornwichanop", "@auid": "23102293600", "ce:indexed-name": "Arpornwichanop A."}]}], "citation-title": "The solubility of maleic acid in various inorganic salts and organic solvents: Thermodynamics model and parameters", "abstracts": "\u00a9 2017 Elsevier B.V.This paper concerns the solubility of maleic acid, using inorganic salts and organic solvents. Several types of organic solvents were investigated such as methyl isobutyl ketone (MIBK), n-butanol, toluene, ethyl acetate and ethyl methyl ketone. Results showed that the solubility of maleic acid increased as follows: n-butanol > ethyl methyl ketone (EMK) > methyl isobutyl ketone (MIBK) > ethyl acetate (EA) >toluene. The effect of inorganic salts on the solubility of maleic acid was also investigated and was found accordingly: LiCl > NaCl > KCl > CaCl2> MgCl2> BaCl2 > ZnCl2. In order to investigate thermodynamics parameters, temperatures ranging from 303.15 to 333.15 K were explored. As temperature increased, the efficiency of solubility of maleic acid increased. Correlations, based on the Gibbs\u2013Helmholtz equation and the Van't Hoff equation, were used to calculate Gibbs energy, enthalpy and entropy and to explain the thermodynamic properties for the solution process. The positive value of enthalpy and the negative value of Gibbs free energy were endothermic and nonspontaneous, respectively for the dissolution process of maleic acid. In order to predict the experimental data, thermodynamic models, such as the Buchowski\u2013Ksiazaczak \u03bbh model, the modified Apelblat model and NRTL, were investigated. NRTL proved to be the most suitable for predicting the solubility behavior of maleic acid with temperature exhibiting low values of RAD and RMSD.", "correspondence": {"affiliation": {"country": "Thailand", "postal-code": "10330", "@country": "tha", "city": "Bangkok", "organization": [{"$": "Computational Process Engineering Research Unit"}, {"$": "Department of Chemical Engineering"}, {"$": "Faculty of Engineering"}, {"$": "Chulalongkorn University"}]}, "person": {"ce:given-name": "Ura", "ce:initials": "U.", "ce:surname": "Pancharoen", "ce:indexed-name": "Pancharoen U."}}, "related-item": {"itemid": {"$": "2000736912", "@idtype": "erratumPUI"}, "citation-title": "Retraction notice to \u201cThe solubility of maleic acid in various inorganic salts and organic solvents: Thermodynamics model and parameters\u201d [Fluid Phase Equilibria volume 450, 2018 75\u201385](S0378381217302807)(10.1016/j.fluid.2017.07.012)", "ce:pii": "S0378381218301444", "@type": "erratum", "citation-info": {"citation-type": {"@code": "er"}, "citation-language": {"@language": "English", "@xml:lang": "eng"}, "abstract-language": {"@language": "English", "@xml:lang": "eng"}}, "source": {"codencode": "FPEQD", "sourcetitle-abbrev": "Fluid Phase Equilib.", "website": {"ce:e-address": {"$": "https://www.journals.elsevier.com/fluid-phase-equilibria", "@type": "email"}}, "@country": "nld", "translated-sourcetitle": {"$": "Fluid Phase Equilibria", "@xml:lang": "eng"}, "issn": {"$": "03783812", "@type": "print"}, "volisspag": {"voliss": {"@volume": "468"}, "pagerange": {"@first": "70"}}, "@type": "j", "publicationyear": {"@first": "2018"}, "publisher": {"publishername": "Elsevier B.V."}, "sourcetitle": "Fluid Phase Equilibria", "publicationdate": {"month": "07", "year": "2018", "date-text": "25 July 2018", "day": "25"}}, "ce:doi": "10.1016/j.fluid.2018.04.005"}, "citation-info": {"author-keywords": {"author-keyword": [{"$": "Inorganic salts", "@xml:lang": "eng"}, {"$": "Maleic acid", "@xml:lang": "eng"}, {"$": "Model", "@xml:lang": "eng"}, {"$": "Organic solvents", "@xml:lang": "eng"}, {"$": "Solubility data", "@xml:lang": "eng"}, {"$": "Thermodynamics parameters", "@xml:lang": "eng"}]}, "citation-type": {"@code": "tb"}, "citation-language": {"@language": "English", "@xml:lang": "eng"}, "abstract-language": {"@language": "English", "@xml:lang": "eng"}}, "source": {"website": {"ce:e-address": {"$": "https://www.journals.elsevier.com/fluid-phase-equilibria", "@type": "email"}}, "translated-sourcetitle": {"$": "Fluid Phase Equilibria", "@xml:lang": "eng"}, "volisspag": {"voliss": {"@volume": "450"}, "pagerange": {"@first": "75", "@last": "85"}}, "@type": "j", "sourcetitle": "Fluid Phase Equilibria", "publicationdate": {"month": "10", "year": "2017", "date-text": {"@xfab-added": "true", "$": "25 October 2017"}, "day": "25"}, "codencode": "FPEQD", "sourcetitle-abbrev": "Fluid Phase Equilib.", "@country": "nld", "issn": {"$": "03783812", "@type": "print"}, "publicationyear": {"@first": "2017"}, "publisher": {"publishername": "Elsevier B.V."}, "@srcid": "26899"}, "enhancement": {"classificationgroup": {"classifications": [{"@type": "CPXCLASS", "classification": [{"classification-code": "641.1", "classification-description": "Thermodynamics"}, {"classification-code": "801.4", "classification-description": "Physical Chemistry"}, {"classification-code": "804", "classification-description": "Chemical Products Generally"}, {"classification-code": "804.1", "classification-description": "Organic Compounds"}]}, {"@type": "FLXCLASS", "classification": {"classification-code": "902", "classification-description": "FLUIDEX; Related Topics"}}, {"@type": "ASJC", "classification": [{"$": "1500"}, {"$": "3100"}, {"$": "1606"}]}, {"@type": "SUBJABBR", "classification": [{"$": "CENG"}, {"$": "PHYS"}, {"$": "CHEM"}]}]}}, "grantlist": {"@complete": "y", "grant-text": {"$": "We gratefully acknowledge the Thailand Research Fund though the Royal Golden Jubilee Ph.D. Program (Grant No.PHD/0297/2550) for supporting this work. Many thanks also go to the separation laboratory, department of chemical engineering, Chulalongkorn University, Bangkok, Thailand as well as department of organic technology, Slovak University of Technology, Slovakia, for supporting apparatus.", "@xml:lang": "eng"}, "grant": {"grant-id": "PHD/0297/2550", "grant-acronym": "TRF", "grant-agency": {"@iso-code": "tha", "$": "Thailand Research Fund"}, "grant-agency-id": "501100004396"}}}, "item-info": {"copyright": {"$": "Copyright 2021 Elsevier B.V., All rights reserved.", "@type": "Elsevier"}, "dbcollection": [{"$": "CHEM"}, {"$": "CPX"}, {"$": "FLX"}, {"$": "REAXYSCAR"}, {"$": "SCOPUS"}, {"$": "Scopusbase"}], "history": {"date-created": {"@day": "30", "@timestamp": "BST 16:18:15", "@year": "2021", "@month": "03"}}, "itemidlist": {"itemid": [{"$": "617510734", "@idtype": "PUI"}, {"$": "666887973", "@idtype": "CAR-ID"}, {"$": "2017148777", "@idtype": "CHEM"}, {"$": "20173103999415", "@idtype": "CPX"}, {"$": "1294447", "@idtype": "FLX"}, {"$": "20171352445", "@idtype": "REAXYSCAR"}, {"$": "20170072190", "@idtype": "SCOPUS"}, {"$": "85026237542", "@idtype": "SCP"}, {"$": "85026237542", "@idtype": "SGR"}], "ce:pii": "S0378381217302807", "ce:doi": "10.1016/j.fluid.2017.07.012"}}, "tail": {"bibliography": {"@refcount": "68", "reference": [{"ref-fulltext": "Wang, K., Hu, Y., Yang, W., Guo, S., Shi, Y., Measurement and correlation of the solubility of 2,3,4,5-tetrabromothiophene in different solvents. J. Chem. Thermodyn. 55 (2012), 50\u201355.", "@id": "1", "ref-info": {"ref-publicationyear": {"@first": "2012"}, "ref-title": {"ref-titletext": "Measurement and correlation of the solubility of 2,3,4,5-tetrabromothiophene in different solvents"}, "refd-itemidlist": {"itemid": [{"$": "bib1", "@idtype": "FRAGMENTID"}, {"$": "84864059665", "@idtype": "SGR"}]}, "ref-volisspag": {"voliss": {"@volume": "55"}, "pagerange": {"@first": "50", "@last": "55"}}, "ref-authors": {"author": [{"@seq": "1", "ce:initials": "K.", "@_fa": "true", "ce:surname": "Wang", "ce:indexed-name": "Wang K."}, {"@seq": "2", "ce:initials": "Y.", "@_fa": "true", "ce:surname": "Hu", "ce:indexed-name": "Hu Y."}, {"@seq": "3", "ce:initials": "W.", "@_fa": "true", "ce:surname": "Yang", "ce:indexed-name": "Yang W."}, {"@seq": "4", "ce:initials": "S.", "@_fa": "true", "ce:surname": "Guo", "ce:indexed-name": "Guo S."}, {"@seq": "5", "ce:initials": "Y.", "@_fa": "true", "ce:surname": "Shi", "ce:indexed-name": "Shi Y."}]}, "ref-sourcetitle": "J. Chem. Thermodyn."}}, {"ref-fulltext": "Weiss, Downs, Catalytic oxidation of benzene to maleic acid. J. Chem. Educ., 2, 1925, 1178.", "@id": "2", "ref-info": {"ref-publicationyear": {"@first": "1925"}, "ref-title": {"ref-titletext": "Catalytic oxidation of benzene to maleic acid"}, "refd-itemidlist": {"itemid": [{"$": "bib2", "@idtype": "FRAGMENTID"}, {"$": "85026211395", "@idtype": "SGR"}]}, "ref-volisspag": {"voliss": {"@volume": "2"}, "pagerange": {"@first": "1178"}}, "ref-authors": {"author": [{"ce:given-name": "Downs", "@seq": "1", "ce:initials": "D.", "@_fa": "true", "ce:surname": "Weiss", "ce:indexed-name": "Weiss D."}]}, "ref-sourcetitle": "J. Chem. Educ."}}, {"ref-fulltext": "Hino, T., Kato, S., Takiyama, H., The influence of a small amount of maleic acid on crystal deposition phenomena of methacrylic acid in melt crystallization. J. Cryst. Growth 373 (2013), 142\u2013145.", "@id": "3", "ref-info": {"ref-publicationyear": {"@first": "2013"}, "ref-title": {"ref-titletext": "The influence of a small amount of maleic acid on crystal deposition phenomena of methacrylic acid in melt crystallization"}, "refd-itemidlist": {"itemid": [{"$": "bib3", "@idtype": "FRAGMENTID"}, {"$": "84888088599", "@idtype": "SGR"}]}, "ref-volisspag": {"voliss": {"@volume": "373"}, "pagerange": {"@first": "142", "@last": "145"}}, "ref-authors": {"author": [{"@seq": "1", "ce:initials": "T.", "@_fa": "true", "ce:surname": "Hino", "ce:indexed-name": "Hino T."}, {"@seq": "2", "ce:initials": "S.", "@_fa": "true", "ce:surname": "Kato", "ce:indexed-name": "Kato S."}, {"@seq": "3", "ce:initials": "H.", "@_fa": "true", "ce:surname": "Takiyama", "ce:indexed-name": "Takiyama H."}]}, "ref-sourcetitle": "J. Cryst. Growth"}}, {"ref-fulltext": "Luo, Y.-S., Tsai, H.-Y., Chen, H.-C., Wu, C., Shen, L.-C., Chung, W.-S., Chiang, S.-Y., Wu, K.-Y., Study of urinary 2-{[2-(acetylamino-2-carboxyethyl]sulfanyl}butanedioic acid, a mercapturic acid of rats treated with maleic acid. Toxicol. Lett. 236 (2015), 131\u2013137.", "@id": "4", "ref-info": {"ref-publicationyear": {"@first": "2015"}, "ref-title": {"ref-titletext": "Study of urinary 2-{[2-(acetylamino-2-carboxyethyl]sulfanyl}butanedioic acid, a mercapturic acid of rats treated with maleic acid"}, "refd-itemidlist": {"itemid": [{"$": "bib4", "@idtype": "FRAGMENTID"}, {"$": "84929614859", "@idtype": "SGR"}]}, "ref-volisspag": {"voliss": {"@volume": "236"}, "pagerange": {"@first": "131", "@last": "137"}}, "ref-authors": {"author": [{"@seq": "1", "ce:initials": "Y.-S.", "@_fa": "true", "ce:surname": "Luo", "ce:indexed-name": "Luo Y.-S."}, {"@seq": "2", "ce:initials": "H.-Y.", "@_fa": "true", "ce:surname": "Tsai", "ce:indexed-name": "Tsai H.-Y."}, {"@seq": "3", "ce:initials": "H.-C.", "@_fa": "true", "ce:surname": "Chen", "ce:indexed-name": "Chen H.-C."}, {"@seq": "4", "ce:initials": "C.", "@_fa": "true", "ce:surname": "Wu", "ce:indexed-name": "Wu C."}, {"@seq": "5", "ce:initials": "L.-C.", "@_fa": "true", "ce:surname": "Shen", "ce:indexed-name": "Shen L.-C."}, {"@seq": "6", "ce:initials": "W.-S.", "@_fa": "true", "ce:surname": "Chung", "ce:indexed-name": "Chung W.-S."}, {"@seq": "7", "ce:initials": "S.-Y.", "@_fa": "true", "ce:surname": "Chiang", "ce:indexed-name": "Chiang S.-Y."}, {"@seq": "8", "ce:initials": "K.-Y.", "@_fa": "true", "ce:surname": "Wu", "ce:indexed-name": "Wu K.-Y."}]}, "ref-sourcetitle": "Toxicol. Lett."}}, {"ref-fulltext": "Marais, S., Gouanv\u00e9, F., Bonnesoeur, A., Grenet, J., Poncin-Epaillard, F., Morvan, C., M\u00e9tayer, M., Unsaturated polyester composites reinforced with flax fibers: effect of cold plasma and autoclave treatments on mechanical and permeation properties. Compos. Part A Appl. Sci. Manuf. 36 (2005), 975\u2013986.", "@id": "5", "ref-info": {"ref-publicationyear": {"@first": "2005"}, "ref-title": {"ref-titletext": "Unsaturated polyester composites reinforced with flax fibers: effect of cold plasma and autoclave treatments on mechanical and permeation properties"}, "refd-itemidlist": {"itemid": [{"$": "bib5", "@idtype": "FRAGMENTID"}, {"$": "17644422792", "@idtype": "SGR"}]}, "ref-volisspag": {"voliss": {"@volume": "36"}, "pagerange": {"@first": "975", "@last": "986"}}, "ref-authors": {"author": [{"@seq": "1", "ce:initials": "S.", "@_fa": "true", "ce:surname": "Marais", "ce:indexed-name": "Marais S."}, {"@seq": "2", "ce:initials": "F.", "@_fa": "true", "ce:surname": "Gouanv\u00e9", "ce:indexed-name": "Gouanve F."}, {"@seq": "3", "ce:initials": "A.", "@_fa": "true", "ce:surname": "Bonnesoeur", "ce:indexed-name": "Bonnesoeur A."}, {"@seq": "4", "ce:initials": "J.", "@_fa": "true", "ce:surname": "Grenet", "ce:indexed-name": "Grenet J."}, {"@seq": "5", "ce:initials": "F.", "@_fa": "true", "ce:surname": "Poncin-Epaillard", "ce:indexed-name": "Poncin-Epaillard F."}, {"@seq": "6", "ce:initials": "C.", "@_fa": "true", "ce:surname": "Morvan", "ce:indexed-name": "Morvan C."}, {"@seq": "7", "ce:initials": "M.", "@_fa": "true", "ce:surname": "M\u00e9tayer", "ce:indexed-name": "Metayer M."}]}, "ref-sourcetitle": "Compos. Part A Appl. Sci. Manuf."}}, {"ref-fulltext": "Bakr, M.A., Mahmud, A., Morshed, M.G., Maleic acid-butane 1,4-Diol polyester as an enteric coating material. J. Polym. Mater 27 (2010), 49\u201356.", "@id": "6", "ref-info": {"ref-publicationyear": {"@first": "2010"}, "ref-title": {"ref-titletext": "Maleic acid-butane 1,4-Diol polyester as an enteric coating material"}, "refd-itemidlist": {"itemid": [{"$": "bib6", "@idtype": "FRAGMENTID"}, {"$": "77957914005", "@idtype": "SGR"}]}, "ref-volisspag": {"voliss": {"@volume": "27"}, "pagerange": {"@first": "49", "@last": "56"}}, "ref-authors": {"author": [{"@seq": "1", "ce:initials": "M.A.", "@_fa": "true", "ce:surname": "Bakr", "ce:indexed-name": "Bakr M.A."}, {"@seq": "2", "ce:initials": "A.", "@_fa": "true", "ce:surname": "Mahmud", "ce:indexed-name": "Mahmud A."}, {"@seq": "3", "ce:initials": "M.G.", "@_fa": "true", "ce:surname": "Morshed", "ce:indexed-name": "Morshed M.G."}]}, "ref-sourcetitle": "J. Polym. Mater"}}, {"ref-fulltext": "Chatterjee, S., Pedireddi, V.R., Rao, C.N.R., Unexpected isomerization of maleic acid to fumaric acid on co-crystallization with 4,4 '-bipyridine. Tetrahedron Lett. 39 (1998), 2843\u20132846.", "@id": "7", "ref-info": {"ref-publicationyear": {"@first": "1998"}, "ref-title": {"ref-titletext": "Unexpected isomerization of maleic acid to fumaric acid on co-crystallization with 4,4 '-bipyridine"}, "refd-itemidlist": {"itemid": [{"$": "bib7", "@idtype": "FRAGMENTID"}, {"$": "0032580427", "@idtype": "SGR"}]}, "ref-volisspag": {"voliss": {"@volume": "39"}, "pagerange": {"@first": "2843", "@last": "2846"}}, "ref-authors": {"author": [{"@seq": "1", "ce:initials": "S.", "@_fa": "true", "ce:surname": "Chatterjee", "ce:indexed-name": "Chatterjee S."}, {"@seq": "2", "ce:initials": "V.R.", "@_fa": "true", "ce:surname": "Pedireddi", "ce:indexed-name": "Pedireddi V.R."}, {"@seq": "3", "ce:initials": "C.N.R.", "@_fa": "true", "ce:surname": "Rao", "ce:indexed-name": "Rao C.N.R."}]}, "ref-sourcetitle": "Tetrahedron Lett."}}, {"ref-fulltext": "Bui, N.-Q., Geantet, C., Berhault, G., Maleic acid, an efficient additive for the activation of regenerated CoMo/Al2O3 hydrotreating catalysts. J. Catal. 330 (2015), 374\u2013386.", "@id": "8", "ref-info": {"ref-publicationyear": {"@first": "2015"}, "ref-title": {"ref-titletext": "Maleic acid, an efficient additive for the activation of regenerated CoMo/Al2O3 hydrotreating catalysts"}, "refd-itemidlist": {"itemid": [{"$": "bib8", "@idtype": "FRAGMENTID"}, {"$": "84939801295", "@idtype": "SGR"}]}, "ref-volisspag": {"voliss": {"@volume": "330"}, "pagerange": {"@first": "374", "@last": "386"}}, "ref-authors": {"author": [{"@seq": "1", "ce:initials": "N.-Q.", "@_fa": "true", "ce:surname": "Bui", "ce:indexed-name": "Bui N.-Q."}, {"@seq": "2", "ce:initials": "C.", "@_fa": "true", "ce:surname": "Geantet", "ce:indexed-name": "Geantet C."}, {"@seq": "3", "ce:initials": "G.", "@_fa": "true", "ce:surname": "Berhault", "ce:indexed-name": "Berhault G."}]}, "ref-sourcetitle": "J. Catal."}}, {"ref-fulltext": "Qiu, Y.-r., Mao, L.-j., Wang, W.-h., Removal of manganese from waste water by complexation\u2013ultrafiltration using copolymer of maleic acid and acrylic acid. Trans. Nonferrous Metals Soc. China 24 (2014), 1196\u20131201.", "@id": "9", "ref-info": {"ref-publicationyear": {"@first": "2014"}, "ref-title": {"ref-titletext": "Removal of manganese from waste water by complexation\u2013ultrafiltration using copolymer of maleic acid and acrylic acid"}, "refd-itemidlist": {"itemid": [{"$": "bib9", "@idtype": "FRAGMENTID"}, {"$": "84900398540", "@idtype": "SGR"}]}, "ref-volisspag": {"voliss": {"@volume": "24"}, "pagerange": {"@first": "1196", "@last": "1201"}}, "ref-authors": {"author": [{"@seq": "1", "ce:initials": "Y.-R.", "@_fa": "true", "ce:surname": "Qiu", "ce:indexed-name": "Qiu Y.-R."}, {"@seq": "2", "ce:initials": "L.-J.", "@_fa": "true", "ce:surname": "Mao", "ce:indexed-name": "Mao L.-J."}, {"@seq": "3", "ce:initials": "W.-H.", "@_fa": "true", "ce:surname": "Wang", "ce:indexed-name": "Wang W.-H."}]}, "ref-sourcetitle": "Trans. Nonferrous Metals Soc. China"}}, {"ref-fulltext": "Yang, C.Q., Zhang, D., Polymerization of maleic acid and application of poly(maleic acid) as a crosslinking agent for cotton. Abstr. Pap. Am. Chem. S 221 (2001), U444\u2013U445.", "@id": "10", "ref-info": {"ref-publicationyear": {"@first": "2001"}, "ref-title": {"ref-titletext": "Polymerization of maleic acid and application of poly(maleic acid) as a crosslinking agent for cotton"}, "refd-itemidlist": {"itemid": [{"$": "bib10", "@idtype": "FRAGMENTID"}, {"$": "85082095508", "@idtype": "SGR"}]}, "ref-volisspag": {"voliss": {"@volume": "221"}, "pagerange": {"@first": "U444", "@last": "U445"}}, "ref-authors": {"author": [{"@seq": "1", "ce:initials": "C.Q.", "@_fa": "true", "ce:surname": "Yang", "ce:indexed-name": "Yang C.Q."}, {"@seq": "2", "ce:initials": "D.", "@_fa": "true", "ce:surname": "Zhang", "ce:indexed-name": "Zhang D."}]}, "ref-sourcetitle": "Abstr. Pap. Am. Chem. S"}}, {"ref-fulltext": "Chouparova, E., Philp, R.P., Solubility and crystallization behavior of a polywax 1000 hydrocarbon standard in different solvents. Abstr. Pap. Am. Chem. S, 219, 2000 U704\u2013U704.", "@id": "11", "ref-info": {"ref-publicationyear": {"@first": "2000"}, "ref-title": {"ref-titletext": "Solubility and crystallization behavior of a polywax 1000 hydrocarbon standard in different solvents"}, "refd-itemidlist": {"itemid": [{"$": "bib11", "@idtype": "FRAGMENTID"}, {"$": "85026274063", "@idtype": "SGR"}]}, "ref-volisspag": {"voliss": {"@volume": "219"}}, "ref-text": "U704\u2013U704", "ref-authors": {"author": [{"@seq": "1", "ce:initials": "E.", "@_fa": "true", "ce:surname": "Chouparova", "ce:indexed-name": "Chouparova E."}, {"@seq": "2", "ce:initials": "R.P.", "@_fa": "true", "ce:surname": "Philp", "ce:indexed-name": "Philp R.P."}]}, "ref-sourcetitle": "Abstr. Pap. Am. Chem. S"}}, {"ref-fulltext": "Sasaki, S., Okabe, S., Effects of ions on the solubility transition and the phase-separation of N-isopropylacrylamide in water. J. Phys. Chem. B 115 (2011), 12905\u201312910.", "@id": "12", "ref-info": {"ref-publicationyear": {"@first": "2011"}, "ref-title": {"ref-titletext": "Effects of ions on the solubility transition and the phase-separation of N-isopropylacrylamide in water"}, "refd-itemidlist": {"itemid": [{"$": "bib12", "@idtype": "FRAGMENTID"}, {"$": "80455127031", "@idtype": "SGR"}]}, "ref-volisspag": {"voliss": {"@volume": "115"}, "pagerange": {"@first": "12905", "@last": "12910"}}, "ref-authors": {"author": [{"@seq": "1", "ce:initials": "S.", "@_fa": "true", "ce:surname": "Sasaki", "ce:indexed-name": "Sasaki S."}, {"@seq": "2", "ce:initials": "S.", "@_fa": "true", "ce:surname": "Okabe", "ce:indexed-name": "Okabe S."}]}, "ref-sourcetitle": "J. Phys. Chem. B"}}, {"ref-fulltext": "Trickett, M.A., Budd, P., Montgomery, J., Evans, J., An assessment of solubility profiling as a decontamination procedure for the Sr-87/Sr-86 analysis of archaeological human skeletal tissue. Appl. Geochem 18 (2003), 653\u2013658.", "@id": "13", "ref-info": {"ref-publicationyear": {"@first": "2003"}, "ref-title": {"ref-titletext": "An assessment of solubility profiling as a decontamination procedure for the Sr-87/Sr-86 analysis of archaeological human skeletal tissue"}, "refd-itemidlist": {"itemid": [{"$": "bib13", "@idtype": "FRAGMENTID"}, {"$": "0037400561", "@idtype": "SGR"}]}, "ref-volisspag": {"voliss": {"@volume": "18"}, "pagerange": {"@first": "653", "@last": "658"}}, "ref-authors": {"author": [{"@seq": "1", "ce:initials": "M.A.", "@_fa": "true", "ce:surname": "Trickett", "ce:indexed-name": "Trickett M.A."}, {"@seq": "2", "ce:initials": "P.", "@_fa": "true", "ce:surname": "Budd", "ce:indexed-name": "Budd P."}, {"@seq": "3", "ce:initials": "J.", "@_fa": "true", "ce:surname": "Montgomery", "ce:indexed-name": "Montgomery J."}, {"@seq": "4", "ce:initials": "J.", "@_fa": "true", "ce:surname": "Evans", "ce:indexed-name": "Evans J."}]}, "ref-sourcetitle": "Appl. Geochem"}}, {"ref-fulltext": "Al Balkhi, M.H., Mohammad, M.A., Tisserant, L.P., Boitel-Conti, M., Development of a liquid-liquid extraction method of resveratrol from cell culture media using solubility parameters. Sep. Purif. Technol. 170 (2016), 138\u2013145.", "@id": "14", "ref-info": {"ref-publicationyear": {"@first": "2016"}, "ref-title": {"ref-titletext": "Development of a liquid-liquid extraction method of resveratrol from cell culture media using solubility parameters"}, "refd-itemidlist": {"itemid": [{"$": "bib14", "@idtype": "FRAGMENTID"}, {"$": "84976571025", "@idtype": "SGR"}]}, "ref-volisspag": {"voliss": {"@volume": "170"}, "pagerange": {"@first": "138", "@last": "145"}}, "ref-authors": {"author": [{"@seq": "1", "ce:initials": "M.H.", "@_fa": "true", "ce:surname": "Al Balkhi", "ce:indexed-name": "Al Balkhi M.H."}, {"@seq": "2", "ce:initials": "M.A.", "@_fa": "true", "ce:surname": "Mohammad", "ce:indexed-name": "Mohammad M.A."}, {"@seq": "3", "ce:initials": "L.P.", "@_fa": "true", "ce:surname": "Tisserant", "ce:indexed-name": "Tisserant L.P."}, {"@seq": "4", "ce:initials": "M.", "@_fa": "true", "ce:surname": "Boitel-Conti", "ce:indexed-name": "Boitel-Conti M."}]}, "ref-sourcetitle": "Sep. Purif. Technol."}}, {"ref-fulltext": "Seipenbusch, R., Process for the Production of L-malic Acid. Google Patents, 1989.", "@id": "15", "ref-info": {"ref-publicationyear": {"@first": "1989"}, "ref-title": {"ref-titletext": "Process for the Production of L-malic Acid"}, "refd-itemidlist": {"itemid": [{"$": "bib15", "@idtype": "FRAGMENTID"}, {"$": "85026211363", "@idtype": "SGR"}]}, "ref-text": "Google Patents", "ref-authors": {"author": [{"@seq": "1", "ce:initials": "R.", "@_fa": "true", "ce:surname": "Seipenbusch", "ce:indexed-name": "Seipenbusch R."}]}}}, {"ref-fulltext": "Liu, Y., Hou, M., Yang, G., Han, B., Solubility of CO2 in aqueous solutions of NaCl, KCl, CaCl2 and their mixed salts at different temperatures and pressures. J. Supercrit. Fluids 56 (2011), 125\u2013129.", "@id": "16", "ref-info": {"ref-publicationyear": {"@first": "2011"}, "ref-title": {"ref-titletext": "Solubility of CO2 in aqueous solutions of NaCl, KCl, CaCl2 and their mixed salts at different temperatures and pressures"}, "refd-itemidlist": {"itemid": [{"$": "bib16", "@idtype": "FRAGMENTID"}, {"$": "79951958247", "@idtype": "SGR"}]}, "ref-volisspag": {"voliss": {"@volume": "56"}, "pagerange": {"@first": "125", "@last": "129"}}, "ref-authors": {"author": [{"@seq": "1", "ce:initials": "Y.", "@_fa": "true", "ce:surname": "Liu", "ce:indexed-name": "Liu Y."}, {"@seq": "2", "ce:initials": "M.", "@_fa": "true", "ce:surname": "Hou", "ce:indexed-name": "Hou M."}, {"@seq": "3", "ce:initials": "G.", "@_fa": "true", "ce:surname": "Yang", "ce:indexed-name": "Yang G."}, {"@seq": "4", "ce:initials": "B.", "@_fa": "true", "ce:surname": "Han", "ce:indexed-name": "Han B."}]}, "ref-sourcetitle": "J. Supercrit. Fluids"}}, {"ref-fulltext": "Pires, R.F., Franco, M.R. Jr., Solubility of salicylic acid in water + salt (NaCl, KCl, NaBr, Na2SO4 and K2SO4) at 293.5\u2013313.3 K. Fluid Phase Equilibr 330 (2012), 48\u201351.", "@id": "17", "ref-info": {"ref-publicationyear": {"@first": "2012"}, "ref-title": {"ref-titletext": "Solubility of salicylic acid in water + salt (NaCl, KCl, NaBr, Na2SO4 and K2SO4) at 293.5\u2013313.3 K"}, "refd-itemidlist": {"itemid": [{"$": "bib17", "@idtype": "FRAGMENTID"}, {"$": "84864579874", "@idtype": "SGR"}]}, "ref-volisspag": {"voliss": {"@volume": "330"}, "pagerange": {"@first": "48", "@last": "51"}}, "ref-authors": {"author": [{"@seq": "1", "ce:initials": "R.F.", "@_fa": "true", "ce:surname": "Pires", "ce:indexed-name": "Pires R.F."}, {"@seq": "2", "ce:initials": "M.R.", "@_fa": "true", "ce:surname": "Franco", "ce:suffix": "Jr.", "ce:indexed-name": "Franco M.R."}]}, "ref-sourcetitle": "Fluid Phase Equilibr"}}, {"ref-fulltext": "J\u00f6decke, M., P\u00e9rez-Salado Kamps, \u00c1., Maurer, G., An experimental investigation on the influence of NaCl on the solubility of CO2 in (N,N-dimethylmethanamide + water). Fluid Phase Equilibr 334 (2012), 106\u2013116.", "@id": "18", "ref-info": {"ref-publicationyear": {"@first": "2012"}, "ref-title": {"ref-titletext": "An experimental investigation on the influence of NaCl on the solubility of CO2 in (N,N-dimethylmethanamide + water)"}, "refd-itemidlist": {"itemid": [{"$": "bib18", "@idtype": "FRAGMENTID"}, {"$": "84865645880", "@idtype": "SGR"}]}, "ref-volisspag": {"voliss": {"@volume": "334"}, "pagerange": {"@first": "106", "@last": "116"}}, "ref-authors": {"author": [{"@seq": "1", "ce:initials": "M.", "@_fa": "true", "ce:surname": "J\u00f6decke", "ce:indexed-name": "Jodecke M."}, {"@seq": "2", "ce:initials": "\u00c1.", "@_fa": "true", "ce:surname": "P\u00e9rez-Salado Kamps", "ce:indexed-name": "Perez-Salado Kamps A."}, {"@seq": "3", "ce:initials": "G.", "@_fa": "true", "ce:surname": "Maurer", "ce:indexed-name": "Maurer G."}]}, "ref-sourcetitle": "Fluid Phase Equilibr"}}, {"ref-fulltext": "Gao, Y.Q., Simple theory for salt effects on the solubility of amide. J. Phys. Chem. B 116 (2012), 9934\u20139943.", "@id": "19", "ref-info": {"ref-publicationyear": {"@first": "2012"}, "ref-title": {"ref-titletext": "Simple theory for salt effects on the solubility of amide"}, "refd-itemidlist": {"itemid": [{"$": "bib19", "@idtype": "FRAGMENTID"}, {"$": "84871868158", "@idtype": "SGR"}]}, "ref-volisspag": {"voliss": {"@volume": "116"}, "pagerange": {"@first": "9934", "@last": "9943"}}, "ref-authors": {"author": [{"@seq": "1", "ce:initials": "Y.Q.", "@_fa": "true", "ce:surname": "Gao", "ce:indexed-name": "Gao Y.Q."}]}, "ref-sourcetitle": "J. Phys. Chem. B"}}, {"ref-fulltext": "Jia, D.M., Wang, L.S., Shao, X.Z., Li, C.H., Solubility of propanoic acid 3-(hydroxyphenylphosphinyl)-sodium salts in different solvent. Fluid Phase Equilibr 344 (2013), 38\u201344.", "@id": "20", "ref-info": {"ref-publicationyear": {"@first": "2013"}, "ref-title": {"ref-titletext": "Solubility of propanoic acid 3-(hydroxyphenylphosphinyl)-sodium salts in different solvent"}, "refd-itemidlist": {"itemid": [{"$": "bib20", "@idtype": "FRAGMENTID"}, {"$": "84874398821", "@idtype": "SGR"}]}, "ref-volisspag": {"voliss": {"@volume": "344"}, "pagerange": {"@first": "38", "@last": "44"}}, "ref-authors": {"author": [{"@seq": "1", "ce:initials": "D.M.", "@_fa": "true", "ce:surname": "Jia", "ce:indexed-name": "Jia D.M."}, {"@seq": "2", "ce:initials": "L.S.", "@_fa": "true", "ce:surname": "Wang", "ce:indexed-name": "Wang L.S."}, {"@seq": "3", "ce:initials": "X.Z.", "@_fa": "true", "ce:surname": "Shao", "ce:indexed-name": "Shao X.Z."}, {"@seq": "4", "ce:initials": "C.H.", "@_fa": "true", "ce:surname": "Li", "ce:indexed-name": "Li C.H."}]}, "ref-sourcetitle": "Fluid Phase Equilibr"}}, {"ref-fulltext": "Zhang, Y.Q., Guo, F., Cui, Q., Lu, M.Y., Song, X.L., Tang, H.J., Li, Q.S., Measurement and correlation of the solubility of vanillic acid in eight pure and water plus ethanol mixed solvents at temperatures from (293.15 to 323.15) K. J. Chem. Eng. Data 61 (2016), 420\u2013429.", "@id": "21", "ref-info": {"ref-publicationyear": {"@first": "2016"}, "ref-title": {"ref-titletext": "Measurement and correlation of the solubility of vanillic acid in eight pure and water plus ethanol mixed solvents at temperatures from (293.15 to 323.15) K"}, "refd-itemidlist": {"itemid": [{"$": "bib21", "@idtype": "FRAGMENTID"}, {"$": "84955478815", "@idtype": "SGR"}]}, "ref-volisspag": {"voliss": {"@volume": "61"}, "pagerange": {"@first": "420", "@last": "429"}}, "ref-authors": {"author": [{"@seq": "1", "ce:initials": "Y.Q.", "@_fa": "true", "ce:surname": "Zhang", "ce:indexed-name": "Zhang Y.Q."}, {"@seq": "2", "ce:initials": "F.", "@_fa": "true", "ce:surname": "Guo", "ce:indexed-name": "Guo F."}, {"@seq": "3", "ce:initials": "Q.", "@_fa": "true", "ce:surname": "Cui", "ce:indexed-name": "Cui Q."}, {"@seq": "4", "ce:initials": "M.Y.", "@_fa": "true", "ce:surname": "Lu", "ce:indexed-name": "Lu M.Y."}, {"@seq": "5", "ce:initials": "X.L.", "@_fa": "true", "ce:surname": "Song", "ce:indexed-name": "Song X.L."}, {"@seq": "6", "ce:initials": "H.J.", "@_fa": "true", "ce:surname": "Tang", "ce:indexed-name": "Tang H.J."}, {"@seq": "7", "ce:initials": "Q.S.", "@_fa": "true", "ce:surname": "Li", "ce:indexed-name": "Li Q.S."}]}, "ref-sourcetitle": "J. Chem. Eng. Data"}}, {"ref-fulltext": "Roy, S., Guin, P.S., Mahali, K., Dolui, B.K., Amino acid solubility under the influence of NaCl at 298.15 K. J. Mol. Liq. 218 (2016), 316\u2013318.", "@id": "22", "ref-info": {"ref-publicationyear": {"@first": "2016"}, "ref-title": {"ref-titletext": "Amino acid solubility under the influence of NaCl at 298.15 K"}, "refd-itemidlist": {"itemid": [{"$": "bib22", "@idtype": "FRAGMENTID"}, {"$": "84961602262", "@idtype": "SGR"}]}, "ref-volisspag": {"voliss": {"@volume": "218"}, "pagerange": {"@first": "316", "@last": "318"}}, "ref-authors": {"author": [{"@seq": "1", "ce:initials": "S.", "@_fa": "true", "ce:surname": "Roy", "ce:indexed-name": "Roy S."}, {"@seq": "2", "ce:initials": "P.S.", "@_fa": "true", "ce:surname": "Guin", "ce:indexed-name": "Guin P.S."}, {"@seq": "3", "ce:initials": "K.", "@_fa": "true", "ce:surname": "Mahali", "ce:indexed-name": "Mahali K."}, {"@seq": "4", "ce:initials": "B.K.", "@_fa": "true", "ce:surname": "Dolui", "ce:indexed-name": "Dolui B.K."}]}, "ref-sourcetitle": "J. Mol. Liq."}}, {"ref-fulltext": "Wannachod, T., Hronec, M., Sotak, T., Fulajtarova, K., Pancharoen, U., Nootong, K., Influence of salt on the solubility and tie-line data for. Water plus formic acid plus methyl isobutyl ketone at T=298.15 K. J. Chem. Eng. Data 61 (2016), 2433\u20132439.", "@id": "23", "ref-info": {"ref-publicationyear": {"@first": "2016"}, "ref-title": {"ref-titletext": "Influence of salt on the solubility and tie-line data for. Water plus formic acid plus methyl isobutyl ketone at T=298.15 K"}, "refd-itemidlist": {"itemid": [{"$": "bib23", "@idtype": "FRAGMENTID"}, {"$": "84978710889", "@idtype": "SGR"}]}, "ref-volisspag": {"voliss": {"@volume": "61"}, "pagerange": {"@first": "2433", "@last": "2439"}}, "ref-authors": {"author": [{"@seq": "1", "ce:initials": "T.", "@_fa": "true", "ce:surname": "Wannachod", "ce:indexed-name": "Wannachod T."}, {"@seq": "2", "ce:initials": "M.", "@_fa": "true", "ce:surname": "Hronec", "ce:indexed-name": "Hronec M."}, {"@seq": "3", "ce:initials": "T.", "@_fa": "true", "ce:surname": "Sotak", "ce:indexed-name": "Sotak T."}, {"@seq": "4", "ce:initials": "K.", "@_fa": "true", "ce:surname": "Fulajtarova", "ce:indexed-name": "Fulajtarova K."}, {"@seq": "5", "ce:initials": "U.", "@_fa": "true", "ce:surname": "Pancharoen", "ce:indexed-name": "Pancharoen U."}, {"@seq": "6", "ce:initials": "K.", "@_fa": "true", "ce:surname": "Nootong", "ce:indexed-name": "Nootong K."}]}, "ref-sourcetitle": "J. Chem. Eng. Data"}}, {"ref-fulltext": "Sun, X., Peng, B., Yan, W., Measurement and correlation of solubility of trans-resveratrol in 11 solvents at T = (278.2, 288.2, 298.2, 308.2, and 318.2) K. J. Chem. Thermodyn. 40 (2008), 735\u2013738.", "@id": "24", "ref-info": {"ref-publicationyear": {"@first": "2008"}, "ref-title": {"ref-titletext": "Measurement and correlation of solubility of trans-resveratrol in 11 solvents at T = (278.2, 288.2, 298.2, 308.2, and 318.2) K"}, "refd-itemidlist": {"itemid": [{"$": "bib24", "@idtype": "FRAGMENTID"}, {"$": "40949100961", "@idtype": "SGR"}]}, "ref-volisspag": {"voliss": {"@volume": "40"}, "pagerange": {"@first": "735", "@last": "738"}}, "ref-authors": {"author": [{"@seq": "1", "ce:initials": "X.", "@_fa": "true", "ce:surname": "Sun", "ce:indexed-name": "Sun X."}, {"@seq": "2", "ce:initials": "B.", "@_fa": "true", "ce:surname": "Peng", "ce:indexed-name": "Peng B."}, {"@seq": "3", "ce:initials": "W.", "@_fa": "true", "ce:surname": "Yan", "ce:indexed-name": "Yan W."}]}, "ref-sourcetitle": "J. Chem. Thermodyn."}}, {"ref-fulltext": "Baluja, S., Talaviya, R., Experimental determination of solubility of dihydropyridine derivatives in organic solvents at different temperatures: interactions and thermodynamic parameters relating to the solvation process. J. Mol. Liq. 223 (2016), 436\u2013447.", "@id": "25", "ref-info": {"ref-publicationyear": {"@first": "2016"}, "ref-title": {"ref-titletext": "Experimental determination of solubility of dihydropyridine derivatives in organic solvents at different temperatures: interactions and thermodynamic parameters relating to the solvation process"}, "refd-itemidlist": {"itemid": [{"$": "bib25", "@idtype": "FRAGMENTID"}, {"$": "84983552184", "@idtype": "SGR"}]}, "ref-volisspag": {"voliss": {"@volume": "223"}, "pagerange": {"@first": "436", "@last": "447"}}, "ref-authors": {"author": [{"@seq": "1", "ce:initials": "S.", "@_fa": "true", "ce:surname": "Baluja", "ce:indexed-name": "Baluja S."}, {"@seq": "2", "ce:initials": "R.", "@_fa": "true", "ce:surname": "Talaviya", "ce:indexed-name": "Talaviya R."}]}, "ref-sourcetitle": "J. Mol. Liq."}}, {"ref-fulltext": "Bhesaniya, K., Baluja, S., Measurement, correlation, and thermodynamics parameters of biological active pyrimidine derivatives in organic solvents at different temperatures. J. Chem. Eng. Data 59 (2014), 3380\u20133388.", "@id": "26", "ref-info": {"ref-publicationyear": {"@first": "2014"}, "ref-title": {"ref-titletext": "Measurement, correlation, and thermodynamics parameters of biological active pyrimidine derivatives in organic solvents at different temperatures"}, "refd-itemidlist": {"itemid": [{"$": "bib26", "@idtype": "FRAGMENTID"}, {"$": "84920436934", "@idtype": "SGR"}]}, "ref-volisspag": {"voliss": {"@volume": "59"}, "pagerange": {"@first": "3380", "@last": "3388"}}, "ref-authors": {"author": [{"@seq": "1", "ce:initials": "K.", "@_fa": "true", "ce:surname": "Bhesaniya", "ce:indexed-name": "Bhesaniya K."}, {"@seq": "2", "ce:initials": "S.", "@_fa": "true", "ce:surname": "Baluja", "ce:indexed-name": "Baluja S."}]}, "ref-sourcetitle": "J. Chem. Eng. Data"}}, {"ref-fulltext": "Bhesaniya, K.D., Nandha, K., Baluja, S., Measurement, correlation and dissolution thermodynamics of biological active chalcone in organic solvents at different temperatures. J. Chem. Thermodyn. 74 (2014), 32\u201338.", "@id": "27", "ref-info": {"ref-publicationyear": {"@first": "2014"}, "ref-title": {"ref-titletext": "Measurement, correlation and dissolution thermodynamics of biological active chalcone in organic solvents at different temperatures"}, "refd-itemidlist": {"itemid": [{"$": "bib27", "@idtype": "FRAGMENTID"}, {"$": "84899434450", "@idtype": "SGR"}]}, "ref-volisspag": {"voliss": {"@volume": "74"}, "pagerange": {"@first": "32", "@last": "38"}}, "ref-authors": {"author": [{"@seq": "1", "ce:initials": "K.D.", "@_fa": "true", "ce:surname": "Bhesaniya", "ce:indexed-name": "Bhesaniya K.D."}, {"@seq": "2", "ce:initials": "K.", "@_fa": "true", "ce:surname": "Nandha", "ce:indexed-name": "Nandha K."}, {"@seq": "3", "ce:initials": "S.", "@_fa": "true", "ce:surname": "Baluja", "ce:indexed-name": "Baluja S."}]}, "ref-sourcetitle": "J. Chem. Thermodyn."}}, {"ref-fulltext": "Srirachat, W., Wannachod, T., Pancharoen, U., Kheawhom, S., Effect of polarity and temperature on the binary interaction between D2EHPA extractant and organic solvents (kerosene, n-heptane, chlorobenzene and 1-octanol): Experimental and thermodynamics. Fluid Phase Equil. 434 (2017), 117\u2013129.", "@id": "28", "ref-info": {"ref-publicationyear": {"@first": "2017"}, "ref-title": {"ref-titletext": "Effect of polarity and temperature on the binary interaction between D2EHPA extractant and organic solvents (kerosene, n-heptane, chlorobenzene and 1-octanol): Experimental and thermodynamics"}, "refd-itemidlist": {"itemid": [{"$": "bib28", "@idtype": "FRAGMENTID"}, {"$": "85000359968", "@idtype": "SGR"}]}, "ref-volisspag": {"voliss": {"@volume": "434"}, "pagerange": {"@first": "117", "@last": "129"}}, "ref-authors": {"author": [{"@seq": "1", "ce:initials": "W.", "@_fa": "true", "ce:surname": "Srirachat", "ce:indexed-name": "Srirachat W."}, {"@seq": "2", "ce:initials": "T.", "@_fa": "true", "ce:surname": "Wannachod", "ce:indexed-name": "Wannachod T."}, {"@seq": "3", "ce:initials": "U.", "@_fa": "true", "ce:surname": "Pancharoen", "ce:indexed-name": "Pancharoen U."}, {"@seq": "4", "ce:initials": "S.", "@_fa": "true", "ce:surname": "Kheawhom", "ce:indexed-name": "Kheawhom S."}]}, "ref-sourcetitle": "Fluid Phase Equil."}}, {"ref-fulltext": "Josh, M., Esteban, L., Delle Piane, C., Sarout, J., Dewhurst, D.N., Clennell, M.B., Laboratory characterisation of shale properties. J. Petrol Sci. Eng. 88\u201389 (2012), 107\u2013124.", "@id": "29", "ref-info": {"ref-publicationyear": {"@first": "2012"}, "ref-title": {"ref-titletext": "Laboratory characterisation of shale properties"}, "refd-itemidlist": {"itemid": [{"$": "bib29", "@idtype": "FRAGMENTID"}, {"$": "84862266120", "@idtype": "SGR"}]}, "ref-volisspag": {"voliss": {"@volume": "88-89"}, "pagerange": {"@first": "107", "@last": "124"}}, "ref-authors": {"author": [{"@seq": "1", "ce:initials": "M.", "@_fa": "true", "ce:surname": "Josh", "ce:indexed-name": "Josh M."}, {"@seq": "2", "ce:initials": "L.", "@_fa": "true", "ce:surname": "Esteban", "ce:indexed-name": "Esteban L."}, {"@seq": "3", "ce:initials": "C.", "@_fa": "true", "ce:surname": "Delle Piane", "ce:indexed-name": "Delle Piane C."}, {"@seq": "4", "ce:initials": "J.", "@_fa": "true", "ce:surname": "Sarout", "ce:indexed-name": "Sarout J."}, {"@seq": "5", "ce:initials": "D.N.", "@_fa": "true", "ce:surname": "Dewhurst", "ce:indexed-name": "Dewhurst D.N."}, {"@seq": "6", "ce:initials": "M.B.", "@_fa": "true", "ce:surname": "Clennell", "ce:indexed-name": "Clennell M.B."}]}, "ref-sourcetitle": "J. Petrol Sci. Eng."}}, {"ref-fulltext": "Zhang, N., Chen, J., Zhao, H., Shen, W., Zhang, X., Ren, Y., Measurement, correlation of the solubility and solution thermodynamics of 2-cyanoguanidine in (methanol + water) binary solvent systems from T = (283.15 to 343.15) K. J. Chem. Thermodyn. 89 (2015), 233\u2013239.", "@id": "30", "ref-info": {"ref-publicationyear": {"@first": "2015"}, "ref-title": {"ref-titletext": "Measurement, correlation of the solubility and solution thermodynamics of 2-cyanoguanidine in (methanol + water) binary solvent systems from T = (283.15 to 343.15) K"}, "refd-itemidlist": {"itemid": [{"$": "bib30", "@idtype": "FRAGMENTID"}, {"$": "84931266467", "@idtype": "SGR"}]}, "ref-volisspag": {"voliss": {"@volume": "89"}, "pagerange": {"@first": "233", "@last": "239"}}, "ref-authors": {"author": [{"@seq": "1", "ce:initials": "N.", "@_fa": "true", "ce:surname": "Zhang", "ce:indexed-name": "Zhang N."}, {"@seq": "2", "ce:initials": "J.", "@_fa": "true", "ce:surname": "Chen", "ce:indexed-name": "Chen J."}, {"@seq": "3", "ce:initials": "H.", "@_fa": "true", "ce:surname": "Zhao", "ce:indexed-name": "Zhao H."}, {"@seq": "4", "ce:initials": "W.", "@_fa": "true", "ce:surname": "Shen", "ce:indexed-name": "Shen W."}, {"@seq": "5", "ce:initials": "X.", "@_fa": "true", "ce:surname": "Zhang", "ce:indexed-name": "Zhang X."}, {"@seq": "6", "ce:initials": "Y.", "@_fa": "true", "ce:surname": "Ren", "ce:indexed-name": "Ren Y."}]}, "ref-sourcetitle": "J. Chem. Thermodyn."}}, {"ref-fulltext": "Domanska, U., Bogel-Lukasik, E., Solid-liquid equilibria for systems containing 1-butyl-3-methylimidazolium chloride. Fluid Phase Equilibr 218 (2004), 123\u2013129.", "@id": "31", "ref-info": {"ref-publicationyear": {"@first": "2004"}, "ref-title": {"ref-titletext": "Solid-liquid equilibria for systems containing 1-butyl-3-methylimidazolium chloride"}, "refd-itemidlist": {"itemid": [{"$": "bib31", "@idtype": "FRAGMENTID"}, {"$": "1542620672", "@idtype": "SGR"}]}, "ref-volisspag": {"voliss": {"@volume": "218"}, "pagerange": {"@first": "123", "@last": "129"}}, "ref-authors": {"author": [{"@seq": "1", "ce:initials": "U.", "@_fa": "true", "ce:surname": "Domanska", "ce:indexed-name": "Domanska U."}, {"@seq": "2", "ce:initials": "E.", "@_fa": "true", "ce:surname": "Bogel-Lukasik", "ce:indexed-name": "Bogel-Lukasik E."}]}, "ref-sourcetitle": "Fluid Phase Equilibr"}}, {"ref-fulltext": "Domanska, U., Lachwa, J., Gonzalez, J.A., Thermodynamics of binary mixtures containing N-methyl-2-pyrrolidinone VLE measurements for systems with ethers - comparison with the mod. UNIFAC (Do) and DISQUAC models - predictions for VLE, G(m)(E), H-m(E) and SLE. Fluid Phase Equilibr 235 (2005), 182\u2013190.", "@id": "32", "ref-info": {"ref-publicationyear": {"@first": "2005"}, "ref-title": {"ref-titletext": "Thermodynamics of binary mixtures containing N-methyl-2-pyrrolidinone VLE measurements for systems with ethers - comparison with the mod. UNIFAC (Do) and DISQUAC models - predictions for VLE, G(m)(E), H-m(E) and SLE"}, "refd-itemidlist": {"itemid": [{"$": "bib32", "@idtype": "FRAGMENTID"}, {"$": "23844457271", "@idtype": "SGR"}]}, "ref-volisspag": {"voliss": {"@volume": "235"}, "pagerange": {"@first": "182", "@last": "190"}}, "ref-authors": {"author": [{"@seq": "1", "ce:initials": "U.", "@_fa": "true", "ce:surname": "Domanska", "ce:indexed-name": "Domanska U."}, {"@seq": "2", "ce:initials": "J.", "@_fa": "true", "ce:surname": "Lachwa", "ce:indexed-name": "Lachwa J."}, {"@seq": "3", "ce:initials": "J.A.", "@_fa": "true", "ce:surname": "Gonzalez", "ce:indexed-name": "Gonzalez J.A."}]}, "ref-sourcetitle": "Fluid Phase Equilibr"}}, {"ref-fulltext": "Apelblat, A., Manzurola, E., Solubility of oxalic, malonic, succinic, adipic, maleic, malic, citric, and tartaric acids in water from 278.15 to 338.15 K. J. Chem. Thermodyn. 19 (1987), 317\u2013320.", "@id": "33", "ref-info": {"ref-publicationyear": {"@first": "1987"}, "ref-title": {"ref-titletext": "Solubility of oxalic, malonic, succinic, adipic, maleic, malic, citric, and tartaric acids in water from 278.15 to 338.15 K"}, "refd-itemidlist": {"itemid": [{"$": "bib33", "@idtype": "FRAGMENTID"}, {"$": "0000453276", "@idtype": "SGR"}]}, "ref-volisspag": {"voliss": {"@volume": "19"}, "pagerange": {"@first": "317", "@last": "320"}}, "ref-authors": {"author": [{"@seq": "1", "ce:initials": "A.", "@_fa": "true", "ce:surname": "Apelblat", "ce:indexed-name": "Apelblat A."}, {"@seq": "2", "ce:initials": "E.", "@_fa": "true", "ce:surname": "Manzurola", "ce:indexed-name": "Manzurola E."}]}, "ref-sourcetitle": "J. Chem. Thermodyn."}}, {"ref-fulltext": "T.W.G. Solomons, Organic Chemistry, Cram 101 pubishing (EISBN 9781478404248).", "@id": "34", "ref-info": {"refd-itemidlist": {"itemid": [{"$": "9781478404248", "@idtype": "ISBN"}, {"$": "bib34", "@idtype": "FRAGMENTID"}, {"$": "85026197976", "@idtype": "SGR"}]}, "ref-text": "Organic Chemistry, Cram 101 pubishing (EISBN).", "ref-authors": {"author": [{"@seq": "1", "ce:initials": "T.W.G.", "@_fa": "true", "ce:surname": "Solomons", "ce:indexed-name": "Solomons T.W.G."}]}}}, {"ref-fulltext": "Vogel, A., Vogel's Textbook of Practical Organic Chemistry. fifth ed., 1996.", "@id": "35", "ref-info": {"ref-publicationyear": {"@first": "1996"}, "ref-title": {"ref-titletext": "Vogel's Textbook of Practical Organic Chemistry"}, "refd-itemidlist": {"itemid": [{"$": "bib35", "@idtype": "FRAGMENTID"}, {"$": "0040879743", "@idtype": "SGR"}]}, "ref-text": "fifth ed.", "ref-authors": {"author": [{"@seq": "1", "ce:initials": "A.", "@_fa": "true", "ce:surname": "Vogel", "ce:indexed-name": "Vogel A."}]}}}, {"ref-fulltext": "J.G.E.Phillips, Tables of Physical & Chemical Constants Properties of Inorganic Compounds.", "@id": "36", "ref-info": {"refd-itemidlist": {"itemid": [{"$": "bib36", "@idtype": "FRAGMENTID"}, {"$": "85026259158", "@idtype": "SGR"}]}, "ref-text": "Tables of Physical & Chemical Constants Properties of Inorganic Compounds.", "ref-authors": {"author": [{"@seq": "1", "ce:initials": "J.G.E.", "@_fa": "true", "ce:surname": "Phillips", "ce:indexed-name": "Phillips J.G.E."}]}}}, {"ref-fulltext": "Hu, Y.H., Wang, L.L., Meng, Z.B., Yang, W.G., Measurement and correlation of the solubility of maleic acid in acetone-ethyl acetate mixtures. Thermochim. Acta 538 (2012), 75\u201378.", "@id": "37", "ref-info": {"ref-publicationyear": {"@first": "2012"}, "ref-title": {"ref-titletext": "Measurement and correlation of the solubility of maleic acid in acetone-ethyl acetate mixtures"}, "refd-itemidlist": {"itemid": [{"$": "bib37", "@idtype": "FRAGMENTID"}, {"$": "84860448182", "@idtype": "SGR"}]}, "ref-volisspag": {"voliss": {"@volume": "538"}, "pagerange": {"@first": "75", "@last": "78"}}, "ref-authors": {"author": [{"@seq": "1", "ce:initials": "Y.H.", "@_fa": "true", "ce:surname": "Hu", "ce:indexed-name": "Hu Y.H."}, {"@seq": "2", "ce:initials": "L.L.", "@_fa": "true", "ce:surname": "Wang", "ce:indexed-name": "Wang L.L."}, {"@seq": "3", "ce:initials": "Z.B.", "@_fa": "true", "ce:surname": "Meng", "ce:indexed-name": "Meng Z.B."}, {"@seq": "4", "ce:initials": "W.G.", "@_fa": "true", "ce:surname": "Yang", "ce:indexed-name": "Yang W.G."}]}, "ref-sourcetitle": "Thermochim. Acta"}}, {"ref-fulltext": "http://www.sigmaaldrich.com/singapore.html (accessed 2/6/2017)).", "@id": "38", "ref-info": {"ref-website": {"ce:e-address": {"$": "http://www.sigmaaldrich.com/singapore.html", "@type": "email"}}, "refd-itemidlist": {"itemid": [{"$": "bib38", "@idtype": "FRAGMENTID"}, {"$": "85026203807", "@idtype": "SGR"}]}, "ref-text": "(accessed 2/6/2017))."}}, {"ref-fulltext": "Wongkaew, K., Fulajtarova, K., Hronec, M., Mohdee, V., Pancharoen, U., Nootong, K., Measurement of the solubility of the salt of 2-mercaptobenzothiazole with cyclohexylamine and tert-butylamine in various solvents at low temperatures: models and thermodynamic parameters. Fluid Phase Equilibr 434 (2017), 141\u2013151.", "@id": "39", "ref-info": {"ref-publicationyear": {"@first": "2017"}, "ref-title": {"ref-titletext": "Measurement of the solubility of the salt of 2-mercaptobenzothiazole with cyclohexylamine and tert-butylamine in various solvents at low temperatures: models and thermodynamic parameters"}, "refd-itemidlist": {"itemid": [{"$": "bib39", "@idtype": "FRAGMENTID"}, {"$": "85002549355", "@idtype": "SGR"}]}, "ref-volisspag": {"voliss": {"@volume": "434"}, "pagerange": {"@first": "141", "@last": "151"}}, "ref-authors": {"author": [{"@seq": "1", "ce:initials": "K.", "@_fa": "true", "ce:surname": "Wongkaew", "ce:indexed-name": "Wongkaew K."}, {"@seq": "2", "ce:initials": "K.", "@_fa": "true", "ce:surname": "Fulajtarova", "ce:indexed-name": "Fulajtarova K."}, {"@seq": "3", "ce:initials": "M.", "@_fa": "true", "ce:surname": "Hronec", "ce:indexed-name": "Hronec M."}, {"@seq": "4", "ce:initials": "V.", "@_fa": "true", "ce:surname": "Mohdee", "ce:indexed-name": "Mohdee V."}, {"@seq": "5", "ce:initials": "U.", "@_fa": "true", "ce:surname": "Pancharoen", "ce:indexed-name": "Pancharoen U."}, {"@seq": "6", "ce:initials": "K.", "@_fa": "true", "ce:surname": "Nootong", "ce:indexed-name": "Nootong K."}]}, "ref-sourcetitle": "Fluid Phase Equilibr"}}, {"ref-fulltext": "Srirachat, W., Wongsawa, T., Sunsandee, N., Pancharoen, U., Kheawhom, S., Phase equilibrium for ternary liquid systems of water + di-(2-ethylhexyl)phosphoric acid plus organic diluents: thermodynamic study. Fluid Phase Equilibr 401 (2015), 34\u201347.", "@id": "40", "ref-info": {"ref-publicationyear": {"@first": "2015"}, "ref-title": {"ref-titletext": "Phase equilibrium for ternary liquid systems of water + di-(2-ethylhexyl)phosphoric acid plus organic diluents: thermodynamic study"}, "refd-itemidlist": {"itemid": [{"$": "bib40", "@idtype": "FRAGMENTID"}, {"$": "84929466954", "@idtype": "SGR"}]}, "ref-volisspag": {"voliss": {"@volume": "401"}, "pagerange": {"@first": "34", "@last": "47"}}, "ref-authors": {"author": [{"@seq": "1", "ce:initials": "W.", "@_fa": "true", "ce:surname": "Srirachat", "ce:indexed-name": "Srirachat W."}, {"@seq": "2", "ce:initials": "T.", "@_fa": "true", "ce:surname": "Wongsawa", "ce:indexed-name": "Wongsawa T."}, {"@seq": "3", "ce:initials": "N.", "@_fa": "true", "ce:surname": "Sunsandee", "ce:indexed-name": "Sunsandee N."}, {"@seq": "4", "ce:initials": "U.", "@_fa": "true", "ce:surname": "Pancharoen", "ce:indexed-name": "Pancharoen U."}, {"@seq": "5", "ce:initials": "S.", "@_fa": "true", "ce:surname": "Kheawhom", "ce:indexed-name": "Kheawhom S."}]}, "ref-sourcetitle": "Fluid Phase Equilibr"}}, {"ref-fulltext": "Wongkaew, K., Fulajt\u00e1rova, K., Hronec, M., Mohdee, V., Pancharoen, U., Nootong, K., Measurement of the solubility of the salt of 2-mercaptobenzothiazole with cyclohexylamine and tert-butylamine in various solvents at low temperatures: models and thermodynamic parameters. Fluid Phase Equilibr 434 (2017), 141\u2013151.", "@id": "41", "ref-info": {"ref-publicationyear": {"@first": "2017"}, "ref-title": {"ref-titletext": "Measurement of the solubility of the salt of 2-mercaptobenzothiazole with cyclohexylamine and tert-butylamine in various solvents at low temperatures: models and thermodynamic parameters"}, "refd-itemidlist": {"itemid": [{"$": "bib41", "@idtype": "FRAGMENTID"}, {"$": "85002549355", "@idtype": "SGR"}]}, "ref-volisspag": {"voliss": {"@volume": "434"}, "pagerange": {"@first": "141", "@last": "151"}}, "ref-authors": {"author": [{"@seq": "1", "ce:initials": "K.", "@_fa": "true", "ce:surname": "Wongkaew", "ce:indexed-name": "Wongkaew K."}, {"@seq": "2", "ce:initials": "K.", "@_fa": "true", "ce:surname": "Fulajt\u00e1rova", "ce:indexed-name": "Fulajtarova K."}, {"@seq": "3", "ce:initials": "M.", "@_fa": "true", "ce:surname": "Hronec", "ce:indexed-name": "Hronec M."}, {"@seq": "4", "ce:initials": "V.", "@_fa": "true", "ce:surname": "Mohdee", "ce:indexed-name": "Mohdee V."}, {"@seq": "5", "ce:initials": "U.", "@_fa": "true", "ce:surname": "Pancharoen", "ce:indexed-name": "Pancharoen U."}, {"@seq": "6", "ce:initials": "K.", "@_fa": "true", "ce:surname": "Nootong", "ce:indexed-name": "Nootong K."}]}, "ref-sourcetitle": "Fluid Phase Equilibr"}}, {"ref-fulltext": "Sun, F., Kang, H., Zhang, K., Liu, B., Zhang, B., Solubility of chlocyphos in different solvents. Fluid Phase Equilibr 330 (2012), 12\u201316.", "@id": "42", "ref-info": {"ref-publicationyear": {"@first": "2012"}, "ref-title": {"ref-titletext": "Solubility of chlocyphos in different solvents"}, "refd-itemidlist": {"itemid": [{"$": "bib42", "@idtype": "FRAGMENTID"}, {"$": "84863518788", "@idtype": "SGR"}]}, "ref-volisspag": {"voliss": {"@volume": "330"}, "pagerange": {"@first": "12", "@last": "16"}}, "ref-authors": {"author": [{"@seq": "1", "ce:initials": "F.", "@_fa": "true", "ce:surname": "Sun", "ce:indexed-name": "Sun F."}, {"@seq": "2", "ce:initials": "H.", "@_fa": "true", "ce:surname": "Kang", "ce:indexed-name": "Kang H."}, {"@seq": "3", "ce:initials": "K.", "@_fa": "true", "ce:surname": "Zhang", "ce:indexed-name": "Zhang K."}, {"@seq": "4", "ce:initials": "B.", "@_fa": "true", "ce:surname": "Liu", "ce:indexed-name": "Liu B."}, {"@seq": "5", "ce:initials": "B.", "@_fa": "true", "ce:surname": "Zhang", "ce:indexed-name": "Zhang B."}]}, "ref-sourcetitle": "Fluid Phase Equilibr"}}, {"ref-fulltext": "Prapasawat, T., Hronec, M., Stolcova, M., Lothongkum, A.W., Pancharoen, U., Phatanasri, S., Thermodynamic models for determination of the solubility of 2,5-bis(2-furylmethylidene)cyclopentan-1-one in different solvents at temperatures ranging from 308.15 to 403.15 K. Fluid Phase Equilibr 367 (2014), 57\u201362.", "@id": "43", "ref-info": {"ref-publicationyear": {"@first": "2014"}, "ref-title": {"ref-titletext": "Thermodynamic models for determination of the solubility of 2,5-bis(2-furylmethylidene)cyclopentan-1-one in different solvents at temperatures ranging from 308.15 to 403.15 K"}, "refd-itemidlist": {"itemid": [{"$": "bib43", "@idtype": "FRAGMENTID"}, {"$": "84894243313", "@idtype": "SGR"}]}, "ref-volisspag": {"voliss": {"@volume": "367"}, "pagerange": {"@first": "57", "@last": "62"}}, "ref-authors": {"author": [{"@seq": "1", "ce:initials": "T.", "@_fa": "true", "ce:surname": "Prapasawat", "ce:indexed-name": "Prapasawat T."}, {"@seq": "2", "ce:initials": "M.", "@_fa": "true", "ce:surname": "Hronec", "ce:indexed-name": "Hronec M."}, {"@seq": "3", "ce:initials": "M.", "@_fa": "true", "ce:surname": "Stolcova", "ce:indexed-name": "Stolcova M."}, {"@seq": "4", "ce:initials": "A.W.", "@_fa": "true", "ce:surname": "Lothongkum", "ce:indexed-name": "Lothongkum A.W."}, {"@seq": "5", "ce:initials": "U.", "@_fa": "true", "ce:surname": "Pancharoen", "ce:indexed-name": "Pancharoen U."}, {"@seq": "6", "ce:initials": "S.", "@_fa": "true", "ce:surname": "Phatanasri", "ce:indexed-name": "Phatanasri S."}]}, "ref-sourcetitle": "Fluid Phase Equilibr"}}, {"ref-fulltext": "Yu, G.-M., Wang, L.-S., Jiang, L.-K., Sun, J., Solid\u2013liquid equilibrium of diphenyl anilinophosphonate in the different organic solvents. Fluid Phase Equilibr 396 (2015), 50\u201357.", "@id": "44", "ref-info": {"ref-publicationyear": {"@first": "2015"}, "ref-title": {"ref-titletext": "Solid\u2013liquid equilibrium of diphenyl anilinophosphonate in the different organic solvents"}, "refd-itemidlist": {"itemid": [{"$": "bib44", "@idtype": "FRAGMENTID"}, {"$": "84925771549", "@idtype": "SGR"}]}, "ref-volisspag": {"voliss": {"@volume": "396"}, "pagerange": {"@first": "50", "@last": "57"}}, "ref-authors": {"author": [{"@seq": "1", "ce:initials": "G.-M.", "@_fa": "true", "ce:surname": "Yu", "ce:indexed-name": "Yu G.-M."}, {"@seq": "2", "ce:initials": "L.-S.", "@_fa": "true", "ce:surname": "Wang", "ce:indexed-name": "Wang L.-S."}, {"@seq": "3", "ce:initials": "L.-K.", "@_fa": "true", "ce:surname": "Jiang", "ce:indexed-name": "Jiang L.-K."}, {"@seq": "4", "ce:initials": "J.", "@_fa": "true", "ce:surname": "Sun", "ce:indexed-name": "Sun J."}]}, "ref-sourcetitle": "Fluid Phase Equilibr"}}, {"ref-fulltext": "Al-Sharrah, G.K., Ali, S.H., Fahim, M.A., Solubility of anthracene in two binary solvents containing toluene. Fluid Phase Equilibr 193 (2002), 191\u2013201.", "@id": "45", "ref-info": {"ref-publicationyear": {"@first": "2002"}, "ref-title": {"ref-titletext": "Solubility of anthracene in two binary solvents containing toluene"}, "refd-itemidlist": {"itemid": [{"$": "bib45", "@idtype": "FRAGMENTID"}, {"$": "0037196256", "@idtype": "SGR"}]}, "ref-volisspag": {"voliss": {"@volume": "193"}, "pagerange": {"@first": "191", "@last": "201"}}, "ref-authors": {"author": [{"@seq": "1", "ce:initials": "G.K.", "@_fa": "true", "ce:surname": "Al-Sharrah", "ce:indexed-name": "Al-Sharrah G.K."}, {"@seq": "2", "ce:initials": "S.H.", "@_fa": "true", "ce:surname": "Ali", "ce:indexed-name": "Ali S.H."}, {"@seq": "3", "ce:initials": "M.A.", "@_fa": "true", "ce:surname": "Fahim", "ce:indexed-name": "Fahim M.A."}]}, "ref-sourcetitle": "Fluid Phase Equilibr"}}, {"ref-fulltext": "Egorov, V.M., Smirnova, S.V., Pletnev, I.V., Highly efficient extraction of phenols and aromatic amines into novel ionic liquids incorporating quaternary ammonium cation. Sep. Purif. Technol. 63 (2008), 710\u2013715.", "@id": "46", "ref-info": {"ref-publicationyear": {"@first": "2008"}, "ref-title": {"ref-titletext": "Highly efficient extraction of phenols and aromatic amines into novel ionic liquids incorporating quaternary ammonium cation"}, "refd-itemidlist": {"itemid": [{"$": "bib46", "@idtype": "FRAGMENTID"}, {"$": "53949105232", "@idtype": "SGR"}]}, "ref-volisspag": {"voliss": {"@volume": "63"}, "pagerange": {"@first": "710", "@last": "715"}}, "ref-authors": {"author": [{"@seq": "1", "ce:initials": "V.M.", "@_fa": "true", "ce:surname": "Egorov", "ce:indexed-name": "Egorov V.M."}, {"@seq": "2", "ce:initials": "S.V.", "@_fa": "true", "ce:surname": "Smirnova", "ce:indexed-name": "Smirnova S.V."}, {"@seq": "3", "ce:initials": "I.V.", "@_fa": "true", "ce:surname": "Pletnev", "ce:indexed-name": "Pletnev I.V."}]}, "ref-sourcetitle": "Sep. Purif. Technol."}}, {"ref-fulltext": "Ma, Z., Zaera, F., Role of the solvent in the adsorption-desorption equilibrium of cinchona alkaloids between solution and a platinum surface: correlations among solvent polarity, cinchona solubility, and catalytic performance. J. Phys. Chem. B 109 (2005), 406\u2013414.", "@id": "47", "ref-info": {"ref-publicationyear": {"@first": "2005"}, "ref-title": {"ref-titletext": "Role of the solvent in the adsorption-desorption equilibrium of cinchona alkaloids between solution and a platinum surface: correlations among solvent polarity, cinchona solubility, and catalytic performance"}, "refd-itemidlist": {"itemid": [{"$": "bib47", "@idtype": "FRAGMENTID"}, {"$": "12344289549", "@idtype": "SGR"}]}, "ref-volisspag": {"voliss": {"@volume": "109"}, "pagerange": {"@first": "406", "@last": "414"}}, "ref-authors": {"author": [{"@seq": "1", "ce:initials": "Z.", "@_fa": "true", "ce:surname": "Ma", "ce:indexed-name": "Ma Z."}, {"@seq": "2", "ce:initials": "F.", "@_fa": "true", "ce:surname": "Zaera", "ce:indexed-name": "Zaera F."}]}, "ref-sourcetitle": "J. Phys. Chem. B"}}, {"ref-fulltext": "Rawn, R.J.O.J.D., Organic Chemistry Study Guide: Key Concepts, Problems, and Solutions. 2015.", "@id": "48", "ref-info": {"ref-publicationyear": {"@first": "2015"}, "ref-title": {"ref-titletext": "Organic Chemistry Study Guide: Key Concepts, Problems, and Solutions"}, "refd-itemidlist": {"itemid": [{"$": "bib48", "@idtype": "FRAGMENTID"}, {"$": "85026265379", "@idtype": "SGR"}]}, "ref-authors": {"author": [{"@seq": "1", "ce:initials": "R.J.O.J.D.", "@_fa": "true", "ce:surname": "Rawn", "ce:indexed-name": "Rawn R.J.O.J.D."}]}}}, {"ref-fulltext": "Deive, F.J., Rodriguez, A., (Liquid plus liquid) equilibrium of aqueous biphasic systems composed of 1-benzyl or 1-hexyl-3-methylimidazolium chloride ionic liquids and inorganic salts. J. Chem. Thermodyn. 54 (2012), 272\u2013277.", "@id": "49", "ref-info": {"ref-publicationyear": {"@first": "2012"}, "ref-title": {"ref-titletext": "(Liquid plus liquid) equilibrium of aqueous biphasic systems composed of 1-benzyl or 1-hexyl-3-methylimidazolium chloride ionic liquids and inorganic salts"}, "refd-itemidlist": {"itemid": [{"$": "bib49", "@idtype": "FRAGMENTID"}, {"$": "84863718275", "@idtype": "SGR"}]}, "ref-volisspag": {"voliss": {"@volume": "54"}, "pagerange": {"@first": "272", "@last": "277"}}, "ref-authors": {"author": [{"@seq": "1", "ce:initials": "F.J.", "@_fa": "true", "ce:surname": "Deive", "ce:indexed-name": "Deive F.J."}, {"@seq": "2", "ce:initials": "A.", "@_fa": "true", "ce:surname": "Rodriguez", "ce:indexed-name": "Rodriguez A."}]}, "ref-sourcetitle": "J. Chem. Thermodyn."}}, {"ref-fulltext": "Zhang, L., Tan, H.M., Fesinmeyer, R.M., Li, C., Catrone, D., Le, D., Remmele, R.L., Zhang, J.F., Antibody solubility behavior in monovalent salt solutions reveals specific anion effects at low ionic strength. J. Pharm. Sci-Us 101 (2012), 965\u2013977.", "@id": "50", "ref-info": {"ref-publicationyear": {"@first": "2012"}, "ref-title": {"ref-titletext": "Antibody solubility behavior in monovalent salt solutions reveals specific anion effects at low ionic strength"}, "refd-itemidlist": {"itemid": [{"$": "bib50", "@idtype": "FRAGMENTID"}, {"$": "84855901823", "@idtype": "SGR"}]}, "ref-volisspag": {"voliss": {"@volume": "101"}, "pagerange": {"@first": "965", "@last": "977"}}, "ref-authors": {"author": [{"@seq": "1", "ce:initials": "L.", "@_fa": "true", "ce:surname": "Zhang", "ce:indexed-name": "Zhang L."}, {"@seq": "2", "ce:initials": "H.M.", "@_fa": "true", "ce:surname": "Tan", "ce:indexed-name": "Tan H.M."}, {"@seq": "3", "ce:initials": "R.M.", "@_fa": "true", "ce:surname": "Fesinmeyer", "ce:indexed-name": "Fesinmeyer R.M."}, {"@seq": "4", "ce:initials": "C.", "@_fa": "true", "ce:surname": "Li", "ce:indexed-name": "Li C."}, {"@seq": "5", "ce:initials": "D.", "@_fa": "true", "ce:surname": "Catrone", "ce:indexed-name": "Catrone D."}, {"@seq": "6", "ce:initials": "D.", "@_fa": "true", "ce:surname": "Le", "ce:indexed-name": "Le D."}, {"@seq": "7", "ce:initials": "R.L.", "@_fa": "true", "ce:surname": "Remmele", "ce:indexed-name": "Remmele R.L."}, {"@seq": "8", "ce:initials": "J.F.", "@_fa": "true", "ce:surname": "Zhang", "ce:indexed-name": "Zhang J.F."}]}, "ref-sourcetitle": "J. Pharm. Sci-Us"}}, {"ref-fulltext": "Kondepudi, I.P.D.K., Modern Thermodynamics. 2002, John Wiley, New York.", "@id": "51", "ref-info": {"ref-publicationyear": {"@first": "2002"}, "ref-title": {"ref-titletext": "Modern Thermodynamics"}, "refd-itemidlist": {"itemid": [{"$": "bib51", "@idtype": "FRAGMENTID"}, {"$": "0004294864", "@idtype": "SGR"}]}, "ref-text": "John Wiley New York", "ref-authors": {"author": [{"@seq": "1", "ce:initials": "I.P.D.K.", "@_fa": "true", "ce:surname": "Kondepudi", "ce:indexed-name": "Kondepudi I.P.D.K."}]}}}, {"ref-fulltext": "Sunsandee, N., Hronec, M., Stolcova, M., Leepipatpiboon, N., Pancharoen, U., Thermodynamics of the solubility of 4-acetylbenzoic acid in different solvents from 303.15 to 473.15 K. J. Mol. Liq. 180 (2013), 252\u2013259.", "@id": "52", "ref-info": {"ref-publicationyear": {"@first": "2013"}, "ref-title": {"ref-titletext": "Thermodynamics of the solubility of 4-acetylbenzoic acid in different solvents from 303.15 to 473.15 K"}, "refd-itemidlist": {"itemid": [{"$": "bib52", "@idtype": "FRAGMENTID"}, {"$": "84874439201", "@idtype": "SGR"}]}, "ref-volisspag": {"voliss": {"@volume": "180"}, "pagerange": {"@first": "252", "@last": "259"}}, "ref-authors": {"author": [{"@seq": "1", "ce:initials": "N.", "@_fa": "true", "ce:surname": "Sunsandee", "ce:indexed-name": "Sunsandee N."}, {"@seq": "2", "ce:initials": "M.", "@_fa": "true", "ce:surname": "Hronec", "ce:indexed-name": "Hronec M."}, {"@seq": "3", "ce:initials": "M.", "@_fa": "true", "ce:surname": "Stolcova", "ce:indexed-name": "Stolcova M."}, {"@seq": "4", "ce:initials": "N.", "@_fa": "true", "ce:surname": "Leepipatpiboon", "ce:indexed-name": "Leepipatpiboon N."}, {"@seq": "5", "ce:initials": "U.", "@_fa": "true", "ce:surname": "Pancharoen", "ce:indexed-name": "Pancharoen U."}]}, "ref-sourcetitle": "J. Mol. Liq."}}, {"ref-fulltext": "Noubigh, A., Aydi, A., Mgaidi, A., Abderrabba, M., Measurement and correlation of the solubility of gallic acid in methanol plus water systems from (293.15 to 318.15) K. J. Mol. Liq. 187 (2013), 226\u2013229.", "@id": "53", "ref-info": {"ref-publicationyear": {"@first": "2013"}, "ref-title": {"ref-titletext": "Measurement and correlation of the solubility of gallic acid in methanol plus water systems from (293.15 to 318.15) K"}, "refd-itemidlist": {"itemid": [{"$": "bib53", "@idtype": "FRAGMENTID"}, {"$": "84883249281", "@idtype": "SGR"}]}, "ref-volisspag": {"voliss": {"@volume": "187"}, "pagerange": {"@first": "226", "@last": "229"}}, "ref-authors": {"author": [{"@seq": "1", "ce:initials": "A.", "@_fa": "true", "ce:surname": "Noubigh", "ce:indexed-name": "Noubigh A."}, {"@seq": "2", "ce:initials": "A.", "@_fa": "true", "ce:surname": "Aydi", "ce:indexed-name": "Aydi A."}, {"@seq": "3", "ce:initials": "A.", "@_fa": "true", "ce:surname": "Mgaidi", "ce:indexed-name": "Mgaidi A."}, {"@seq": "4", "ce:initials": "M.", "@_fa": "true", "ce:surname": "Abderrabba", "ce:indexed-name": "Abderrabba M."}]}, "ref-sourcetitle": "J. Mol. Liq."}}, {"ref-fulltext": "Manzurola, A.A.E., J. Chem. Thermodyn. 34 (2002), 1127\u20131136.", "@id": "54", "ref-info": {"ref-publicationyear": {"@first": "2002"}, "refd-itemidlist": {"itemid": [{"$": "bib54", "@idtype": "FRAGMENTID"}, {"$": "0035982479", "@idtype": "SGR"}]}, "ref-volisspag": {"voliss": {"@volume": "34"}, "pagerange": {"@first": "1127", "@last": "1136"}}, "ref-authors": {"author": [{"@seq": "1", "ce:initials": "A.A.E.", "@_fa": "true", "ce:surname": "Manzurola", "ce:indexed-name": "Manzurola A.A.E."}]}, "ref-sourcetitle": "J. Chem. Thermodyn."}}, {"ref-fulltext": "Yu, G.M., Wang, L.S., Jiang, L.K., Sun, J., Solid-liquid equilibrium of diphenyl anilinophosphonate in the different organic solvents. Fluid Phase Equilibr 396 (2015), 50\u201357.", "@id": "55", "ref-info": {"ref-publicationyear": {"@first": "2015"}, "ref-title": {"ref-titletext": "Solid-liquid equilibrium of diphenyl anilinophosphonate in the different organic solvents"}, "refd-itemidlist": {"itemid": [{"$": "bib55", "@idtype": "FRAGMENTID"}, {"$": "84925771549", "@idtype": "SGR"}]}, "ref-volisspag": {"voliss": {"@volume": "396"}, "pagerange": {"@first": "50", "@last": "57"}}, "ref-authors": {"author": [{"@seq": "1", "ce:initials": "G.M.", "@_fa": "true", "ce:surname": "Yu", "ce:indexed-name": "Yu G.M."}, {"@seq": "2", "ce:initials": "L.S.", "@_fa": "true", "ce:surname": "Wang", "ce:indexed-name": "Wang L.S."}, {"@seq": "3", "ce:initials": "L.K.", "@_fa": "true", "ce:surname": "Jiang", "ce:indexed-name": "Jiang L.K."}, {"@seq": "4", "ce:initials": "J.", "@_fa": "true", "ce:surname": "Sun", "ce:indexed-name": "Sun J."}]}, "ref-sourcetitle": "Fluid Phase Equilibr"}}, {"ref-fulltext": "Chen, J.X., Ge, Y.Y., Pu, Y.P., He, N.F., Xi, Y., Solubility and thermodynamic behavior of veramoss in different pure solvents and {ethanol plus water} mixtures from T=283.15 to 333.15 K. J. Chem. Eng. Data 62 (2017), 292\u2013302.", "@id": "56", "ref-info": {"ref-publicationyear": {"@first": "2017"}, "ref-title": {"ref-titletext": "Solubility and thermodynamic behavior of veramoss in different pure solvents and {ethanol plus water} mixtures from T=283.15 to 333.15 K"}, "refd-itemidlist": {"itemid": [{"$": "bib56", "@idtype": "FRAGMENTID"}, {"$": "85027559096", "@idtype": "SGR"}]}, "ref-volisspag": {"voliss": {"@volume": "62"}, "pagerange": {"@first": "292", "@last": "302"}}, "ref-authors": {"author": [{"@seq": "1", "ce:initials": "J.X.", "@_fa": "true", "ce:surname": "Chen", "ce:indexed-name": "Chen J.X."}, {"@seq": "2", "ce:initials": "Y.Y.", "@_fa": "true", "ce:surname": "Ge", "ce:indexed-name": "Ge Y.Y."}, {"@seq": "3", "ce:initials": "Y.P.", "@_fa": "true", "ce:surname": "Pu", "ce:indexed-name": "Pu Y.P."}, {"@seq": "4", "ce:initials": "N.F.", "@_fa": "true", "ce:surname": "He", "ce:indexed-name": "He N.F."}, {"@seq": "5", "ce:initials": "Y.", "@_fa": "true", "ce:surname": "Xi", "ce:indexed-name": "Xi Y."}]}, "ref-sourcetitle": "J. Chem. Eng. Data"}}, {"ref-fulltext": "Li, S.Y., Jiang, L.J., Qiu, J.X., Wang, P., Solubility and solution thermodynamics of the delta form of l-citrulline in water plus ethanol binary solvent mixtures. J. Chem. Eng. Data 61 (2016), 264\u2013271.", "@id": "57", "ref-info": {"ref-publicationyear": {"@first": "2016"}, "ref-title": {"ref-titletext": "Solubility and solution thermodynamics of the delta form of l-citrulline in water plus ethanol binary solvent mixtures"}, "refd-itemidlist": {"itemid": [{"$": "bib57", "@idtype": "FRAGMENTID"}, {"$": "84955460334", "@idtype": "SGR"}]}, "ref-volisspag": {"voliss": {"@volume": "61"}, "pagerange": {"@first": "264", "@last": "271"}}, "ref-authors": {"author": [{"@seq": "1", "ce:initials": "S.Y.", "@_fa": "true", "ce:surname": "Li", "ce:indexed-name": "Li S.Y."}, {"@seq": "2", "ce:initials": "L.J.", "@_fa": "true", "ce:surname": "Jiang", "ce:indexed-name": "Jiang L.J."}, {"@seq": "3", "ce:initials": "J.X.", "@_fa": "true", "ce:surname": "Qiu", "ce:indexed-name": "Qiu J.X."}, {"@seq": "4", "ce:initials": "P.", "@_fa": "true", "ce:surname": "Wang", "ce:indexed-name": "Wang P."}]}, "ref-sourcetitle": "J. Chem. Eng. Data"}}, {"ref-fulltext": "Wu, G., Hu, Y.H., Gu, P.F., Yang, W.G., Ding, Z.W., Wang, C.X., Qiant, Y.G., Solubility and solution thermodynamics of gibberellin A(4) in different organic solvents from 278.15 K to 333.15 K. J. Chem. Eng. Data 60 (2015), 2104\u20132109.", "@id": "58", "ref-info": {"ref-publicationyear": {"@first": "2015"}, "ref-title": {"ref-titletext": "Solubility and solution thermodynamics of gibberellin A(4) in different organic solvents from 278.15 K to 333.15 K"}, "refd-itemidlist": {"itemid": [{"$": "bib58", "@idtype": "FRAGMENTID"}, {"$": "84937402663", "@idtype": "SGR"}]}, "ref-volisspag": {"voliss": {"@volume": "60"}, "pagerange": {"@first": "2104", "@last": "2109"}}, "ref-authors": {"author": [{"@seq": "1", "ce:initials": "G.", "@_fa": "true", "ce:surname": "Wu", "ce:indexed-name": "Wu G."}, {"@seq": "2", "ce:initials": "Y.H.", "@_fa": "true", "ce:surname": "Hu", "ce:indexed-name": "Hu Y.H."}, {"@seq": "3", "ce:initials": "P.F.", "@_fa": "true", "ce:surname": "Gu", "ce:indexed-name": "Gu P.F."}, {"@seq": "4", "ce:initials": "W.G.", "@_fa": "true", "ce:surname": "Yang", "ce:indexed-name": "Yang W.G."}, {"@seq": "5", "ce:initials": "Z.W.", "@_fa": "true", "ce:surname": "Ding", "ce:indexed-name": "Ding Z.W."}, {"@seq": "6", "ce:initials": "C.X.", "@_fa": "true", "ce:surname": "Wang", "ce:indexed-name": "Wang C.X."}, {"@seq": "7", "ce:initials": "Y.G.", "@_fa": "true", "ce:surname": "Qiant", "ce:indexed-name": "Qiant Y.G."}]}, "ref-sourcetitle": "J. Chem. Eng. Data"}}, {"ref-fulltext": "Saien, J., Norouzi, M., Dehghani, H., The choice of solvent and liquid\u2013liquid equilibrium for ternary water + 2-methylaziridine + chloroform system: experimental data and modeling. Fluid Phase Equilibr 338 (2013), 224\u2013231.", "@id": "59", "ref-info": {"ref-publicationyear": {"@first": "2013"}, "ref-title": {"ref-titletext": "The choice of solvent and liquid\u2013liquid equilibrium for ternary water + 2-methylaziridine + chloroform system: experimental data and modeling"}, "refd-itemidlist": {"itemid": [{"$": "bib59", "@idtype": "FRAGMENTID"}, {"$": "84870918691", "@idtype": "SGR"}]}, "ref-volisspag": {"voliss": {"@volume": "338"}, "pagerange": {"@first": "224", "@last": "231"}}, "ref-authors": {"author": [{"@seq": "1", "ce:initials": "J.", "@_fa": "true", "ce:surname": "Saien", "ce:indexed-name": "Saien J."}, {"@seq": "2", "ce:initials": "M.", "@_fa": "true", "ce:surname": "Norouzi", "ce:indexed-name": "Norouzi M."}, {"@seq": "3", "ce:initials": "H.", "@_fa": "true", "ce:surname": "Dehghani", "ce:indexed-name": "Dehghani H."}]}, "ref-sourcetitle": "Fluid Phase Equilibr"}}, {"ref-fulltext": "Zhu, L., Wang, L.Y., Li, X.C., Sha, Z.L., Wang, Y.F., Yang, L.B., Experimental determination and correlation of the solubility of 4-hydroxy-2,5-dimethyl-3(2H)-furanone (DMHF) in six different solvents. J. Chem. Thermodyn. 91 (2015), 369\u2013377.", "@id": "60", "ref-info": {"ref-publicationyear": {"@first": "2015"}, "ref-title": {"ref-titletext": "Experimental determination and correlation of the solubility of 4-hydroxy-2,5-dimethyl-3(2H)-furanone (DMHF) in six different solvents"}, "refd-itemidlist": {"itemid": [{"$": "bib60", "@idtype": "FRAGMENTID"}, {"$": "84940671539", "@idtype": "SGR"}]}, "ref-volisspag": {"voliss": {"@volume": "91"}, "pagerange": {"@first": "369", "@last": "377"}}, "ref-authors": {"author": [{"@seq": "1", "ce:initials": "L.", "@_fa": "true", "ce:surname": "Zhu", "ce:indexed-name": "Zhu L."}, {"@seq": "2", "ce:initials": "L.Y.", "@_fa": "true", "ce:surname": "Wang", "ce:indexed-name": "Wang L.Y."}, {"@seq": "3", "ce:initials": "X.C.", "@_fa": "true", "ce:surname": "Li", "ce:indexed-name": "Li X.C."}, {"@seq": "4", "ce:initials": "Z.L.", "@_fa": "true", "ce:surname": "Sha", "ce:indexed-name": "Sha Z.L."}, {"@seq": "5", "ce:initials": "Y.F.", "@_fa": "true", "ce:surname": "Wang", "ce:indexed-name": "Wang Y.F."}, {"@seq": "6", "ce:initials": "L.B.", "@_fa": "true", "ce:surname": "Yang", "ce:indexed-name": "Yang L.B."}]}, "ref-sourcetitle": "J. Chem. Thermodyn."}}, {"ref-fulltext": "Guo, C.L., Li, L.J., Cheng, J.Y., Zhang, J.L., Li, W., Solubility of caprolactam in different organic solvents. Fluid Phase Equilibr 319 (2012), 9\u201315.", "@id": "61", "ref-info": {"ref-publicationyear": {"@first": "2012"}, "ref-title": {"ref-titletext": "Solubility of caprolactam in different organic solvents"}, "refd-itemidlist": {"itemid": [{"$": "bib61", "@idtype": "FRAGMENTID"}, {"$": "84862820714", "@idtype": "SGR"}]}, "ref-volisspag": {"voliss": {"@volume": "319"}, "pagerange": {"@first": "9", "@last": "15"}}, "ref-authors": {"author": [{"@seq": "1", "ce:initials": "C.L.", "@_fa": "true", "ce:surname": "Guo", "ce:indexed-name": "Guo C.L."}, {"@seq": "2", "ce:initials": "L.J.", "@_fa": "true", "ce:surname": "Li", "ce:indexed-name": "Li L.J."}, {"@seq": "3", "ce:initials": "J.Y.", "@_fa": "true", "ce:surname": "Cheng", "ce:indexed-name": "Cheng J.Y."}, {"@seq": "4", "ce:initials": "J.L.", "@_fa": "true", "ce:surname": "Zhang", "ce:indexed-name": "Zhang J.L."}, {"@seq": "5", "ce:initials": "W.", "@_fa": "true", "ce:surname": "Li", "ce:indexed-name": "Li W."}]}, "ref-sourcetitle": "Fluid Phase Equilibr"}}, {"ref-fulltext": "Wu, C., Li, J., Dong, H., Jiang, J., Solubility of 1,3-dimethyl-1,1,3,3-tetraphenyldisiloxane in different solvents from (288.15 to 313.15) K. Thermochim. Acta 543 (2012), 24\u201331.", "@id": "62", "ref-info": {"ref-publicationyear": {"@first": "2012"}, "ref-title": {"ref-titletext": "Solubility of 1,3-dimethyl-1,1,3,3-tetraphenyldisiloxane in different solvents from (288.15 to 313.15) K"}, "refd-itemidlist": {"itemid": [{"$": "bib62", "@idtype": "FRAGMENTID"}, {"$": "84863725172", "@idtype": "SGR"}]}, "ref-volisspag": {"voliss": {"@volume": "543"}, "pagerange": {"@first": "24", "@last": "31"}}, "ref-authors": {"author": [{"@seq": "1", "ce:initials": "C.", "@_fa": "true", "ce:surname": "Wu", "ce:indexed-name": "Wu C."}, {"@seq": "2", "ce:initials": "J.", "@_fa": "true", "ce:surname": "Li", "ce:indexed-name": "Li J."}, {"@seq": "3", "ce:initials": "H.", "@_fa": "true", "ce:surname": "Dong", "ce:indexed-name": "Dong H."}, {"@seq": "4", "ce:initials": "J.", "@_fa": "true", "ce:surname": "Jiang", "ce:indexed-name": "Jiang J."}]}, "ref-sourcetitle": "Thermochim. Acta"}}, {"ref-fulltext": "Hong, M.H., Wu, S.W., Qi, M.H., Ren, G.B., Solubility correlation and thermodynamic analysis of two forms of Metaxalone in different pure solvents. Fluid Phase Equilibr 409 (2016), 1\u20136.", "@id": "63", "ref-info": {"ref-publicationyear": {"@first": "2016"}, "ref-title": {"ref-titletext": "Solubility correlation and thermodynamic analysis of two forms of Metaxalone in different pure solvents"}, "refd-itemidlist": {"itemid": [{"$": "bib63", "@idtype": "FRAGMENTID"}, {"$": "84941892088", "@idtype": "SGR"}]}, "ref-volisspag": {"voliss": {"@volume": "409"}, "pagerange": {"@first": "1", "@last": "6"}}, "ref-authors": {"author": [{"@seq": "1", "ce:initials": "M.H.", "@_fa": "true", "ce:surname": "Hong", "ce:indexed-name": "Hong M.H."}, {"@seq": "2", "ce:initials": "S.W.", "@_fa": "true", "ce:surname": "Wu", "ce:indexed-name": "Wu S.W."}, {"@seq": "3", "ce:initials": "M.H.", "@_fa": "true", "ce:surname": "Qi", "ce:indexed-name": "Qi M.H."}, {"@seq": "4", "ce:initials": "G.B.", "@_fa": "true", "ce:surname": "Ren", "ce:indexed-name": "Ren G.B."}]}, "ref-sourcetitle": "Fluid Phase Equilibr"}}, {"ref-fulltext": "Kai, Y.M., Hu, Y.H., Cao, Z., Liu, X., Liu, Y., Yang, W.G., Measurement and correlation solubility and mixing properties of L-malic acid in pure and mixed organic solvents. Fluid Phase Equilibr 360 (2013), 466\u2013471.", "@id": "64", "ref-info": {"ref-publicationyear": {"@first": "2013"}, "ref-title": {"ref-titletext": "Measurement and correlation solubility and mixing properties of L-malic acid in pure and mixed organic solvents"}, "refd-itemidlist": {"itemid": [{"$": "bib64", "@idtype": "FRAGMENTID"}, {"$": "84886739933", "@idtype": "SGR"}]}, "ref-volisspag": {"voliss": {"@volume": "360"}, "pagerange": {"@first": "466", "@last": "471"}}, "ref-authors": {"author": [{"@seq": "1", "ce:initials": "Y.M.", "@_fa": "true", "ce:surname": "Kai", "ce:indexed-name": "Kai Y.M."}, {"@seq": "2", "ce:initials": "Y.H.", "@_fa": "true", "ce:surname": "Hu", "ce:indexed-name": "Hu Y.H."}, {"@seq": "3", "ce:initials": "Z.", "@_fa": "true", "ce:surname": "Cao", "ce:indexed-name": "Cao Z."}, {"@seq": "4", "ce:initials": "X.", "@_fa": "true", "ce:surname": "Liu", "ce:indexed-name": "Liu X."}, {"@seq": "5", "ce:initials": "Y.", "@_fa": "true", "ce:surname": "Liu", "ce:indexed-name": "Liu Y."}, {"@seq": "6", "ce:initials": "W.G.", "@_fa": "true", "ce:surname": "Yang", "ce:indexed-name": "Yang W.G."}]}, "ref-sourcetitle": "Fluid Phase Equilibr"}}, {"ref-fulltext": "Chen, J., Chen, G.Q., Cong, Y., Du, C.B., Zhao, H.K., Solubility of 2-isopropylimidazole in nine pure organic solvents and liquid mixture of (methanol plus ethyl acetate) from T= (278.15 to 313.15) K: experimental measurement and thermodynamic modelling. J. Chem. Thermodyn. 107 (2017), 133\u2013140.", "@id": "65", "ref-info": {"ref-publicationyear": {"@first": "2017"}, "ref-title": {"ref-titletext": "Solubility of 2-isopropylimidazole in nine pure organic solvents and liquid mixture of (methanol plus ethyl acetate) from T= (278.15 to 313.15) K: experimental measurement and thermodynamic modelling"}, "refd-itemidlist": {"itemid": [{"$": "bib65", "@idtype": "FRAGMENTID"}, {"$": "85008213214", "@idtype": "SGR"}]}, "ref-volisspag": {"voliss": {"@volume": "107"}, "pagerange": {"@first": "133", "@last": "140"}}, "ref-authors": {"author": [{"@seq": "1", "ce:initials": "J.", "@_fa": "true", "ce:surname": "Chen", "ce:indexed-name": "Chen J."}, {"@seq": "2", "ce:initials": "G.Q.", "@_fa": "true", "ce:surname": "Chen", "ce:indexed-name": "Chen G.Q."}, {"@seq": "3", "ce:initials": "Y.", "@_fa": "true", "ce:surname": "Cong", "ce:indexed-name": "Cong Y."}, {"@seq": "4", "ce:initials": "C.B.", "@_fa": "true", "ce:surname": "Du", "ce:indexed-name": "Du C.B."}, {"@seq": "5", "ce:initials": "H.K.", "@_fa": "true", "ce:surname": "Zhao", "ce:indexed-name": "Zhao H.K."}]}, "ref-sourcetitle": "J. Chem. Thermodyn."}}, {"ref-fulltext": "Liu, W., Xu, L., Li, Y.X., Luo, T.L., Liu, G.J., Determination of the solubility, dissolution enthalpy and entropy of 3-pentadecylphenyl acrylate in methanol-ethanol solutions. Fluid Phase Equilibr 322 (2012), 26\u201329.", "@id": "66", "ref-info": {"ref-publicationyear": {"@first": "2012"}, "ref-title": {"ref-titletext": "Determination of the solubility, dissolution enthalpy and entropy of 3-pentadecylphenyl acrylate in methanol-ethanol solutions"}, "refd-itemidlist": {"itemid": [{"$": "bib66", "@idtype": "FRAGMENTID"}, {"$": "84859983480", "@idtype": "SGR"}]}, "ref-volisspag": {"voliss": {"@volume": "322"}, "pagerange": {"@first": "26", "@last": "29"}}, "ref-authors": {"author": [{"@seq": "1", "ce:initials": "W.", "@_fa": "true", "ce:surname": "Liu", "ce:indexed-name": "Liu W."}, {"@seq": "2", "ce:initials": "L.", "@_fa": "true", "ce:surname": "Xu", "ce:indexed-name": "Xu L."}, {"@seq": "3", "ce:initials": "Y.X.", "@_fa": "true", "ce:surname": "Li", "ce:indexed-name": "Li Y.X."}, {"@seq": "4", "ce:initials": "T.L.", "@_fa": "true", "ce:surname": "Luo", "ce:indexed-name": "Luo T.L."}, {"@seq": "5", "ce:initials": "G.J.", "@_fa": "true", "ce:surname": "Liu", "ce:indexed-name": "Liu G.J."}]}, "ref-sourcetitle": "Fluid Phase Equilibr"}}, {"ref-fulltext": "Gebreyohannes, S., Neely, B.J., Gasem, K.A.M., One-parameter modified nonrandom two-liquid (NRTL) activity coefficient model. Fluid Phase Equilibr 379 (2014), 196\u2013205.", "@id": "67", "ref-info": {"ref-publicationyear": {"@first": "2014"}, "ref-title": {"ref-titletext": "One-parameter modified nonrandom two-liquid (NRTL) activity coefficient model"}, "refd-itemidlist": {"itemid": [{"$": "bib67", "@idtype": "FRAGMENTID"}, {"$": "84907305188", "@idtype": "SGR"}]}, "ref-volisspag": {"voliss": {"@volume": "379"}, "pagerange": {"@first": "196", "@last": "205"}}, "ref-authors": {"author": [{"@seq": "1", "ce:initials": "S.", "@_fa": "true", "ce:surname": "Gebreyohannes", "ce:indexed-name": "Gebreyohannes S."}, {"@seq": "2", "ce:initials": "B.J.", "@_fa": "true", "ce:surname": "Neely", "ce:indexed-name": "Neely B.J."}, {"@seq": "3", "ce:initials": "K.A.M.", "@_fa": "true", "ce:surname": "Gasem", "ce:indexed-name": "Gasem K.A.M."}]}, "ref-sourcetitle": "Fluid Phase Equilibr"}}, {"ref-fulltext": "Poozesh, S., Rayer, A.V., Henni, A., Molar excess enthalpy (HmE) for systems of aqueous piperazine derivatives. J. Chem. Thermodyn. 90 (2015), 242\u2013250.", "@id": "68", "ref-info": {"ref-publicationyear": {"@first": "2015"}, "ref-title": {"ref-titletext": "Molar excess enthalpy (HmE) for systems of aqueous piperazine derivatives"}, "refd-itemidlist": {"itemid": [{"$": "bib68", "@idtype": "FRAGMENTID"}, {"$": "84937798801", "@idtype": "SGR"}]}, "ref-volisspag": {"voliss": {"@volume": "90"}, "pagerange": {"@first": "242", "@last": "250"}}, "ref-authors": {"author": [{"@seq": "1", "ce:initials": "S.", "@_fa": "true", "ce:surname": "Poozesh", "ce:indexed-name": "Poozesh S."}, {"@seq": "2", "ce:initials": "A.V.", "@_fa": "true", "ce:surname": "Rayer", "ce:indexed-name": "Rayer A.V."}, {"@seq": "3", "ce:initials": "A.", "@_fa": "true", "ce:surname": "Henni", "ce:indexed-name": "Henni A."}]}, "ref-sourcetitle": "J. Chem. Thermodyn."}}]}}}}, "affiliation": [{"affiliation-city": "Bangkok", "@id": "60028190", "affilname": "Chulalongkorn University", "@href": "https://api.elsevier.com/content/affiliation/affiliation_id/60028190", "affiliation-country": "Thailand"}, {"affiliation-city": "Bratislava", "@id": "60006861", "affilname": "Slovak University of Technology in Bratislava", "@href": "https://api.elsevier.com/content/affiliation/affiliation_id/60006861", "affiliation-country": "Slovakia"}], "coredata": {"srctype": "j", "eid": "2-s2.0-85026237542", "dc:description": "This paper concerns the solubility of maleic acid, using inorganic salts and organic solvents. Several types of organic solvents were investigated such as methyl isobutyl ketone (MIBK), n-butanol, toluene, ethyl acetate and ethyl methyl ketone. Results showed that the solubility of maleic acid increased as follows: n-butanol > ethyl methyl ketone (EMK) > methyl isobutyl ketone (MIBK) > ethyl acetate (EA) >toluene. The effect of inorganic salts on the solubility of maleic acid was also investigated and was found accordingly: LiCl > NaCl > KCl > CaCl2> MgCl2> BaCl2 > ZnCl2. In order to investigate thermodynamics parameters, temperatures ranging from 303.15 to 333.15 K were explored. As temperature increased, the efficiency of solubility of maleic acid increased. Correlations, based on the Gibbs\u2013Helmholtz equation and the Van't Hoff equation, were used to calculate Gibbs energy, enthalpy and entropy and to explain the thermodynamic properties for the solution process. The positive value of enthalpy and the negative value of Gibbs free energy were endothermic and nonspontaneous, respectively for the dissolution process of maleic acid. In order to predict the experimental data, thermodynamic models, such as the Buchowski\u2013Ksiazaczak \u03bbh model, the modified Apelblat model and NRTL, were investigated. NRTL proved to be the most suitable for predicting the solubility behavior of maleic acid with temperature exhibiting low values of RAD and RMSD.", "prism:coverDate": "2017-10-25", "prism:aggregationType": "Journal", "prism:url": "https://api.elsevier.com/content/abstract/scopus_id/85026237542", "dc:creator": {"author": [{"ce:given-name": "Krirkratthawit", "preferred-name": {"ce:given-name": "Krirkratthawit", "ce:initials": "K.", "ce:surname": "Wongkaew", "ce:indexed-name": "Wongkaew K."}, "@seq": "1", "ce:initials": "K.", "@_fa": "true", "affiliation": {"@id": "60028190", "@href": "https://api.elsevier.com/content/affiliation/affiliation_id/60028190"}, "ce:surname": "Wongkaew", "@auid": "55544801800", "author-url": "https://api.elsevier.com/content/author/author_id/55544801800", "ce:indexed-name": "Wongkaew K."}]}, "link": [{"@_fa": "true", "@rel": "self", "@href": "https://api.elsevier.com/content/abstract/scopus_id/85026237542"}, {"@_fa": "true", "@rel": "scopus", "@href": "https://www.scopus.com/inward/record.uri?partnerID=HzOxMe3b&scp=85026237542&origin=inward"}, {"@_fa": "true", "@rel": "scopus-citedby", "@href": "https://www.scopus.com/inward/citedby.uri?partnerID=HzOxMe3b&scp=85026237542&origin=inward"}], "source-id": "26899", "pii": "S0378381217302807", "citedby-count": "5", "prism:volume": "450", "subtype": "tb", "dc:title": "The solubility of maleic acid in various inorganic salts and organic solvents: Thermodynamics model and parameters", "openaccess": "0", "prism:issn": "03783812", "publishercopyright": "\u00a9 2017 Elsevier B.V.", "subtypeDescription": "Retracted", "prism:publicationName": "Fluid Phase Equilibria", "prism:pageRange": "75-85", "prism:endingPage": "85", "openaccessFlag": "false", "prism:doi": "10.1016/j.fluid.2017.07.012", "prism:startingPage": "75", "dc:identifier": "SCOPUS_ID:85026237542", "dc:publisher": "Elsevier B.V."}, "idxterms": {"mainterm": [{"$": "Fluid-phase equilibrium", "@weight": "b", "@candidate": "n"}, {"$": "Inorganic salts", "@weight": "b", "@candidate": "n"}, {"$": "Maleic acids", "@weight": "b", "@candidate": "n"}, {"$": "Methyl isobutyl ketone", "@weight": "b", "@candidate": "n"}, {"$": "Solubility data", "@weight": "b", "@candidate": "n"}, {"$": "Thermodynamic model", "@weight": "b", "@candidate": "n"}, {"$": "Thermodynamics model", "@weight": "b", "@candidate": "n"}, {"$": "Thermodynamics parameters", "@weight": "b", "@candidate": "n"}]}, "language": {"@xml:lang": "eng"}, "authkeywords": {"author-keyword": [{"@_fa": "true", "$": "Inorganic salts"}, {"@_fa": "true", "$": "Maleic acid"}, {"@_fa": "true", "$": "Model"}, {"@_fa": "true", "$": "Organic solvents"}, {"@_fa": "true", "$": "Solubility data"}, {"@_fa": "true", "$": "Thermodynamics parameters"}]}, "subject-areas": {"subject-area": [{"@_fa": "true", "$": "Chemical Engineering (all)", "@code": "1500", "@abbrev": "CENG"}, {"@_fa": "true", "$": "Physics and Astronomy (all)", "@code": "3100", "@abbrev": "PHYS"}, {"@_fa": "true", "$": "Physical and Theoretical Chemistry", "@code": "1606", "@abbrev": "CHEM"}]}, "authors": {"author": [{"ce:given-name": "Krirkratthawit", "preferred-name": {"ce:given-name": "Krirkratthawit", "ce:initials": "K.", "ce:surname": "Wongkaew", "ce:indexed-name": "Wongkaew K."}, "@seq": "1", "ce:initials": "K.", "@_fa": "true", "affiliation": {"@id": "60028190", "@href": "https://api.elsevier.com/content/affiliation/affiliation_id/60028190"}, "ce:surname": "Wongkaew", "@auid": "55544801800", "author-url": "https://api.elsevier.com/content/author/author_id/55544801800", "ce:indexed-name": "Wongkaew K."}, {"ce:given-name": "Vanee", "preferred-name": {"ce:given-name": "Vanee", "ce:initials": "V.", "ce:surname": "Mohdee", "ce:indexed-name": "Mohdee V."}, "@seq": "2", "ce:initials": "V.", "@_fa": "true", "affiliation": {"@id": "60028190", "@href": "https://api.elsevier.com/content/affiliation/affiliation_id/60028190"}, "ce:surname": "Mohdee", "@auid": "56459017500", "author-url": "https://api.elsevier.com/content/author/author_id/56459017500", "ce:indexed-name": "Mohdee V."}, {"ce:given-name": "Tom\u00e1\u0161", "preferred-name": {"ce:given-name": "Tom\u00e1\u0161", "ce:initials": "T.", "ce:surname": "Sot\u00e1k", "ce:indexed-name": "Sot\u00e1k T."}, "@seq": "3", "ce:initials": "T.", "@_fa": "true", "affiliation": {"@id": "60006861", "@href": "https://api.elsevier.com/content/affiliation/affiliation_id/60006861"}, "ce:surname": "Sot\u00e1k", "@auid": "47661698100", "author-url": "https://api.elsevier.com/content/author/author_id/47661698100", "ce:indexed-name": "Sotak T."}, {"ce:given-name": "Milan", "preferred-name": {"ce:given-name": "Milan", "ce:initials": "M.", "ce:surname": "Hronec", "ce:indexed-name": "Hronec M."}, "@seq": "4", "ce:initials": "M.", "@_fa": "true", "affiliation": {"@id": "60006861", "@href": "https://api.elsevier.com/content/affiliation/affiliation_id/60006861"}, "ce:surname": "Hronec", "@auid": "7004839351", "author-url": "https://api.elsevier.com/content/author/author_id/7004839351", "ce:indexed-name": "Hronec M."}, {"ce:given-name": "Ura", "preferred-name": {"ce:given-name": "Ura", "ce:initials": "U.", "ce:surname": "Pancharoen", "ce:indexed-name": "Pancharoen U."}, "@seq": "5", "ce:initials": "U.", "@_fa": "true", "affiliation": {"@id": "60028190", "@href": "https://api.elsevier.com/content/affiliation/affiliation_id/60028190"}, "ce:surname": "Pancharoen", "@auid": "55897909900", "author-url": "https://api.elsevier.com/content/author/author_id/55897909900", "ce:indexed-name": "Pancharoen U."}, {"ce:given-name": "Amornchai", "preferred-name": {"ce:given-name": "Amornchai", "ce:initials": "A.", "ce:surname": "Arpornwichanop", "ce:indexed-name": "Arpornwichanop A."}, "@seq": "6", "ce:initials": "A.", "@_fa": "true", "affiliation": [{"@id": "60028190", "@href": "https://api.elsevier.com/content/affiliation/affiliation_id/60028190"}, {"@id": "60028190", "@href": "https://api.elsevier.com/content/affiliation/affiliation_id/60028190"}], "ce:surname": "Arpornwichanop", "@auid": "23102293600", "author-url": "https://api.elsevier.com/content/author/author_id/23102293600", "ce:indexed-name": "Arpornwichanop A."}]}}}