{"abstracts-retrieval-response": {"item": {"ait:process-info": {"ait:status": {"@state": "update", "@type": "core", "@stage": "S300"}, "ait:date-delivered": {"@day": "24", "@year": "2020", "@timestamp": "2020-01-24T23:31:18.000018-05:00", "@month": "01"}, "ait:date-sort": {"@day": "15", "@year": "2017", "@month": "12"}}, "xocs:meta": {"xocs:funding-list": {"@pui-match": "primary", "@has-funding-info": "1", "xocs:funding-addon-generated-timestamp": "2018-05-31T16:44:05.673Z", "xocs:funding-addon-type": "http://vtw.elsevier.com/data/voc/AddOnTypes/50.7/nlp"}}, "bibrecord": {"head": {"author-group": {"affiliation": {"country": "Thailand", "address-part": "254 Phayathai Road", "postal-code": "10330", "@afid": "60028190", "@country": "tha", "city": "Bangkok", "organization": [{"$": "Control Systems Research Laboratory"}, {"$": "Department of Electrical Engineering"}, {"$": "Faculty of Engineering"}, {"$": "Chulalongkorn University"}], "affiliation-id": {"@afid": "60028190", "@dptid": "113845132"}, "@dptid": "113845132"}, "author": [{"ce:given-name": "Ranyaphat", "preferred-name": {"ce:given-name": "Ranyaphat", "ce:initials": "R.", "ce:surname": "Hongpipatsak", "ce:indexed-name": "Hongpipatsak R."}, "@seq": "1", "ce:initials": "R.", "@_fa": "true", "@type": "auth", "ce:surname": "Hongpipatsak", "@auid": "57201986082", "ce:indexed-name": "Hongpipatsak R."}, {"ce:given-name": "Manop", "preferred-name": {"ce:given-name": "Manop", "ce:initials": "M.", "ce:surname": "Wongsaisuwan", "ce:indexed-name": "Wongsaisuwan M."}, "@seq": "2", "ce:initials": "M.", "@_fa": "true", "@type": "auth", "ce:surname": "Wongsaisuwan", "@auid": "6506246138", "ce:indexed-name": "Wongsaisuwan M."}]}, "citation-title": "Motion interference detection and identification in mobile robots using driving motor currents", "abstracts": "\u00a9 2017 IEEE.A fault can occur any time during mobile robots operation and this may cause human injuries. To ensure the safety and the reliability of mobile robots, fault detection and identification (FDI) are necessary to be addressed. The faults in this study are defined as situations that the mobile robots collide with obstacles or the obstacle interferes mobile robot motion immediately. The objectives of this study are the fault detection of mobile robot collision without supervisory sensors. In contrary, we propose that the faults are detected by monitoring internal parameters of the service mobile robots. Moreover, we do not require the state equation. To classify the fault types, Pattern recognition Neural Network is applied. We evaluate the performance of proposed method through repeated experiments on a prototype. The finding of these experiments showed the effectiveness of Pattern Recognition Neural Network illustrated by the confusion plot. The proposed method can classify the fault types to target classes of the off-line simulated experiments.", "citation-info": {"author-keywords": {"author-keyword": [{"$": "Fault detection", "@xml:lang": "eng"}, {"$": "Fault identification", "@xml:lang": "eng"}, {"$": "Mobile robot", "@xml:lang": "eng"}, {"$": "Pattern recognition neural network", "@xml:lang": "eng"}]}, "citation-type": {"@code": "cp"}, "citation-language": {"@language": "English", "@xml:lang": "eng"}, "abstract-language": {"@language": "English", "@xml:lang": "eng"}}, "source": {"translated-sourcetitle": {"$": "Proceedings IECON 2017 - 43rd Annual Conference of the IEEE Industrial Electronics Society", "@xml:lang": "eng"}, "volisspag": {"voliss": {"@volume": "2017-January"}, "pagerange": {"@first": "3203", "@last": "3208"}}, "@type": "p", "isbn": {"@level": "volume", "$": "9781538611272", "@type": "electronic", "@length": "13"}, "additional-srcinfo": {"conferenceinfo": {"confpublication": {"procpartno": "1 of 1"}, "confevent": {"confname": "43rd Annual Conference of the IEEE Industrial Electronics Society, IECON 2017", "confsponsors": {"confsponsor": [{"$": "Chinese Association of Automation (CAA)"}, {"$": "Chinese Power Supply Society"}, {"$": "et al."}, {"$": "IEEE Industrial Electronics Society (IES)"}, {"$": "Systems Engineering Society of China"}, {"$": "The Institute of Electrical and Electronics Engineers (IEEE)"}], "@complete": "n"}, "confnumber": "43", "confcatnumber": "CFP17IEC-ART", "confseriestitle": "Conference of the IEEE Industrial Electronics Society", "conflocation": {"venue": "China National Convention Center", "@country": "chn", "city": "Beijing"}, "confcode": "133535", "confdate": {"enddate": {"@day": "01", "@year": "2017", "@month": "11"}, "startdate": {"@day": "29", "@year": "2017", "@month": "10"}}}}}, "sourcetitle": "Proceedings IECON 2017 - 43rd Annual Conference of the IEEE Industrial Electronics Society", "publicationdate": {"month": "12", "year": "2017", "date-text": {"@xfab-added": "true", "$": "15 December 2017"}, "day": "15"}, "sourcetitle-abbrev": "Proc. IECON - Annu. Conf. IEEE Ind. Electron. Soc.", "@country": "usa", "issuetitle": "Proceedings IECON 2017 - 43rd Annual Conference of the IEEE Industrial Electronics Society", "publicationyear": {"@first": "2017"}, "publisher": {"publishername": "Institute of Electrical and Electronics Engineers Inc."}, "@srcid": "21100859900"}, "enhancement": {"classificationgroup": {"classifications": [{"@type": "ASJC", "classification": [{"$": "2209"}, {"$": "2606"}, {"$": "2102"}, {"$": "2208"}]}, {"@type": "CPXCLASS", "classification": [{"classification-code": "723.2", "classification-description": "Data Processing"}, {"classification-code": "731.5", "classification-description": "Robotics"}]}, {"@type": "FLXCLASS", "classification": {"classification-code": "902", "classification-description": "FLUIDEX; Related Topics"}}, {"@type": "SUBJABBR", "classification": [{"$": "ENGI"}, {"$": "MATH"}, {"$": "ENER"}]}]}}}, "item-info": {"copyright": {"$": "Copyright 2018 Elsevier B.V., All rights reserved.", "@type": "Elsevier"}, "dbcollection": [{"$": "CPX"}, {"$": "SCOPUS"}, {"$": "Scopusbase"}], "history": {"date-created": {"@day": "14", "@year": "2018", "@timestamp": "BST 05:20:43", "@month": "05"}}, "itemidlist": {"itemid": [{"$": "622007688", "@idtype": "PUI"}, {"$": "910486647", "@idtype": "CAR-ID"}, {"$": "20182005180742", "@idtype": "CPX"}, {"$": "85046643512", "@idtype": "SCP"}, {"$": "85046643512", "@idtype": "SGR"}], "ce:doi": "10.1109/IECON.2017.8216541"}}, "tail": {"bibliography": {"@refcount": "15", "reference": [{"ref-fulltext": "D. Stavrou, D. G. Eliades, C. G. Panayiotou, and M. M. Polycarpou, \"Fault detection for service mobile robots using model-based method, \" Autonomous Robots, vol. 40, no. 2, pp. 383-394, 2016.", "@id": "1", "ref-info": {"ref-publicationyear": {"@first": "2016"}, "ref-title": {"ref-titletext": "Fault detection for service mobile robots using model-based method"}, "refd-itemidlist": {"itemid": {"$": "84955637491", "@idtype": "SGR"}}, "ref-volisspag": {"voliss": {"@volume": "40", "@issue": "2"}, "pagerange": {"@first": "383", "@last": "394"}}, "ref-authors": {"author": [{"@seq": "1", "ce:initials": "D.", "@_fa": "true", "ce:surname": "Stavrou", "ce:indexed-name": "Stavrou D."}, {"@seq": "2", "ce:initials": "D.G.", "@_fa": "true", "ce:surname": "Eliades", "ce:indexed-name": "Eliades D.G."}, {"@seq": "3", "ce:initials": "C.G.", "@_fa": "true", "ce:surname": "Panayiotou", "ce:indexed-name": "Panayiotou C.G."}, {"@seq": "4", "ce:initials": "M.M.", "@_fa": "true", "ce:surname": "Polycarpou", "ce:indexed-name": "Polycarpou M.M."}]}, "ref-sourcetitle": "Autonomous Robots"}}, {"ref-fulltext": "J. P. Mendoza, M. M. Veloso, and R. Simmons, \"Mobile robot fault detection based on redundant information statistics, \" in IROS Workshop on Safety in Human Robot Coexistence and Interaction, Vilamoura, Portugal. IEEE, 2012.", "@id": "2", "ref-info": {"ref-publicationyear": {"@first": "2012"}, "ref-title": {"ref-titletext": "Mobile robot fault detection based on redundant information statistics"}, "refd-itemidlist": {"itemid": {"$": "84923497087", "@idtype": "SGR"}}, "ref-text": "Vilamoura, Portugal. IEEE", "ref-authors": {"author": [{"@seq": "1", "ce:initials": "J.P.", "@_fa": "true", "ce:surname": "Mendoza", "ce:indexed-name": "Mendoza J.P."}, {"@seq": "2", "ce:initials": "M.M.", "@_fa": "true", "ce:surname": "Veloso", "ce:indexed-name": "Veloso M.M."}, {"@seq": "3", "ce:initials": "R.", "@_fa": "true", "ce:surname": "Simmons", "ce:indexed-name": "Simmons R."}]}, "ref-sourcetitle": "IROS Workshop on Safety in Human Robot Coexistence and Interaction"}}, {"ref-fulltext": "J. P. Mendoza, M. Veloso, and R. Simmons, \"Motion interference detection in mobile robots, \" in Intelligent Robots and Systems (IROS), 2012 IEEE/RSJ International Conference on. IEEE, 2012, pp. 370-375.", "@id": "3", "ref-info": {"ref-publicationyear": {"@first": "2012"}, "ref-title": {"ref-titletext": "Motion interference detection in mobile robots"}, "refd-itemidlist": {"itemid": {"$": "84872315178", "@idtype": "SGR"}}, "ref-volisspag": {"pagerange": {"@first": "370", "@last": "375"}}, "ref-authors": {"author": [{"@seq": "1", "ce:initials": "J.P.", "@_fa": "true", "ce:surname": "Mendoza", "ce:indexed-name": "Mendoza J.P."}, {"@seq": "2", "ce:initials": "M.", "@_fa": "true", "ce:surname": "Veloso", "ce:indexed-name": "Veloso M."}, {"@seq": "3", "ce:initials": "R.", "@_fa": "true", "ce:surname": "Simmons", "ce:indexed-name": "Simmons R."}]}, "ref-sourcetitle": "Intelligent Robots and Systems (IROS), 2012 IEEE/RSJ International Conference On. IEEE"}}, {"ref-fulltext": "S. I. Roumeliotis, G. S. Sukhatme, and G. A. Bekey, \"Fault detection and identification in a mobile robot using multiple-model estimation, \" in Robotics and Automation, 1998. Proceedings. 1998 IEEE International Conference on, vol. 3. IEEE, 1998a, pp. 2223-2228.", "@id": "4", "ref-info": {"ref-publicationyear": {"@first": "1998"}, "ref-title": {"ref-titletext": "Fault detection and identification in a mobile robot using multiple-model estimation"}, "refd-itemidlist": {"itemid": {"$": "0031621496", "@idtype": "SGR"}}, "ref-volisspag": {"voliss": {"@volume": "3"}, "pagerange": {"@first": "2223", "@last": "2228"}}, "ref-text": "IEEE", "ref-authors": {"author": [{"@seq": "1", "ce:initials": "S.I.", "@_fa": "true", "ce:surname": "Roumeliotis", "ce:indexed-name": "Roumeliotis S.I."}, {"@seq": "2", "ce:initials": "G.S.", "@_fa": "true", "ce:surname": "Sukhatme", "ce:indexed-name": "Sukhatme G.S."}, {"@seq": "3", "ce:initials": "G.A.", "@_fa": "true", "ce:surname": "Bekey", "ce:indexed-name": "Bekey G.A."}]}, "ref-sourcetitle": "Robotics and Automation, 1998. Proceedings. 1998 IEEE International Conference on"}}, {"ref-fulltext": "Roumeliotis, Stergios I and Sukhatme, Gaurav S and Bekey, George A, \"Sensor fault detection and identification in a mobile robot, \" in Intelligent Robots and Systems, 1998. Proceedings., 1998 IEEE/RSJ International Conference on, vol. 3. IEEE, 1998b, pp. 1383-1388.", "@id": "5", "ref-info": {"ref-publicationyear": {"@first": "1998"}, "ref-title": {"ref-titletext": "Sensor fault detection and identification in a mobile robot"}, "refd-itemidlist": {"itemid": {"$": "0032316916", "@idtype": "SGR"}}, "ref-volisspag": {"voliss": {"@volume": "3"}, "pagerange": {"@first": "1383", "@last": "1388"}}, "ref-text": "IEEE", "ref-authors": {"author": [{"@seq": "1", "ce:initials": "S.I.", "@_fa": "true", "ce:surname": "Roumeliotis", "ce:indexed-name": "Roumeliotis S.I."}, {"@seq": "2", "ce:initials": "G.S.", "@_fa": "true", "ce:surname": "Sukhatme", "ce:indexed-name": "Sukhatme G.S."}, {"@seq": "3", "ce:initials": "G.A.", "@_fa": "true", "ce:surname": "Bekey", "ce:indexed-name": "Bekey G.A."}]}, "ref-sourcetitle": "Intelligent Robots and Systems, 1998. Proceedings., 1998 IEEE/RSJ International Conference on"}}, {"ref-fulltext": "P. Goel, G. Dedeoglu, S. I. Roumeliotis, and G. S. Sukhatme, \"Fault detection and identification in a mobile robot using multiple model estimation and neural network, \" in Robotics and Automation, 2000. Proceedings. ICRA'00. IEEE International Conference on, vol. 3. IEEE, 2000, pp. 2302-2309.", "@id": "6", "ref-info": {"ref-publicationyear": {"@first": "2000"}, "ref-title": {"ref-titletext": "Fault detection and identification in a mobile robot using multiple model estimation and neural network"}, "refd-itemidlist": {"itemid": {"$": "0033715953", "@idtype": "SGR"}}, "ref-volisspag": {"voliss": {"@volume": "3"}, "pagerange": {"@first": "2302", "@last": "2309"}}, "ref-text": "IEEE", "ref-authors": {"author": [{"@seq": "1", "ce:initials": "P.", "@_fa": "true", "ce:surname": "Goel", "ce:indexed-name": "Goel P."}, {"@seq": "2", "ce:initials": "G.", "@_fa": "true", "ce:surname": "Dedeoglu", "ce:indexed-name": "Dedeoglu G."}, {"@seq": "3", "ce:initials": "S.I.", "@_fa": "true", "ce:surname": "Roumeliotis", "ce:indexed-name": "Roumeliotis S.I."}, {"@seq": "4", "ce:initials": "G.S.", "@_fa": "true", "ce:surname": "Sukhatme", "ce:indexed-name": "Sukhatme G.S."}]}, "ref-sourcetitle": "Robotics and Automation, 2000. Proceedings. ICRA'00. IEEE International Conference on"}}, {"ref-fulltext": "P. Sundvall and P. Jensfelt, \"Fault detection for mobile robots using redundant positioning systems, \" in Robotics and Automation, 2006. ICRA 2006. Proceedings 2006 IEEE International Conference on. IEEE, 2006, pp. 3781-3786.", "@id": "7", "ref-info": {"ref-publicationyear": {"@first": "2006"}, "ref-title": {"ref-titletext": "Fault detection for mobile robots using redundant positioning systems"}, "refd-itemidlist": {"itemid": {"$": "33845601777", "@idtype": "SGR"}}, "ref-volisspag": {"pagerange": {"@first": "3781", "@last": "3786"}}, "ref-authors": {"author": [{"@seq": "1", "ce:initials": "P.", "@_fa": "true", "ce:surname": "Sundvall", "ce:indexed-name": "Sundvall P."}, {"@seq": "2", "ce:initials": "P.", "@_fa": "true", "ce:surname": "Jensfelt", "ce:indexed-name": "Jensfelt P."}]}, "ref-sourcetitle": "Robotics and Automation, 2006. ICRA 2006. Proceedings 2006 IEEE International Conference On. IEEE"}}, {"ref-fulltext": "A. L. Christensen, R. OGrady, M. Birattari, and M. Dorigo, \"Fault detection in autonomous robots based on fault injection and learning, \" Autonomous Robots, vol. 24, no. 1, pp. 49-67, 2008.", "@id": "8", "ref-info": {"ref-publicationyear": {"@first": "2008"}, "ref-title": {"ref-titletext": "Fault detection in autonomous robots based on fault injection and learning"}, "refd-itemidlist": {"itemid": {"$": "37449022367", "@idtype": "SGR"}}, "ref-volisspag": {"voliss": {"@volume": "24", "@issue": "1"}, "pagerange": {"@first": "49", "@last": "67"}}, "ref-authors": {"author": [{"@seq": "1", "ce:initials": "A.L.", "@_fa": "true", "ce:surname": "Christensen", "ce:indexed-name": "Christensen A.L."}, {"@seq": "2", "ce:initials": "R.", "@_fa": "true", "ce:surname": "O'Grady", "ce:indexed-name": "O'Grady R."}, {"@seq": "3", "ce:initials": "M.", "@_fa": "true", "ce:surname": "Birattari", "ce:indexed-name": "Birattari M."}, {"@seq": "4", "ce:initials": "M.", "@_fa": "true", "ce:surname": "Dorigo", "ce:indexed-name": "Dorigo M."}]}, "ref-sourcetitle": "Autonomous Robots"}}, {"ref-fulltext": "I. Hwang, S. Kim, Y. Kim, and C. E. Seah, \"A survey of fault detection, isolation, and reconfiguration methods, \" IEEE Transactions on Control Systems Technology, vol. 18, no. 3, pp. 636-653, 2010.", "@id": "9", "ref-info": {"ref-publicationyear": {"@first": "2010"}, "ref-title": {"ref-titletext": "A survey of fault detection, isolation, and reconfiguration methods"}, "refd-itemidlist": {"itemid": {"$": "77951880498", "@idtype": "SGR"}}, "ref-volisspag": {"voliss": {"@volume": "18", "@issue": "3"}, "pagerange": {"@first": "636", "@last": "653"}}, "ref-authors": {"author": [{"@seq": "1", "ce:initials": "I.", "@_fa": "true", "ce:surname": "Hwang", "ce:indexed-name": "Hwang I."}, {"@seq": "2", "ce:initials": "S.", "@_fa": "true", "ce:surname": "Kim", "ce:indexed-name": "Kim S."}, {"@seq": "3", "ce:initials": "Y.", "@_fa": "true", "ce:surname": "Kim", "ce:indexed-name": "Kim Y."}, {"@seq": "4", "ce:initials": "C.E.", "@_fa": "true", "ce:surname": "Seah", "ce:indexed-name": "Seah C.E."}]}, "ref-sourcetitle": "IEEE Transactions on Control Systems Technology"}}, {"ref-fulltext": "M. Zajac, \"Mobile robot self-diagnosis with a bank of adaptive particle filters, \" in Adaptive and Intelligent Systems. Springer, 2011, pp. 168-179.", "@id": "10", "ref-info": {"ref-publicationyear": {"@first": "2011"}, "ref-title": {"ref-titletext": "Mobile robot self-diagnosis with a bank of adaptive particle filters"}, "refd-itemidlist": {"itemid": {"$": "80053330718", "@idtype": "SGR"}}, "ref-volisspag": {"pagerange": {"@first": "168", "@last": "179"}}, "ref-text": "Springer", "ref-authors": {"author": [{"@seq": "1", "ce:initials": "M.", "@_fa": "true", "ce:surname": "Zajac", "ce:indexed-name": "Zajac M."}]}, "ref-sourcetitle": "Adaptive and Intelligent Systems"}}, {"ref-fulltext": "Zajac, Micha?, \"Online fault detection of a mobile robot with a parallelized particle filter, \" Neurocomputing, vol. 126, pp. 151-165, 2014.", "@id": "11", "ref-info": {"ref-publicationyear": {"@first": "2014"}, "ref-title": {"ref-titletext": "Online fault detection of a mobile robot with a parallelized particle filter"}, "refd-itemidlist": {"itemid": {"$": "84887614201", "@idtype": "SGR"}}, "ref-volisspag": {"voliss": {"@volume": "126"}, "pagerange": {"@first": "151", "@last": "165"}}, "ref-authors": {"author": [{"@seq": "1", "ce:initials": "M.", "@_fa": "true", "ce:surname": "Zajac", "ce:indexed-name": "Zajac M."}]}, "ref-sourcetitle": "Neurocomputing"}}, {"ref-fulltext": "M. F. Moller, \"A scaled conjugate gradient algorithm for fast supervised learning, \" Neural networks, vol. 6, no. 4, pp. 525-533, 1993.", "@id": "12", "ref-info": {"ref-publicationyear": {"@first": "1993"}, "ref-title": {"ref-titletext": "A scaled conjugate gradient algorithm for fast supervised learning"}, "refd-itemidlist": {"itemid": {"$": "0027205884", "@idtype": "SGR"}}, "ref-volisspag": {"voliss": {"@volume": "6", "@issue": "4"}, "pagerange": {"@first": "525", "@last": "533"}}, "ref-authors": {"author": [{"@seq": "1", "ce:initials": "M.F.", "@_fa": "true", "ce:surname": "Moller", "ce:indexed-name": "Moller M.F."}]}, "ref-sourcetitle": "Neural Networks"}}, {"ref-fulltext": "A. Kostopoulos and T. Grapsa, \"Self-scaled conjugate gradient training algorithms, \" Neurocomputing, vol. 72, no. 13, pp. 3000-3019, 2009.", "@id": "13", "ref-info": {"ref-publicationyear": {"@first": "2009"}, "ref-title": {"ref-titletext": "Self-scaled conjugate gradient training algorithms"}, "refd-itemidlist": {"itemid": {"$": "79952773374", "@idtype": "SGR"}}, "ref-volisspag": {"voliss": {"@volume": "72", "@issue": "13"}, "pagerange": {"@first": "3000", "@last": "3019"}}, "ref-authors": {"author": [{"@seq": "1", "ce:initials": "A.", "@_fa": "true", "ce:surname": "Kostopoulos", "ce:indexed-name": "Kostopoulos A."}, {"@seq": "2", "ce:initials": "T.", "@_fa": "true", "ce:surname": "Grapsa", "ce:indexed-name": "Grapsa T."}]}, "ref-sourcetitle": "Neurocomputing"}}, {"ref-fulltext": "C. M. Bishop, Pattern recognition and Machine Learning. Springer-Verlag New York, 2006.", "@id": "14", "ref-info": {"ref-publicationyear": {"@first": "2006"}, "refd-itemidlist": {"itemid": {"$": "33846516584", "@idtype": "SGR"}}, "ref-text": "Springer-Verlag New York", "ref-authors": {"author": [{"@seq": "1", "ce:initials": "C.M.", "@_fa": "true", "ce:surname": "Bishop", "ce:indexed-name": "Bishop C.M."}]}, "ref-sourcetitle": "Pattern Recognition and Machine Learning"}}, {"ref-fulltext": "H. B. Demuth, M. H. Beale, O. De Jess, and M. T. Hagan, 2014Neural network toolbox user's guide. Matlab user's guide., Natick, MA The MathWorks Inc, 2014.", "@id": "15", "ref-info": {"ref-publicationyear": {"@first": "2014"}, "refd-itemidlist": {"itemid": {"$": "0003396255", "@idtype": "SGR"}}, "ref-text": "Matlab user's guide., Natick, MA The MathWorks Inc", "ref-authors": {"author": [{"@seq": "1", "ce:initials": "H.B.", "@_fa": "true", "ce:surname": "Demuth", "ce:indexed-name": "Demuth H.B."}, {"@seq": "2", "ce:initials": "M.H.", "@_fa": "true", "ce:surname": "Beale", "ce:indexed-name": "Beale M.H."}, {"@seq": "3", "ce:initials": "O.", "@_fa": "true", "ce:surname": "De Jess", "ce:indexed-name": "De Jess O."}, {"@seq": "4", "ce:initials": "M.T.", "@_fa": "true", "ce:surname": "Hagan", "ce:indexed-name": "Hagan M.T."}]}, "ref-sourcetitle": "Neural Network Toolbox User's Guide"}}]}}}}, "affiliation": {"affiliation-city": "Bangkok", "@id": "60028190", "affilname": "Chulalongkorn University", "@href": "https://api.elsevier.com/content/affiliation/affiliation_id/60028190", "affiliation-country": "Thailand"}, "coredata": {"srctype": "p", "eid": "2-s2.0-85046643512", "dc:description": "A fault can occur any time during mobile robots operation and this may cause human injuries. To ensure the safety and the reliability of mobile robots, fault detection and identification (FDI) are necessary to be addressed. The faults in this study are defined as situations that the mobile robots collide with obstacles or the obstacle interferes mobile robot motion immediately. The objectives of this study are the fault detection of mobile robot collision without supervisory sensors. In contrary, we propose that the faults are detected by monitoring internal parameters of the service mobile robots. Moreover, we do not require the state equation. To classify the fault types, Pattern recognition Neural Network is applied. We evaluate the performance of proposed method through repeated experiments on a prototype. The finding of these experiments showed the effectiveness of Pattern Recognition Neural Network illustrated by the confusion plot. The proposed method can classify the fault types to target classes of the off-line simulated experiments.", "prism:coverDate": "2017-12-15", "prism:aggregationType": "Conference Proceeding", "prism:url": "https://api.elsevier.com/content/abstract/scopus_id/85046643512", "dc:creator": {"author": [{"ce:given-name": "Ranyaphat", "preferred-name": {"ce:given-name": "Ranyaphat", "ce:initials": "R.", "ce:surname": "Hongpipatsak", "ce:indexed-name": "Hongpipatsak R."}, "@seq": "1", "ce:initials": "R.", "@_fa": "true", "affiliation": {"@id": "60028190", "@href": "https://api.elsevier.com/content/affiliation/affiliation_id/60028190"}, "ce:surname": "Hongpipatsak", "@auid": "57201986082", "author-url": "https://api.elsevier.com/content/author/author_id/57201986082", "ce:indexed-name": "Hongpipatsak R."}]}, "link": [{"@_fa": "true", "@rel": "self", "@href": "https://api.elsevier.com/content/abstract/scopus_id/85046643512"}, {"@_fa": "true", "@rel": "scopus", "@href": "https://www.scopus.com/inward/record.uri?partnerID=HzOxMe3b&scp=85046643512&origin=inward"}, {"@_fa": "true", "@rel": "scopus-citedby", "@href": "https://www.scopus.com/inward/citedby.uri?partnerID=HzOxMe3b&scp=85046643512&origin=inward"}], "prism:isbn": "9781538611272", "source-id": "21100859900", "citedby-count": "1", "prism:volume": "2017-January", "subtype": "cp", "dc:title": "Motion interference detection and identification in mobile robots using driving motor currents", "openaccess": "0", "publishercopyright": "\u00a9 2017 IEEE.", "subtypeDescription": "Conference Paper", "prism:publicationName": "Proceedings IECON 2017 - 43rd Annual Conference of the IEEE Industrial Electronics Society", "prism:pageRange": "3203-3208", "prism:endingPage": "3208", "openaccessFlag": "false", "prism:doi": "10.1109/IECON.2017.8216541", "prism:startingPage": "3203", "dc:identifier": "SCOPUS_ID:85046643512", "dc:publisher": "Institute of Electrical and Electronics Engineers Inc."}, "idxterms": {"mainterm": [{"$": "Fault Detection and Identification (FDI)", "@weight": "b", "@candidate": "n"}, {"$": "Fault identifications", "@weight": "b", "@candidate": "n"}, {"$": "Interference detection", "@weight": "b", "@candidate": "n"}, {"$": "Internal parameters", "@weight": "b", "@candidate": "n"}, {"$": "Mobile robot motion", "@weight": "b", "@candidate": "n"}, {"$": "Robot collisions", "@weight": "b", "@candidate": "n"}, {"$": "Service mobile robots", "@weight": "b", "@candidate": "n"}, {"$": "Simulated experiments", "@weight": "b", "@candidate": "n"}]}, "language": {"@xml:lang": "eng"}, "authkeywords": {"author-keyword": [{"@_fa": "true", "$": "Fault detection"}, {"@_fa": "true", "$": "Fault identification"}, {"@_fa": "true", "$": "Mobile robot"}, {"@_fa": "true", "$": "Pattern recognition neural network"}]}, "subject-areas": {"subject-area": [{"@_fa": "true", "$": "Industrial and Manufacturing Engineering", "@code": "2209", "@abbrev": "ENGI"}, {"@_fa": "true", "$": "Control and Optimization", "@code": "2606", "@abbrev": "MATH"}, {"@_fa": "true", "$": "Energy Engineering and Power Technology", "@code": "2102", "@abbrev": "ENER"}, {"@_fa": "true", "$": "Electrical and Electronic Engineering", "@code": "2208", "@abbrev": "ENGI"}]}, "authors": {"author": [{"ce:given-name": "Ranyaphat", "preferred-name": {"ce:given-name": "Ranyaphat", "ce:initials": "R.", "ce:surname": "Hongpipatsak", "ce:indexed-name": "Hongpipatsak R."}, "@seq": "1", "ce:initials": "R.", "@_fa": "true", "affiliation": {"@id": "60028190", "@href": "https://api.elsevier.com/content/affiliation/affiliation_id/60028190"}, "ce:surname": "Hongpipatsak", "@auid": "57201986082", "author-url": "https://api.elsevier.com/content/author/author_id/57201986082", "ce:indexed-name": "Hongpipatsak R."}, {"ce:given-name": "Manop", "preferred-name": {"ce:given-name": "Manop", "ce:initials": "M.", "ce:surname": "Wongsaisuwan", "ce:indexed-name": "Wongsaisuwan M."}, "@seq": "2", "ce:initials": "M.", "@_fa": "true", "affiliation": {"@id": "60028190", "@href": "https://api.elsevier.com/content/affiliation/affiliation_id/60028190"}, "ce:surname": "Wongsaisuwan", "@auid": "6506246138", "author-url": "https://api.elsevier.com/content/author/author_id/6506246138", "ce:indexed-name": "Wongsaisuwan M."}]}}}