{"abstracts-retrieval-response": {"item": {"ait:process-info": {"ait:status": {"@state": "update", "@type": "core", "@stage": "S300"}, "ait:date-delivered": {"@day": "23", "@timestamp": "2024-01-23T17:54:59.000059-05:00", "@year": "2024", "@month": "01"}, "ait:date-sort": {"@day": "01", "@year": "2017", "@month": "10"}}, "bibrecord": {"head": {"author-group": [{"affiliation": {"country": "Thailand", "@afid": "60022183", "@country": "tha", "city": "Bangkok", "organization": [{"$": "Division of Gastroenterology"}, {"$": "Department of Medicine"}, {"$": "Faculty of Medicine"}, {"$": "Chulalongkorn University and King Chulalongkorn Memorial Hospital"}], "affiliation-id": [{"@afid": "60022183", "@dptid": "100291259"}, {"@afid": "60028190"}], "@dptid": "100291259"}, "author": [{"ce:given-name": "Passisd", "preferred-name": {"ce:given-name": "Passisd", "ce:initials": "P.", "ce:surname": "Laoveeravat", "ce:indexed-name": "Laoveeravat P."}, "@seq": "1", "ce:initials": "P.", "@_fa": "true", "@type": "auth", "ce:surname": "Laoveeravat", "@auid": "57199242564", "ce:indexed-name": "Laoveeravat P."}, {"ce:given-name": "Nicha", "preferred-name": {"ce:given-name": "Nicha", "ce:initials": "N.", "ce:surname": "Wongjarupong", "ce:indexed-name": "Wongjarupong N."}, "@seq": "3", "ce:initials": "N.", "@date-locked": "2023-07-09T21:20:53.958", "@_fa": "true", "@type": "auth", "ce:surname": "Wongjarupong", "@auid": "57201258986", "ce:indexed-name": "Wongjarupong N."}, {"ce:given-name": "Sittikorn", "preferred-name": {"ce:given-name": "Sittikorn", "ce:initials": "S.", "ce:surname": "Linlawan", "ce:indexed-name": "Linlawan S."}, "@seq": "4", "ce:initials": "S.", "@_fa": "true", "@type": "auth", "ce:surname": "Linlawan", "@auid": "55990953900", "ce:indexed-name": "Linlawan S."}, {"ce:given-name": "Chonlada", "preferred-name": {"ce:given-name": "Chonlada", "ce:initials": "C.", "ce:surname": "Phathong", "ce:indexed-name": "Phathong C."}, "@seq": "6", "ce:initials": "C.", "@_fa": "true", "@type": "auth", "ce:surname": "Phathong", "@auid": "57208796272", "ce:indexed-name": "Phathong C."}, {"ce:given-name": "Sombat", "preferred-name": {"ce:given-name": "Sombat", "ce:initials": "S.", "ce:surname": "Treeprasertsuk", "ce:indexed-name": "Treeprasertsuk S."}, "@seq": "8", "ce:initials": "S.", "@_fa": "true", "@type": "auth", "ce:surname": "Treeprasertsuk", "@auid": "57077082800", "ce:indexed-name": "Treeprasertsuk S."}, {"ce:given-name": "Rungsun", "preferred-name": {"ce:given-name": "Rungsun", "ce:initials": "R.", "ce:surname": "Rerknimitr", "ce:indexed-name": "Rerknimitr R."}, "@seq": "9", "ce:initials": "R.", "@date-locked": "2020-06-26T08:39:31.544", "@_fa": "true", "@type": "auth", "ce:surname": "Rerknimitr", "@auid": "6603607086", "ce:indexed-name": "Rerknimitr R."}, {"ce:given-name": "Roongruedee", "preferred-name": {"ce:given-name": "Roongruedee", "ce:initials": "R.", "ce:surname": "Chaiteerakij", "ce:indexed-name": "Chaiteerakij R."}, "@seq": "10", "ce:initials": "R.", "@_fa": "true", "@type": "auth", "ce:surname": "Chaiteerakij", "@auid": "24764920200", "@orcid": "0000-0002-7191-3881", "ce:indexed-name": "Chaiteerakij R."}]}, {"affiliation": {"country": "United States", "@afid": "60008308", "@date-locked": "2024-01-23T14:25:24.626", "@country": "usa", "city": "Honolulu", "organization": [{"$": "Department of Internal medicine"}, {"$": "University of Hawaii"}], "affiliation-id": [{"@afid": "60008308", "@dptid": "112371607"}, {"@afid": "60013791"}], "state": "HI", "@dptid": "112371607"}, "author": [{"ce:given-name": "Veeravich", "preferred-name": {"ce:given-name": "Veeravich", "ce:initials": "V.", "ce:surname": "Jaruvongvanich", "ce:indexed-name": "Jaruvongvanich V."}, "@seq": "2", "ce:initials": "V.", "@_fa": "true", "@type": "auth", "ce:surname": "Jaruvongvanich", "@auid": "56589905600", "ce:indexed-name": "Jaruvongvanich V."}]}, {"affiliation": {"country": "United States", "@afid": "60005558", "@country": "usa", "city": "Rochester", "organization": [{"$": "Division of Gastroenterology and Hepatology"}, {"$": "Mayo Clinic"}], "affiliation-id": {"@afid": "60005558", "@dptid": "109429459"}, "state": "MN", "@dptid": "109429459"}, "author": [{"ce:given-name": "Nicha", "preferred-name": {"ce:given-name": "Nicha", "ce:initials": "N.", "ce:surname": "Wongjarupong", "ce:indexed-name": "Wongjarupong N."}, "@seq": "3", "ce:initials": "N.", "@date-locked": "2023-07-09T21:20:53.958", "@_fa": "true", "@type": "auth", "ce:surname": "Wongjarupong", "@auid": "57201258986", "ce:indexed-name": "Wongjarupong N."}]}, {"affiliation": {"country": "Thailand", "@afid": "60022183", "@country": "tha", "city": "Bangkok", "organization": [{"$": "Department of Radiology"}, {"$": "Faculty of Medicine"}, {"$": "Chulalongkorn University and King Chulalongkorn Memorial Hospital"}], "affiliation-id": [{"@afid": "60022183", "@dptid": "104136224"}, {"@afid": "60028190"}], "@dptid": "104136224"}, "author": [{"ce:given-name": "Natthaporn", "preferred-name": {"ce:given-name": "Natthaporn", "ce:initials": "N.", "ce:surname": "Tanpowpong", "ce:indexed-name": "Tanpowpong N."}, "@seq": "5", "ce:initials": "N.", "@_fa": "true", "@type": "auth", "ce:surname": "Tanpowpong", "@auid": "55540651700", "ce:indexed-name": "Tanpowpong N."}]}, {"affiliation": {"country": "United States", "@afid": "60029445", "@country": "usa", "city": "Minneapolis", "organization": [{"$": "Department of Medicine"}, {"$": "The University of Minnesota"}], "affiliation-id": {"@afid": "60029445", "@dptid": "108400340"}, "state": "MN", "@dptid": "108400340"}, "author": [{"ce:given-name": "Parkpoom", "preferred-name": {"ce:given-name": "Parkpoom", "ce:initials": "P.", "ce:surname": "Phatharacharukul", "ce:indexed-name": "Phatharacharukul P."}, "@seq": "7", "ce:initials": "P.", "@_fa": "true", "@type": "auth", "ce:surname": "Phatharacharukul", "@auid": "55511765900", "ce:indexed-name": "Phatharacharukul P."}]}], "citation-title": "Outcome and validation of a new clinically based staging system for predicting survival of perihilar cholangiocarcinoma patients", "abstracts": "\u00a9 2017 The Authors. JGH Open: An open access journal of gastroenterology and hepatology published by Journal of Gastroenterology and Hepatology Foundation and John Wiley & Sons Australia, Ltd.Background and Aim: Currently available staging systems for cholangiocarcinoma (CCA) are not applicable to patients with unresectable stage. A new clinical staging system for perihilar CCA (pCCA) subtype has been recently developed in a US cohort, with a good performance in predicting survival of all pCCA patients. We aimed to determine outcomes of pCCA patients and evaluate predictive performance of this staging system in an Asian population. Methods: All 141 patients diagnosed with pCCA between 2003 and 2012 were identified. Clinical information was retrospectively abstracted. Patients were classified into four stages based on the new staging system. Survival predictors were analyzed using the Cox proportional hazard analysis. Results: Of the 141 pCCA patients, 38 (27%), 101 (72%), and 2 (1%) received resection, palliative biliary drainage \u00b1 chemotherapy, and best supportive care, respectively. Survival predictors included resectable disease, tumor size, distant metastasis, and cancer antigen 19-9 \u2265 1000 U/mL. When classified by clinical stages, 13, 4, 99, and 25 patients were in stages I, II, III, and IV, with median survivals of 18.4, 7.3, 6.3, and 2.6 months; and hazard ratio (95% confidence interval) of 1.0 (reference), 1.7 (0.5\u20135.5), 3.2 (1.5\u20136.7), and 10.8 (4.6\u201325.0), respectively. Conclusion: The clinical staging system has a limited performance in differentiating stage II pCCA patients from stage III patients in the Thai cohort. This can be due to differences in patient characteristics and treatment modalities between the Asian and White pCCA populations. However, the median survivals of patients with other stages are significantly different.", "correspondence": {"affiliation": {"country": "Thailand", "@country": "tha", "city": "Bangkok", "organization": [{"$": "Division of Gastroenterology"}, {"$": "Department of Medicine"}, {"$": "Faculty of Medicine"}, {"$": "Chulalongkorn University and King Chulalongkorn Memorial Hospital"}]}, "person": {"ce:given-name": "Roongruedee", "ce:initials": "R.", "ce:surname": "Chaiteerakij", "ce:indexed-name": "Chaiteerakij R."}}, "citation-info": {"author-keywords": {"author-keyword": [{"$": "bile duct cancer", "@xml:lang": "eng"}, {"$": "cholangiocarcinoma", "@xml:lang": "eng"}, {"$": "prognosis", "@xml:lang": "eng"}, {"$": "staging system", "@xml:lang": "eng"}, {"$": "treatment outcome", "@xml:lang": "eng"}]}, "citation-type": {"@code": "ar"}, "citation-language": {"@language": "English", "@xml:lang": "eng"}, "abstract-language": {"@language": "English", "@xml:lang": "eng"}}, "source": {"sourcetitle-abbrev": "JGH Open", "website": {"ce:e-address": {"$": "http://onlinelibrary.wiley.com/journal/10.1002/(ISSN)2397-9070", "@type": "email"}}, "@country": "usa", "translated-sourcetitle": {"@xml:lang": "eng"}, "issn": {"$": "23979070", "@type": "electronic"}, "volisspag": {"voliss": {"@volume": "1", "@issue": "2"}, "pagerange": {"@first": "56", "@last": "61"}}, "@type": "j", "publicationyear": {"@first": "2017"}, "publisher": {"publishername": "John Wiley and Sons Inc.", "ce:e-address": {"$": "cs-journals@wiley.com", "@type": "email"}}, "sourcetitle": "JGH Open", "@srcid": "21100924424", "publicationdate": {"month": "10", "year": "2017", "date-text": {"@xfab-added": "true", "$": "1 October 2017"}, "day": "01"}}, "enhancement": {"classificationgroup": {"classifications": [{"@type": "EMCLASS", "classification": [{"classification-code": "16", "classification-description": "Cancer"}, {"classification-code": "48", "classification-description": "Gastroenterology"}]}, {"@type": "ASJC", "classification": [{"$": "2721"}, {"$": "2715"}]}, {"@type": "SUBJABBR", "classification": "MEDI"}]}}}, "item-info": {"copyright": {"$": "Copyright 2019 Elsevier B.V., All rights reserved.", "@type": "Elsevier"}, "dbcollection": [{"$": "EMBASE"}, {"$": "REAXYSCAR"}, {"$": "SCOPUS"}, {"$": "Scopusbase"}], "history": {"date-created": {"@day": "03", "@timestamp": "BST 12:17:35", "@year": "2019", "@month": "09"}}, "itemidlist": {"itemid": [{"$": "623769541", "@idtype": "PUI"}, {"$": "912551428", "@idtype": "CAR-ID"}, {"$": "20180610783", "@idtype": "EMBASE"}, {"$": "20181555782", "@idtype": "REAXYSCAR"}, {"$": "20192374690", "@idtype": "SCOPUS"}, {"$": "85071707398", "@idtype": "SCP"}, {"$": "85071707398", "@idtype": "SGR"}], "ce:doi": "10.1002/jgh3.12009"}}, "tail": {"bibliography": {"@refcount": "19", "reference": [{"ref-fulltext": "Everhart JE, Ruhl CE. Burden of digestive diseases in the United States Part III: liver, biliary tract, and pancreas. Gastroenterology. 2009; 136: 1134\u201344", "@id": "1", "ref-info": {"ref-publicationyear": {"@first": "2009"}, "ref-title": {"ref-titletext": "Burden of digestive diseases in the United States Part III: liver, biliary tract, and pancreas"}, "refd-itemidlist": {"itemid": [{"$": "jgh312009-cit-0001", "@idtype": "FRAGMENTID"}, {"$": "62949143802", "@idtype": "SGR"}]}, "ref-volisspag": {"voliss": {"@volume": "136"}, "pagerange": {"@first": "1134", "@last": "1144"}}, "ref-authors": {"author": [{"@seq": "1", "ce:initials": "J.E.", "@_fa": "true", "ce:surname": "Everhart", "ce:indexed-name": "Everhart J.E."}, {"@seq": "2", "ce:initials": "C.E.", "@_fa": "true", "ce:surname": "Ruhl", "ce:indexed-name": "Ruhl C.E."}]}, "ref-sourcetitle": "Gastroenterology"}}, {"ref-fulltext": "Bergquist A, von Seth E. Epidemiology of cholangiocarcinoma. Best Pract. Res. Clin. Gastroenterol. 2015; 29: 221\u201332", "@id": "2", "ref-info": {"ref-publicationyear": {"@first": "2015"}, "ref-title": {"ref-titletext": "Epidemiology of cholangiocarcinoma"}, "refd-itemidlist": {"itemid": [{"$": "jgh312009-cit-0002", "@idtype": "FRAGMENTID"}, {"$": "84929288947", "@idtype": "SGR"}]}, "ref-volisspag": {"voliss": {"@volume": "29"}, "pagerange": {"@first": "221", "@last": "232"}}, "ref-authors": {"author": [{"@seq": "1", "ce:initials": "A.", "@_fa": "true", "ce:surname": "Bergquist", "ce:indexed-name": "Bergquist A."}, {"@seq": "2", "ce:initials": "E.", "@_fa": "true", "ce:surname": "von Seth", "ce:indexed-name": "von Seth E."}]}, "ref-sourcetitle": "Best Pract. Res. Clin. Gastroenterol."}}, {"ref-fulltext": "Khan SA, Davidson BR, Goldin RD et al. Guidelines for the diagnosis and treatment of cholangiocarcinoma: an update. Gut. 2012; 61: 1657\u201369", "@id": "3", "ref-info": {"ref-publicationyear": {"@first": "2012"}, "ref-title": {"ref-titletext": "Guidelines for the diagnosis and treatment of cholangiocarcinoma: an update"}, "refd-itemidlist": {"itemid": [{"$": "jgh312009-cit-0003", "@idtype": "FRAGMENTID"}, {"$": "84868708514", "@idtype": "SGR"}]}, "ref-volisspag": {"voliss": {"@volume": "61"}, "pagerange": {"@first": "1657", "@last": "1669"}}, "ref-authors": {"author": [{"@seq": "1", "ce:initials": "S.A.", "@_fa": "true", "ce:surname": "Khan", "ce:indexed-name": "Khan S.A."}, {"@seq": "2", "ce:initials": "B.R.", "@_fa": "true", "ce:surname": "Davidson", "ce:indexed-name": "Davidson B.R."}, {"@seq": "3", "ce:initials": "R.D.", "@_fa": "true", "ce:surname": "Goldin", "ce:indexed-name": "Goldin R.D."}], "et-al": null}, "ref-sourcetitle": "Gut"}}, {"ref-fulltext": "Hezel AF, Deshpande V, Zhu AX. Genetics of biliary tract cancers and emerging targeted therapies. J. Clin. Oncol. 2010; 28: 3531\u201340", "@id": "4", "ref-info": {"ref-publicationyear": {"@first": "2010"}, "ref-title": {"ref-titletext": "Genetics of biliary tract cancers and emerging targeted therapies"}, "refd-itemidlist": {"itemid": [{"$": "jgh312009-cit-0004", "@idtype": "FRAGMENTID"}, {"$": "77955285782", "@idtype": "SGR"}]}, "ref-volisspag": {"voliss": {"@volume": "28"}, "pagerange": {"@first": "3531", "@last": "3540"}}, "ref-authors": {"author": [{"@seq": "1", "ce:initials": "A.F.", "@_fa": "true", "ce:surname": "Hezel", "ce:indexed-name": "Hezel A.F."}, {"@seq": "2", "ce:initials": "V.", "@_fa": "true", "ce:surname": "Deshpande", "ce:indexed-name": "Deshpande V."}, {"@seq": "3", "ce:initials": "A.X.", "@_fa": "true", "ce:surname": "Zhu", "ce:indexed-name": "Zhu A.X."}]}, "ref-sourcetitle": "J. Clin. Oncol."}}, {"ref-fulltext": "Nakeeb A, Pitt HA, Sohn TA et al. Cholangiocarcinoma. A spectrum of intrahepatic, perihilar, and distal tumors. Ann. Surg. 1996; 224: 463\u201373; discussion 473\u20135", "@id": "5", "ref-info": {"ref-publicationyear": {"@first": "1996"}, "ref-title": {"ref-titletext": "Cholangiocarcinoma. A spectrum of intrahepatic, perihilar, and distal tumors"}, "refd-itemidlist": {"itemid": [{"$": "jgh312009-cit-0005", "@idtype": "FRAGMENTID"}, {"$": "10144263923", "@idtype": "SGR"}]}, "ref-volisspag": {"voliss": {"@volume": "224"}, "pagerange": {"@first": "463", "@last": "473"}}, "ref-text": "discussion 473\u20135", "ref-authors": {"author": [{"@seq": "1", "ce:initials": "A.", "@_fa": "true", "ce:surname": "Nakeeb", "ce:indexed-name": "Nakeeb A."}, {"@seq": "2", "ce:initials": "H.A.", "@_fa": "true", "ce:surname": "Pitt", "ce:indexed-name": "Pitt H.A."}, {"@seq": "3", "ce:initials": "T.A.", "@_fa": "true", "ce:surname": "Sohn", "ce:indexed-name": "Sohn T.A."}], "et-al": null}, "ref-sourcetitle": "Ann. Surg."}}, {"ref-fulltext": "DeOliveira ML, Cunningham SC, Cameron JL et al. Cholangiocarcinoma: thirty-one-year experience with 564 patients at a single institution. Ann. Surg. 2007; 245: 755\u201362", "@id": "6", "ref-info": {"ref-publicationyear": {"@first": "2007"}, "ref-title": {"ref-titletext": "Cholangiocarcinoma: thirty-one-year experience with 564 patients at a single institution"}, "refd-itemidlist": {"itemid": [{"$": "jgh312009-cit-0006", "@idtype": "FRAGMENTID"}, {"$": "34247638002", "@idtype": "SGR"}]}, "ref-volisspag": {"voliss": {"@volume": "245"}, "pagerange": {"@first": "755", "@last": "762"}}, "ref-authors": {"author": [{"@seq": "1", "ce:initials": "M.L.", "@_fa": "true", "ce:surname": "DeOliveira", "ce:indexed-name": "DeOliveira M.L."}, {"@seq": "2", "ce:initials": "S.C.", "@_fa": "true", "ce:surname": "Cunningham", "ce:indexed-name": "Cunningham S.C."}, {"@seq": "3", "ce:initials": "J.L.", "@_fa": "true", "ce:surname": "Cameron", "ce:indexed-name": "Cameron J.L."}], "et-al": null}, "ref-sourcetitle": "Ann. Surg."}}, {"ref-fulltext": "Rizvi S, Gores GJ. Current diagnostic and management options in perihilar cholangiocarcinoma. Digestion. 2014; 89: 216\u201324", "@id": "7", "ref-info": {"ref-publicationyear": {"@first": "2014"}, "ref-title": {"ref-titletext": "Current diagnostic and management options in perihilar cholangiocarcinoma"}, "refd-itemidlist": {"itemid": [{"$": "jgh312009-cit-0007", "@idtype": "FRAGMENTID"}, {"$": "84901115279", "@idtype": "SGR"}]}, "ref-volisspag": {"voliss": {"@volume": "89"}, "pagerange": {"@first": "216", "@last": "224"}}, "ref-authors": {"author": [{"@seq": "1", "ce:initials": "S.", "@_fa": "true", "ce:surname": "Rizvi", "ce:indexed-name": "Rizvi S."}, {"@seq": "2", "ce:initials": "G.J.", "@_fa": "true", "ce:surname": "Gores", "ce:indexed-name": "Gores G.J."}]}, "ref-sourcetitle": "Digestion"}}, {"ref-fulltext": "Valle J, Wasan H, Palmer DH et al. Cisplatin plus gemcitabine versus gemcitabine for biliary tract cancer. N. Engl. J. Med. 2010; 362: 1273\u201381", "@id": "8", "ref-info": {"ref-publicationyear": {"@first": "2010"}, "ref-title": {"ref-titletext": "Cisplatin plus gemcitabine versus gemcitabine for biliary tract cancer"}, "refd-itemidlist": {"itemid": [{"$": "jgh312009-cit-0008", "@idtype": "FRAGMENTID"}, {"$": "77950822827", "@idtype": "SGR"}]}, "ref-volisspag": {"voliss": {"@volume": "362"}, "pagerange": {"@first": "1273", "@last": "1281"}}, "ref-authors": {"author": [{"@seq": "1", "ce:initials": "J.", "@_fa": "true", "ce:surname": "Valle", "ce:indexed-name": "Valle J."}, {"@seq": "2", "ce:initials": "H.", "@_fa": "true", "ce:surname": "Wasan", "ce:indexed-name": "Wasan H."}, {"@seq": "3", "ce:initials": "D.H.", "@_fa": "true", "ce:surname": "Palmer", "ce:indexed-name": "Palmer D.H."}], "et-al": null}, "ref-sourcetitle": "N. Engl. J. Med."}}, {"ref-fulltext": "Zhu AX. Future directions in the treatment of cholangiocarcinoma. Best Pract. Res. Clin. Gastroenterol. 2015; 29: 355\u201361", "@id": "9", "ref-info": {"ref-publicationyear": {"@first": "2015"}, "ref-title": {"ref-titletext": "Future directions in the treatment of cholangiocarcinoma"}, "refd-itemidlist": {"itemid": [{"$": "jgh312009-cit-0009", "@idtype": "FRAGMENTID"}, {"$": "84929295294", "@idtype": "SGR"}]}, "ref-volisspag": {"voliss": {"@volume": "29"}, "pagerange": {"@first": "355", "@last": "361"}}, "ref-authors": {"author": [{"@seq": "1", "ce:initials": "A.X.", "@_fa": "true", "ce:surname": "Zhu", "ce:indexed-name": "Zhu A.X."}]}, "ref-sourcetitle": "Best Pract. Res. Clin. Gastroenterol."}}, {"ref-fulltext": "Bismuth H, Corlette MB. Intrahepatic cholangioenteric anastomosis in carcinoma of the hilus of the liver. Surg. Gynecol. Obstet. 1975; 140: 170\u20138", "@id": "10", "ref-info": {"ref-publicationyear": {"@first": "1975"}, "ref-title": {"ref-titletext": "Intrahepatic cholangioenteric anastomosis in carcinoma of the hilus of the liver"}, "refd-itemidlist": {"itemid": [{"$": "jgh312009-cit-0010", "@idtype": "FRAGMENTID"}, {"$": "0016425792", "@idtype": "SGR"}]}, "ref-volisspag": {"voliss": {"@volume": "140"}, "pagerange": {"@first": "170", "@last": "178"}}, "ref-authors": {"author": [{"@seq": "1", "ce:initials": "H.", "@_fa": "true", "ce:surname": "Bismuth", "ce:indexed-name": "Bismuth H."}, {"@seq": "2", "ce:initials": "M.B.", "@_fa": "true", "ce:surname": "Corlette", "ce:indexed-name": "Corlette M.B."}]}, "ref-sourcetitle": "Surg. Gynecol. Obstet."}}, {"ref-fulltext": "National Comprehensive Cancer Network. NCCN Guidelines Version 1, 2013. Cited 15 November 2016. Available from URL: http://www.nccn.org/professionals/physician_gls/pdf/hepatobiliary.pdf", "@id": "11", "ref-info": {"ref-publicationyear": {"@first": "2013"}, "ref-website": {"ce:e-address": {"$": "http://www.nccn.org/professionals/physician_gls/pdf/hepatobiliary.pdf", "@type": "email"}}, "refd-itemidlist": {"itemid": [{"$": "jgh312009-cit-0011", "@idtype": "FRAGMENTID"}, {"$": "85071700952", "@idtype": "SGR"}]}, "ref-text": "NCCN Guidelines Version 1,, Cited 15 November 2016. Available from", "ref-authors": {"collaboration": {"@seq": "1", "ce:text": "National Comprehensive Cancer Network", "ce:indexed-name": "National Comprehensive Cancer Network"}}}}, {"ref-fulltext": "Cho MS, Kim SH, Park SW et al. Surgical outcomes and predicting factors of curative resection in patients with hilar cholangiocarcinoma: 10-year single-institution experience. J. Gastrointest. Surg. 2012; 16: 1672\u20139", "@id": "12", "ref-info": {"ref-publicationyear": {"@first": "2012"}, "ref-title": {"ref-titletext": "Surgical outcomes and predicting factors of curative resection in patients with hilar cholangiocarcinoma: 10-year single-institution experience"}, "refd-itemidlist": {"itemid": [{"$": "jgh312009-cit-0012", "@idtype": "FRAGMENTID"}, {"$": "84865524627", "@idtype": "SGR"}]}, "ref-volisspag": {"voliss": {"@volume": "16"}, "pagerange": {"@first": "1672", "@last": "1679"}}, "ref-authors": {"author": [{"@seq": "1", "ce:initials": "M.S.", "@_fa": "true", "ce:surname": "Cho", "ce:indexed-name": "Cho M.S."}, {"@seq": "2", "ce:initials": "S.H.", "@_fa": "true", "ce:surname": "Kim", "ce:indexed-name": "Kim S.H."}, {"@seq": "3", "ce:initials": "S.W.", "@_fa": "true", "ce:surname": "Park", "ce:indexed-name": "Park S.W."}], "et-al": null}, "ref-sourcetitle": "J. Gastrointest. Surg."}}, {"ref-fulltext": "Jarnagin WR, Fong Y, DeMatteo RP et al. Staging, resectability, and outcome in 225 patients with hilar cholangiocarcinoma. Ann. Surg. 2001; 234: 507\u201317; discussion 517\u201319", "@id": "13", "ref-info": {"ref-publicationyear": {"@first": "2001"}, "ref-title": {"ref-titletext": "Staging, resectability, and outcome in 225 patients with hilar cholangiocarcinoma"}, "refd-itemidlist": {"itemid": [{"$": "jgh312009-cit-0013", "@idtype": "FRAGMENTID"}, {"$": "0034790895", "@idtype": "SGR"}]}, "ref-volisspag": {"voliss": {"@volume": "234"}, "pagerange": {"@first": "507", "@last": "517"}}, "ref-text": "discussion 517\u201319", "ref-authors": {"author": [{"@seq": "1", "ce:initials": "W.R.", "@_fa": "true", "ce:surname": "Jarnagin", "ce:indexed-name": "Jarnagin W.R."}, {"@seq": "2", "ce:initials": "Y.", "@_fa": "true", "ce:surname": "Fong", "ce:indexed-name": "Fong Y."}, {"@seq": "3", "ce:initials": "R.P.", "@_fa": "true", "ce:surname": "DeMatteo", "ce:indexed-name": "DeMatteo R.P."}], "et-al": null}, "ref-sourcetitle": "Ann. Surg."}}, {"ref-fulltext": "Hiriart JB, Laurent C, Blanc JF. Perihilar cholangiocarcinoma, the need for a new staging system. Clin. Res. Hepatol. Gastroenterol. 2011; 35: 697\u20138", "@id": "14", "ref-info": {"ref-publicationyear": {"@first": "2011"}, "ref-title": {"ref-titletext": "Perihilar cholangiocarcinoma, the need for a new staging system"}, "refd-itemidlist": {"itemid": [{"$": "jgh312009-cit-0014", "@idtype": "FRAGMENTID"}, {"$": "83155180412", "@idtype": "SGR"}]}, "ref-volisspag": {"voliss": {"@volume": "35"}, "pagerange": {"@first": "697", "@last": "698"}}, "ref-authors": {"author": [{"@seq": "1", "ce:initials": "J.B.", "@_fa": "true", "ce:surname": "Hiriart", "ce:indexed-name": "Hiriart J.B."}, {"@seq": "2", "ce:initials": "C.", "@_fa": "true", "ce:surname": "Laurent", "ce:indexed-name": "Laurent C."}, {"@seq": "3", "ce:initials": "J.F.", "@_fa": "true", "ce:surname": "Blanc", "ce:indexed-name": "Blanc J.F."}]}, "ref-sourcetitle": "Clin. Res. Hepatol. Gastroenterol."}}, {"ref-fulltext": "Chaiteerakij R, Harmsen WS, Marrero CR et al. A new clinically based staging system for perihilar cholangiocarcinoma. Am. J. Gastroenterol. 2014; 109: 1881\u201390", "@id": "15", "ref-info": {"ref-publicationyear": {"@first": "2014"}, "ref-title": {"ref-titletext": "A new clinically based staging system for perihilar cholangiocarcinoma"}, "refd-itemidlist": {"itemid": [{"$": "jgh312009-cit-0015", "@idtype": "FRAGMENTID"}, {"$": "84925225780", "@idtype": "SGR"}]}, "ref-volisspag": {"voliss": {"@volume": "109"}, "pagerange": {"@first": "1881", "@last": "1890"}}, "ref-authors": {"author": [{"@seq": "1", "ce:initials": "R.", "@_fa": "true", "ce:surname": "Chaiteerakij", "ce:indexed-name": "Chaiteerakij R."}, {"@seq": "2", "ce:initials": "W.S.", "@_fa": "true", "ce:surname": "Harmsen", "ce:indexed-name": "Harmsen W.S."}, {"@seq": "3", "ce:initials": "C.R.", "@_fa": "true", "ce:surname": "Marrero", "ce:indexed-name": "Marrero C.R."}], "et-al": null}, "ref-sourcetitle": "Am. J. Gastroenterol."}}, {"ref-fulltext": "Sripa B, Kaewkes S, Sithithaworn P et al. Liver fluke induces cholangiocarcinoma. PLoS Med. 2007; 4: e201", "@id": "16", "ref-info": {"ref-publicationyear": {"@first": "2007"}, "ref-title": {"ref-titletext": "Liver fluke induces cholangiocarcinoma"}, "refd-itemidlist": {"itemid": [{"$": "jgh312009-cit-0016", "@idtype": "FRAGMENTID"}, {"$": "e201", "@idtype": "ARTNUM"}, {"$": "34447270886", "@idtype": "SGR"}]}, "ref-volisspag": {"voliss": {"@volume": "4"}}, "ref-authors": {"author": [{"@seq": "1", "ce:initials": "B.", "@_fa": "true", "ce:surname": "Sripa", "ce:indexed-name": "Sripa B."}, {"@seq": "2", "ce:initials": "S.", "@_fa": "true", "ce:surname": "Kaewkes", "ce:indexed-name": "Kaewkes S."}, {"@seq": "3", "ce:initials": "P.", "@_fa": "true", "ce:surname": "Sithithaworn", "ce:indexed-name": "Sithithaworn P."}], "et-al": null}, "ref-sourcetitle": "PLoS Med."}}, {"ref-fulltext": "Chen P, Li B, Zhu Y et al. Establishment and validation of a prognostic nomogram for patients with resectable perihilar cholangiocarcinoma. Oncotarget. 2016; 7: 37319\u201330", "@id": "17", "ref-info": {"ref-publicationyear": {"@first": "2016"}, "ref-title": {"ref-titletext": "Establishment and validation of a prognostic nomogram for patients with resectable perihilar cholangiocarcinoma"}, "refd-itemidlist": {"itemid": [{"$": "jgh312009-cit-0017", "@idtype": "FRAGMENTID"}, {"$": "84978145868", "@idtype": "SGR"}]}, "ref-volisspag": {"voliss": {"@volume": "7"}, "pagerange": {"@first": "37319", "@last": "37330"}}, "ref-authors": {"author": [{"@seq": "1", "ce:initials": "P.", "@_fa": "true", "ce:surname": "Chen", "ce:indexed-name": "Chen P."}, {"@seq": "2", "ce:initials": "B.", "@_fa": "true", "ce:surname": "Li", "ce:indexed-name": "Li B."}, {"@seq": "3", "ce:initials": "Y.", "@_fa": "true", "ce:surname": "Zhu", "ce:indexed-name": "Zhu Y."}], "et-al": null}, "ref-sourcetitle": "Oncotarget"}}, {"ref-fulltext": "Okuno M, Ebata T, Yokoyama Y et al. Appraisal of inflammation-based prognostic scores in patients with unresectable perihilar cholangiocarcinoma. J. Hepatobiliary Pancreat. Sci. 2016; 23: 636\u201342", "@id": "18", "ref-info": {"ref-publicationyear": {"@first": "2016"}, "ref-title": {"ref-titletext": "Appraisal of inflammation-based prognostic scores in patients with unresectable perihilar cholangiocarcinoma"}, "refd-itemidlist": {"itemid": [{"$": "jgh312009-cit-0018", "@idtype": "FRAGMENTID"}, {"$": "84990250776", "@idtype": "SGR"}]}, "ref-volisspag": {"voliss": {"@volume": "23"}, "pagerange": {"@first": "636", "@last": "642"}}, "ref-authors": {"author": [{"@seq": "1", "ce:initials": "M.", "@_fa": "true", "ce:surname": "Okuno", "ce:indexed-name": "Okuno M."}, {"@seq": "2", "ce:initials": "T.", "@_fa": "true", "ce:surname": "Ebata", "ce:indexed-name": "Ebata T."}, {"@seq": "3", "ce:initials": "Y.", "@_fa": "true", "ce:surname": "Yokoyama", "ce:indexed-name": "Yokoyama Y."}], "et-al": null}, "ref-sourcetitle": "J. Hepatobiliary Pancreat. Sci."}}, {"ref-fulltext": "Groot Koerkamp B, Wiggers JK, Gonen M et al. Survival after resection of perihilar cholangiocarcinoma-development and external validation of a prognostic nomogram. Ann. Oncol. 2015; 26: 1930\u20135", "@id": "19", "ref-info": {"ref-publicationyear": {"@first": "2015"}, "ref-title": {"ref-titletext": "Survival after resection of perihilar cholangiocarcinoma-development and external validation of a prognostic nomogram"}, "refd-itemidlist": {"itemid": [{"$": "jgh312009-cit-0019", "@idtype": "FRAGMENTID"}, {"$": "84941632001", "@idtype": "SGR"}]}, "ref-volisspag": {"voliss": {"@volume": "26"}, "pagerange": {"@first": "1930", "@last": "1935"}}, "ref-authors": {"author": [{"@seq": "1", "ce:initials": "B.", "@_fa": "true", "ce:surname": "Groot Koerkamp", "ce:indexed-name": "Groot Koerkamp B."}, {"@seq": "2", "ce:initials": "J.K.", "@_fa": "true", "ce:surname": "Wiggers", "ce:indexed-name": "Wiggers J.K."}, {"@seq": "3", "ce:initials": "M.", "@_fa": "true", "ce:surname": "Gonen", "ce:indexed-name": "Gonen M."}], "et-al": null}, "ref-sourcetitle": "Ann. Oncol."}}]}}}}, "affiliation": [{"affiliation-city": "Bangkok", "@id": "60022183", "affilname": "King Chulalongkorn Memorial Hospital", "@href": "https://api.elsevier.com/content/affiliation/affiliation_id/60022183", "affiliation-country": "Thailand"}, {"affiliation-city": "Minneapolis", "@id": "60029445", "affilname": "University of Minnesota Twin Cities", "@href": "https://api.elsevier.com/content/affiliation/affiliation_id/60029445", "affiliation-country": "United States"}, {"affiliation-city": "Honolulu", "@id": "60008308", "affilname": "John A. Burns School of Medicine", "@href": "https://api.elsevier.com/content/affiliation/affiliation_id/60008308", "affiliation-country": "United States"}, {"affiliation-city": "Rochester", "@id": "60005558", "affilname": "Mayo Clinic", "@href": "https://api.elsevier.com/content/affiliation/affiliation_id/60005558", "affiliation-country": "United States"}], "coredata": {"srctype": "j", "eid": "2-s2.0-85071707398", "dc:description": "Background and Aim: Currently available staging systems for cholangiocarcinoma (CCA) are not applicable to patients with unresectable stage. A new clinical staging system for perihilar CCA (pCCA) subtype has been recently developed in a US cohort, with a good performance in predicting survival of all pCCA patients. We aimed to determine outcomes of pCCA patients and evaluate predictive performance of this staging system in an Asian population. Methods: All 141 patients diagnosed with pCCA between 2003 and 2012 were identified. Clinical information was retrospectively abstracted. Patients were classified into four stages based on the new staging system. Survival predictors were analyzed using the Cox proportional hazard analysis. Results: Of the 141 pCCA patients, 38 (27%), 101 (72%), and 2 (1%) received resection, palliative biliary drainage \u00b1 chemotherapy, and best supportive care, respectively. Survival predictors included resectable disease, tumor size, distant metastasis, and cancer antigen 19-9 \u2265 1000 U/mL. When classified by clinical stages, 13, 4, 99, and 25 patients were in stages I, II, III, and IV, with median survivals of 18.4, 7.3, 6.3, and 2.6 months; and hazard ratio (95% confidence interval) of 1.0 (reference), 1.7 (0.5\u20135.5), 3.2 (1.5\u20136.7), and 10.8 (4.6\u201325.0), respectively. Conclusion: The clinical staging system has a limited performance in differentiating stage II pCCA patients from stage III patients in the Thai cohort. This can be due to differences in patient characteristics and treatment modalities between the Asian and White pCCA populations. However, the median survivals of patients with other stages are significantly different.", "prism:coverDate": "2017-10-01", "prism:aggregationType": "Journal", "prism:url": "https://api.elsevier.com/content/abstract/scopus_id/85071707398", "dc:creator": {"author": [{"ce:given-name": "Passisd", "preferred-name": {"ce:given-name": "Passisd", "ce:initials": "P.", "ce:surname": "Laoveeravat", "ce:indexed-name": "Laoveeravat P."}, "@seq": "1", "ce:initials": "P.", "@_fa": "true", "affiliation": {"@id": "60022183", "@href": "https://api.elsevier.com/content/affiliation/affiliation_id/60022183"}, "ce:surname": "Laoveeravat", "@auid": "57199242564", "author-url": "https://api.elsevier.com/content/author/author_id/57199242564", "ce:indexed-name": "Laoveeravat P."}]}, "link": [{"@_fa": "true", "@rel": "self", "@href": "https://api.elsevier.com/content/abstract/scopus_id/85071707398"}, {"@_fa": "true", "@rel": "scopus", "@href": "https://www.scopus.com/inward/record.uri?partnerID=HzOxMe3b&scp=85071707398&origin=inward"}, {"@_fa": "true", "@rel": "scopus-citedby", "@href": "https://www.scopus.com/inward/citedby.uri?partnerID=HzOxMe3b&scp=85071707398&origin=inward"}], "source-id": "21100924424", "citedby-count": "3", "prism:volume": "1", "subtype": "ar", "dc:title": "Outcome and validation of a new clinically based staging system for predicting survival of perihilar cholangiocarcinoma patients", "openaccess": "1", "prism:issn": "23979070", "publishercopyright": "\u00a9 2017 The Authors. JGH Open: An open access journal of gastroenterology and hepatology published by Journal of Gastroenterology and Hepatology Foundation and John Wiley & Sons Australia, Ltd.", "prism:issueIdentifier": "2", "subtypeDescription": "Article", "prism:publicationName": "JGH Open", "prism:pageRange": "56-61", "prism:endingPage": "61", "openaccessFlag": "true", "prism:doi": "10.1002/jgh3.12009", "prism:startingPage": "56", "dc:identifier": "SCOPUS_ID:85071707398", "dc:publisher": "John Wiley and Sons Inc.cs-journals@wiley.com"}, "idxterms": null, "language": {"@xml:lang": "eng"}, "authkeywords": {"author-keyword": [{"@_fa": "true", "$": "bile duct cancer"}, {"@_fa": "true", "$": "cholangiocarcinoma"}, {"@_fa": "true", "$": "prognosis"}, {"@_fa": "true", "$": "staging system"}, {"@_fa": "true", "$": "treatment outcome"}]}, "subject-areas": {"subject-area": [{"@_fa": "true", "$": "Hepatology", "@code": "2721", "@abbrev": "MEDI"}, {"@_fa": "true", "$": "Gastroenterology", "@code": "2715", "@abbrev": "MEDI"}]}, "authors": {"author": [{"ce:given-name": "Passisd", "preferred-name": {"ce:given-name": "Passisd", "ce:initials": "P.", "ce:surname": "Laoveeravat", "ce:indexed-name": "Laoveeravat P."}, "@seq": "1", "ce:initials": "P.", "@_fa": "true", "affiliation": {"@id": "60022183", "@href": "https://api.elsevier.com/content/affiliation/affiliation_id/60022183"}, "ce:surname": "Laoveeravat", "@auid": "57199242564", "author-url": "https://api.elsevier.com/content/author/author_id/57199242564", "ce:indexed-name": "Laoveeravat P."}, {"ce:given-name": "Veeravich", "preferred-name": {"ce:given-name": "Veeravich", "ce:initials": "V.", "ce:surname": "Jaruvongvanich", "ce:indexed-name": "Jaruvongvanich V."}, "@seq": "2", "ce:initials": "V.", "@_fa": "true", "affiliation": {"@id": "60008308", "@href": "https://api.elsevier.com/content/affiliation/affiliation_id/60008308"}, "ce:surname": "Jaruvongvanich", "@auid": "56589905600", "author-url": "https://api.elsevier.com/content/author/author_id/56589905600", "ce:indexed-name": "Jaruvongvanich V."}, {"ce:given-name": "Nicha", "preferred-name": {"ce:given-name": "Nicha", "ce:initials": "N.", "ce:surname": "Wongjarupong", "ce:indexed-name": "Wongjarupong N."}, "@seq": "3", "ce:initials": "N.", "@_fa": "true", "affiliation": [{"@id": "60022183", "@href": "https://api.elsevier.com/content/affiliation/affiliation_id/60022183"}, {"@id": "60005558", "@href": "https://api.elsevier.com/content/affiliation/affiliation_id/60005558"}], "ce:surname": "Wongjarupong", "@auid": "57201258986", "author-url": "https://api.elsevier.com/content/author/author_id/57201258986", "ce:indexed-name": "Wongjarupong N."}, {"ce:given-name": "Sittikorn", "preferred-name": {"ce:given-name": "Sittikorn", "ce:initials": "S.", "ce:surname": "Linlawan", "ce:indexed-name": "Linlawan S."}, "@seq": "4", "ce:initials": "S.", "@_fa": "true", "affiliation": {"@id": "60022183", "@href": "https://api.elsevier.com/content/affiliation/affiliation_id/60022183"}, "ce:surname": "Linlawan", "@auid": "55990953900", "author-url": "https://api.elsevier.com/content/author/author_id/55990953900", "ce:indexed-name": "Linlawan S."}, {"ce:given-name": "Natthaporn", "preferred-name": {"ce:given-name": "Natthaporn", "ce:initials": "N.", "ce:surname": "Tanpowpong", "ce:indexed-name": "Tanpowpong N."}, "@seq": "5", "ce:initials": "N.", "@_fa": "true", "affiliation": {"@id": "60022183", "@href": "https://api.elsevier.com/content/affiliation/affiliation_id/60022183"}, "ce:surname": "Tanpowpong", "@auid": "55540651700", "author-url": "https://api.elsevier.com/content/author/author_id/55540651700", "ce:indexed-name": "Tanpowpong N."}, {"ce:given-name": "Chonlada", "preferred-name": {"ce:given-name": "Chonlada", "ce:initials": "C.", "ce:surname": "Phathong", "ce:indexed-name": "Phathong C."}, "@seq": "6", "ce:initials": "C.", "@_fa": "true", "affiliation": {"@id": "60022183", "@href": "https://api.elsevier.com/content/affiliation/affiliation_id/60022183"}, "ce:surname": "Phathong", "@auid": "57208796272", "author-url": "https://api.elsevier.com/content/author/author_id/57208796272", "ce:indexed-name": "Phathong C."}, {"ce:given-name": "Parkpoom", "preferred-name": {"ce:given-name": "Parkpoom", "ce:initials": "P.", "ce:surname": "Phatharacharukul", "ce:indexed-name": "Phatharacharukul P."}, "@seq": "7", "ce:initials": "P.", "@_fa": "true", "affiliation": {"@id": "60029445", "@href": "https://api.elsevier.com/content/affiliation/affiliation_id/60029445"}, "ce:surname": "Phatharacharukul", "@auid": "55511765900", "author-url": "https://api.elsevier.com/content/author/author_id/55511765900", "ce:indexed-name": "Phatharacharukul P."}, {"ce:given-name": "Sombat", "preferred-name": {"ce:given-name": "Sombat", "ce:initials": "S.", "ce:surname": "Treeprasertsuk", "ce:indexed-name": "Treeprasertsuk S."}, "@seq": "8", "ce:initials": "S.", "@_fa": "true", "affiliation": {"@id": "60022183", "@href": "https://api.elsevier.com/content/affiliation/affiliation_id/60022183"}, "ce:surname": "Treeprasertsuk", "@auid": "57077082800", "author-url": "https://api.elsevier.com/content/author/author_id/57077082800", "ce:indexed-name": "Treeprasertsuk S."}, {"ce:given-name": "Rungsun", "preferred-name": {"ce:given-name": "Rungsun", "ce:initials": "R.", "ce:surname": "Rerknimitr", "ce:indexed-name": "Rerknimitr R."}, "@seq": "9", "ce:initials": "R.", "@_fa": "true", "affiliation": {"@id": "60022183", "@href": "https://api.elsevier.com/content/affiliation/affiliation_id/60022183"}, "ce:surname": "Rerknimitr", "@auid": "6603607086", "author-url": "https://api.elsevier.com/content/author/author_id/6603607086", "ce:indexed-name": "Rerknimitr R."}, {"ce:given-name": "Roongruedee", "preferred-name": {"ce:given-name": "Roongruedee", "ce:initials": "R.", "ce:surname": "Chaiteerakij", "ce:indexed-name": "Chaiteerakij R."}, "@seq": "10", "ce:initials": "R.", "@_fa": "true", "affiliation": {"@id": "60022183", "@href": "https://api.elsevier.com/content/affiliation/affiliation_id/60022183"}, "ce:surname": "Chaiteerakij", "@auid": "24764920200", "author-url": "https://api.elsevier.com/content/author/author_id/24764920200", "ce:indexed-name": "Chaiteerakij R."}]}}}