{"abstracts-retrieval-response": {"item": {"ait:process-info": {"ait:status": {"@state": "update", "@type": "core", "@stage": "S300"}, "ait:date-delivered": {"@day": "24", "@timestamp": "2020-11-24T06:15:53.000053-05:00", "@year": "2020", "@month": "11"}, "ait:date-sort": {"@day": "15", "@year": "2017", "@month": "12"}}, "xocs:meta": {"xocs:funding-list": {"@pui-match": "primary", "@has-funding-info": "1", "xocs:funding": [{"xocs:funding-agency-matched-string": "Science Achievement Scholarship of Thailand"}, {"xocs:funding-agency-matched-string": "Thailand Research Fund", "xocs:funding-agency-acronym": "TRF", "xocs:funding-agency": "Thailand Research Fund", "xocs:funding-id": "DPG5780002", "xocs:funding-agency-id": "http://data.elsevier.com/vocabulary/SciValFunders/501100004396", "xocs:funding-agency-country": "http://sws.geonames.org/1605651/"}, {"xocs:funding-agency-matched-string": "SAST", "xocs:funding-agency-acronym": "SAST", "xocs:funding-agency": "School of Aerospace Science and Technology", "xocs:funding-agency-id": "http://data.elsevier.com/vocabulary/SciValFunders/501100005321", "xocs:funding-agency-country": "http://sws.geonames.org/1814991/"}], "xocs:funding-addon-generated-timestamp": "2021-02-04T19:32:28.621847Z", "xocs:funding-text": "We acknowledge financial supports from the Thailand Research Fund (grant number DPG5780002, to T.V.) and Science Achievement Scholarship of Thailand (SAST) (to DN).", "xocs:funding-addon-type": "http://vtw.elsevier.com/data/voc/AddOnTypes/50.7/aggregated-refined"}}, "bibrecord": {"head": {"author-group": {"affiliation": {"country": "Thailand", "address-part": "Phayathai Road, Patumwan", "postal-code": "10330", "@afid": "60028190", "@country": "tha", "city": "Bangkok", "organization": [{"$": "Organic Synthesis Research Unit"}, {"$": "Department of Chemistry"}, {"$": "Faculty of Science"}, {"$": "Chulalongkorn University"}], "affiliation-id": {"@afid": "60028190", "@dptid": "104425638"}, "@dptid": "104425638"}, "author": [{"ce:given-name": "Duangrat", "preferred-name": {"ce:given-name": "Duangrat", "ce:initials": "D.", "ce:surname": "Nim-anussornkul", "ce:indexed-name": "Nim-anussornkul D."}, "@seq": "1", "ce:initials": "D.", "@_fa": "true", "@type": "auth", "ce:surname": "Nim-anussornkul", "@auid": "57191921188", "ce:indexed-name": "Nim-anussornkul D."}, {"ce:given-name": "Tirayut", "preferred-name": {"ce:given-name": "Tirayut", "ce:initials": "T.", "ce:surname": "Vilaivan", "ce:indexed-name": "Vilaivan T."}, "@seq": "2", "ce:initials": "T.", "@date-locked": "2020-04-06T11:42:20.787", "@_fa": "true", "@type": "auth", "ce:surname": "Vilaivan", "@auid": "6701754794", "@orcid": "0000-0002-9184-9506", "ce:indexed-name": "Vilaivan T."}]}, "citation-title": "Synthesis and optical properties of pyrrolidinyl peptide nucleic acid bearing a base discriminating fluorescence nucleobase 8-(pyrene-1-yl)-ethynyladenine", "abstracts": "\u00a9 2017 Elsevier LtdA combination of fluorophore and nucleobase through a \u03c0-conjugated rigid linker integrates the base pairing and the fluorescence change into a single event. Such base discriminating fluorophore can change its fluorescence as a direct response to the base pairing event and therefore have advantages over tethered labels or base surrogates lacking the hydrogen-bonding ability. 8-(Pyrene-1-yl)ethynyl-adenine (APyE) has been extensively used as fluorescence labels in DNA and LNA, but it showed little discrimination between different nucleobases. Herein we investigated the synthesis, base pairing ability and optical properties of APyE in pyrrolidinyl peptide nucleic acid \u2013 a DNA mimic that shows much stronger affinity and specificity towards DNA than natural oligonucleotides. The APyE in PNA pairs specifically with thymine in the DNA strand, and resulted in 1.5\u20135.2-fold enhanced and blue-shifted fluorescence emission. Fluorescence quenching was observed in the presence of mismatched base or abasic site directly opposite to the APyE. The behavior of APyE in acpcPNA is distinctively different from DNA whereby a fluorescence was increased selectively upon duplex formation with complementary DNA and therefore emphasizing the unique advantages of using PNA as alternative oligonucleotide probes. Applications as color-shifting probe for detection of trinucleotide repeats in DNA were demonstrated, and the performance of the probe was further improved by combination with reduced graphene oxide as an external nanoquencher.", "correspondence": {"affiliation": {"country": "Thailand", "address-part": "Phayathai Road, Patumwan", "postal-code": "10330", "@country": "tha", "city": "Bangkok", "organization": [{"$": "Organic Synthesis Research Unit"}, {"$": "Department of Chemistry"}, {"$": "Faculty of Science"}, {"$": "Chulalongkorn University"}]}, "person": {"ce:given-name": "Tirayut", "ce:initials": "T.", "ce:surname": "Vilaivan", "ce:indexed-name": "Vilaivan T."}}, "citation-info": {"author-keywords": {"author-keyword": [{"$": "DNA", "@xml:lang": "eng"}, {"$": "Fluorescence", "@xml:lang": "eng"}, {"$": "Hybridization probes", "@xml:lang": "eng"}, {"$": "Molecular beacons", "@xml:lang": "eng"}, {"$": "PNA", "@xml:lang": "eng"}]}, "citation-type": {"@code": "ar"}, "citation-language": {"@language": "English", "@xml:lang": "eng"}, "abstract-language": {"@language": "English", "@xml:lang": "eng"}}, "source": {"website": {"ce:e-address": {"$": "http://www.journals.elsevier.com/bioorganic-and-medicinal-chemistry/", "@type": "email"}}, "translated-sourcetitle": {"$": "Bioorganic and Medicinal Chemistry", "@xml:lang": "eng"}, "volisspag": {"voliss": {"@volume": "25", "@issue": "24"}, "pagerange": {"@first": "6388", "@last": "6397"}}, "@type": "j", "sourcetitle": "Bioorganic and Medicinal Chemistry", "publicationdate": {"month": "12", "year": "2017", "date-text": {"@xfab-added": "true", "$": "15 December 2017"}, "day": "15"}, "codencode": "BMECE", "sourcetitle-abbrev": "Bioorg. Med. Chem.", "@country": "gbr", "issn": [{"$": "14643391", "@type": "electronic"}, {"$": "09680896", "@type": "print"}], "publicationyear": {"@first": "2017"}, "publisher": {"publishername": "Elsevier Ltd"}, "@srcid": "25786"}, "enhancement": {"classificationgroup": {"classifications": [{"@type": "CABSCLASS", "classification": {"classification-code": "99", "classification-description": "General"}}, {"@type": "EMCLASS", "classification": {"classification-code": "29", "classification-description": "Clinical and Experimental Biochemistry"}}, {"@type": "ASJC", "classification": [{"$": "1303"}, {"$": "1313"}, {"$": "1312"}, {"$": "3003"}, {"$": "3002"}, {"$": "1308"}, {"$": "1605"}]}, {"@type": "SUBJABBR", "classification": [{"$": "BIOC"}, {"$": "PHAR"}, {"$": "CHEM"}]}]}, "chemicalgroup": {"chemicals": [{"@source": "esbd", "chemical": [{"cas-registry-number": "3814-46-8", "chemical-name": "2 aminocyclopentanecarboxylic acid"}, {"cas-registry-number": [{"$": "22177-51-1"}, {"$": "2922-28-3"}, {"$": "73-24-5"}], "chemical-name": "adenine"}]}, {"@source": "nlm", "chemical": [{"chemical-name": "8-(pyrene-1-yl)-ethynyladenine"}, {"chemical-name": "Adenine"}, {"chemical-name": "Fluorescent Dyes"}, {"chemical-name": "Peptide Nucleic Acids"}, {"chemical-name": "Pyrenes"}, {"chemical-name": "Pyrrolidines"}]}]}}}, "item-info": {"copyright": {"$": "Copyright 2020 Elsevier B.V., All rights reserved.", "@type": "Elsevier"}, "external-source": "MEDLINE", "dbcollection": [{"$": "CABS"}, {"$": "CHEM"}, {"$": "EMBASE"}, {"$": "EMBIO"}, {"$": "MEDL"}, {"$": "REAXYS"}, {"$": "REAXYSCAR"}, {"$": "RMC"}, {"$": "SCOPUS"}, {"$": "Scopusbase"}], "history": {"date-created": {"@day": "07", "@timestamp": "BST 08:49:22", "@year": "2020", "@month": "10"}}, "itemidlist": {"itemid": [{"$": "618975580", "@idtype": "PUI"}, {"$": "2017333522", "@idtype": "CABS"}, {"$": "767500199", "@idtype": "CAR-ID"}, {"$": "2017216901", "@idtype": "CHEM"}, {"$": "20170753489", "@idtype": "EMBASE"}, {"$": "2017266914", "@idtype": "EMBIO"}, {"$": "29111370", "@idtype": "MEDL"}, {"$": "2017235688", "@idtype": "REAXYS"}, {"$": "20171885925", "@idtype": "REAXYSCAR"}, {"$": "2017304302", "@idtype": "RMC"}, {"$": "20170794470", "@idtype": "SCOPUS"}, {"$": "85032271239", "@idtype": "SCP"}, {"$": "85032271239", "@idtype": "SGR"}, {"$": "619841861", "@idtype": "PUIsecondary"}], "ce:pii": "S096808961731667X", "ce:doi": "10.1016/j.bmc.2017.10.008"}}, "tail": {"bibliography": {"@refcount": "53", "reference": [{"ref-fulltext": "Juskowiak, B., Anal Bioanal Chem 399 (2011), 3157\u20133176.", "@id": "1", "ref-info": {"ref-publicationyear": {"@first": "2011"}, "refd-itemidlist": {"itemid": [{"$": "b0005", "@idtype": "FRAGMENTID"}, {"$": "79954451018", "@idtype": "SGR"}]}, "ref-volisspag": {"voliss": {"@volume": "399"}, "pagerange": {"@first": "3157", "@last": "3176"}}, "ref-authors": {"author": [{"@seq": "1", "ce:initials": "B.", "@_fa": "true", "ce:surname": "Juskowiak", "ce:indexed-name": "Juskowiak B."}]}, "ref-sourcetitle": "Anal Bioanal Chem"}}, {"ref-fulltext": "Wang, K., Huang, J., Yang, X., He, X., Liu, J., Analyst 138 (2013), 62\u201371.", "@id": "2", "ref-info": {"ref-publicationyear": {"@first": "2013"}, "refd-itemidlist": {"itemid": [{"$": "b0010", "@idtype": "FRAGMENTID"}, {"$": "84876716225", "@idtype": "SGR"}]}, "ref-volisspag": {"voliss": {"@volume": "138"}, "pagerange": {"@first": "62", "@last": "71"}}, "ref-authors": {"author": [{"@seq": "1", "ce:initials": "K.", "@_fa": "true", "ce:surname": "Wang", "ce:indexed-name": "Wang K."}, {"@seq": "2", "ce:initials": "J.", "@_fa": "true", "ce:surname": "Huang", "ce:indexed-name": "Huang J."}, {"@seq": "3", "ce:initials": "X.", "@_fa": "true", "ce:surname": "Yang", "ce:indexed-name": "Yang X."}, {"@seq": "4", "ce:initials": "X.", "@_fa": "true", "ce:surname": "He", "ce:indexed-name": "He X."}, {"@seq": "5", "ce:initials": "J.", "@_fa": "true", "ce:surname": "Liu", "ce:indexed-name": "Liu J."}]}, "ref-sourcetitle": "Analyst"}}, {"ref-fulltext": "Tyagi, S., Kramer, F.R., Nat Biotechnol 14 (1996), 303\u2013308.", "@id": "3", "ref-info": {"ref-publicationyear": {"@first": "1996"}, "refd-itemidlist": {"itemid": [{"$": "b0015", "@idtype": "FRAGMENTID"}, {"$": "0029670262", "@idtype": "SGR"}]}, "ref-volisspag": {"voliss": {"@volume": "14"}, "pagerange": {"@first": "303", "@last": "308"}}, "ref-authors": {"author": [{"@seq": "1", "ce:initials": "S.", "@_fa": "true", "ce:surname": "Tyagi", "ce:indexed-name": "Tyagi S."}, {"@seq": "2", "ce:initials": "F.R.", "@_fa": "true", "ce:surname": "Kramer", "ce:indexed-name": "Kramer F.R."}]}, "ref-sourcetitle": "Nat Biotechnol"}}, {"ref-fulltext": "Lu, C.-H., Yang, H.-H., Zhu, C.-L., Chen, X., Chen, G.-N., Angew Chem Int Ed 48 (2009), 4785\u20134787.", "@id": "4", "ref-info": {"ref-publicationyear": {"@first": "2009"}, "refd-itemidlist": {"itemid": [{"$": "b0020", "@idtype": "FRAGMENTID"}, {"$": "70349957898", "@idtype": "SGR"}]}, "ref-volisspag": {"voliss": {"@volume": "48"}, "pagerange": {"@first": "4785", "@last": "4787"}}, "ref-authors": {"author": [{"@seq": "1", "ce:initials": "C.-H.", "@_fa": "true", "ce:surname": "Lu", "ce:indexed-name": "Lu C.-H."}, {"@seq": "2", "ce:initials": "H.-H.", "@_fa": "true", "ce:surname": "Yang", "ce:indexed-name": "Yang H.-H."}, {"@seq": "3", "ce:initials": "C.-L.", "@_fa": "true", "ce:surname": "Zhu", "ce:indexed-name": "Zhu C.-L."}, {"@seq": "4", "ce:initials": "X.", "@_fa": "true", "ce:surname": "Chen", "ce:indexed-name": "Chen X."}, {"@seq": "5", "ce:initials": "G.-N.", "@_fa": "true", "ce:surname": "Chen", "ce:indexed-name": "Chen G.-N."}]}, "ref-sourcetitle": "Angew Chem Int Ed"}}, {"ref-fulltext": "He, S., Song, B., Li, D., et al. Adv Funct Mater 20 (2010), 453\u2013459.", "@id": "5", "ref-info": {"ref-publicationyear": {"@first": "2010"}, "refd-itemidlist": {"itemid": [{"$": "b0025", "@idtype": "FRAGMENTID"}, {"$": "76149090494", "@idtype": "SGR"}]}, "ref-volisspag": {"voliss": {"@volume": "20"}, "pagerange": {"@first": "453", "@last": "459"}}, "ref-authors": {"author": [{"@seq": "1", "ce:initials": "S.", "@_fa": "true", "ce:surname": "He", "ce:indexed-name": "He S."}, {"@seq": "2", "ce:initials": "B.", "@_fa": "true", "ce:surname": "Song", "ce:indexed-name": "Song B."}, {"@seq": "3", "ce:initials": "D.", "@_fa": "true", "ce:surname": "Li", "ce:indexed-name": "Li D."}], "et-al": null}, "ref-sourcetitle": "Adv Funct Mater"}}, {"ref-fulltext": "Liu, Z., Liu, B., Ding, J., Liu, J., Anal Bioanal Chem 406 (2014), 6885\u20136902.", "@id": "6", "ref-info": {"ref-publicationyear": {"@first": "2014"}, "refd-itemidlist": {"itemid": [{"$": "b0030", "@idtype": "FRAGMENTID"}, {"$": "84918582512", "@idtype": "SGR"}]}, "ref-volisspag": {"voliss": {"@volume": "406"}, "pagerange": {"@first": "6885", "@last": "6902"}}, "ref-authors": {"author": [{"@seq": "1", "ce:initials": "Z.", "@_fa": "true", "ce:surname": "Liu", "ce:indexed-name": "Liu Z."}, {"@seq": "2", "ce:initials": "B.", "@_fa": "true", "ce:surname": "Liu", "ce:indexed-name": "Liu B."}, {"@seq": "3", "ce:initials": "J.", "@_fa": "true", "ce:surname": "Ding", "ce:indexed-name": "Ding J."}, {"@seq": "4", "ce:initials": "J.", "@_fa": "true", "ce:surname": "Liu", "ce:indexed-name": "Liu J."}]}, "ref-sourcetitle": "Anal Bioanal Chem"}}, {"ref-fulltext": "Mann, J.S., Shibata, Y., Meehan, T., Bioconjugate Chem 3 (1992), 554\u2013558.", "@id": "7", "ref-info": {"ref-publicationyear": {"@first": "1992"}, "refd-itemidlist": {"itemid": [{"$": "b0035", "@idtype": "FRAGMENTID"}, {"$": "0026952668", "@idtype": "SGR"}]}, "ref-volisspag": {"voliss": {"@volume": "3"}, "pagerange": {"@first": "554", "@last": "558"}}, "ref-authors": {"author": [{"@seq": "1", "ce:initials": "J.S.", "@_fa": "true", "ce:surname": "Mann", "ce:indexed-name": "Mann J.S."}, {"@seq": "2", "ce:initials": "Y.", "@_fa": "true", "ce:surname": "Shibata", "ce:indexed-name": "Shibata Y."}, {"@seq": "3", "ce:initials": "T.", "@_fa": "true", "ce:surname": "Meehan", "ce:indexed-name": "Meehan T."}]}, "ref-sourcetitle": "Bioconjugate Chem"}}, {"ref-fulltext": "Asseline, U., Chassignol, M., Aubert, Y., Roig, V., Org Biomol Chem 4 (2006), 1949\u20131957.", "@id": "8", "ref-info": {"ref-publicationyear": {"@first": "2006"}, "refd-itemidlist": {"itemid": [{"$": "b0040", "@idtype": "FRAGMENTID"}, {"$": "33646753604", "@idtype": "SGR"}]}, "ref-volisspag": {"voliss": {"@volume": "4"}, "pagerange": {"@first": "1949", "@last": "1957"}}, "ref-authors": {"author": [{"@seq": "1", "ce:initials": "U.", "@_fa": "true", "ce:surname": "Asseline", "ce:indexed-name": "Asseline U."}, {"@seq": "2", "ce:initials": "M.", "@_fa": "true", "ce:surname": "Chassignol", "ce:indexed-name": "Chassignol M."}, {"@seq": "3", "ce:initials": "Y.", "@_fa": "true", "ce:surname": "Aubert", "ce:indexed-name": "Aubert Y."}, {"@seq": "4", "ce:initials": "V.", "@_fa": "true", "ce:surname": "Roig", "ce:indexed-name": "Roig V."}]}, "ref-sourcetitle": "Org Biomol Chem"}}, {"ref-fulltext": "Bethge, L., Singh, I., Seitz, O., Org Biomol Chem 8 (2010), 2439\u20132448.", "@id": "9", "ref-info": {"ref-publicationyear": {"@first": "2010"}, "refd-itemidlist": {"itemid": [{"$": "b0045", "@idtype": "FRAGMENTID"}, {"$": "77952352944", "@idtype": "SGR"}]}, "ref-volisspag": {"voliss": {"@volume": "8"}, "pagerange": {"@first": "2439", "@last": "2448"}}, "ref-authors": {"author": [{"@seq": "1", "ce:initials": "L.", "@_fa": "true", "ce:surname": "Bethge", "ce:indexed-name": "Bethge L."}, {"@seq": "2", "ce:initials": "I.", "@_fa": "true", "ce:surname": "Singh", "ce:indexed-name": "Singh I."}, {"@seq": "3", "ce:initials": "O.", "@_fa": "true", "ce:surname": "Seitz", "ce:indexed-name": "Seitz O."}]}, "ref-sourcetitle": "Org Biomol Chem"}}, {"ref-fulltext": "H\u00f6velmann, F., Seitz, O., Acc Chem Res 49 (2016), 714\u2013723.", "@id": "10", "ref-info": {"ref-publicationyear": {"@first": "2016"}, "refd-itemidlist": {"itemid": [{"$": "b0050", "@idtype": "FRAGMENTID"}, {"$": "84966270835", "@idtype": "SGR"}]}, "ref-volisspag": {"voliss": {"@volume": "49"}, "pagerange": {"@first": "714", "@last": "723"}}, "ref-authors": {"author": [{"@seq": "1", "ce:initials": "F.", "@_fa": "true", "ce:surname": "H\u00f6velmann", "ce:indexed-name": "Hovelmann F."}, {"@seq": "2", "ce:initials": "O.", "@_fa": "true", "ce:surname": "Seitz", "ce:indexed-name": "Seitz O."}]}, "ref-sourcetitle": "Acc Chem Res"}}, {"ref-fulltext": "Asanuma, H., Akahane, M., Kondo, N., Osawa, T., Kato, T., Kashida, H., Chem Sci 3 (2012), 3165\u20133169.", "@id": "11", "ref-info": {"ref-publicationyear": {"@first": "2012"}, "refd-itemidlist": {"itemid": [{"$": "b0055", "@idtype": "FRAGMENTID"}, {"$": "84867341446", "@idtype": "SGR"}]}, "ref-volisspag": {"voliss": {"@volume": "3"}, "pagerange": {"@first": "3165", "@last": "3169"}}, "ref-authors": {"author": [{"@seq": "1", "ce:initials": "H.", "@_fa": "true", "ce:surname": "Asanuma", "ce:indexed-name": "Asanuma H."}, {"@seq": "2", "ce:initials": "M.", "@_fa": "true", "ce:surname": "Akahane", "ce:indexed-name": "Akahane M."}, {"@seq": "3", "ce:initials": "N.", "@_fa": "true", "ce:surname": "Kondo", "ce:indexed-name": "Kondo N."}, {"@seq": "4", "ce:initials": "T.", "@_fa": "true", "ce:surname": "Osawa", "ce:indexed-name": "Osawa T."}, {"@seq": "5", "ce:initials": "T.", "@_fa": "true", "ce:surname": "Kato", "ce:indexed-name": "Kato T."}, {"@seq": "6", "ce:initials": "H.", "@_fa": "true", "ce:surname": "Kashida", "ce:indexed-name": "Kashida H."}]}, "ref-sourcetitle": "Chem Sci"}}, {"ref-fulltext": "Ikeda, S., Kubota, T., Yuki, M., Okamoto, A., Angew Chem Int Ed 48 (2009), 6480\u20136484.", "@id": "12", "ref-info": {"ref-publicationyear": {"@first": "2009"}, "refd-itemidlist": {"itemid": [{"$": "b0060", "@idtype": "FRAGMENTID"}, {"$": "70349932066", "@idtype": "SGR"}]}, "ref-volisspag": {"voliss": {"@volume": "48"}, "pagerange": {"@first": "6480", "@last": "6484"}}, "ref-authors": {"author": [{"@seq": "1", "ce:initials": "S.", "@_fa": "true", "ce:surname": "Ikeda", "ce:indexed-name": "Ikeda S."}, {"@seq": "2", "ce:initials": "T.", "@_fa": "true", "ce:surname": "Kubota", "ce:indexed-name": "Kubota T."}, {"@seq": "3", "ce:initials": "M.", "@_fa": "true", "ce:surname": "Yuki", "ce:indexed-name": "Yuki M."}, {"@seq": "4", "ce:initials": "A.", "@_fa": "true", "ce:surname": "Okamoto", "ce:indexed-name": "Okamoto A."}]}, "ref-sourcetitle": "Angew Chem Int Ed"}}, {"ref-fulltext": "Hrdlicka, P.J., Babu, B.R., S\u00f8rensen, M.D., Harrit, N., Wengel, J., J Am Chem Soc 127 (2005), 13293\u201313299.", "@id": "13", "ref-info": {"ref-publicationyear": {"@first": "2005"}, "refd-itemidlist": {"itemid": [{"$": "b0065", "@idtype": "FRAGMENTID"}, {"$": "25444491523", "@idtype": "SGR"}]}, "ref-volisspag": {"voliss": {"@volume": "127"}, "pagerange": {"@first": "13293", "@last": "13299"}}, "ref-authors": {"author": [{"@seq": "1", "ce:initials": "P.J.", "@_fa": "true", "ce:surname": "Hrdlicka", "ce:indexed-name": "Hrdlicka P.J."}, {"@seq": "2", "ce:initials": "B.R.", "@_fa": "true", "ce:surname": "Babu", "ce:indexed-name": "Babu B.R."}, {"@seq": "3", "ce:initials": "M.D.", "@_fa": "true", "ce:surname": "S\u00f8rensen", "ce:indexed-name": "Sorensen M.D."}, {"@seq": "4", "ce:initials": "N.", "@_fa": "true", "ce:surname": "Harrit", "ce:indexed-name": "Harrit N."}, {"@seq": "5", "ce:initials": "J.", "@_fa": "true", "ce:surname": "Wengel", "ce:indexed-name": "Wengel J."}]}, "ref-sourcetitle": "J Am Chem Soc"}}, {"ref-fulltext": "Okamoto, A., Kanatani, K., Saito, I., J Am Chem Soc 126 (2004), 4820\u20134827.", "@id": "14", "ref-info": {"ref-publicationyear": {"@first": "2004"}, "refd-itemidlist": {"itemid": [{"$": "b0070", "@idtype": "FRAGMENTID"}, {"$": "1842862981", "@idtype": "SGR"}]}, "ref-volisspag": {"voliss": {"@volume": "126"}, "pagerange": {"@first": "4820", "@last": "4827"}}, "ref-authors": {"author": [{"@seq": "1", "ce:initials": "A.", "@_fa": "true", "ce:surname": "Okamoto", "ce:indexed-name": "Okamoto A."}, {"@seq": "2", "ce:initials": "K.", "@_fa": "true", "ce:surname": "Kanatani", "ce:indexed-name": "Kanatani K."}, {"@seq": "3", "ce:initials": "I.", "@_fa": "true", "ce:surname": "Saito", "ce:indexed-name": "Saito I."}]}, "ref-sourcetitle": "J Am Chem Soc"}}, {"ref-fulltext": "Wilson, J.N., Kool, E.T., Org Biomol Chem 4 (2006), 4265\u20134274.", "@id": "15", "ref-info": {"ref-publicationyear": {"@first": "2006"}, "refd-itemidlist": {"itemid": [{"$": "b0075", "@idtype": "FRAGMENTID"}, {"$": "33751016032", "@idtype": "SGR"}]}, "ref-volisspag": {"voliss": {"@volume": "4"}, "pagerange": {"@first": "4265", "@last": "4274"}}, "ref-authors": {"author": [{"@seq": "1", "ce:initials": "J.N.", "@_fa": "true", "ce:surname": "Wilson", "ce:indexed-name": "Wilson J.N."}, {"@seq": "2", "ce:initials": "E.T.", "@_fa": "true", "ce:surname": "Kool", "ce:indexed-name": "Kool E.T."}]}, "ref-sourcetitle": "Org Biomol Chem"}}, {"ref-fulltext": "\u00d8stergaard, M.E., Hrdlicka, P.J., Chem Soc Rev 40 (2011), 5771\u20135788.", "@id": "16", "ref-info": {"ref-publicationyear": {"@first": "2011"}, "refd-itemidlist": {"itemid": [{"$": "b0080", "@idtype": "FRAGMENTID"}, {"$": "80052174580", "@idtype": "SGR"}]}, "ref-volisspag": {"voliss": {"@volume": "40"}, "pagerange": {"@first": "5771", "@last": "5788"}}, "ref-authors": {"author": [{"@seq": "1", "ce:initials": "M.E.", "@_fa": "true", "ce:surname": "\u00d8stergaard", "ce:indexed-name": "Ostergaard M.E."}, {"@seq": "2", "ce:initials": "P.J.", "@_fa": "true", "ce:surname": "Hrdlicka", "ce:indexed-name": "Hrdlicka P.J."}]}, "ref-sourcetitle": "Chem Soc Rev"}}, {"ref-fulltext": "Hwang, G.T., Seo, Y.J., Kim, B.H., J Am Chem Soc 126 (2004), 6528\u20136529.", "@id": "17", "ref-info": {"ref-publicationyear": {"@first": "2004"}, "refd-itemidlist": {"itemid": [{"$": "b0085", "@idtype": "FRAGMENTID"}, {"$": "2542526068", "@idtype": "SGR"}]}, "ref-volisspag": {"voliss": {"@volume": "126"}, "pagerange": {"@first": "6528", "@last": "6529"}}, "ref-authors": {"author": [{"@seq": "1", "ce:initials": "G.T.", "@_fa": "true", "ce:surname": "Hwang", "ce:indexed-name": "Hwang G.T."}, {"@seq": "2", "ce:initials": "Y.J.", "@_fa": "true", "ce:surname": "Seo", "ce:indexed-name": "Seo Y.J."}, {"@seq": "3", "ce:initials": "B.H.", "@_fa": "true", "ce:surname": "Kim", "ce:indexed-name": "Kim B.H."}]}, "ref-sourcetitle": "J Am Chem Soc"}}, {"ref-fulltext": "Rist, M., Amann, N., Wagenknecht, H.-A., Eur J Org Chem, 2003, 2498\u20132504.", "@id": "18", "ref-info": {"ref-publicationyear": {"@first": "2003"}, "refd-itemidlist": {"itemid": [{"$": "b0090", "@idtype": "FRAGMENTID"}, {"$": "0037587272", "@idtype": "SGR"}]}, "ref-volisspag": {"pagerange": {"@first": "2498", "@last": "2504"}}, "ref-authors": {"author": [{"@seq": "1", "ce:initials": "M.", "@_fa": "true", "ce:surname": "Rist", "ce:indexed-name": "Rist M."}, {"@seq": "2", "ce:initials": "N.", "@_fa": "true", "ce:surname": "Amann", "ce:indexed-name": "Amann N."}, {"@seq": "3", "ce:initials": "H.-A.", "@_fa": "true", "ce:surname": "Wagenknecht", "ce:indexed-name": "Wagenknecht H.-A."}]}, "ref-sourcetitle": "Eur J Org Chem"}}, {"ref-fulltext": "Kumar, P., \u00d8stergaard, M.E., Baral, B., et al. J Org Chem 79 (2014), 5047\u20135061.", "@id": "19", "ref-info": {"ref-publicationyear": {"@first": "2014"}, "refd-itemidlist": {"itemid": [{"$": "b0095", "@idtype": "FRAGMENTID"}, {"$": "84902095856", "@idtype": "SGR"}]}, "ref-volisspag": {"voliss": {"@volume": "79"}, "pagerange": {"@first": "5047", "@last": "5061"}}, "ref-authors": {"author": [{"@seq": "1", "ce:initials": "P.", "@_fa": "true", "ce:surname": "Kumar", "ce:indexed-name": "Kumar P."}, {"@seq": "2", "ce:initials": "M.E.", "@_fa": "true", "ce:surname": "\u00d8stergaard", "ce:indexed-name": "Ostergaard M.E."}, {"@seq": "3", "ce:initials": "B.", "@_fa": "true", "ce:surname": "Baral", "ce:indexed-name": "Baral B."}], "et-al": null}, "ref-sourcetitle": "J Org Chem"}}, {"ref-fulltext": "Hwang, G.T., Seo, Y.J., Kim, S.J., Kim, B.H., Tetrahedron Lett 45 (2004), 3543\u20133546.", "@id": "20", "ref-info": {"ref-publicationyear": {"@first": "2004"}, "refd-itemidlist": {"itemid": [{"$": "b0100", "@idtype": "FRAGMENTID"}, {"$": "1842737324", "@idtype": "SGR"}]}, "ref-volisspag": {"voliss": {"@volume": "45"}, "pagerange": {"@first": "3543", "@last": "3546"}}, "ref-authors": {"author": [{"@seq": "1", "ce:initials": "G.T.", "@_fa": "true", "ce:surname": "Hwang", "ce:indexed-name": "Hwang G.T."}, {"@seq": "2", "ce:initials": "Y.J.", "@_fa": "true", "ce:surname": "Seo", "ce:indexed-name": "Seo Y.J."}, {"@seq": "3", "ce:initials": "S.J.", "@_fa": "true", "ce:surname": "Kim", "ce:indexed-name": "Kim S.J."}, {"@seq": "4", "ce:initials": "B.H.", "@_fa": "true", "ce:surname": "Kim", "ce:indexed-name": "Kim B.H."}]}, "ref-sourcetitle": "Tetrahedron Lett"}}, {"ref-fulltext": "Kaura, M., Kumar, P., Hrdlicka, P.J., J Org Chem 79 (2014), 6256\u20136268.", "@id": "21", "ref-info": {"ref-publicationyear": {"@first": "2014"}, "refd-itemidlist": {"itemid": [{"$": "b0105", "@idtype": "FRAGMENTID"}, {"$": "84903732255", "@idtype": "SGR"}]}, "ref-volisspag": {"voliss": {"@volume": "79"}, "pagerange": {"@first": "6256", "@last": "6268"}}, "ref-authors": {"author": [{"@seq": "1", "ce:initials": "M.", "@_fa": "true", "ce:surname": "Kaura", "ce:indexed-name": "Kaura M."}, {"@seq": "2", "ce:initials": "P.", "@_fa": "true", "ce:surname": "Kumar", "ce:indexed-name": "Kumar P."}, {"@seq": "3", "ce:initials": "P.J.", "@_fa": "true", "ce:surname": "Hrdlicka", "ce:indexed-name": "Hrdlicka P.J."}]}, "ref-sourcetitle": "J Org Chem"}}, {"ref-fulltext": "Mayer, E., Valis, L., Wagner, C., Rist, M., Amann, N., Wagenknecht, H.-A., ChemBioChem 5 (2004), 865\u2013868.", "@id": "22", "ref-info": {"ref-publicationyear": {"@first": "2004"}, "refd-itemidlist": {"itemid": [{"$": "b0110", "@idtype": "FRAGMENTID"}, {"$": "4544386229", "@idtype": "SGR"}]}, "ref-volisspag": {"voliss": {"@volume": "5"}, "pagerange": {"@first": "865", "@last": "868"}}, "ref-authors": {"author": [{"@seq": "1", "ce:initials": "E.", "@_fa": "true", "ce:surname": "Mayer", "ce:indexed-name": "Mayer E."}, {"@seq": "2", "ce:initials": "L.", "@_fa": "true", "ce:surname": "Valis", "ce:indexed-name": "Valis L."}, {"@seq": "3", "ce:initials": "C.", "@_fa": "true", "ce:surname": "Wagner", "ce:indexed-name": "Wagner C."}, {"@seq": "4", "ce:initials": "M.", "@_fa": "true", "ce:surname": "Rist", "ce:indexed-name": "Rist M."}, {"@seq": "5", "ce:initials": "N.", "@_fa": "true", "ce:surname": "Amann", "ce:indexed-name": "Amann N."}, {"@seq": "6", "ce:initials": "H.-A.", "@_fa": "true", "ce:surname": "Wagenknecht", "ce:indexed-name": "Wagenknecht H.-A."}]}, "ref-sourcetitle": "ChemBioChem"}}, {"ref-fulltext": "Hwang, G.T., Seo, Y.J., Kim, B.H., Tetrahedron Lett 46 (2005), 1475\u20131477.", "@id": "23", "ref-info": {"ref-publicationyear": {"@first": "2005"}, "refd-itemidlist": {"itemid": [{"$": "b0115", "@idtype": "FRAGMENTID"}, {"$": "13444279008", "@idtype": "SGR"}]}, "ref-volisspag": {"voliss": {"@volume": "46"}, "pagerange": {"@first": "1475", "@last": "1477"}}, "ref-authors": {"author": [{"@seq": "1", "ce:initials": "G.T.", "@_fa": "true", "ce:surname": "Hwang", "ce:indexed-name": "Hwang G.T."}, {"@seq": "2", "ce:initials": "Y.J.", "@_fa": "true", "ce:surname": "Seo", "ce:indexed-name": "Seo Y.J."}, {"@seq": "3", "ce:initials": "B.H.", "@_fa": "true", "ce:surname": "Kim", "ce:indexed-name": "Kim B.H."}]}, "ref-sourcetitle": "Tetrahedron Lett"}}, {"ref-fulltext": "Seo, Y.J., Hwang, G.T., Kim, B.H., Tetrahedron Lett 47 (2006), 4037\u20134039.", "@id": "24", "ref-info": {"ref-publicationyear": {"@first": "2006"}, "refd-itemidlist": {"itemid": [{"$": "b0120", "@idtype": "FRAGMENTID"}, {"$": "33646368367", "@idtype": "SGR"}]}, "ref-volisspag": {"voliss": {"@volume": "47"}, "pagerange": {"@first": "4037", "@last": "4039"}}, "ref-authors": {"author": [{"@seq": "1", "ce:initials": "Y.J.", "@_fa": "true", "ce:surname": "Seo", "ce:indexed-name": "Seo Y.J."}, {"@seq": "2", "ce:initials": "G.T.", "@_fa": "true", "ce:surname": "Hwang", "ce:indexed-name": "Hwang G.T."}, {"@seq": "3", "ce:initials": "B.H.", "@_fa": "true", "ce:surname": "Kim", "ce:indexed-name": "Kim B.H."}]}, "ref-sourcetitle": "Tetrahedron Lett"}}, {"ref-fulltext": "Lee, I.J., Kim, B.H., Chem Commun 48 (2012), 2074\u20132076.", "@id": "25", "ref-info": {"ref-publicationyear": {"@first": "2012"}, "refd-itemidlist": {"itemid": [{"$": "b0125", "@idtype": "FRAGMENTID"}, {"$": "84863045737", "@idtype": "SGR"}]}, "ref-volisspag": {"voliss": {"@volume": "48"}, "pagerange": {"@first": "2074", "@last": "2076"}}, "ref-authors": {"author": [{"@seq": "1", "ce:initials": "I.J.", "@_fa": "true", "ce:surname": "Lee", "ce:indexed-name": "Lee I.J."}, {"@seq": "2", "ce:initials": "B.H.", "@_fa": "true", "ce:surname": "Kim", "ce:indexed-name": "Kim B.H."}]}, "ref-sourcetitle": "Chem Commun"}}, {"ref-fulltext": "Seo, Y.J., Ryu, J.H., Kim, B.H., Org Lett 7 (2005), 4931\u20134933.", "@id": "26", "ref-info": {"ref-publicationyear": {"@first": "2005"}, "refd-itemidlist": {"itemid": [{"$": "b0130", "@idtype": "FRAGMENTID"}, {"$": "33646348543", "@idtype": "SGR"}]}, "ref-volisspag": {"voliss": {"@volume": "7"}, "pagerange": {"@first": "4931", "@last": "4933"}}, "ref-authors": {"author": [{"@seq": "1", "ce:initials": "Y.J.", "@_fa": "true", "ce:surname": "Seo", "ce:indexed-name": "Seo Y.J."}, {"@seq": "2", "ce:initials": "J.H.", "@_fa": "true", "ce:surname": "Ryu", "ce:indexed-name": "Ryu J.H."}, {"@seq": "3", "ce:initials": "B.H.", "@_fa": "true", "ce:surname": "Kim", "ce:indexed-name": "Kim B.H."}]}, "ref-sourcetitle": "Org Lett"}}, {"ref-fulltext": "Seo, Y.J., Lee, I.J., Yi, J.W., Kim, B.H., Chem Commun, 2007, 2817\u20132819.", "@id": "27", "ref-info": {"ref-publicationyear": {"@first": "2007"}, "refd-itemidlist": {"itemid": [{"$": "b0135", "@idtype": "FRAGMENTID"}, {"$": "34447125731", "@idtype": "SGR"}]}, "ref-volisspag": {"pagerange": {"@first": "2817", "@last": "2819"}}, "ref-authors": {"author": [{"@seq": "1", "ce:initials": "Y.J.", "@_fa": "true", "ce:surname": "Seo", "ce:indexed-name": "Seo Y.J."}, {"@seq": "2", "ce:initials": "I.J.", "@_fa": "true", "ce:surname": "Lee", "ce:indexed-name": "Lee I.J."}, {"@seq": "3", "ce:initials": "J.W.", "@_fa": "true", "ce:surname": "Yi", "ce:indexed-name": "Yi J.W."}, {"@seq": "4", "ce:initials": "B.H.", "@_fa": "true", "ce:surname": "Kim", "ce:indexed-name": "Kim B.H."}]}, "ref-sourcetitle": "Chem Commun"}}, {"ref-fulltext": "Seo, J.Y., Rhee, H., Joo, T., Kim, B.H., J Am Chem Soc 129 (2007), 5244\u20135247.", "@id": "28", "ref-info": {"ref-publicationyear": {"@first": "2007"}, "refd-itemidlist": {"itemid": [{"$": "b0140", "@idtype": "FRAGMENTID"}, {"$": "34247512007", "@idtype": "SGR"}]}, "ref-volisspag": {"voliss": {"@volume": "129"}, "pagerange": {"@first": "5244", "@last": "5247"}}, "ref-authors": {"author": [{"@seq": "1", "ce:initials": "J.Y.", "@_fa": "true", "ce:surname": "Seo", "ce:indexed-name": "Seo J.Y."}, {"@seq": "2", "ce:initials": "H.", "@_fa": "true", "ce:surname": "Rhee", "ce:indexed-name": "Rhee H."}, {"@seq": "3", "ce:initials": "T.", "@_fa": "true", "ce:surname": "Joo", "ce:indexed-name": "Joo T."}, {"@seq": "4", "ce:initials": "B.H.", "@_fa": "true", "ce:surname": "Kim", "ce:indexed-name": "Kim B.H."}]}, "ref-sourcetitle": "J Am Chem Soc"}}, {"ref-fulltext": "Kim, K.T., Heo, W., Joo, T., Kim, B.H., Org Biomol Chem 13 (2015), 8470\u20138478.", "@id": "29", "ref-info": {"ref-publicationyear": {"@first": "2015"}, "refd-itemidlist": {"itemid": [{"$": "b0145", "@idtype": "FRAGMENTID"}, {"$": "84938393765", "@idtype": "SGR"}]}, "ref-volisspag": {"voliss": {"@volume": "13"}, "pagerange": {"@first": "8470", "@last": "8478"}}, "ref-authors": {"author": [{"@seq": "1", "ce:initials": "K.T.", "@_fa": "true", "ce:surname": "Kim", "ce:indexed-name": "Kim K.T."}, {"@seq": "2", "ce:initials": "W.", "@_fa": "true", "ce:surname": "Heo", "ce:indexed-name": "Heo W."}, {"@seq": "3", "ce:initials": "T.", "@_fa": "true", "ce:surname": "Joo", "ce:indexed-name": "Joo T."}, {"@seq": "4", "ce:initials": "B.H.", "@_fa": "true", "ce:surname": "Kim", "ce:indexed-name": "Kim B.H."}]}, "ref-sourcetitle": "Org Biomol Chem"}}, {"ref-fulltext": "Briones, C., Moreno, M., Anal Bioanal Chem 402 (2012), 3071\u20133089.", "@id": "30", "ref-info": {"ref-publicationyear": {"@first": "2012"}, "refd-itemidlist": {"itemid": [{"$": "b0150", "@idtype": "FRAGMENTID"}, {"$": "84858698182", "@idtype": "SGR"}]}, "ref-volisspag": {"voliss": {"@volume": "402"}, "pagerange": {"@first": "3071", "@last": "3089"}}, "ref-authors": {"author": [{"@seq": "1", "ce:initials": "C.", "@_fa": "true", "ce:surname": "Briones", "ce:indexed-name": "Briones C."}, {"@seq": "2", "ce:initials": "M.", "@_fa": "true", "ce:surname": "Moreno", "ce:indexed-name": "Moreno M."}]}, "ref-sourcetitle": "Anal Bioanal Chem"}}, {"ref-fulltext": "Nielsen, P.E., Chem Biodivers 7 (2010), 786\u2013804.", "@id": "31", "ref-info": {"ref-publicationyear": {"@first": "2010"}, "refd-itemidlist": {"itemid": [{"$": "b0155", "@idtype": "FRAGMENTID"}, {"$": "77951198765", "@idtype": "SGR"}]}, "ref-volisspag": {"voliss": {"@volume": "7"}, "pagerange": {"@first": "786", "@last": "804"}}, "ref-authors": {"author": [{"@seq": "1", "ce:initials": "P.E.", "@_fa": "true", "ce:surname": "Nielsen", "ce:indexed-name": "Nielsen P.E."}]}, "ref-sourcetitle": "Chem Biodivers"}}, {"ref-fulltext": "Svanvik, N., Westman, G., Wang, D., Kubista, M., Anal Biochem 281 (2000), 26\u201335.", "@id": "32", "ref-info": {"ref-publicationyear": {"@first": "2000"}, "refd-itemidlist": {"itemid": [{"$": "b0160", "@idtype": "FRAGMENTID"}, {"$": "0034658648", "@idtype": "SGR"}]}, "ref-volisspag": {"voliss": {"@volume": "281"}, "pagerange": {"@first": "26", "@last": "35"}}, "ref-authors": {"author": [{"@seq": "1", "ce:initials": "N.", "@_fa": "true", "ce:surname": "Svanvik", "ce:indexed-name": "Svanvik N."}, {"@seq": "2", "ce:initials": "G.", "@_fa": "true", "ce:surname": "Westman", "ce:indexed-name": "Westman G."}, {"@seq": "3", "ce:initials": "D.", "@_fa": "true", "ce:surname": "Wang", "ce:indexed-name": "Wang D."}, {"@seq": "4", "ce:initials": "M.", "@_fa": "true", "ce:surname": "Kubista", "ce:indexed-name": "Kubista M."}]}, "ref-sourcetitle": "Anal Biochem"}}, {"ref-fulltext": "Kuhn, H., Demidov, V.V., Coull, J.M., Fiandaca, M.J., Gildea, B.D., Frank-Kamenetskii, M.D., J Am Chem Soc 124 (2002), 1097\u20131103.", "@id": "33", "ref-info": {"ref-publicationyear": {"@first": "2002"}, "refd-itemidlist": {"itemid": [{"$": "b0165", "@idtype": "FRAGMENTID"}, {"$": "0037065663", "@idtype": "SGR"}]}, "ref-volisspag": {"voliss": {"@volume": "124"}, "pagerange": {"@first": "1097", "@last": "1103"}}, "ref-authors": {"author": [{"@seq": "1", "ce:initials": "H.", "@_fa": "true", "ce:surname": "Kuhn", "ce:indexed-name": "Kuhn H."}, {"@seq": "2", "ce:initials": "V.V.", "@_fa": "true", "ce:surname": "Demidov", "ce:indexed-name": "Demidov V.V."}, {"@seq": "3", "ce:initials": "J.M.", "@_fa": "true", "ce:surname": "Coull", "ce:indexed-name": "Coull J.M."}, {"@seq": "4", "ce:initials": "M.J.", "@_fa": "true", "ce:surname": "Fiandaca", "ce:indexed-name": "Fiandaca M.J."}, {"@seq": "5", "ce:initials": "B.D.", "@_fa": "true", "ce:surname": "Gildea", "ce:indexed-name": "Gildea B.D."}, {"@seq": "6", "ce:initials": "M.D.", "@_fa": "true", "ce:surname": "Frank-Kamenetskii", "ce:indexed-name": "Frank-Kamenetskii M.D."}]}, "ref-sourcetitle": "J Am Chem Soc"}}, {"ref-fulltext": "K\u00f6hler, O., Jarikote, D.V., Seitz, O., ChemBioChem 6 (2005), 69\u201377.", "@id": "34", "ref-info": {"ref-publicationyear": {"@first": "2005"}, "refd-itemidlist": {"itemid": [{"$": "b0170", "@idtype": "FRAGMENTID"}, {"$": "12344280276", "@idtype": "SGR"}]}, "ref-volisspag": {"voliss": {"@volume": "6"}, "pagerange": {"@first": "69", "@last": "77"}}, "ref-authors": {"author": [{"@seq": "1", "ce:initials": "O.", "@_fa": "true", "ce:surname": "K\u00f6hler", "ce:indexed-name": "Kohler O."}, {"@seq": "2", "ce:initials": "D.V.", "@_fa": "true", "ce:surname": "Jarikote", "ce:indexed-name": "Jarikote D.V."}, {"@seq": "3", "ce:initials": "O.", "@_fa": "true", "ce:surname": "Seitz", "ce:indexed-name": "Seitz O."}]}, "ref-sourcetitle": "ChemBioChem"}}, {"ref-fulltext": "Socher, E., Bethge, L., Knoll, A., Jungnick, N., Hermann, A., Seitz, O., Angew Chem Int Ed 47 (2008), 9555\u20139559.", "@id": "35", "ref-info": {"ref-publicationyear": {"@first": "2008"}, "refd-itemidlist": {"itemid": [{"$": "b0175", "@idtype": "FRAGMENTID"}, {"$": "56749130625", "@idtype": "SGR"}]}, "ref-volisspag": {"voliss": {"@volume": "47"}, "pagerange": {"@first": "9555", "@last": "9559"}}, "ref-authors": {"author": [{"@seq": "1", "ce:initials": "E.", "@_fa": "true", "ce:surname": "Socher", "ce:indexed-name": "Socher E."}, {"@seq": "2", "ce:initials": "L.", "@_fa": "true", "ce:surname": "Bethge", "ce:indexed-name": "Bethge L."}, {"@seq": "3", "ce:initials": "A.", "@_fa": "true", "ce:surname": "Knoll", "ce:indexed-name": "Knoll A."}, {"@seq": "4", "ce:initials": "N.", "@_fa": "true", "ce:surname": "Jungnick", "ce:indexed-name": "Jungnick N."}, {"@seq": "5", "ce:initials": "A.", "@_fa": "true", "ce:surname": "Hermann", "ce:indexed-name": "Hermann A."}, {"@seq": "6", "ce:initials": "O.", "@_fa": "true", "ce:surname": "Seitz", "ce:indexed-name": "Seitz O."}]}, "ref-sourcetitle": "Angew Chem Int Ed"}}, {"ref-fulltext": "Vilaivan, T., Acc Chem Res 48 (2015), 1645\u20131656.", "@id": "36", "ref-info": {"ref-publicationyear": {"@first": "2015"}, "refd-itemidlist": {"itemid": [{"$": "b0180", "@idtype": "FRAGMENTID"}, {"$": "84934953790", "@idtype": "SGR"}]}, "ref-volisspag": {"voliss": {"@volume": "48"}, "pagerange": {"@first": "1645", "@last": "1656"}}, "ref-authors": {"author": [{"@seq": "1", "ce:initials": "T.", "@_fa": "true", "ce:surname": "Vilaivan", "ce:indexed-name": "Vilaivan T."}]}, "ref-sourcetitle": "Acc Chem Res"}}, {"ref-fulltext": "Ditmangklo, B., Boonlua, C., Suparpprom, C., Vilaivan, T., Bioconjugate Chem 24 (2013), 614\u2013625.", "@id": "37", "ref-info": {"ref-publicationyear": {"@first": "2013"}, "refd-itemidlist": {"itemid": [{"$": "b0185", "@idtype": "FRAGMENTID"}, {"$": "84876464810", "@idtype": "SGR"}]}, "ref-volisspag": {"voliss": {"@volume": "24"}, "pagerange": {"@first": "614", "@last": "625"}}, "ref-authors": {"author": [{"@seq": "1", "ce:initials": "B.", "@_fa": "true", "ce:surname": "Ditmangklo", "ce:indexed-name": "Ditmangklo B."}, {"@seq": "2", "ce:initials": "C.", "@_fa": "true", "ce:surname": "Boonlua", "ce:indexed-name": "Boonlua C."}, {"@seq": "3", "ce:initials": "C.", "@_fa": "true", "ce:surname": "Suparpprom", "ce:indexed-name": "Suparpprom C."}, {"@seq": "4", "ce:initials": "T.", "@_fa": "true", "ce:surname": "Vilaivan", "ce:indexed-name": "Vilaivan T."}]}, "ref-sourcetitle": "Bioconjugate Chem"}}, {"ref-fulltext": "Boonlua, C., Charoenpakdee, C., Vilaivan, T., Praneenararat, T., ChemistrySelect 1 (2016), 5691\u20135697.", "@id": "38", "ref-info": {"ref-publicationyear": {"@first": "2016"}, "refd-itemidlist": {"itemid": [{"$": "b0190", "@idtype": "FRAGMENTID"}, {"$": "85034955535", "@idtype": "SGR"}]}, "ref-volisspag": {"voliss": {"@volume": "1"}, "pagerange": {"@first": "5691", "@last": "5697"}}, "ref-authors": {"author": [{"@seq": "1", "ce:initials": "C.", "@_fa": "true", "ce:surname": "Boonlua", "ce:indexed-name": "Boonlua C."}, {"@seq": "2", "ce:initials": "C.", "@_fa": "true", "ce:surname": "Charoenpakdee", "ce:indexed-name": "Charoenpakdee C."}, {"@seq": "3", "ce:initials": "T.", "@_fa": "true", "ce:surname": "Vilaivan", "ce:indexed-name": "Vilaivan T."}, {"@seq": "4", "ce:initials": "T.", "@_fa": "true", "ce:surname": "Praneenararat", "ce:indexed-name": "Praneenararat T."}]}, "ref-sourcetitle": "ChemistrySelect"}}, {"ref-fulltext": "Yotapan, N., Nim-anussornkul, D., Vilaivan, T., Tetrahedron 72 (2016), 7992\u20137999.", "@id": "39", "ref-info": {"ref-publicationyear": {"@first": "2016"}, "refd-itemidlist": {"itemid": [{"$": "b0195", "@idtype": "FRAGMENTID"}, {"$": "84994802473", "@idtype": "SGR"}]}, "ref-volisspag": {"voliss": {"@volume": "72"}, "pagerange": {"@first": "7992", "@last": "7999"}}, "ref-authors": {"author": [{"@seq": "1", "ce:initials": "N.", "@_fa": "true", "ce:surname": "Yotapan", "ce:indexed-name": "Yotapan N."}, {"@seq": "2", "ce:initials": "D.", "@_fa": "true", "ce:surname": "Nim-anussornkul", "ce:indexed-name": "Nim-anussornkul D."}, {"@seq": "3", "ce:initials": "T.", "@_fa": "true", "ce:surname": "Vilaivan", "ce:indexed-name": "Vilaivan T."}]}, "ref-sourcetitle": "Tetrahedron"}}, {"ref-fulltext": "Vilaivan, C., Srisuwannaket, C., Ananthanawat, C., et al. Artificial DNA: PNA & XNA 2 (2011), 50\u201359.", "@id": "40", "ref-info": {"ref-publicationyear": {"@first": "2011"}, "refd-itemidlist": {"itemid": [{"$": "b0200", "@idtype": "FRAGMENTID"}, {"$": "80054781870", "@idtype": "SGR"}]}, "ref-volisspag": {"voliss": {"@volume": "2"}, "pagerange": {"@first": "50", "@last": "59"}}, "ref-authors": {"author": [{"@seq": "1", "ce:initials": "C.", "@_fa": "true", "ce:surname": "Vilaivan", "ce:indexed-name": "Vilaivan C."}, {"@seq": "2", "ce:initials": "C.", "@_fa": "true", "ce:surname": "Srisuwannaket", "ce:indexed-name": "Srisuwannaket C."}, {"@seq": "3", "ce:initials": "C.", "@_fa": "true", "ce:surname": "Ananthanawat", "ce:indexed-name": "Ananthanawat C."}], "et-al": null}, "ref-sourcetitle": "Artificial DNA: PNA & XNA"}}, {"ref-fulltext": "Vilaivan, T., Srisuwannaket, C., Org Lett, 2006, 1897\u20131900.", "@id": "41", "ref-info": {"ref-publicationyear": {"@first": "2006"}, "refd-itemidlist": {"itemid": [{"$": "b0205", "@idtype": "FRAGMENTID"}, {"$": "85035027420", "@idtype": "SGR"}]}, "ref-volisspag": {"pagerange": {"@first": "1897", "@last": "1900"}}, "ref-authors": {"author": [{"@seq": "1", "ce:initials": "T.", "@_fa": "true", "ce:surname": "Vilaivan", "ce:indexed-name": "Vilaivan T."}, {"@seq": "2", "ce:initials": "C.", "@_fa": "true", "ce:surname": "Srisuwannaket", "ce:indexed-name": "Srisuwannaket C."}]}, "ref-sourcetitle": "Org Lett"}}, {"ref-fulltext": "Bang, E.-K., Won, J., Moon, D., Lee, J.Y., Kim, B.H., Chem Asian J 6 (2011), 2048\u20132054.", "@id": "42", "ref-info": {"ref-publicationyear": {"@first": "2011"}, "refd-itemidlist": {"itemid": [{"$": "b0210", "@idtype": "FRAGMENTID"}, {"$": "79961052055", "@idtype": "SGR"}]}, "ref-volisspag": {"voliss": {"@volume": "6"}, "pagerange": {"@first": "2048", "@last": "2054"}}, "ref-authors": {"author": [{"@seq": "1", "ce:initials": "E.-K.", "@_fa": "true", "ce:surname": "Bang", "ce:indexed-name": "Bang E.-K."}, {"@seq": "2", "ce:initials": "J.", "@_fa": "true", "ce:surname": "Won", "ce:indexed-name": "Won J."}, {"@seq": "3", "ce:initials": "D.", "@_fa": "true", "ce:surname": "Moon", "ce:indexed-name": "Moon D."}, {"@seq": "4", "ce:initials": "J.Y.", "@_fa": "true", "ce:surname": "Lee", "ce:indexed-name": "Lee J.Y."}, {"@seq": "5", "ce:initials": "B.H.", "@_fa": "true", "ce:surname": "Kim", "ce:indexed-name": "Kim B.H."}]}, "ref-sourcetitle": "Chem Asian J"}}, {"ref-fulltext": "Lowe, G., Vilaivan, T., J Chem Soc, Perkin Trans 1 (1997), 547\u2013554.", "@id": "43", "ref-info": {"ref-publicationyear": {"@first": "1997"}, "refd-itemidlist": {"itemid": [{"$": "b0215", "@idtype": "FRAGMENTID"}, {"$": "33748675511", "@idtype": "SGR"}]}, "ref-volisspag": {"voliss": {"@volume": "1"}, "pagerange": {"@first": "547", "@last": "554"}}, "ref-authors": {"author": [{"@seq": "1", "ce:initials": "G.", "@_fa": "true", "ce:surname": "Lowe", "ce:indexed-name": "Lowe G."}, {"@seq": "2", "ce:initials": "T.", "@_fa": "true", "ce:surname": "Vilaivan", "ce:indexed-name": "Vilaivan T."}]}, "ref-sourcetitle": "J Chem Soc, Perkin Trans"}}, {"ref-fulltext": "Brouwer, A.M., Pure Appl Chem 83 (2011), 2213\u20132228.", "@id": "44", "ref-info": {"ref-publicationyear": {"@first": "2011"}, "refd-itemidlist": {"itemid": [{"$": "b0265", "@idtype": "FRAGMENTID"}, {"$": "84855424940", "@idtype": "SGR"}]}, "ref-volisspag": {"voliss": {"@volume": "83"}, "pagerange": {"@first": "2213", "@last": "2228"}}, "ref-authors": {"author": [{"@seq": "1", "ce:initials": "A.M.", "@_fa": "true", "ce:surname": "Brouwer", "ce:indexed-name": "Brouwer A.M."}]}, "ref-sourcetitle": "Pure Appl Chem"}}, {"ref-fulltext": "Smirnov, S., Matray, T.J., Kool, E.T., De los Santos, C., Nucleic Acids Res 30 (2002), 5561\u20135569.", "@id": "45", "ref-info": {"ref-publicationyear": {"@first": "2002"}, "refd-itemidlist": {"itemid": [{"$": "b0220", "@idtype": "FRAGMENTID"}, {"$": "0037115866", "@idtype": "SGR"}]}, "ref-volisspag": {"voliss": {"@volume": "30"}, "pagerange": {"@first": "5561", "@last": "5569"}}, "ref-authors": {"author": [{"@seq": "1", "ce:initials": "S.", "@_fa": "true", "ce:surname": "Smirnov", "ce:indexed-name": "Smirnov S."}, {"@seq": "2", "ce:initials": "T.J.", "@_fa": "true", "ce:surname": "Matray", "ce:indexed-name": "Matray T.J."}, {"@seq": "3", "ce:initials": "E.T.", "@_fa": "true", "ce:surname": "Kool", "ce:indexed-name": "Kool E.T."}, {"@seq": "4", "ce:initials": "C.", "@_fa": "true", "ce:surname": "De los Santos", "ce:indexed-name": "De los Santos C."}]}, "ref-sourcetitle": "Nucleic Acids Res"}}, {"ref-fulltext": "Boonlua, C., Vilaivan, C., Wagenknecht, H.-A., Vilaivan, T., Chem Asian J 6 (2011), 3251\u20133259.", "@id": "46", "ref-info": {"ref-publicationyear": {"@first": "2011"}, "refd-itemidlist": {"itemid": [{"$": "b0225", "@idtype": "FRAGMENTID"}, {"$": "82455198614", "@idtype": "SGR"}]}, "ref-volisspag": {"voliss": {"@volume": "6"}, "pagerange": {"@first": "3251", "@last": "3259"}}, "ref-authors": {"author": [{"@seq": "1", "ce:initials": "C.", "@_fa": "true", "ce:surname": "Boonlua", "ce:indexed-name": "Boonlua C."}, {"@seq": "2", "ce:initials": "C.", "@_fa": "true", "ce:surname": "Vilaivan", "ce:indexed-name": "Vilaivan C."}, {"@seq": "3", "ce:initials": "H.-A.", "@_fa": "true", "ce:surname": "Wagenknecht", "ce:indexed-name": "Wagenknecht H.-A."}, {"@seq": "4", "ce:initials": "T.", "@_fa": "true", "ce:surname": "Vilaivan", "ce:indexed-name": "Vilaivan T."}]}, "ref-sourcetitle": "Chem Asian J"}}, {"ref-fulltext": "Boonlua, C., Ditmangklo, B., Reenabthue, N., et al. RSC Adv 4 (2014), 8817\u20138827.", "@id": "47", "ref-info": {"ref-publicationyear": {"@first": "2014"}, "refd-itemidlist": {"itemid": [{"$": "b0230", "@idtype": "FRAGMENTID"}, {"$": "84893221753", "@idtype": "SGR"}]}, "ref-volisspag": {"voliss": {"@volume": "4"}, "pagerange": {"@first": "8817", "@last": "8827"}}, "ref-authors": {"author": [{"@seq": "1", "ce:initials": "C.", "@_fa": "true", "ce:surname": "Boonlua", "ce:indexed-name": "Boonlua C."}, {"@seq": "2", "ce:initials": "B.", "@_fa": "true", "ce:surname": "Ditmangklo", "ce:indexed-name": "Ditmangklo B."}, {"@seq": "3", "ce:initials": "N.", "@_fa": "true", "ce:surname": "Reenabthue", "ce:indexed-name": "Reenabthue N."}], "et-al": null}, "ref-sourcetitle": "RSC Adv"}}, {"ref-fulltext": "Kim, K.T., Veedu, R.N., Seo, Y.J., Kim, B.H., Chem Commun 50 (2014), 1561\u20131563.", "@id": "48", "ref-info": {"ref-publicationyear": {"@first": "2014"}, "refd-itemidlist": {"itemid": [{"$": "b0235", "@idtype": "FRAGMENTID"}, {"$": "84892636001", "@idtype": "SGR"}]}, "ref-volisspag": {"voliss": {"@volume": "50"}, "pagerange": {"@first": "1561", "@last": "1563"}}, "ref-authors": {"author": [{"@seq": "1", "ce:initials": "K.T.", "@_fa": "true", "ce:surname": "Kim", "ce:indexed-name": "Kim K.T."}, {"@seq": "2", "ce:initials": "R.N.", "@_fa": "true", "ce:surname": "Veedu", "ce:indexed-name": "Veedu R.N."}, {"@seq": "3", "ce:initials": "Y.J.", "@_fa": "true", "ce:surname": "Seo", "ce:indexed-name": "Seo Y.J."}, {"@seq": "4", "ce:initials": "B.H.", "@_fa": "true", "ce:surname": "Kim", "ce:indexed-name": "Kim B.H."}]}, "ref-sourcetitle": "Chem Commun"}}, {"ref-fulltext": "Maneelun, N., Vilaivan, T., Tetrahedron 69 (2013), 10805\u201310810.", "@id": "49", "ref-info": {"ref-publicationyear": {"@first": "2013"}, "refd-itemidlist": {"itemid": [{"$": "b0240", "@idtype": "FRAGMENTID"}, {"$": "84888641380", "@idtype": "SGR"}]}, "ref-volisspag": {"voliss": {"@volume": "69"}, "pagerange": {"@first": "10805", "@last": "10810"}}, "ref-authors": {"author": [{"@seq": "1", "ce:initials": "N.", "@_fa": "true", "ce:surname": "Maneelun", "ce:indexed-name": "Maneelun N."}, {"@seq": "2", "ce:initials": "T.", "@_fa": "true", "ce:surname": "Vilaivan", "ce:indexed-name": "Vilaivan T."}]}, "ref-sourcetitle": "Tetrahedron"}}, {"ref-fulltext": "Guo, S., Du, D., Tang, L., Ning, Y., Yao, Q., Zhang, G.-J., Analyst 138 (2013), 3216\u20133220.", "@id": "50", "ref-info": {"ref-publicationyear": {"@first": "2013"}, "refd-itemidlist": {"itemid": [{"$": "b0245", "@idtype": "FRAGMENTID"}, {"$": "84877675644", "@idtype": "SGR"}]}, "ref-volisspag": {"voliss": {"@volume": "138"}, "pagerange": {"@first": "3216", "@last": "3220"}}, "ref-authors": {"author": [{"@seq": "1", "ce:initials": "S.", "@_fa": "true", "ce:surname": "Guo", "ce:indexed-name": "Guo S."}, {"@seq": "2", "ce:initials": "D.", "@_fa": "true", "ce:surname": "Du", "ce:indexed-name": "Du D."}, {"@seq": "3", "ce:initials": "L.", "@_fa": "true", "ce:surname": "Tang", "ce:indexed-name": "Tang L."}, {"@seq": "4", "ce:initials": "Y.", "@_fa": "true", "ce:surname": "Ning", "ce:indexed-name": "Ning Y."}, {"@seq": "5", "ce:initials": "Q.", "@_fa": "true", "ce:surname": "Yao", "ce:indexed-name": "Yao Q."}, {"@seq": "6", "ce:initials": "G.-J.", "@_fa": "true", "ce:surname": "Zhang", "ce:indexed-name": "Zhang G.-J."}]}, "ref-sourcetitle": "Analyst"}}, {"ref-fulltext": "Ryoo, S.R., Lee, J., Yeo, J., et al. ACS Nano 7 (2013), 5882\u20135891.", "@id": "51", "ref-info": {"ref-publicationyear": {"@first": "2013"}, "refd-itemidlist": {"itemid": [{"$": "b0250", "@idtype": "FRAGMENTID"}, {"$": "84880769157", "@idtype": "SGR"}]}, "ref-volisspag": {"voliss": {"@volume": "7"}, "pagerange": {"@first": "5882", "@last": "5891"}}, "ref-authors": {"author": [{"@seq": "1", "ce:initials": "S.R.", "@_fa": "true", "ce:surname": "Ryoo", "ce:indexed-name": "Ryoo S.R."}, {"@seq": "2", "ce:initials": "J.", "@_fa": "true", "ce:surname": "Lee", "ce:indexed-name": "Lee J."}, {"@seq": "3", "ce:initials": "J.", "@_fa": "true", "ce:surname": "Yeo", "ce:indexed-name": "Yeo J."}], "et-al": null}, "ref-sourcetitle": "ACS Nano"}}, {"ref-fulltext": "In a study involving APyE-modified DNA, a fluorescence enhancement was reported in the presence of complementary DNA (ref. 22), however, no comparison between complementary as mismatched targets was explicitly made. The much more red-shifted UV absorption maxima of complementary APyE-modified DNA\u00b7DNA compared to PNA\u00b7DNA duplexes suggest that the pyrene in the DNA\u00b7DNA duplex was more likely to stack inside the duplex similar to mismatched PNA\u00b7DNA duplexes.", "@id": "52", "ref-info": {"refd-itemidlist": {"itemid": [{"$": "b0255", "@idtype": "FRAGMENTID"}, {"$": "85035051881", "@idtype": "SGR"}]}, "ref-text": "In a study involving APyE-modified DNA, a fluorescence enhancement was reported in the presence of complementary DNA (ref.22), however, no comparison between complementary as mismatched targets was explicitly made. The much more red-shifted UV absorption maxima of complementary APyE-modified DNA\u00b7DNA compared to PNA\u00b7DNA duplexes suggest that the pyrene in the DNA\u00b7DNA duplex was more likely to stack inside the duplex similar to mismatched PNA\u00b7DNA duplexes."}}, {"ref-fulltext": "Cao, N., Zhang, Y., J Nanomater, 2015, 168125.", "@id": "53", "ref-info": {"ref-publicationyear": {"@first": "2015"}, "refd-itemidlist": {"itemid": [{"$": "b0260", "@idtype": "FRAGMENTID"}, {"$": "84976560689", "@idtype": "SGR"}]}, "ref-volisspag": {"pagerange": {"@first": "168125"}}, "ref-authors": {"author": [{"@seq": "1", "ce:initials": "N.", "@_fa": "true", "ce:surname": "Cao", "ce:indexed-name": "Cao N."}, {"@seq": "2", "ce:initials": "Y.", "@_fa": "true", "ce:surname": "Zhang", "ce:indexed-name": "Zhang Y."}]}, "ref-sourcetitle": "J Nanomater"}}]}}}}, "affiliation": {"affiliation-city": "Bangkok", "@id": "60028190", "affilname": "Chulalongkorn University", "@href": "https://api.elsevier.com/content/affiliation/affiliation_id/60028190", "affiliation-country": "Thailand"}, "coredata": {"srctype": "j", "eid": "2-s2.0-85032271239", "dc:description": "A combination of fluorophore and nucleobase through a \u03c0-conjugated rigid linker integrates the base pairing and the fluorescence change into a single event. Such base discriminating fluorophore can change its fluorescence as a direct response to the base pairing event and therefore have advantages over tethered labels or base surrogates lacking the hydrogen-bonding ability. 8-(Pyrene-1-yl)ethynyl-adenine (APyE) has been extensively used as fluorescence labels in DNA and LNA, but it showed little discrimination between different nucleobases. Herein we investigated the synthesis, base pairing ability and optical properties of APyE in pyrrolidinyl peptide nucleic acid \u2013 a DNA mimic that shows much stronger affinity and specificity towards DNA than natural oligonucleotides. The APyE in PNA pairs specifically with thymine in the DNA strand, and resulted in 1.5\u20135.2-fold enhanced and blue-shifted fluorescence emission. Fluorescence quenching was observed in the presence of mismatched base or abasic site directly opposite to the APyE. The behavior of APyE in acpcPNA is distinctively different from DNA whereby a fluorescence was increased selectively upon duplex formation with complementary DNA and therefore emphasizing the unique advantages of using PNA as alternative oligonucleotide probes. Applications as color-shifting probe for detection of trinucleotide repeats in DNA were demonstrated, and the performance of the probe was further improved by combination with reduced graphene oxide as an external nanoquencher.", "pubmed-id": "29111370", "prism:coverDate": "2017-12-15", "prism:aggregationType": "Journal", "prism:url": "https://api.elsevier.com/content/abstract/scopus_id/85032271239", "dc:creator": {"author": [{"ce:given-name": "Duangrat", "preferred-name": {"ce:given-name": "Duangrat", "ce:initials": "D.", "ce:surname": "Nim-anussornkul", "ce:indexed-name": "Nim-anussornkul D."}, "@seq": "1", "ce:initials": "D.", "@_fa": "true", "affiliation": {"@id": "60028190", "@href": "https://api.elsevier.com/content/affiliation/affiliation_id/60028190"}, "ce:surname": "Nim-anussornkul", "@auid": "57191921188", "author-url": "https://api.elsevier.com/content/author/author_id/57191921188", "ce:indexed-name": "Nim-anussornkul D."}]}, "link": [{"@_fa": "true", "@rel": "self", "@href": "https://api.elsevier.com/content/abstract/scopus_id/85032271239"}, {"@_fa": "true", "@rel": "scopus", "@href": "https://www.scopus.com/inward/record.uri?partnerID=HzOxMe3b&scp=85032271239&origin=inward"}, {"@_fa": "true", "@rel": "scopus-citedby", "@href": "https://www.scopus.com/inward/citedby.uri?partnerID=HzOxMe3b&scp=85032271239&origin=inward"}], "source-id": "25786", "pii": "S096808961731667X", "citedby-count": "4", "prism:volume": "25", "subtype": "ar", "dc:title": "Synthesis and optical properties of pyrrolidinyl peptide nucleic acid bearing a base discriminating fluorescence nucleobase 8-(pyrene-1-yl)-ethynyladenine", "openaccess": "0", "prism:issn": "14643391 09680896", "publishercopyright": "\u00a9 2017 Elsevier Ltd", "prism:issueIdentifier": "24", "subtypeDescription": "Article", "prism:publicationName": "Bioorganic and Medicinal Chemistry", "prism:pageRange": "6388-6397", "prism:endingPage": "6397", "openaccessFlag": "false", "prism:doi": "10.1016/j.bmc.2017.10.008", "prism:startingPage": "6388", "dc:identifier": "SCOPUS_ID:85032271239", "dc:publisher": "Elsevier Ltd"}, "idxterms": {"mainterm": [{"$": "Adenine", "@weight": "b", "@candidate": "n"}, {"$": "Fluorescence", "@weight": "a", "@candidate": "n"}, {"$": "Fluorescent Dyes", "@weight": "b", "@candidate": "n"}, {"$": "Molecular Structure", "@weight": "b", "@candidate": "n"}, {"$": "Optical Phenomena", "@weight": "b", "@candidate": "n"}, {"$": "Peptide Nucleic Acids", "@weight": "b", "@candidate": "n"}, {"$": "Pyrenes", "@weight": "b", "@candidate": "n"}, {"$": "Pyrrolidines", "@weight": "b", "@candidate": "n"}]}, "language": {"@xml:lang": "eng"}, "authkeywords": {"author-keyword": [{"@_fa": "true", "$": "DNA"}, {"@_fa": "true", "$": "Fluorescence"}, {"@_fa": "true", "$": "Hybridization probes"}, {"@_fa": "true", "$": "Molecular beacons"}, {"@_fa": "true", "$": "PNA"}]}, "subject-areas": {"subject-area": [{"@_fa": "true", "$": "Biochemistry", "@code": "1303", "@abbrev": "BIOC"}, {"@_fa": "true", "$": "Molecular Medicine", "@code": "1313", "@abbrev": "BIOC"}, {"@_fa": "true", "$": "Molecular Biology", "@code": "1312", "@abbrev": "BIOC"}, {"@_fa": "true", "$": "Pharmaceutical Science", "@code": "3003", "@abbrev": "PHAR"}, {"@_fa": "true", "$": "Drug Discovery", "@code": "3002", "@abbrev": "PHAR"}, {"@_fa": "true", "$": "Clinical Biochemistry", "@code": "1308", "@abbrev": "BIOC"}, {"@_fa": "true", "$": "Organic Chemistry", "@code": "1605", "@abbrev": "CHEM"}]}, "authors": {"author": [{"ce:given-name": "Duangrat", "preferred-name": {"ce:given-name": "Duangrat", "ce:initials": "D.", "ce:surname": "Nim-anussornkul", "ce:indexed-name": "Nim-anussornkul D."}, "@seq": "1", "ce:initials": "D.", "@_fa": "true", "affiliation": {"@id": "60028190", "@href": "https://api.elsevier.com/content/affiliation/affiliation_id/60028190"}, "ce:surname": "Nim-anussornkul", "@auid": "57191921188", "author-url": "https://api.elsevier.com/content/author/author_id/57191921188", "ce:indexed-name": "Nim-anussornkul D."}, {"ce:given-name": "Tirayut", "preferred-name": {"ce:given-name": "Tirayut", "ce:initials": "T.", "ce:surname": "Vilaivan", "ce:indexed-name": "Vilaivan T."}, "@seq": "2", "ce:initials": "T.", "@_fa": "true", "affiliation": {"@id": "60028190", "@href": "https://api.elsevier.com/content/affiliation/affiliation_id/60028190"}, "ce:surname": "Vilaivan", "@auid": "6701754794", "author-url": "https://api.elsevier.com/content/author/author_id/6701754794", "ce:indexed-name": "Vilaivan T."}]}}}