{"abstracts-retrieval-response": {"item": {"ait:process-info": {"ait:status": {"@state": "update", "@type": "core", "@stage": "S300"}, "ait:date-delivered": {"@day": "28", "@year": "2022", "@timestamp": "2022-12-28T06:05:11.000011-05:00", "@month": "12"}, "ait:date-sort": {"@day": "01", "@year": "2017", "@month": "10"}}, "xocs:meta": {"xocs:funding-list": {"@pui-match": "primary", "@has-funding-info": "1", "xocs:funding": [{"xocs:funding-agency-matched-string": "National Science and Technology Development Agency", "xocs:funding-agency-acronym": "NSTDA", "xocs:funding-agency": "National Science and Technology Development Agency", "xocs:funding-id": "P-15-50004", "xocs:funding-agency-id": "http://data.elsevier.com/vocabulary/SciValFunders/501100004192", "xocs:funding-agency-country": "http://sws.geonames.org/1605651/"}, {"xocs:funding-agency-matched-string": "TRF", "xocs:funding-agency-acronym": "TRF", "xocs:funding-agency": "Thailand Research Fund", "xocs:funding-id": "MRG5680051", "xocs:funding-agency-id": "http://data.elsevier.com/vocabulary/SciValFunders/501100004396", "xocs:funding-agency-country": "http://sws.geonames.org/1605651/"}, {"xocs:funding-agency-matched-string": "Kasetsart University", "xocs:funding-agency-acronym": "KU", "xocs:funding-agency": "Kasetsart University", "xocs:funding-id": "RFG 1-6", "xocs:funding-agency-id": "http://data.elsevier.com/vocabulary/SciValFunders/501100004539", "xocs:funding-agency-country": "http://sws.geonames.org/1605651/"}], "xocs:funding-addon-generated-timestamp": "2021-06-01T20:55:56.297Z", "xocs:funding-text": [{"$": "Kurdi grant, Kasetsart University (Vor Tor Dor 169.58). Faculty of Science, Kasetsart University, Thailand Grant RFG 1-6. NPT was funded by TRF Grant MRG5680051. Y.P. was funded by the Research Chair Grant NSTDA, Thailand (P-15-50004)."}, {"$": "Kurdi grant, Kasetsart University (Vor Tor Dor 169.58). Faculty of Science, Kasetsart University , Thailand Grant RFG 1-6 . NPT was funded by TRF Grant MRG5680051 . Y.P. was funded by the Research Chair Grant NSTDA , Thailand ( P-15-50004 )."}], "xocs:funding-addon-type": "http://vtw.elsevier.com/data/voc/AddOnTypes/50.7/aggregated-refined"}}, "bibrecord": {"head": {"author-group": [{"affiliation": {"country": "Thailand", "@afid": "60021944", "@country": "tha", "organization": [{"$": "Department of Biochemistry"}, {"$": "Faculty of Science"}, {"$": "Kasetsart University"}], "affiliation-id": {"@afid": "60021944", "@dptid": "104123263"}, "state": "Bangkok", "@dptid": "104123263"}, "author": [{"ce:given-name": "Prapaphan", "preferred-name": {"ce:given-name": "Prapaphan", "ce:initials": "P.", "ce:surname": "Budchart", "ce:indexed-name": "Budchart P."}, "@seq": "1", "ce:initials": "P.", "@_fa": "true", "@type": "auth", "ce:degrees": "MS", "ce:surname": "Budchart", "@auid": "57196344824", "ce:indexed-name": "Budchart P."}, {"ce:given-name": "Ariya", "preferred-name": {"ce:given-name": "Ariya", "ce:initials": "A.", "ce:surname": "Khamwut", "ce:indexed-name": "Khamwut A."}, "@seq": "2", "ce:initials": "A.", "@_fa": "true", "@type": "auth", "ce:degrees": "MS", "ce:surname": "Khamwut", "@auid": "57196348631", "ce:indexed-name": "Khamwut A."}, {"ce:given-name": "Chomdao", "preferred-name": {"ce:given-name": "Chomdao", "ce:initials": "C.", "ce:surname": "Sinthuvanich", "ce:indexed-name": "Sinthuvanich C."}, "@seq": "3", "ce:initials": "C.", "@_fa": "true", "@type": "auth", "ce:degrees": "PhD", "ce:surname": "Sinthuvanich", "@auid": "55180617500", "ce:indexed-name": "Sinthuvanich C."}, {"ce:given-name": "Sunanta", "preferred-name": {"ce:given-name": "Sunanta", "ce:initials": "S.", "ce:surname": "Ratanapo", "ce:indexed-name": "Ratanapo S."}, "@seq": "4", "ce:initials": "S.", "@_fa": "true", "@type": "auth", "ce:degrees": "PhD", "ce:surname": "Ratanapo", "@auid": "6507431255", "ce:indexed-name": "Ratanapo S."}, {"ce:given-name": "Nattanan Panjaworayan", "preferred-name": {"ce:given-name": "Nattanan Panjaworayan", "ce:initials": "N.P.", "ce:surname": "T-Thienprasert", "ce:indexed-name": "T-Thienprasert N.P."}, "@seq": "6", "ce:initials": "N.P.", "@date-locked": "2022-12-27T12:33:57.542", "@_fa": "true", "@type": "auth", "ce:degrees": "PhD", "ce:surname": "T-Thienprasert", "@auid": "57728750500", "ce:indexed-name": "T-Thienprasert N.P."}]}, {"affiliation": {"country": "Thailand", "@afid": "60028190", "@country": "tha", "organization": [{"$": "Department of Pediatrics"}, {"$": "Faculty of Medicine"}, {"$": "Center of Excellence in Clinical Virology"}, {"$": "Chulalongkorn University"}], "affiliation-id": {"@afid": "60028190", "@dptid": "104425637"}, "state": "Bangkok", "@dptid": "104425637"}, "author": [{"ce:given-name": "Yong", "preferred-name": {"ce:given-name": "Yong", "ce:initials": "Y.", "ce:surname": "Poovorawan", "ce:indexed-name": "Poovorawan Y."}, "@seq": "5", "ce:initials": "Y.", "@date-locked": "2021-09-08T06:33:44.237", "@_fa": "true", "@type": "auth", "ce:degrees": "MD", "ce:surname": "Poovorawan", "@auid": "7102786191", "ce:indexed-name": "Poovorawan Y."}]}], "citation-title": "Partially Purified Gloriosa superba Peptides Inhibit Colon Cancer Cell Viability by Inducing Apoptosis Through p53 Upregulation", "abstracts": "\u00a9 2017 Southern Society for Clinical InvestigationBackground: Colon cancer is a major health problem worldwide. Available treatments such as surgery, chemotherapy, radiation and anticancer drugs are limited due to stage of cancer, side effects and altered biodistribution. The use of peptides extracted from natural products has appeared as a potential therapy. Gloriosa superba is known to contain colchicine and other alkaloids with anticancer activity. However, these peptides contained within the extracts have not been studied. This study, therefore, focuses on an investigation of anti\u2013colon cancer activity from a partially purified protein hydrolysate of G superba rhizome. Methods: Dried G superba rhizome was extracted using 0.5% sodium dodecyl sulfate and digested with pepsin. The protein hydrolysates with molecular weight lesser than 3 kDa were collected and subjected for cell viability assay. Then, the partial purification of the protein hydrolysate was performed using reverse-phase high-performance liquid chromatography. Fractions containing anticancer peptides were investigated, and their effects on apoptosis and protein expression using apoptosis test and Western blot, respectively. Results: Partially purified peptides of G superba rhizome demonstrated anticolon activity in SW620 cells by inducing apoptosis through upregulation of p53 and downregulation of nuclear factor kappa B (NF-\u03baB). Conclusions: Consequently, G superba peptides showed high potential for further purification and development of anticolon therapeutics.", "correspondence": {"affiliation": {"country": "Thailand", "address-part": "50 Ngamwongwan Rd", "postal-code": "10900", "@country": "tha", "city": "Ladyao, Chatujak", "organization": [{"$": "Department of Biochemistry"}, {"$": "Faculty of Science"}, {"$": "Kasetsart University"}], "state": "Bangkok"}, "person": {"ce:given-name": "Nattanan Panjaworayan", "ce:initials": "N.P.", "ce:degrees": "PhD", "ce:surname": "T-Thienprasert", "ce:indexed-name": "T-Thienprasert N.P."}}, "citation-info": {"author-keywords": {"author-keyword": [{"$": "Apoptosis", "@xml:lang": "eng"}, {"$": "Colon cancer", "@xml:lang": "eng"}, {"$": "Gloriosa superba", "@xml:lang": "eng"}, {"$": "p53", "@xml:lang": "eng"}, {"$": "Partially purified peptide", "@xml:lang": "eng"}]}, "citation-type": {"@code": "ar"}, "citation-language": {"@language": "English", "@xml:lang": "eng"}, "abstract-language": {"@language": "English", "@xml:lang": "eng"}}, "source": {"website": {"ce:e-address": {"$": "http://www.journals.elsevier.com/the-american-journal-of-the-medical-sciences/", "@type": "email"}}, "translated-sourcetitle": {"$": "American Journal of the Medical Sciences", "@xml:lang": "eng"}, "volisspag": {"voliss": {"@volume": "354", "@issue": "4"}, "pagerange": {"@first": "423", "@last": "429"}}, "@type": "j", "sourcetitle": "American Journal of the Medical Sciences", "publicationdate": {"month": "10", "year": "2017", "date-text": "October 2017", "day": "01"}, "codencode": "AJMSA", "sourcetitle-abbrev": "Am. J. Med. Sci.", "@country": "usa", "issn": [{"$": "15382990", "@type": "electronic"}, {"$": "00029629", "@type": "print"}], "publicationyear": {"@first": "2017"}, "publisher": {"publishername": "Elsevier B.V.", "ce:e-address": {"$": "kathiest.clai@apta.org", "@type": "email"}}, "@srcid": "27086"}, "enhancement": {"classificationgroup": {"classifications": [{"@type": "EMCLASS", "classification": [{"classification-code": "16", "classification-description": "Cancer"}, {"classification-code": "29", "classification-description": "Clinical and Experimental Biochemistry"}, {"classification-code": "30", "classification-description": "Clinical and Experimental Pharmacology"}, {"classification-code": "37", "classification-description": "Drug Literature Index"}]}, {"@type": "ASJC", "classification": "2700"}, {"@type": "SUBJABBR", "classification": "MEDI"}]}, "chemicalgroup": {"chemicals": [{"@source": "esbd", "chemical": [{"cas-registry-number": "151-21-3", "chemical-name": "dodecyl sulfate sodium"}, {"cas-registry-number": "9001-75-6", "enzyme-commission-number": [{"$": "EC 3.4.23.1"}, {"$": "EC 3.4.4.1"}], "chemical-name": "pepsin A"}, {"cas-registry-number": [{"$": "76773-71-2"}, {"$": "9015-54-7"}], "chemical-name": "protein hydrolysate"}]}, {"@source": "nlm", "chemical": [{"chemical-name": "Antineoplastic Agents, Phytogenic"}, {"chemical-name": "Peptides"}, {"chemical-name": "Plant Proteins"}, {"chemical-name": "TP53 protein, human"}, {"chemical-name": "Tumor Suppressor Protein p53"}]}]}}, "grantlist": {"@complete": "y", "grant-text": {"$": "Kurdi grant, Kasetsart University (Vor Tor Dor 169.58). Faculty of Science, Kasetsart University, Thailand Grant RFG 1-6. NPT was funded by TRF Grant MRG5680051. Y.P. was funded by the Research Chair Grant NSTDA, Thailand (P-15-50004).", "@xml:lang": "eng"}, "grant": [{"grant-id": "MRG5680051", "grant-acronym": "TRF", "grant-agency": {"@iso-code": "tha", "$": "Thailand Research Fund"}, "grant-agency-id": "501100004396"}, {"grant-id": "P-15-50004", "grant-acronym": "NSTDA", "grant-agency": {"@iso-code": "tha", "$": "National Science and Technology Development Agency"}, "grant-agency-id": "501100004192"}, {"grant-id": "RFG 1-6", "grant-acronym": "KU", "grant-agency": {"@iso-code": "tha", "$": "Kasetsart University"}, "grant-agency-id": "501100004539"}]}}, "item-info": {"copyright": {"$": "Copyright 2018 Elsevier B.V., All rights reserved.", "@type": "Elsevier"}, "dbcollection": [{"$": "EMBASE"}, {"$": "MEDL"}, {"$": "REAXYSCAR"}, {"$": "SCOPUS"}, {"$": "Scopusbase"}], "history": {"date-created": {"@day": "25", "@year": "2018", "@timestamp": "BST 12:23:56", "@month": "04"}}, "itemidlist": {"itemid": [{"$": "2000642409", "@idtype": "PUI"}, {"$": "910045141", "@idtype": "CAR-ID"}, {"$": "20180266825", "@idtype": "EMBASE"}, {"$": "29078848", "@idtype": "MEDL"}, {"$": "20180647782", "@idtype": "REAXYSCAR"}, {"$": "20181258342", "@idtype": "SCOPUS"}, {"$": "85032703898", "@idtype": "SCP"}, {"$": "85032703898", "@idtype": "SGR"}, {"$": "619079980", "@idtype": "PUIsecondary"}], "ce:pii": "S0002962917302999", "ce:doi": "10.1016/j.amjms.2017.06.005"}}, "tail": {"bibliography": {"@refcount": "34", "reference": [{"ref-fulltext": "World Health Organization, WHO (2012) World health statistics. WHO Press, Geneva, Switzerland.", "@id": "1", "ref-info": {"refd-itemidlist": {"itemid": [{"$": "bib1", "@idtype": "FRAGMENTID"}, {"$": "85045207541", "@idtype": "SGR"}]}, "ref-text": "WHO (2012) World health statistics. WHO Press, Geneva, Switzerland.", "ref-authors": {"author": [{"@seq": "1", "@_fa": "true", "ce:surname": "World Health Organization", "ce:indexed-name": "World Health Organization"}]}}}, {"ref-fulltext": "Van Cutsem, E., Cervantes, A., Nordlinger, B., et al. Metastatic colorectal cancer: ESMO Clinical Practice Guidelines for diagnosis, treatment and follow-up. Ann Oncol 25:suppl 3 (2014), iii1\u2013iii9.", "@id": "2", "ref-info": {"ref-publicationyear": {"@first": "2014"}, "ref-title": {"ref-titletext": "Metastatic colorectal cancer: ESMO Clinical Practice Guidelines for diagnosis, treatment and follow-up"}, "refd-itemidlist": {"itemid": [{"$": "bib2", "@idtype": "FRAGMENTID"}, {"$": "84911474269", "@idtype": "SGR"}]}, "ref-volisspag": {"voliss": {"@volume": "25"}, "pagerange": {"@first": "iii1", "@last": "iii9"}}, "ref-authors": {"author": [{"@seq": "1", "ce:initials": "E.", "@_fa": "true", "ce:surname": "Van Cutsem", "ce:indexed-name": "Van Cutsem E."}, {"@seq": "2", "ce:initials": "A.", "@_fa": "true", "ce:surname": "Cervantes", "ce:indexed-name": "Cervantes A."}, {"@seq": "3", "ce:initials": "B.", "@_fa": "true", "ce:surname": "Nordlinger", "ce:indexed-name": "Nordlinger B."}], "et-al": null}, "ref-sourcetitle": "Ann Oncol"}}, {"ref-fulltext": "Biondi, A., Vacante, M., Ambrosino, I., et al. Role of surgery for colorectal cancer in the elderly. World J Gastrointest Surg 8 (2016), 606\u2013613.", "@id": "3", "ref-info": {"ref-publicationyear": {"@first": "2016"}, "ref-title": {"ref-titletext": "Role of surgery for colorectal cancer in the elderly"}, "refd-itemidlist": {"itemid": [{"$": "bib3", "@idtype": "FRAGMENTID"}, {"$": "85016068171", "@idtype": "SGR"}]}, "ref-volisspag": {"voliss": {"@volume": "8"}, "pagerange": {"@first": "606", "@last": "613"}}, "ref-authors": {"author": [{"@seq": "1", "ce:initials": "A.", "@_fa": "true", "ce:surname": "Biondi", "ce:indexed-name": "Biondi A."}, {"@seq": "2", "ce:initials": "M.", "@_fa": "true", "ce:surname": "Vacante", "ce:indexed-name": "Vacante M."}, {"@seq": "3", "ce:initials": "I.", "@_fa": "true", "ce:surname": "Ambrosino", "ce:indexed-name": "Ambrosino I."}], "et-al": null}, "ref-sourcetitle": "World J Gastrointest Surg"}}, {"ref-fulltext": "Kuropkat, C., Griem, K., Clark, J., et al. Severe cardiotoxicity during 5-fluorouracil chemotherapy: a case and literature report. Am J Clin Oncol 22 (1999), 466\u2013470.", "@id": "4", "ref-info": {"ref-publicationyear": {"@first": "1999"}, "ref-title": {"ref-titletext": "Severe cardiotoxicity during 5-fluorouracil chemotherapy: a case and literature report"}, "refd-itemidlist": {"itemid": [{"$": "bib4", "@idtype": "FRAGMENTID"}, {"$": "0033503867", "@idtype": "SGR"}]}, "ref-volisspag": {"voliss": {"@volume": "22"}, "pagerange": {"@first": "466", "@last": "470"}}, "ref-authors": {"author": [{"@seq": "1", "ce:initials": "C.", "@_fa": "true", "ce:surname": "Kuropkat", "ce:indexed-name": "Kuropkat C."}, {"@seq": "2", "ce:initials": "K.", "@_fa": "true", "ce:surname": "Griem", "ce:indexed-name": "Griem K."}, {"@seq": "3", "ce:initials": "J.", "@_fa": "true", "ce:surname": "Clark", "ce:indexed-name": "Clark J."}], "et-al": null}, "ref-sourcetitle": "Am J Clin Oncol"}}, {"ref-fulltext": "Di Paolo, A., Danesi, R., Falcone, A., et al. Relationship between 5-fluorouracil disposition, toxicity and dihydropyrimidine dehydrogenase activity in cancer patients. Ann Oncol 12 (2001), 1301\u20131306.", "@id": "5", "ref-info": {"ref-publicationyear": {"@first": "2001"}, "ref-title": {"ref-titletext": "Relationship between 5-fluorouracil disposition, toxicity and dihydropyrimidine dehydrogenase activity in cancer patients"}, "refd-itemidlist": {"itemid": [{"$": "bib5", "@idtype": "FRAGMENTID"}, {"$": "0034782963", "@idtype": "SGR"}]}, "ref-volisspag": {"voliss": {"@volume": "12"}, "pagerange": {"@first": "1301", "@last": "1306"}}, "ref-authors": {"author": [{"@seq": "1", "ce:initials": "A.", "@_fa": "true", "ce:surname": "Di Paolo", "ce:indexed-name": "Di Paolo A."}, {"@seq": "2", "ce:initials": "R.", "@_fa": "true", "ce:surname": "Danesi", "ce:indexed-name": "Danesi R."}, {"@seq": "3", "ce:initials": "A.", "@_fa": "true", "ce:surname": "Falcone", "ce:indexed-name": "Falcone A."}], "et-al": null}, "ref-sourcetitle": "Ann Oncol"}}, {"ref-fulltext": "Denlinger, C.S., Barsevick, A.M., The challenges of colorectal cancer survivorship. J Natl Compr Canc Netw 7 (2009), 883\u2013893.", "@id": "6", "ref-info": {"ref-publicationyear": {"@first": "2009"}, "ref-title": {"ref-titletext": "The challenges of colorectal cancer survivorship"}, "refd-itemidlist": {"itemid": [{"$": "bib6", "@idtype": "FRAGMENTID"}, {"$": "70349881698", "@idtype": "SGR"}]}, "ref-volisspag": {"voliss": {"@volume": "7"}, "pagerange": {"@first": "883", "@last": "893"}}, "ref-authors": {"author": [{"@seq": "1", "ce:initials": "C.S.", "@_fa": "true", "ce:surname": "Denlinger", "ce:indexed-name": "Denlinger C.S."}, {"@seq": "2", "ce:initials": "A.M.", "@_fa": "true", "ce:surname": "Barsevick", "ce:indexed-name": "Barsevick A.M."}]}, "ref-sourcetitle": "J Natl Compr Canc Netw"}}, {"ref-fulltext": "Fosgerau, K., Hoffmann, T., Peptide therapeutics: current status and future directions. Drug Discov Today 20 (2015), 122\u2013128.", "@id": "7", "ref-info": {"ref-publicationyear": {"@first": "2015"}, "ref-title": {"ref-titletext": "Peptide therapeutics: current status and future directions"}, "refd-itemidlist": {"itemid": [{"$": "bib7", "@idtype": "FRAGMENTID"}, {"$": "84921442644", "@idtype": "SGR"}]}, "ref-volisspag": {"voliss": {"@volume": "20"}, "pagerange": {"@first": "122", "@last": "128"}}, "ref-authors": {"author": [{"@seq": "1", "ce:initials": "K.", "@_fa": "true", "ce:surname": "Fosgerau", "ce:indexed-name": "Fosgerau K."}, {"@seq": "2", "ce:initials": "T.", "@_fa": "true", "ce:surname": "Hoffmann", "ce:indexed-name": "Hoffmann T."}]}, "ref-sourcetitle": "Drug Discov Today"}}, {"ref-fulltext": "Ryan, J.T., Ross, R.P., Bolton, D., et al. Bioactive peptides from muscle sources: meat and fish. Nutrients 3 (2011), 765\u2013791.", "@id": "8", "ref-info": {"ref-publicationyear": {"@first": "2011"}, "ref-title": {"ref-titletext": "Bioactive peptides from muscle sources: meat and fish"}, "refd-itemidlist": {"itemid": [{"$": "bib8", "@idtype": "FRAGMENTID"}, {"$": "80053195121", "@idtype": "SGR"}]}, "ref-volisspag": {"voliss": {"@volume": "3"}, "pagerange": {"@first": "765", "@last": "791"}}, "ref-authors": {"author": [{"@seq": "1", "ce:initials": "J.T.", "@_fa": "true", "ce:surname": "Ryan", "ce:indexed-name": "Ryan J.T."}, {"@seq": "2", "ce:initials": "R.P.", "@_fa": "true", "ce:surname": "Ross", "ce:indexed-name": "Ross R.P."}, {"@seq": "3", "ce:initials": "D.", "@_fa": "true", "ce:surname": "Bolton", "ce:indexed-name": "Bolton D."}], "et-al": null}, "ref-sourcetitle": "Nutrients"}}, {"ref-fulltext": "Farrokhi, N., Whitelegge, J.P., Brusslan, J.A., Plant peptides and peptidomics. Plant Biotechnol J 6 (2008), 105\u2013134.", "@id": "9", "ref-info": {"ref-publicationyear": {"@first": "2008"}, "ref-title": {"ref-titletext": "Plant peptides and peptidomics"}, "refd-itemidlist": {"itemid": [{"$": "bib9", "@idtype": "FRAGMENTID"}, {"$": "37749023382", "@idtype": "SGR"}]}, "ref-volisspag": {"voliss": {"@volume": "6"}, "pagerange": {"@first": "105", "@last": "134"}}, "ref-authors": {"author": [{"@seq": "1", "ce:initials": "N.", "@_fa": "true", "ce:surname": "Farrokhi", "ce:indexed-name": "Farrokhi N."}, {"@seq": "2", "ce:initials": "J.P.", "@_fa": "true", "ce:surname": "Whitelegge", "ce:indexed-name": "Whitelegge J.P."}, {"@seq": "3", "ce:initials": "J.A.", "@_fa": "true", "ce:surname": "Brusslan", "ce:indexed-name": "Brusslan J.A."}]}, "ref-sourcetitle": "Plant Biotechnol J"}}, {"ref-fulltext": "Hernandez-Ledesma, B., Hsieh, C.C., Chemopreventive role of food-derived proteins and peptides: a review. Crit Rev Food Sci Nutr 24 (2015), 2358\u20132376.", "@id": "10", "ref-info": {"ref-publicationyear": {"@first": "2015"}, "ref-title": {"ref-titletext": "Chemopreventive role of food-derived proteins and peptides: a review"}, "refd-itemidlist": {"itemid": [{"$": "bib10", "@idtype": "FRAGMENTID"}, {"$": "85017430385", "@idtype": "SGR"}]}, "ref-volisspag": {"voliss": {"@volume": "24"}, "pagerange": {"@first": "2358", "@last": "2376"}}, "ref-authors": {"author": [{"@seq": "1", "ce:initials": "B.", "@_fa": "true", "ce:surname": "Hernandez-Ledesma", "ce:indexed-name": "Hernandez-Ledesma B."}, {"@seq": "2", "ce:initials": "C.C.", "@_fa": "true", "ce:surname": "Hsieh", "ce:indexed-name": "Hsieh C.C."}]}, "ref-sourcetitle": "Crit Rev Food Sci Nutr"}}, {"ref-fulltext": "Varadhachary, A., Wolf, J.S., Petrak, K., et al. Oral lactoferrin inhibits growth of established tumors and potentiates conventional chemotherapy. Int J Cancer 111 (2004), 398\u2013403.", "@id": "11", "ref-info": {"ref-publicationyear": {"@first": "2004"}, "ref-title": {"ref-titletext": "Oral lactoferrin inhibits growth of established tumors and potentiates conventional chemotherapy"}, "refd-itemidlist": {"itemid": [{"$": "bib11", "@idtype": "FRAGMENTID"}, {"$": "3242882447", "@idtype": "SGR"}]}, "ref-volisspag": {"voliss": {"@volume": "111"}, "pagerange": {"@first": "398", "@last": "403"}}, "ref-authors": {"author": [{"@seq": "1", "ce:initials": "A.", "@_fa": "true", "ce:surname": "Varadhachary", "ce:indexed-name": "Varadhachary A."}, {"@seq": "2", "ce:initials": "J.S.", "@_fa": "true", "ce:surname": "Wolf", "ce:indexed-name": "Wolf J.S."}, {"@seq": "3", "ce:initials": "K.", "@_fa": "true", "ce:surname": "Petrak", "ce:indexed-name": "Petrak K."}], "et-al": null}, "ref-sourcetitle": "Int J Cancer"}}, {"ref-fulltext": "Ting, C.H., Huang, H.N., Huang, T.C., et al. The mechanisms by which pardaxin, a natural cationic antimicrobial peptide, targets the endoplasmic reticulum and induces c-FOS. Biomaterials 35 (2014), 3627\u20133640.", "@id": "12", "ref-info": {"ref-publicationyear": {"@first": "2014"}, "ref-title": {"ref-titletext": "The mechanisms by which pardaxin, a natural cationic antimicrobial peptide, targets the endoplasmic reticulum and induces c-FOS"}, "refd-itemidlist": {"itemid": [{"$": "bib12", "@idtype": "FRAGMENTID"}, {"$": "84894934931", "@idtype": "SGR"}]}, "ref-volisspag": {"voliss": {"@volume": "35"}, "pagerange": {"@first": "3627", "@last": "3640"}}, "ref-authors": {"author": [{"@seq": "1", "ce:initials": "C.H.", "@_fa": "true", "ce:surname": "Ting", "ce:indexed-name": "Ting C.H."}, {"@seq": "2", "ce:initials": "H.N.", "@_fa": "true", "ce:surname": "Huang", "ce:indexed-name": "Huang H.N."}, {"@seq": "3", "ce:initials": "T.C.", "@_fa": "true", "ce:surname": "Huang", "ce:indexed-name": "Huang T.C."}], "et-al": null}, "ref-sourcetitle": "Biomaterials"}}, {"ref-fulltext": "Chanput, W., Chockchai, T., Shuryo, N., Antioxidative properties of partially purified barley hordein, rice bran protein fractions and their hydrolysates. J Cereal Sci 49 (2009), 422\u2013428.", "@id": "13", "ref-info": {"ref-publicationyear": {"@first": "2009"}, "ref-title": {"ref-titletext": "Antioxidative properties of partially purified barley hordein, rice bran protein fractions and their hydrolysates"}, "refd-itemidlist": {"itemid": [{"$": "bib13", "@idtype": "FRAGMENTID"}, {"$": "67349160258", "@idtype": "SGR"}]}, "ref-volisspag": {"voliss": {"@volume": "49"}, "pagerange": {"@first": "422", "@last": "428"}}, "ref-authors": {"author": [{"@seq": "1", "ce:initials": "W.", "@_fa": "true", "ce:surname": "Chanput", "ce:indexed-name": "Chanput W."}, {"@seq": "2", "ce:initials": "T.", "@_fa": "true", "ce:surname": "Chockchai", "ce:indexed-name": "Chockchai T."}, {"@seq": "3", "ce:initials": "N.", "@_fa": "true", "ce:surname": "Shuryo", "ce:indexed-name": "Shuryo N."}]}, "ref-sourcetitle": "J Cereal Sci"}}, {"ref-fulltext": "Chung, Y.B., Lee, M., Yang, H.J., et al. Characterization of partially purified 8 kDa antigenic protein of Clonorchis sinensis. Korean J Parasitol 40 (2002), 83\u201388.", "@id": "14", "ref-info": {"ref-publicationyear": {"@first": "2002"}, "ref-title": {"ref-titletext": "Characterization of partially purified 8 kDa antigenic protein of Clonorchis sinensis"}, "refd-itemidlist": {"itemid": [{"$": "bib14", "@idtype": "FRAGMENTID"}, {"$": "0036597992", "@idtype": "SGR"}]}, "ref-volisspag": {"voliss": {"@volume": "40"}, "pagerange": {"@first": "83", "@last": "88"}}, "ref-authors": {"author": [{"@seq": "1", "ce:initials": "Y.B.", "@_fa": "true", "ce:surname": "Chung", "ce:indexed-name": "Chung Y.B."}, {"@seq": "2", "ce:initials": "M.", "@_fa": "true", "ce:surname": "Lee", "ce:indexed-name": "Lee M."}, {"@seq": "3", "ce:initials": "H.J.", "@_fa": "true", "ce:surname": "Yang", "ce:indexed-name": "Yang H.J."}], "et-al": null}, "ref-sourcetitle": "Korean J Parasitol"}}, {"ref-fulltext": "Bulati, M., Longo, A., Masullo, T., et al. Partially purified extracts of sea Anemone Anemonia viridis affect the growth and viability of selected tumour cell lines. Biomed Res Int, 2016, 2016, 3849897.", "@id": "15", "ref-info": {"ref-publicationyear": {"@first": "2016"}, "ref-title": {"ref-titletext": "Partially purified extracts of sea Anemone Anemonia viridis affect the growth and viability of selected tumour cell lines"}, "refd-itemidlist": {"itemid": [{"$": "bib15", "@idtype": "FRAGMENTID"}, {"$": "84990975231", "@idtype": "SGR"}]}, "ref-volisspag": {"voliss": {"@volume": "2016"}, "pagerange": {"@first": "3849897"}}, "ref-authors": {"author": [{"@seq": "1", "ce:initials": "M.", "@_fa": "true", "ce:surname": "Bulati", "ce:indexed-name": "Bulati M."}, {"@seq": "2", "ce:initials": "A.", "@_fa": "true", "ce:surname": "Longo", "ce:indexed-name": "Longo A."}, {"@seq": "3", "ce:initials": "T.", "@_fa": "true", "ce:surname": "Masullo", "ce:indexed-name": "Masullo T."}], "et-al": null}, "ref-sourcetitle": "Biomed Res Int"}}, {"ref-fulltext": "Chuakul, W., Saralamp, P., Boonpleng, A., Medicinal plants used in the Kutchum District, Yasothon Province, Thailand. Thai J Phytopharmacol 9 (2002), 22\u201349.", "@id": "16", "ref-info": {"ref-publicationyear": {"@first": "2002"}, "ref-title": {"ref-titletext": "Medicinal plants used in the Kutchum District, Yasothon Province, Thailand"}, "refd-itemidlist": {"itemid": [{"$": "bib16", "@idtype": "FRAGMENTID"}, {"$": "29044441857", "@idtype": "SGR"}]}, "ref-volisspag": {"voliss": {"@volume": "9"}, "pagerange": {"@first": "22", "@last": "49"}}, "ref-authors": {"author": [{"@seq": "1", "ce:initials": "W.", "@_fa": "true", "ce:surname": "Chuakul", "ce:indexed-name": "Chuakul W."}, {"@seq": "2", "ce:initials": "P.", "@_fa": "true", "ce:surname": "Saralamp", "ce:indexed-name": "Saralamp P."}, {"@seq": "3", "ce:initials": "A.", "@_fa": "true", "ce:surname": "Boonpleng", "ce:indexed-name": "Boonpleng A."}]}, "ref-sourcetitle": "Thai J Phytopharmacol"}}, {"ref-fulltext": "Biswajit, G., Swapna, M., B, J.T., et al. Enhanced colchicine production in root cultures of Gloriosa superba by direct and indirect precursors of the biosynthetic pathway. Biotechnol Lett 24 (2002), 231\u2013234.", "@id": "17", "ref-info": {"ref-publicationyear": {"@first": "2002"}, "ref-title": {"ref-titletext": "Enhanced colchicine production in root cultures of Gloriosa superba by direct and indirect precursors of the biosynthetic pathway"}, "refd-itemidlist": {"itemid": [{"$": "bib17", "@idtype": "FRAGMENTID"}, {"$": "0036165362", "@idtype": "SGR"}]}, "ref-volisspag": {"voliss": {"@volume": "24"}, "pagerange": {"@first": "231", "@last": "234"}}, "ref-authors": {"author": [{"@seq": "1", "ce:initials": "G.", "@_fa": "true", "ce:surname": "Biswajit", "ce:indexed-name": "Biswajit G."}, {"@seq": "2", "ce:initials": "M.", "@_fa": "true", "ce:surname": "Swapna", "ce:indexed-name": "Swapna M."}, {"@seq": "3", "ce:initials": "J.T.", "@_fa": "true", "ce:surname": "B", "ce:indexed-name": "B J.T."}], "et-al": null}, "ref-sourcetitle": "Biotechnol Lett"}}, {"ref-fulltext": "Nikhila, G.S., Sangeetha, G., Preetha, T.S., et al. GC-MS analysis of phytochemical compounds present in the rhizome of Gloriosa superba L. J Pharmacogn Phytochem 5 (2016), 17\u201320.", "@id": "18", "ref-info": {"ref-publicationyear": {"@first": "2016"}, "ref-title": {"ref-titletext": "GC-MS analysis of phytochemical compounds present in the rhizome of Gloriosa superba L"}, "refd-itemidlist": {"itemid": [{"$": "bib18", "@idtype": "FRAGMENTID"}, {"$": "85045203653", "@idtype": "SGR"}]}, "ref-volisspag": {"voliss": {"@volume": "5"}, "pagerange": {"@first": "17", "@last": "20"}}, "ref-authors": {"author": [{"@seq": "1", "ce:initials": "G.S.", "@_fa": "true", "ce:surname": "Nikhila", "ce:indexed-name": "Nikhila G.S."}, {"@seq": "2", "ce:initials": "G.", "@_fa": "true", "ce:surname": "Sangeetha", "ce:indexed-name": "Sangeetha G."}, {"@seq": "3", "ce:initials": "T.S.", "@_fa": "true", "ce:surname": "Preetha", "ce:indexed-name": "Preetha T.S."}], "et-al": null}, "ref-sourcetitle": "J Pharmacogn Phytochem"}}, {"ref-fulltext": "Jana, S., Shekhawat, G.S., Critical review on medicinally potent plant species: Gloriosa superba. Fitoterapia 82 (2011), 293\u2013301.", "@id": "19", "ref-info": {"ref-publicationyear": {"@first": "2011"}, "ref-title": {"ref-titletext": "Critical review on medicinally potent plant species: Gloriosa superba"}, "refd-itemidlist": {"itemid": [{"$": "bib19", "@idtype": "FRAGMENTID"}, {"$": "79951682193", "@idtype": "SGR"}]}, "ref-volisspag": {"voliss": {"@volume": "82"}, "pagerange": {"@first": "293", "@last": "301"}}, "ref-authors": {"author": [{"@seq": "1", "ce:initials": "S.", "@_fa": "true", "ce:surname": "Jana", "ce:indexed-name": "Jana S."}, {"@seq": "2", "ce:initials": "G.S.", "@_fa": "true", "ce:surname": "Shekhawat", "ce:indexed-name": "Shekhawat G.S."}]}, "ref-sourcetitle": "Fitoterapia"}}, {"ref-fulltext": "Imazio, M., Brucato, A., Trinchero, R., et al. Colchicine for pericarditis: hype or hope?. Eur Heart J 30 (2009), 532\u2013539.", "@id": "20", "ref-info": {"ref-publicationyear": {"@first": "2009"}, "ref-title": {"ref-titletext": "Colchicine for pericarditis: hype or hope?"}, "refd-itemidlist": {"itemid": [{"$": "bib20", "@idtype": "FRAGMENTID"}, {"$": "63349095724", "@idtype": "SGR"}]}, "ref-volisspag": {"voliss": {"@volume": "30"}, "pagerange": {"@first": "532", "@last": "539"}}, "ref-authors": {"author": [{"@seq": "1", "ce:initials": "M.", "@_fa": "true", "ce:surname": "Imazio", "ce:indexed-name": "Imazio M."}, {"@seq": "2", "ce:initials": "A.", "@_fa": "true", "ce:surname": "Brucato", "ce:indexed-name": "Brucato A."}, {"@seq": "3", "ce:initials": "R.", "@_fa": "true", "ce:surname": "Trinchero", "ce:indexed-name": "Trinchero R."}], "et-al": null}, "ref-sourcetitle": "Eur Heart J"}}, {"ref-fulltext": "Finkelstein, Y., Aks, S.E., Hutson, J.R., et al. Colchicine poisoning: the dark side of an ancient drug. Clin Toxicol (Phila) 48 (2010), 407\u2013414.", "@id": "21", "ref-info": {"ref-publicationyear": {"@first": "2010"}, "ref-title": {"ref-titletext": "Colchicine poisoning: the dark side of an ancient drug"}, "refd-itemidlist": {"itemid": [{"$": "bib21", "@idtype": "FRAGMENTID"}, {"$": "77954220989", "@idtype": "SGR"}]}, "ref-volisspag": {"voliss": {"@volume": "48"}, "pagerange": {"@first": "407", "@last": "414"}}, "ref-authors": {"author": [{"@seq": "1", "ce:initials": "Y.", "@_fa": "true", "ce:surname": "Finkelstein", "ce:indexed-name": "Finkelstein Y."}, {"@seq": "2", "ce:initials": "S.E.", "@_fa": "true", "ce:surname": "Aks", "ce:indexed-name": "Aks S.E."}, {"@seq": "3", "ce:initials": "J.R.", "@_fa": "true", "ce:surname": "Hutson", "ce:indexed-name": "Hutson J.R."}], "et-al": null}, "ref-sourcetitle": "Clin Toxicol (Phila)"}}, {"ref-fulltext": "Zhou, J., Giannakakou, P., Targeting microtubules for cancer chemotherapy. Curr Med Chem Anticancer Agents 5 (2005), 65\u201371.", "@id": "22", "ref-info": {"ref-publicationyear": {"@first": "2005"}, "ref-title": {"ref-titletext": "Targeting microtubules for cancer chemotherapy"}, "refd-itemidlist": {"itemid": [{"$": "bib22", "@idtype": "FRAGMENTID"}, {"$": "11444252497", "@idtype": "SGR"}]}, "ref-volisspag": {"voliss": {"@volume": "5"}, "pagerange": {"@first": "65", "@last": "71"}}, "ref-authors": {"author": [{"@seq": "1", "ce:initials": "J.", "@_fa": "true", "ce:surname": "Zhou", "ce:indexed-name": "Zhou J."}, {"@seq": "2", "ce:initials": "P.", "@_fa": "true", "ce:surname": "Giannakakou", "ce:indexed-name": "Giannakakou P."}]}, "ref-sourcetitle": "Curr Med Chem Anticancer Agents"}}, {"ref-fulltext": "Manosroi, A., Akazawa, H., Akihisa, T., et al. In vitro anti-proliferative activity on colon cancer cell line (HT-29) of Thai medicinal plants selected from Thai/Lanna medicinal plant recipe database \u201cMANOSROI III\u201d. J Ethnopharmacol 161 (2015), 11\u201317.", "@id": "23", "ref-info": {"ref-publicationyear": {"@first": "2015"}, "ref-title": {"ref-titletext": "In vitro anti-proliferative activity on colon cancer cell line (HT-29) of Thai medicinal plants selected from Thai/Lanna medicinal plant recipe database \u201cMANOSROI III\u201d"}, "refd-itemidlist": {"itemid": [{"$": "bib23", "@idtype": "FRAGMENTID"}, {"$": "84919608803", "@idtype": "SGR"}]}, "ref-volisspag": {"voliss": {"@volume": "161"}, "pagerange": {"@first": "11", "@last": "17"}}, "ref-authors": {"author": [{"@seq": "1", "ce:initials": "A.", "@_fa": "true", "ce:surname": "Manosroi", "ce:indexed-name": "Manosroi A."}, {"@seq": "2", "ce:initials": "H.", "@_fa": "true", "ce:surname": "Akazawa", "ce:indexed-name": "Akazawa H."}, {"@seq": "3", "ce:initials": "T.", "@_fa": "true", "ce:surname": "Akihisa", "ce:indexed-name": "Akihisa T."}], "et-al": null}, "ref-sourcetitle": "J Ethnopharmacol"}}, {"ref-fulltext": "Waiyaput, W., Payungporn, S., Issara-Amphorn, J., et al. Inhibitory effects of crude extracts from some edible Thai plants against replication of hepatitis B virus and human liver cancer cells. BMC Complement Altern Med, 12, 2012, 246.", "@id": "24", "ref-info": {"ref-publicationyear": {"@first": "2012"}, "ref-title": {"ref-titletext": "Inhibitory effects of crude extracts from some edible Thai plants against replication of hepatitis B virus and human liver cancer cells"}, "refd-itemidlist": {"itemid": [{"$": "bib24", "@idtype": "FRAGMENTID"}, {"$": "84870446880", "@idtype": "SGR"}]}, "ref-volisspag": {"voliss": {"@volume": "12"}, "pagerange": {"@first": "246"}}, "ref-authors": {"author": [{"@seq": "1", "ce:initials": "W.", "@_fa": "true", "ce:surname": "Waiyaput", "ce:indexed-name": "Waiyaput W."}, {"@seq": "2", "ce:initials": "S.", "@_fa": "true", "ce:surname": "Payungporn", "ce:indexed-name": "Payungporn S."}, {"@seq": "3", "ce:initials": "J.", "@_fa": "true", "ce:surname": "Issara-Amphorn", "ce:indexed-name": "Issara-Amphorn J."}], "et-al": null}, "ref-sourcetitle": "BMC Complement Altern Med"}}, {"ref-fulltext": "Barkett, M., Gilmore, T.D., Control of apoptosis by Rel/NF-kappaB transcription factors. Oncogene 18 (1999), 6910\u20136924.", "@id": "25", "ref-info": {"ref-publicationyear": {"@first": "1999"}, "ref-title": {"ref-titletext": "Control of apoptosis by Rel/NF-kappaB transcription factors"}, "refd-itemidlist": {"itemid": [{"$": "bib25", "@idtype": "FRAGMENTID"}, {"$": "0033596127", "@idtype": "SGR"}]}, "ref-volisspag": {"voliss": {"@volume": "18"}, "pagerange": {"@first": "6910", "@last": "6924"}}, "ref-authors": {"author": [{"@seq": "1", "ce:initials": "M.", "@_fa": "true", "ce:surname": "Barkett", "ce:indexed-name": "Barkett M."}, {"@seq": "2", "ce:initials": "T.D.", "@_fa": "true", "ce:surname": "Gilmore", "ce:indexed-name": "Gilmore T.D."}]}, "ref-sourcetitle": "Oncogene"}}, {"ref-fulltext": "Kiraz, Y., Adan, A., Kartal Yandim, M., et al. Major apoptotic mechanisms and genes involved in apoptosis. Tumour Biol 37 (2016), 8471\u20138486.", "@id": "26", "ref-info": {"ref-publicationyear": {"@first": "2016"}, "ref-title": {"ref-titletext": "Major apoptotic mechanisms and genes involved in apoptosis"}, "refd-itemidlist": {"itemid": [{"$": "bib26", "@idtype": "FRAGMENTID"}, {"$": "84964033724", "@idtype": "SGR"}]}, "ref-volisspag": {"voliss": {"@volume": "37"}, "pagerange": {"@first": "8471", "@last": "8486"}}, "ref-authors": {"author": [{"@seq": "1", "ce:initials": "Y.", "@_fa": "true", "ce:surname": "Kiraz", "ce:indexed-name": "Kiraz Y."}, {"@seq": "2", "ce:initials": "A.", "@_fa": "true", "ce:surname": "Adan", "ce:indexed-name": "Adan A."}, {"@seq": "3", "ce:initials": "M.", "@_fa": "true", "ce:surname": "Kartal Yandim", "ce:indexed-name": "Kartal Yandim M."}], "et-al": null}, "ref-sourcetitle": "Tumour Biol"}}, {"ref-fulltext": "Wong, R.S., Apoptosis in cancer: from pathogenesis to treatment. J Exp Clin Cancer Res, 30, 2011, 87.", "@id": "27", "ref-info": {"ref-publicationyear": {"@first": "2011"}, "ref-title": {"ref-titletext": "Apoptosis in cancer: from pathogenesis to treatment"}, "refd-itemidlist": {"itemid": [{"$": "bib27", "@idtype": "FRAGMENTID"}, {"$": "80053348989", "@idtype": "SGR"}]}, "ref-volisspag": {"voliss": {"@volume": "30"}, "pagerange": {"@first": "87"}}, "ref-authors": {"author": [{"@seq": "1", "ce:initials": "R.S.", "@_fa": "true", "ce:surname": "Wong", "ce:indexed-name": "Wong R.S."}]}, "ref-sourcetitle": "J Exp Clin Cancer Res"}}, {"ref-fulltext": "Bauer, J.H., Helfand, S.L., New tricks of an old molecule: lifespan regulation by p53. Aging Cell 5 (2006), 437\u2013440.", "@id": "28", "ref-info": {"ref-publicationyear": {"@first": "2006"}, "ref-title": {"ref-titletext": "New tricks of an old molecule: lifespan regulation by p53"}, "refd-itemidlist": {"itemid": [{"$": "bib28", "@idtype": "FRAGMENTID"}, {"$": "33748328032", "@idtype": "SGR"}]}, "ref-volisspag": {"voliss": {"@volume": "5"}, "pagerange": {"@first": "437", "@last": "440"}}, "ref-authors": {"author": [{"@seq": "1", "ce:initials": "J.H.", "@_fa": "true", "ce:surname": "Bauer", "ce:indexed-name": "Bauer J.H."}, {"@seq": "2", "ce:initials": "S.L.", "@_fa": "true", "ce:surname": "Helfand", "ce:indexed-name": "Helfand S.L."}]}, "ref-sourcetitle": "Aging Cell"}}, {"ref-fulltext": "Ben-Neriah, Y., Karin, M., Inflammation meets cancer, with NF-kappaB as the matchmaker. Nat Immunol 12 (2011), 715\u2013723.", "@id": "29", "ref-info": {"ref-publicationyear": {"@first": "2011"}, "ref-title": {"ref-titletext": "Inflammation meets cancer, with NF-kappaB as the matchmaker"}, "refd-itemidlist": {"itemid": [{"$": "bib29", "@idtype": "FRAGMENTID"}, {"$": "80052014052", "@idtype": "SGR"}]}, "ref-volisspag": {"voliss": {"@volume": "12"}, "pagerange": {"@first": "715", "@last": "723"}}, "ref-authors": {"author": [{"@seq": "1", "ce:initials": "Y.", "@_fa": "true", "ce:surname": "Ben-Neriah", "ce:indexed-name": "Ben-Neriah Y."}, {"@seq": "2", "ce:initials": "M.", "@_fa": "true", "ce:surname": "Karin", "ce:indexed-name": "Karin M."}]}, "ref-sourcetitle": "Nat Immunol"}}, {"ref-fulltext": "Grivennikov, S.I., Greten, F.R., Karin, M., Immunity, inflammation, and cancer. Cell 140 (2010), 883\u2013899.", "@id": "30", "ref-info": {"ref-publicationyear": {"@first": "2010"}, "ref-title": {"ref-titletext": "Immunity, inflammation, and cancer"}, "refd-itemidlist": {"itemid": [{"$": "bib30", "@idtype": "FRAGMENTID"}, {"$": "77950346282", "@idtype": "SGR"}]}, "ref-volisspag": {"voliss": {"@volume": "140"}, "pagerange": {"@first": "883", "@last": "899"}}, "ref-authors": {"author": [{"@seq": "1", "ce:initials": "S.I.", "@_fa": "true", "ce:surname": "Grivennikov", "ce:indexed-name": "Grivennikov S.I."}, {"@seq": "2", "ce:initials": "F.R.", "@_fa": "true", "ce:surname": "Greten", "ce:indexed-name": "Greten F.R."}, {"@seq": "3", "ce:initials": "M.", "@_fa": "true", "ce:surname": "Karin", "ce:indexed-name": "Karin M."}]}, "ref-sourcetitle": "Cell"}}, {"ref-fulltext": "Aguirre, T.A., Teijeiro-Osorio, D., Rosa, M., et al. Current status of selected oral peptide technologies in advanced preclinical development and in clinical trials. Adv Drug Deliv Rev 106 (2016), 223\u2013241.", "@id": "31", "ref-info": {"ref-publicationyear": {"@first": "2016"}, "ref-title": {"ref-titletext": "Current status of selected oral peptide technologies in advanced preclinical development and in clinical trials"}, "refd-itemidlist": {"itemid": [{"$": "bib31", "@idtype": "FRAGMENTID"}, {"$": "84960156330", "@idtype": "SGR"}]}, "ref-volisspag": {"voliss": {"@volume": "106"}, "pagerange": {"@first": "223", "@last": "241"}}, "ref-authors": {"author": [{"@seq": "1", "ce:initials": "T.A.", "@_fa": "true", "ce:surname": "Aguirre", "ce:indexed-name": "Aguirre T.A."}, {"@seq": "2", "ce:initials": "D.", "@_fa": "true", "ce:surname": "Teijeiro-Osorio", "ce:indexed-name": "Teijeiro-Osorio D."}, {"@seq": "3", "ce:initials": "M.", "@_fa": "true", "ce:surname": "Rosa", "ce:indexed-name": "Rosa M."}], "et-al": null}, "ref-sourcetitle": "Adv Drug Deliv Rev"}}, {"ref-fulltext": "Dia, V.P., Krishnan, H.B., BG-4, a novel anticancer peptide from bitter gourd (Momordica charantia), promotes apoptosis in human colon cancer cells. Sci Rep, 6, 2016, 33532.", "@id": "32", "ref-info": {"ref-publicationyear": {"@first": "2016"}, "ref-title": {"ref-titletext": "BG-4, a novel anticancer peptide from bitter gourd (Momordica charantia), promotes apoptosis in human colon cancer cells"}, "refd-itemidlist": {"itemid": [{"$": "bib32", "@idtype": "FRAGMENTID"}, {"$": "84987984841", "@idtype": "SGR"}]}, "ref-volisspag": {"voliss": {"@volume": "6"}, "pagerange": {"@first": "33532"}}, "ref-authors": {"author": [{"@seq": "1", "ce:initials": "V.P.", "@_fa": "true", "ce:surname": "Dia", "ce:indexed-name": "Dia V.P."}, {"@seq": "2", "ce:initials": "H.B.", "@_fa": "true", "ce:surname": "Krishnan", "ce:indexed-name": "Krishnan H.B."}]}, "ref-sourcetitle": "Sci Rep"}}, {"ref-fulltext": "Li, L.N., Zhang, H.D., Zhi, R., et al. Down-regulation of some miRNAs by degrading their precursors contributes to anti-cancer effect of mistletoe lectin-I. Br J Pharmacol 162 (2011), 349\u2013364.", "@id": "33", "ref-info": {"ref-publicationyear": {"@first": "2011"}, "ref-title": {"ref-titletext": "Down-regulation of some miRNAs by degrading their precursors contributes to anti-cancer effect of mistletoe lectin-I"}, "refd-itemidlist": {"itemid": [{"$": "bib33", "@idtype": "FRAGMENTID"}, {"$": "78650321191", "@idtype": "SGR"}]}, "ref-volisspag": {"voliss": {"@volume": "162"}, "pagerange": {"@first": "349", "@last": "364"}}, "ref-authors": {"author": [{"@seq": "1", "ce:initials": "L.N.", "@_fa": "true", "ce:surname": "Li", "ce:indexed-name": "Li L.N."}, {"@seq": "2", "ce:initials": "H.D.", "@_fa": "true", "ce:surname": "Zhang", "ce:indexed-name": "Zhang H.D."}, {"@seq": "3", "ce:initials": "R.", "@_fa": "true", "ce:surname": "Zhi", "ce:indexed-name": "Zhi R."}], "et-al": null}, "ref-sourcetitle": "Br J Pharmacol"}}, {"ref-fulltext": "Ma, Y.H., Cheng, W.Z., Gong, F., et al. Active Chinese mistletoe lectin-55 enhances colon cancer surveillance through regulating innate and adaptive immune responses. World J Gastroenterol 14 (2008), 5274\u20135281.", "@id": "34", "ref-info": {"ref-publicationyear": {"@first": "2008"}, "ref-title": {"ref-titletext": "Active Chinese mistletoe lectin-55 enhances colon cancer surveillance through regulating innate and adaptive immune responses"}, "refd-itemidlist": {"itemid": [{"$": "bib34", "@idtype": "FRAGMENTID"}, {"$": "64849084974", "@idtype": "SGR"}]}, "ref-volisspag": {"voliss": {"@volume": "14"}, "pagerange": {"@first": "5274", "@last": "5281"}}, "ref-authors": {"author": [{"@seq": "1", "ce:initials": "Y.H.", "@_fa": "true", "ce:surname": "Ma", "ce:indexed-name": "Ma Y.H."}, {"@seq": "2", "ce:initials": "W.Z.", "@_fa": "true", "ce:surname": "Cheng", "ce:indexed-name": "Cheng W.Z."}, {"@seq": "3", "ce:initials": "F.", "@_fa": "true", "ce:surname": "Gong", "ce:indexed-name": "Gong F."}], "et-al": null}, "ref-sourcetitle": "World J Gastroenterol"}}]}}}}, "affiliation": [{"affiliation-city": "Bangkok", "@id": "60028190", "affilname": "Chulalongkorn University", "@href": "https://api.elsevier.com/content/affiliation/affiliation_id/60028190", "affiliation-country": "Thailand"}, {"affiliation-city": "Bangkok", "@id": "60021944", "affilname": "Kasetsart University", "@href": "https://api.elsevier.com/content/affiliation/affiliation_id/60021944", "affiliation-country": "Thailand"}], "coredata": {"srctype": "j", "eid": "2-s2.0-85032703898", "dc:description": "Background: Colon cancer is a major health problem worldwide. Available treatments such as surgery, chemotherapy, radiation and anticancer drugs are limited due to stage of cancer, side effects and altered biodistribution. The use of peptides extracted from natural products has appeared as a potential therapy. Gloriosa superba is known to contain colchicine and other alkaloids with anticancer activity. However, these peptides contained within the extracts have not been studied. This study, therefore, focuses on an investigation of anti\u2013colon cancer activity from a partially purified protein hydrolysate of G superba rhizome. Methods: Dried G superba rhizome was extracted using 0.5% sodium dodecyl sulfate and digested with pepsin. The protein hydrolysates with molecular weight lesser than 3 kDa were collected and subjected for cell viability assay. Then, the partial purification of the protein hydrolysate was performed using reverse-phase high-performance liquid chromatography. Fractions containing anticancer peptides were investigated, and their effects on apoptosis and protein expression using apoptosis test and Western blot, respectively. Results: Partially purified peptides of G superba rhizome demonstrated anticolon activity in SW620 cells by inducing apoptosis through upregulation of p53 and downregulation of nuclear factor kappa B (NF-\u03baB). Conclusions: Consequently, G superba peptides showed high potential for further purification and development of anticolon therapeutics.", "pubmed-id": "29078848", "prism:coverDate": "2017-10-01", "prism:aggregationType": "Journal", "prism:url": "https://api.elsevier.com/content/abstract/scopus_id/85032703898", "dc:creator": {"author": [{"ce:given-name": "Prapaphan", "preferred-name": {"ce:given-name": "Prapaphan", "ce:initials": "P.", "ce:surname": "Budchart", "ce:indexed-name": "Budchart P."}, "@seq": "1", "ce:initials": "P.", "@_fa": "true", "affiliation": {"@id": "60021944", "@href": "https://api.elsevier.com/content/affiliation/affiliation_id/60021944"}, "ce:degrees": "MS", "ce:surname": "Budchart", "@auid": "57196344824", "author-url": "https://api.elsevier.com/content/author/author_id/57196344824", "ce:indexed-name": "Budchart P."}]}, "link": [{"@_fa": "true", "@rel": "self", "@href": "https://api.elsevier.com/content/abstract/scopus_id/85032703898"}, {"@_fa": "true", "@rel": "scopus", "@href": "https://www.scopus.com/inward/record.uri?partnerID=HzOxMe3b&scp=85032703898&origin=inward"}, {"@_fa": "true", "@rel": "scopus-citedby", "@href": "https://www.scopus.com/inward/citedby.uri?partnerID=HzOxMe3b&scp=85032703898&origin=inward"}], "source-id": "27086", "pii": "S0002962917302999", "citedby-count": "18", "prism:volume": "354", "subtype": "ar", "dc:title": "Partially Purified Gloriosa superba Peptides Inhibit Colon Cancer Cell Viability by Inducing Apoptosis Through p53 Upregulation", "openaccess": "0", "prism:issn": "15382990 00029629", "publishercopyright": "\u00a9 2017 Southern Society for Clinical Investigation", "prism:issueIdentifier": "4", "subtypeDescription": "Article", "prism:publicationName": "American Journal of the Medical Sciences", "prism:pageRange": "423-429", "prism:endingPage": "429", "openaccessFlag": "false", "prism:doi": "10.1016/j.amjms.2017.06.005", "prism:startingPage": "423", "dc:identifier": "SCOPUS_ID:85032703898", "dc:publisher": "Elsevier B.V.kathiest.clai@apta.org"}, "idxterms": {"mainterm": [{"$": "Animals", "@weight": "b", "@candidate": "n"}, {"$": "Antineoplastic Agents, Phytogenic", "@weight": "b", "@candidate": "n"}, {"$": "Apoptosis", "@weight": "b", "@candidate": "n"}, {"$": "Cell Line, Tumor", "@weight": "b", "@candidate": "n"}, {"$": "Cercopithecus aethiops", "@weight": "b", "@candidate": "n"}, {"$": "Colchicaceae", "@weight": "b", "@candidate": "n"}, {"$": "Colonic Neoplasms", "@weight": "b", "@candidate": "n"}, {"$": "Gene Expression Regulation, Neoplastic", "@weight": "b", "@candidate": "n"}, {"$": "Humans", "@weight": "b", "@candidate": "n"}, {"$": "Peptides", "@weight": "b", "@candidate": "n"}, {"$": "Plant Proteins", "@weight": "b", "@candidate": "n"}, {"$": "Rhizome", "@weight": "b", "@candidate": "n"}, {"$": "Tumor Suppressor Protein p53", "@weight": "b", "@candidate": "n"}, {"$": "Up-Regulation", "@weight": "b", "@candidate": "n"}, {"$": "Vero Cells", "@weight": "b", "@candidate": "n"}]}, "language": {"@xml:lang": "eng"}, "authkeywords": {"author-keyword": [{"@_fa": "true", "$": "Apoptosis"}, {"@_fa": "true", "$": "Colon cancer"}, {"@_fa": "true", "$": "Gloriosa superba"}, {"@_fa": "true", "$": "p53"}, {"@_fa": "true", "$": "Partially purified peptide"}]}, "subject-areas": {"subject-area": [{"@_fa": "true", "$": "Medicine (all)", "@code": "2700", "@abbrev": "MEDI"}]}, "authors": {"author": [{"ce:given-name": "Prapaphan", "preferred-name": {"ce:given-name": "Prapaphan", "ce:initials": "P.", "ce:surname": "Budchart", "ce:indexed-name": "Budchart P."}, "@seq": "1", "ce:initials": "P.", "@_fa": "true", "affiliation": {"@id": "60021944", "@href": "https://api.elsevier.com/content/affiliation/affiliation_id/60021944"}, "ce:degrees": "MS", "ce:surname": "Budchart", "@auid": "57196344824", "author-url": "https://api.elsevier.com/content/author/author_id/57196344824", "ce:indexed-name": "Budchart P."}, {"ce:given-name": "Ariya", "preferred-name": {"ce:given-name": "Ariya", "ce:initials": "A.", "ce:surname": "Khamwut", "ce:indexed-name": "Khamwut A."}, "@seq": "2", "ce:initials": "A.", "@_fa": "true", "affiliation": {"@id": "60021944", "@href": "https://api.elsevier.com/content/affiliation/affiliation_id/60021944"}, "ce:degrees": "MS", "ce:surname": "Khamwut", "@auid": "57196348631", "author-url": "https://api.elsevier.com/content/author/author_id/57196348631", "ce:indexed-name": "Khamwut A."}, {"ce:given-name": "Chomdao", "preferred-name": {"ce:given-name": "Chomdao", "ce:initials": "C.", "ce:surname": "Sinthuvanich", "ce:indexed-name": "Sinthuvanich C."}, "@seq": "3", "ce:initials": "C.", "@_fa": "true", "affiliation": {"@id": "60021944", "@href": "https://api.elsevier.com/content/affiliation/affiliation_id/60021944"}, "ce:degrees": "PhD", "ce:surname": "Sinthuvanich", "@auid": "55180617500", "author-url": "https://api.elsevier.com/content/author/author_id/55180617500", "ce:indexed-name": "Sinthuvanich C."}, {"ce:given-name": "Sunanta", "preferred-name": {"ce:given-name": "Sunanta", "ce:initials": "S.", "ce:surname": "Ratanapo", "ce:indexed-name": "Ratanapo S."}, "@seq": "4", "ce:initials": "S.", "@_fa": "true", "affiliation": {"@id": "60021944", "@href": "https://api.elsevier.com/content/affiliation/affiliation_id/60021944"}, "ce:degrees": "PhD", "ce:surname": "Ratanapo", "@auid": "6507431255", "author-url": "https://api.elsevier.com/content/author/author_id/6507431255", "ce:indexed-name": "Ratanapo S."}, {"ce:given-name": "Yong", "preferred-name": {"ce:given-name": "Yong", "ce:initials": "Y.", "ce:surname": "Poovorawan", "ce:indexed-name": "Poovorawan Y."}, "@seq": "5", "ce:initials": "Y.", "@_fa": "true", "affiliation": {"@id": "60028190", "@href": "https://api.elsevier.com/content/affiliation/affiliation_id/60028190"}, "ce:degrees": "MD", "ce:surname": "Poovorawan", "@auid": "7102786191", "author-url": "https://api.elsevier.com/content/author/author_id/7102786191", "ce:indexed-name": "Poovorawan Y."}, {"ce:given-name": "Nattanan Panjaworayan", "preferred-name": {"ce:given-name": "Nattanan Panjaworayan", "ce:initials": "N.P.", "ce:surname": "T-Thienprasert", "ce:indexed-name": "T-Thienprasert N.P."}, "@seq": "6", "ce:initials": "N.P.", "@_fa": "true", "affiliation": {"@id": "60021944", "@href": "https://api.elsevier.com/content/affiliation/affiliation_id/60021944"}, "ce:degrees": "PhD", "ce:surname": "T-Thienprasert", "@auid": "57728750500", "author-url": "https://api.elsevier.com/content/author/author_id/57728750500", "ce:indexed-name": "T-Thienprasert N.P."}]}}}