{"abstracts-retrieval-response": {"item": {"ait:process-info": {"ait:status": {"@state": "update", "@type": "core", "@stage": "S300"}, "ait:date-delivered": {"@day": "13", "@timestamp": "2024-02-13T02:51:32.000032-05:00", "@year": "2024", "@month": "02"}, "ait:date-sort": {"@day": "01", "@year": "2017", "@month": "10"}}, "xocs:meta": {"xocs:funding-list": {"@pui-match": "primary", "@has-funding-info": "1", "xocs:funding": {"xocs:funding-agency-matched-string": "Thailand Research Fund", "xocs:funding-agency-acronym": "TRF", "xocs:funding-agency": "Thailand Research Fund", "xocs:funding-id": "RTA5980006", "xocs:funding-agency-id": "http://data.elsevier.com/vocabulary/SciValFunders/501100004396", "xocs:funding-agency-country": "http://sws.geonames.org/1605651/"}, "xocs:funding-addon-generated-timestamp": "2021-05-28T14:33:23.666Z", "xocs:funding-text": "The authors gratefully ac knowledge the financial support from the Royal Golden Jubilee program , and Senior Research Scholar Grant from Thailand Research Fund ( RTA5980006 ).", "xocs:funding-addon-type": "http://vtw.elsevier.com/data/voc/AddOnTypes/50.7/aggregated-refined"}}, "bibrecord": {"head": {"author-group": [{"affiliation": {"country": "Thailand", "postal-code": "10140", "@afid": "60008786", "@date-locked": "2024-02-12T22:12:58.690", "@country": "tha", "city": "Bangkok", "organization": {"$": "The Joint Graduate School of Energy and Environment"}, "affiliation-id": {"@afid": "60008786"}}, "author": [{"ce:given-name": "Puttipong", "preferred-name": {"ce:given-name": "Puttipong", "ce:initials": "P.", "ce:surname": "Tantikhajorngosol", "ce:indexed-name": "Tantikhajorngosol P."}, "@seq": "1", "ce:initials": "P.", "@_fa": "true", "@type": "auth", "ce:surname": "Tantikhajorngosol", "@auid": "57196042146", "ce:indexed-name": "Tantikhajorngosol P."}, {"ce:given-name": "Navadol", "preferred-name": {"ce:given-name": "Navadol", "ce:initials": "N.", "ce:surname": "Laosiripojana", "ce:indexed-name": "Laosiripojana N."}, "@seq": "2", "ce:initials": "N.", "@_fa": "true", "@type": "auth", "ce:surname": "Laosiripojana", "@auid": "8675790300", "ce:indexed-name": "Laosiripojana N."}]}, {"affiliation": {"country": "Thailand", "postal-code": "10140", "@afid": "60008786", "@country": "tha", "city": "Bangkok", "organization": [{"$": "Department of Chemical Engineering"}, {"$": "King Mongkut's University of Technology Thonburi"}], "affiliation-id": {"@afid": "60008786", "@dptid": "112899662"}, "@dptid": "112899662"}, "author": [{"ce:given-name": "Ratana", "preferred-name": {"ce:given-name": "Ratana", "ce:initials": "R.", "ce:surname": "Jiraratananon", "ce:indexed-name": "Jiraratananon R."}, "@seq": "3", "ce:initials": "R.", "@_fa": "true", "@type": "auth", "ce:surname": "Jiraratananon", "@auid": "6603671911", "ce:indexed-name": "Jiraratananon R."}]}, {"affiliation": {"country": "Thailand", "postal-code": "10330", "@afid": "60028190", "@country": "tha", "city": "Bangkok", "organization": [{"$": "Center of Excellence in Catalysis and Catalytic Reaction Engineering"}, {"$": "Department of Chemical Engineering"}, {"$": "Faculty of Engineering"}, {"$": "Chulalongkorn University"}], "affiliation-id": {"@afid": "60028190", "@dptid": "112958590"}, "@dptid": "112958590"}, "author": [{"ce:given-name": "Suttichai", "preferred-name": {"ce:given-name": "Suttichai", "ce:initials": "S.", "ce:surname": "Assabumrungrat", "ce:indexed-name": "Assabumrungrat S."}, "@seq": "4", "ce:initials": "S.", "@_fa": "true", "@type": "auth", "ce:surname": "Assabumrungrat", "@auid": "7004487886", "ce:indexed-name": "Assabumrungrat S."}]}], "citation-title": "Analytical study of membrane wetting at high operating pressure for physical absorption of CO2 using hollow fiber membrane contactors", "abstracts": "\u00a9 2017 Institution of Chemical EngineersIn the present work, an average membrane wetting ratio at high operating pressure of hollow fiber polyvinylidenefluoride (PVDF) and polytetrafluoroethylene (PTFE) membrane contactors was estimated analytically based on log-normal distribution function. The membrane characteristics, liquid velocity, operating pressure were also considered for the calculation. The simulations were validated with experimental data to confirm the accuracy of the calculated average membrane wetting at high pressure. At the operating pressure of 1 bar, dry modes are observed for both PVDF and PTFE. While the results of PTFE correspond with the dry mode, the partially wetted mode well predicts the results of PVDF at high operating pressure. The increases of liquid velocity and operating pressure show the higher membrane wetting due to the influences of increasing pressure drop in membrane module and lower surface tension of CO2-dissolved water at high operating pressure. Moreover, PTFE provides lower average membrane wetting compared with PVDF since the average membrane wetting ratio from the calculation occurs at higher trans-membrane pressure at the outlet liquid (>1 bar) which can be possible to maintain the dry mode including during the start-up of the process for the highest absorption performance using PTFE.", "correspondence": {"affiliation": {"country": "Thailand", "postal-code": "10140", "@country": "tha", "city": "Bangkok", "organization": {"$": "The Joint Graduate School of Energy and Environment"}}, "person": {"ce:given-name": "Navadol", "ce:initials": "N.", "ce:surname": "Laosiripojana", "ce:indexed-name": "Laosiripojana N."}}, "citation-info": {"author-keywords": {"author-keyword": [{"$": "Carbon dioxide", "@xml:lang": "eng"}, {"$": "Log-normal distribution", "@xml:lang": "eng"}, {"$": "PTFE", "@xml:lang": "eng"}, {"$": "PVDF", "@xml:lang": "eng"}, {"$": "Wetting ratio", "@xml:lang": "eng"}]}, "citation-type": {"@code": "ar"}, "citation-language": {"@language": "English", "@xml:lang": "eng"}, "abstract-language": {"@language": "English", "@xml:lang": "eng"}}, "source": {"website": {"ce:e-address": {"$": "http://www.elsevier.com/wps/find/journaldescription.cws_home/713871/description#description", "@type": "email"}}, "translated-sourcetitle": {"$": "Chemical Engineering Research and Design", "@xml:lang": "eng"}, "volisspag": {"voliss": {"@volume": "126"}, "pagerange": {"@first": "265", "@last": "277"}}, "@type": "j", "sourcetitle": "Chemical Engineering Research and Design", "publicationdate": {"month": "10", "year": "2017", "date-text": "October 2017", "day": "01"}, "codencode": "CERDE", "sourcetitle-abbrev": "Chem. Eng. Res. Des.", "@country": "gbr", "issn": {"$": "02638762", "@type": "print"}, "publicationyear": {"@first": "2017"}, "publisher": {"publishername": "Institution of Chemical Engineers"}, "@srcid": "16411"}, "enhancement": {"classificationgroup": {"classifications": [{"@type": "CPXCLASS", "classification": [{"classification-code": "804", "classification-description": "Chemical Products Generally"}, {"classification-code": "804.2", "classification-description": "Inorganic Compounds"}, {"classification-code": "815.1.1", "classification-description": "Organic Polymers"}, {"classification-code": "922.1", "classification-description": "Probability Theory"}, {"classification-code": "951", "classification-description": "Materials Science"}]}, {"@type": "FLXCLASS", "classification": {"classification-code": "902", "classification-description": "FLUIDEX; Related Topics"}}, {"@type": "ASJC", "classification": [{"$": "1600"}, {"$": "1500"}]}, {"@type": "SUBJABBR", "classification": [{"$": "CHEM"}, {"$": "CENG"}]}]}}}, "item-info": {"copyright": {"$": "Copyright 2017 Elsevier B.V., All rights reserved.", "@type": "Elsevier"}, "dbcollection": [{"$": "APILIT"}, {"$": "CHEM"}, {"$": "CPX"}, {"$": "FLX"}, {"$": "REAXYSCAR"}, {"$": "SCOPUS"}, {"$": "Scopusbase"}], "history": {"date-created": {"@day": "20", "@timestamp": "BST 10:00:38", "@year": "2017", "@month": "10"}}, "itemidlist": {"itemid": [{"$": "618773224", "@idtype": "PUI"}, {"$": "L201785464", "@idtype": "APILIT"}, {"$": "746380899", "@idtype": "CAR-ID"}, {"$": "2017208802", "@idtype": "CHEM"}, {"$": "20174204280107", "@idtype": "CPX"}, {"$": "1309717", "@idtype": "FLX"}, {"$": "20171813559", "@idtype": "REAXYSCAR"}, {"$": "20170692945", "@idtype": "SCOPUS"}, {"$": "85031294654", "@idtype": "SCP"}, {"$": "85031294654", "@idtype": "SGR"}], "ce:pii": "S0263876217304549", "ce:doi": "10.1016/j.cherd.2017.09.001"}}, "tail": {"bibliography": {"@refcount": "43", "reference": [{"ref-fulltext": "Atchariyawut, S., Jiraratananon, R., Wang, R., Separation of CO2 from CH4 by using gas\u2013liquid membrane contacting process. J. Membr. Sci. 304 (2007), 163\u2013172.", "@id": "1", "ref-info": {"ref-publicationyear": {"@first": "2007"}, "ref-title": {"ref-titletext": "Separation of CO2from CH4by using gas\u2013liquid membrane contacting process"}, "refd-itemidlist": {"itemid": [{"$": "bib0005", "@idtype": "FRAGMENTID"}, {"$": "34548507504", "@idtype": "SGR"}]}, "ref-volisspag": {"voliss": {"@volume": "304"}, "pagerange": {"@first": "163", "@last": "172"}}, "ref-authors": {"author": [{"@seq": "1", "ce:initials": "S.", "@_fa": "true", "ce:surname": "Atchariyawut", "ce:indexed-name": "Atchariyawut S."}, {"@seq": "2", "ce:initials": "R.", "@_fa": "true", "ce:surname": "Jiraratananon", "ce:indexed-name": "Jiraratananon R."}, {"@seq": "3", "ce:initials": "R.", "@_fa": "true", "ce:surname": "Wang", "ce:indexed-name": "Wang R."}]}, "ref-sourcetitle": "J. Membr. Sci."}}, {"ref-fulltext": "Boributh, S., Rongwong, W., Assabumrungrat, S., Laosiripojana, N., Jiraratananon, R., Mathematical modeling and cascade design of hollow fiber membrane contactor for CO2 absorption by monoethanolamine. J. Membr. Sci. 401\u2013402 (2012), 175\u2013189.", "@id": "2", "ref-info": {"ref-publicationyear": {"@first": "2012"}, "ref-title": {"ref-titletext": "Mathematical modeling and cascade design of hollow fiber membrane contactor for CO2absorption by monoethanolamine"}, "refd-itemidlist": {"itemid": [{"$": "bib0010", "@idtype": "FRAGMENTID"}, {"$": "84858448837", "@idtype": "SGR"}]}, "ref-volisspag": {"voliss": {"@volume": "401-402"}, "pagerange": {"@first": "175", "@last": "189"}}, "ref-authors": {"author": [{"@seq": "1", "ce:initials": "S.", "@_fa": "true", "ce:surname": "Boributh", "ce:indexed-name": "Boributh S."}, {"@seq": "2", "ce:initials": "W.", "@_fa": "true", "ce:surname": "Rongwong", "ce:indexed-name": "Rongwong W."}, {"@seq": "3", "ce:initials": "S.", "@_fa": "true", "ce:surname": "Assabumrungrat", "ce:indexed-name": "Assabumrungrat S."}, {"@seq": "4", "ce:initials": "N.", "@_fa": "true", "ce:surname": "Laosiripojana", "ce:indexed-name": "Laosiripojana N."}, {"@seq": "5", "ce:initials": "R.", "@_fa": "true", "ce:surname": "Jiraratananon", "ce:indexed-name": "Jiraratananon R."}]}, "ref-sourcetitle": "J. Membr. Sci."}}, {"ref-fulltext": "Boributh, S., Jiraratananon, R., Li, K., Analytical solutions for membrane wetting calculations based on log-normal and normal distribution functions for CO2 absorption by a hollow fiber membrane contactor. J. Membr. Sci. 429 (2013), 459\u2013472.", "@id": "3", "ref-info": {"ref-publicationyear": {"@first": "2013"}, "ref-title": {"ref-titletext": "Analytical solutions for membrane wetting calculations based on log-normal and normal distribution functions for CO2absorption by a hollow fiber membrane contactor"}, "refd-itemidlist": {"itemid": [{"$": "bib0015", "@idtype": "FRAGMENTID"}, {"$": "84871911440", "@idtype": "SGR"}]}, "ref-volisspag": {"voliss": {"@volume": "429"}, "pagerange": {"@first": "459", "@last": "472"}}, "ref-authors": {"author": [{"@seq": "1", "ce:initials": "S.", "@_fa": "true", "ce:surname": "Boributh", "ce:indexed-name": "Boributh S."}, {"@seq": "2", "ce:initials": "R.", "@_fa": "true", "ce:surname": "Jiraratananon", "ce:indexed-name": "Jiraratananon R."}, {"@seq": "3", "ce:initials": "K.", "@_fa": "true", "ce:surname": "Li", "ce:indexed-name": "Li K."}]}, "ref-sourcetitle": "J. Membr. Sci."}}, {"ref-fulltext": "Brettschneider, O., Thiele, R., Faber, R., Thielert, H., Wozny, G., Experimental investigation and simulation of the chemical absorption in a packed column for the system NH3\u2013CO2\u2013H2S\u2013NaOH\u2013H2O. Sep. Purif. Technol. 39 (2004), 139\u2013159.", "@id": "4", "ref-info": {"ref-publicationyear": {"@first": "2004"}, "ref-title": {"ref-titletext": "Experimental investigation and simulation of the chemical absorption in a packed column for the system NH3\u2013CO2\u2013H2S\u2013NaOH\u2013H2O"}, "refd-itemidlist": {"itemid": [{"$": "bib0020", "@idtype": "FRAGMENTID"}, {"$": "11344253067", "@idtype": "SGR"}]}, "ref-volisspag": {"voliss": {"@volume": "39"}, "pagerange": {"@first": "139", "@last": "159"}}, "ref-authors": {"author": [{"@seq": "1", "ce:initials": "O.", "@_fa": "true", "ce:surname": "Brettschneider", "ce:indexed-name": "Brettschneider O."}, {"@seq": "2", "ce:initials": "R.", "@_fa": "true", "ce:surname": "Thiele", "ce:indexed-name": "Thiele R."}, {"@seq": "3", "ce:initials": "R.", "@_fa": "true", "ce:surname": "Faber", "ce:indexed-name": "Faber R."}, {"@seq": "4", "ce:initials": "H.", "@_fa": "true", "ce:surname": "Thielert", "ce:indexed-name": "Thielert H."}, {"@seq": "5", "ce:initials": "G.", "@_fa": "true", "ce:surname": "Wozny", "ce:indexed-name": "Wozny G."}]}, "ref-sourcetitle": "Sep. Purif. Technol."}}, {"ref-fulltext": "Dhima, A., de Hemptinne, J.-C., Moracchini, G., Solubility of light hydrocarbons and their mixtures in pure water under high pressure. Fluid Phase Equilib. 145 (1998), 129\u2013150.", "@id": "5", "ref-info": {"ref-publicationyear": {"@first": "1998"}, "ref-title": {"ref-titletext": "Solubility of light hydrocarbons and their mixtures in pure water under high pressure"}, "refd-itemidlist": {"itemid": [{"$": "bib0025", "@idtype": "FRAGMENTID"}, {"$": "0032029333", "@idtype": "SGR"}]}, "ref-volisspag": {"voliss": {"@volume": "145"}, "pagerange": {"@first": "129", "@last": "150"}}, "ref-authors": {"author": [{"@seq": "1", "ce:initials": "A.", "@_fa": "true", "ce:surname": "Dhima", "ce:indexed-name": "Dhima A."}, {"@seq": "2", "ce:initials": "J.-C.", "@_fa": "true", "ce:surname": "de Hemptinne", "ce:indexed-name": "de Hemptinne J.-C."}, {"@seq": "3", "ce:initials": "G.", "@_fa": "true", "ce:surname": "Moracchini", "ce:indexed-name": "Moracchini G."}]}, "ref-sourcetitle": "Fluid Phase Equilib."}}, {"ref-fulltext": "Dindore, V.Y., Brilman, D.W.F., Geuzebroek, F.H., Versteeg, G.F., Membrane\u2013solvent selection for CO2 removal using membrane gas\u2013liquid contactors. Sep. Purif. Technol. 40 (2004), 133\u2013145.", "@id": "6", "ref-info": {"ref-publicationyear": {"@first": "2004"}, "ref-title": {"ref-titletext": "Membrane\u2013solvent selection for CO2removal using membrane gas\u2013liquid contactors"}, "refd-itemidlist": {"itemid": [{"$": "bib0030", "@idtype": "FRAGMENTID"}, {"$": "11244325613", "@idtype": "SGR"}]}, "ref-volisspag": {"voliss": {"@volume": "40"}, "pagerange": {"@first": "133", "@last": "145"}}, "ref-authors": {"author": [{"@seq": "1", "ce:initials": "V.Y.", "@_fa": "true", "ce:surname": "Dindore", "ce:indexed-name": "Dindore V.Y."}, {"@seq": "2", "ce:initials": "D.W.F.", "@_fa": "true", "ce:surname": "Brilman", "ce:indexed-name": "Brilman D.W.F."}, {"@seq": "3", "ce:initials": "F.H.", "@_fa": "true", "ce:surname": "Geuzebroek", "ce:indexed-name": "Geuzebroek F.H."}, {"@seq": "4", "ce:initials": "G.F.", "@_fa": "true", "ce:surname": "Versteeg", "ce:indexed-name": "Versteeg G.F."}]}, "ref-sourcetitle": "Sep. Purif. Technol."}}, {"ref-fulltext": "El-Naas, M.H., Al-Marzouqi, M., Marzouk, S.A., Abdullatif, N., Evaluation of the removal of CO2 using membrane contactors: membrane wettability. J. Membr. Sci. 350 (2010), 410\u2013416.", "@id": "7", "ref-info": {"ref-publicationyear": {"@first": "2010"}, "ref-title": {"ref-titletext": "Evaluation of the removal of CO2using membrane contactors: membrane wettability"}, "refd-itemidlist": {"itemid": [{"$": "bib0035", "@idtype": "FRAGMENTID"}, {"$": "76849092852", "@idtype": "SGR"}]}, "ref-volisspag": {"voliss": {"@volume": "350"}, "pagerange": {"@first": "410", "@last": "416"}}, "ref-authors": {"author": [{"@seq": "1", "ce:initials": "M.H.", "@_fa": "true", "ce:surname": "El-Naas", "ce:indexed-name": "El-Naas M.H."}, {"@seq": "2", "ce:initials": "M.", "@_fa": "true", "ce:surname": "Al-Marzouqi", "ce:indexed-name": "Al-Marzouqi M."}, {"@seq": "3", "ce:initials": "S.A.", "@_fa": "true", "ce:surname": "Marzouk", "ce:indexed-name": "Marzouk S.A."}, {"@seq": "4", "ce:initials": "N.", "@_fa": "true", "ce:surname": "Abdullatif", "ce:indexed-name": "Abdullatif N."}]}, "ref-sourcetitle": "J. Membr. Sci."}}, {"ref-fulltext": "Faiz, R., Al-Marzouqi, M., CO2 removal from natural gas at high pressure using membrane contactors: model validation and membrane parametric studies. J. Membr. Sci. 365 (2010), 232\u2013241.", "@id": "8", "ref-info": {"ref-publicationyear": {"@first": "2010"}, "ref-title": {"ref-titletext": "CO2removal from natural gas at high pressure using membrane contactors: model validation and membrane parametric studies"}, "refd-itemidlist": {"itemid": [{"$": "bib0040", "@idtype": "FRAGMENTID"}, {"$": "78049245021", "@idtype": "SGR"}]}, "ref-volisspag": {"voliss": {"@volume": "365"}, "pagerange": {"@first": "232", "@last": "241"}}, "ref-authors": {"author": [{"@seq": "1", "ce:initials": "R.", "@_fa": "true", "ce:surname": "Faiz", "ce:indexed-name": "Faiz R."}, {"@seq": "2", "ce:initials": "M.", "@_fa": "true", "ce:surname": "Al-Marzouqi", "ce:indexed-name": "Al-Marzouqi M."}]}, "ref-sourcetitle": "J. Membr. Sci."}}, {"ref-fulltext": "Faiz, R., Li, K., Al-Marzouqi, M., H2S absorption at high pressure using hollow fibre membrane contactors. Chem. Eng. Process.: Process Intensif. 83 (2014), 33\u201342.", "@id": "9", "ref-info": {"ref-publicationyear": {"@first": "2014"}, "ref-title": {"ref-titletext": "H2S absorption at high pressure using hollow fibre membrane contactors"}, "refd-itemidlist": {"itemid": [{"$": "bib0045", "@idtype": "FRAGMENTID"}, {"$": "84905281478", "@idtype": "SGR"}]}, "ref-volisspag": {"voliss": {"@volume": "83"}, "pagerange": {"@first": "33", "@last": "42"}}, "ref-authors": {"author": [{"@seq": "1", "ce:initials": "R.", "@_fa": "true", "ce:surname": "Faiz", "ce:indexed-name": "Faiz R."}, {"@seq": "2", "ce:initials": "K.", "@_fa": "true", "ce:surname": "Li", "ce:indexed-name": "Li K."}, {"@seq": "3", "ce:initials": "M.", "@_fa": "true", "ce:surname": "Al-Marzouqi", "ce:indexed-name": "Al-Marzouqi M."}]}, "ref-sourcetitle": "Chem. Eng. Process.: Process Intensif."}}, {"ref-fulltext": "Gabelman, A., Hwang, S.-T., Hollow fiber membrane contactors. J. Membr. Sci. 159 (1999), 61\u2013106.", "@id": "10", "ref-info": {"ref-publicationyear": {"@first": "1999"}, "ref-title": {"ref-titletext": "Hollow fiber membrane contactors"}, "refd-itemidlist": {"itemid": [{"$": "bib0050", "@idtype": "FRAGMENTID"}, {"$": "0033019915", "@idtype": "SGR"}]}, "ref-volisspag": {"voliss": {"@volume": "159"}, "pagerange": {"@first": "61", "@last": "106"}}, "ref-authors": {"author": [{"@seq": "1", "ce:initials": "A.", "@_fa": "true", "ce:surname": "Gabelman", "ce:indexed-name": "Gabelman A."}, {"@seq": "2", "ce:initials": "S.-T.", "@_fa": "true", "ce:surname": "Hwang", "ce:indexed-name": "Hwang S.-T."}]}, "ref-sourcetitle": "J. Membr. Sci."}}, {"ref-fulltext": "Goyal, N., Suman, S., Gupta, S.K., Mathematical modeling of CO2 separation from gaseous-mixture using a hollow-fiber membrane module: physical mechanism and influence of partial-wetting. J. Membr. Sci. 474 (2015), 64\u201382.", "@id": "11", "ref-info": {"ref-publicationyear": {"@first": "2015"}, "ref-title": {"ref-titletext": "Mathematical modeling of CO2separation from gaseous-mixture using a hollow-fiber membrane module: physical mechanism and influence of partial-wetting"}, "refd-itemidlist": {"itemid": [{"$": "bib0055", "@idtype": "FRAGMENTID"}, {"$": "84908389464", "@idtype": "SGR"}]}, "ref-volisspag": {"voliss": {"@volume": "474"}, "pagerange": {"@first": "64", "@last": "82"}}, "ref-authors": {"author": [{"@seq": "1", "ce:initials": "N.", "@_fa": "true", "ce:surname": "Goyal", "ce:indexed-name": "Goyal N."}, {"@seq": "2", "ce:initials": "S.", "@_fa": "true", "ce:surname": "Suman", "ce:indexed-name": "Suman S."}, {"@seq": "3", "ce:initials": "S.K.", "@_fa": "true", "ce:surname": "Gupta", "ce:indexed-name": "Gupta S.K."}]}, "ref-sourcetitle": "J. Membr. Sci."}}, {"ref-fulltext": "Hirschfelder, J.O.B., Bird, R., Spotz, E.L., The transport properties of gases and gaseous mixtures. Chem. Rev. 44 (1949), 205\u2013231.", "@id": "12", "ref-info": {"ref-publicationyear": {"@first": "1949"}, "ref-title": {"ref-titletext": "The transport properties of gases and gaseous mixtures"}, "refd-itemidlist": {"itemid": [{"$": "bib0060", "@idtype": "FRAGMENTID"}, {"$": "0001586404", "@idtype": "SGR"}]}, "ref-volisspag": {"voliss": {"@volume": "44"}, "pagerange": {"@first": "205", "@last": "231"}}, "ref-authors": {"author": [{"@seq": "1", "ce:initials": "J.O.B.", "@_fa": "true", "ce:surname": "Hirschfelder", "ce:indexed-name": "Hirschfelder J.O.B."}, {"@seq": "2", "ce:initials": "R.", "@_fa": "true", "ce:surname": "Bird", "ce:indexed-name": "Bird R."}, {"@seq": "3", "ce:initials": "E.L.", "@_fa": "true", "ce:surname": "Spotz", "ce:indexed-name": "Spotz E.L."}]}, "ref-sourcetitle": "Chem. Rev."}}, {"ref-fulltext": "Kang, J.-L., Luo, Z.-J., Liu, J.-L., Sun, K., Wong, D.S.-H., Jang, S.-S., Tan, C.-S., Shen, J.-F., Experiment and modeling studies on absorption of CO2 by dilute ammonia in rotating packed bed. Energy Procedia 63 (2014), 1308\u20131313.", "@id": "13", "ref-info": {"ref-publicationyear": {"@first": "2014"}, "ref-title": {"ref-titletext": "Experiment and modeling studies on absorption of CO2by dilute ammonia in rotating packed bed"}, "refd-itemidlist": {"itemid": [{"$": "bib0065", "@idtype": "FRAGMENTID"}, {"$": "84922875317", "@idtype": "SGR"}]}, "ref-volisspag": {"voliss": {"@volume": "63"}, "pagerange": {"@first": "1308", "@last": "1313"}}, "ref-authors": {"author": [{"@seq": "1", "ce:initials": "J.-L.", "@_fa": "true", "ce:surname": "Kang", "ce:indexed-name": "Kang J.-L."}, {"@seq": "2", "ce:initials": "Z.-J.", "@_fa": "true", "ce:surname": "Luo", "ce:indexed-name": "Luo Z.-J."}, {"@seq": "3", "ce:initials": "J.-L.", "@_fa": "true", "ce:surname": "Liu", "ce:indexed-name": "Liu J.-L."}, {"@seq": "4", "ce:initials": "K.", "@_fa": "true", "ce:surname": "Sun", "ce:indexed-name": "Sun K."}, {"@seq": "5", "ce:initials": "D.S.-H.", "@_fa": "true", "ce:surname": "Wong", "ce:indexed-name": "Wong D.S.-H."}, {"@seq": "6", "ce:initials": "S.-S.", "@_fa": "true", "ce:surname": "Jang", "ce:indexed-name": "Jang S.-S."}, {"@seq": "7", "ce:initials": "C.-S.", "@_fa": "true", "ce:surname": "Tan", "ce:indexed-name": "Tan C.-S."}, {"@seq": "8", "ce:initials": "J.-F.", "@_fa": "true", "ce:surname": "Shen", "ce:indexed-name": "Shen J.-F."}]}, "ref-sourcetitle": "Energy Procedia"}}, {"ref-fulltext": "Khaisri, S., deMontigny, D., Tontiwachwuthikul, P., Jiraratananon, R., A mathematical model for gas absorption membrane contactors that studies the effect of partially wetted membranes. J. Membr. Sci. 347 (2010), 228\u2013239.", "@id": "14", "ref-info": {"ref-publicationyear": {"@first": "2010"}, "ref-title": {"ref-titletext": "A mathematical model for gas absorption membrane contactors that studies the effect of partially wetted membranes"}, "refd-itemidlist": {"itemid": [{"$": "bib0070", "@idtype": "FRAGMENTID"}, {"$": "71249092097", "@idtype": "SGR"}]}, "ref-volisspag": {"voliss": {"@volume": "347"}, "pagerange": {"@first": "228", "@last": "239"}}, "ref-authors": {"author": [{"@seq": "1", "ce:initials": "S.", "@_fa": "true", "ce:surname": "Khaisri", "ce:indexed-name": "Khaisri S."}, {"@seq": "2", "ce:initials": "D.", "@_fa": "true", "ce:surname": "deMontigny", "ce:indexed-name": "deMontigny D."}, {"@seq": "3", "ce:initials": "P.", "@_fa": "true", "ce:surname": "Tontiwachwuthikul", "ce:indexed-name": "Tontiwachwuthikul P."}, {"@seq": "4", "ce:initials": "R.", "@_fa": "true", "ce:surname": "Jiraratananon", "ce:indexed-name": "Jiraratananon R."}]}, "ref-sourcetitle": "J. Membr. Sci."}}, {"ref-fulltext": "Khosharay, S., Varaminian, F., Experimental and modeling investigation on surface tension and surface properties of (CH4 + H2O) (C2H6 + H2O), (CO2 + H2O) and (C3H8 + H2O) from 284.15 K to 312.15 K and pressures up to 60 bar. Int. J. Refrig. 47 (2014), 26\u201335.", "@id": "15", "ref-info": {"ref-publicationyear": {"@first": "2014"}, "ref-title": {"ref-titletext": "Experimental and modeling investigation on surface tension and surface properties of (CH4+ H2O) (C2H6+ H2O), (CO2+ H2O) and (C3H8+ H2O) from 284.15 K to 312.15 K and pressures up to 60 bar"}, "refd-itemidlist": {"itemid": [{"$": "bib0075", "@idtype": "FRAGMENTID"}, {"$": "84908331881", "@idtype": "SGR"}]}, "ref-volisspag": {"voliss": {"@volume": "47"}, "pagerange": {"@first": "26", "@last": "35"}}, "ref-authors": {"author": [{"@seq": "1", "ce:initials": "S.", "@_fa": "true", "ce:surname": "Khosharay", "ce:indexed-name": "Khosharay S."}, {"@seq": "2", "ce:initials": "F.", "@_fa": "true", "ce:surname": "Varaminian", "ce:indexed-name": "Varaminian F."}]}, "ref-sourcetitle": "Int. J. Refrig."}}, {"ref-fulltext": "Khosharay, S., Abolala, M., Varaminian, F., Modeling the surface tension and surface properties of (CO2 + H2O) and (H2S + H2O) with gradient theory in combination with sPC\u2013SAFT EOS and a new proposed influence parameter. J. Mol. Liq. 198 (2014), 292\u2013298.", "@id": "16", "ref-info": {"ref-publicationyear": {"@first": "2014"}, "ref-title": {"ref-titletext": "Modeling the surface tension and surface properties of (CO2+ H2O) and (H2S + H2O) with gradient theory in combination with sPC\u2013SAFT EOS and a new proposed influence parameter"}, "refd-itemidlist": {"itemid": [{"$": "bib0080", "@idtype": "FRAGMENTID"}, {"$": "84907599999", "@idtype": "SGR"}]}, "ref-volisspag": {"voliss": {"@volume": "198"}, "pagerange": {"@first": "292", "@last": "298"}}, "ref-authors": {"author": [{"@seq": "1", "ce:initials": "S.", "@_fa": "true", "ce:surname": "Khosharay", "ce:indexed-name": "Khosharay S."}, {"@seq": "2", "ce:initials": "M.", "@_fa": "true", "ce:surname": "Abolala", "ce:indexed-name": "Abolala M."}, {"@seq": "3", "ce:initials": "F.", "@_fa": "true", "ce:surname": "Varaminian", "ce:indexed-name": "Varaminian F."}]}, "ref-sourcetitle": "J. Mol. Liq."}}, {"ref-fulltext": "Kreulen, H., Smolders, C.A., Versteeg, G.F., Van Swaaij, W.P.M., Determination of mass transfer rates in wetted and non-wetted microporous membranes. Chem. Eng. Sci. 48 (1993), 2093\u20132102.", "@id": "17", "ref-info": {"ref-publicationyear": {"@first": "1993"}, "ref-title": {"ref-titletext": "Determination of mass transfer rates in wetted and non-wetted microporous membranes"}, "refd-itemidlist": {"itemid": [{"$": "bib0085", "@idtype": "FRAGMENTID"}, {"$": "0027611435", "@idtype": "SGR"}]}, "ref-volisspag": {"voliss": {"@volume": "48"}, "pagerange": {"@first": "2093", "@last": "2102"}}, "ref-authors": {"author": [{"@seq": "1", "ce:initials": "H.", "@_fa": "true", "ce:surname": "Kreulen", "ce:indexed-name": "Kreulen H."}, {"@seq": "2", "ce:initials": "C.A.", "@_fa": "true", "ce:surname": "Smolders", "ce:indexed-name": "Smolders C.A."}, {"@seq": "3", "ce:initials": "G.F.", "@_fa": "true", "ce:surname": "Versteeg", "ce:indexed-name": "Versteeg G.F."}, {"@seq": "4", "ce:initials": "W.P.M.", "@_fa": "true", "ce:surname": "Van Swaaij", "ce:indexed-name": "Van Swaaij W.P.M."}]}, "ref-sourcetitle": "Chem. Eng. Sci."}}, {"ref-fulltext": "Kvamme, B., Kuznetsova, T., Hebach, A., Oberhof, A., Lunde, E., Measurements and modelling of interfacial tension for water + carbon dioxide systems at elevated pressures. Comput. Mater. Sci. 38 (2007), 506\u2013513.", "@id": "18", "ref-info": {"ref-publicationyear": {"@first": "2007"}, "ref-title": {"ref-titletext": "Measurements and modelling of interfacial tension for water + carbon dioxide systems at elevated pressures"}, "refd-itemidlist": {"itemid": [{"$": "bib0090", "@idtype": "FRAGMENTID"}, {"$": "33845333348", "@idtype": "SGR"}]}, "ref-volisspag": {"voliss": {"@volume": "38"}, "pagerange": {"@first": "506", "@last": "513"}}, "ref-authors": {"author": [{"@seq": "1", "ce:initials": "B.", "@_fa": "true", "ce:surname": "Kvamme", "ce:indexed-name": "Kvamme B."}, {"@seq": "2", "ce:initials": "T.", "@_fa": "true", "ce:surname": "Kuznetsova", "ce:indexed-name": "Kuznetsova T."}, {"@seq": "3", "ce:initials": "A.", "@_fa": "true", "ce:surname": "Hebach", "ce:indexed-name": "Hebach A."}, {"@seq": "4", "ce:initials": "A.", "@_fa": "true", "ce:surname": "Oberhof", "ce:indexed-name": "Oberhof A."}, {"@seq": "5", "ce:initials": "E.", "@_fa": "true", "ce:surname": "Lunde", "ce:indexed-name": "Lunde E."}]}, "ref-sourcetitle": "Comput. Mater. Sci."}}, {"ref-fulltext": "L\u00edsal, M., Smith, W.R., Aim, K., Analysis of Henry's constant for carbon dioxide in water via Monte Carlo simulation. Fluid Phase Equilib. 228\u2013229 (2005), 345\u2013356.", "@id": "19", "ref-info": {"ref-publicationyear": {"@first": "2005"}, "ref-title": {"ref-titletext": "Analysis of Henry's constant for carbon dioxide in water via Monte Carlo simulation"}, "refd-itemidlist": {"itemid": [{"$": "bib0095", "@idtype": "FRAGMENTID"}, {"$": "17544374271", "@idtype": "SGR"}]}, "ref-volisspag": {"voliss": {"@volume": "228-229"}, "pagerange": {"@first": "345", "@last": "356"}}, "ref-authors": {"author": [{"@seq": "1", "ce:initials": "M.", "@_fa": "true", "ce:surname": "L\u00edsal", "ce:indexed-name": "Lisal M."}, {"@seq": "2", "ce:initials": "W.R.", "@_fa": "true", "ce:surname": "Smith", "ce:indexed-name": "Smith W.R."}, {"@seq": "3", "ce:initials": "K.", "@_fa": "true", "ce:surname": "Aim", "ce:indexed-name": "Aim K."}]}, "ref-sourcetitle": "Fluid Phase Equilib."}}, {"ref-fulltext": "Li, J.-L., Chen, B.-H., Review of CO2 absorption using chemical solvents in hollow fiber membrane contactors. Sep. Purif. Technol. 41 (2005), 109\u2013122.", "@id": "20", "ref-info": {"ref-publicationyear": {"@first": "2005"}, "ref-title": {"ref-titletext": "Review of CO2absorption using chemical solvents in hollow fiber membrane contactors"}, "refd-itemidlist": {"itemid": [{"$": "bib0100", "@idtype": "FRAGMENTID"}, {"$": "10044247417", "@idtype": "SGR"}]}, "ref-volisspag": {"voliss": {"@volume": "41"}, "pagerange": {"@first": "109", "@last": "122"}}, "ref-authors": {"author": [{"@seq": "1", "ce:initials": "J.-L.", "@_fa": "true", "ce:surname": "Li", "ce:indexed-name": "Li J.-L."}, {"@seq": "2", "ce:initials": "B.-H.", "@_fa": "true", "ce:surname": "Chen", "ce:indexed-name": "Chen B.-H."}]}, "ref-sourcetitle": "Sep. Purif. Technol."}}, {"ref-fulltext": "Lu, J.-G., Zheng, Y.-F., Cheng, M.-D., Wetting mechanism in mass transfer process of hydrophobic membrane gas absorption. J. Membr. Sci. 308 (2008), 180\u2013190.", "@id": "21", "ref-info": {"ref-publicationyear": {"@first": "2008"}, "ref-title": {"ref-titletext": "Wetting mechanism in mass transfer process of hydrophobic membrane gas absorption"}, "refd-itemidlist": {"itemid": [{"$": "bib0105", "@idtype": "FRAGMENTID"}, {"$": "37249069862", "@idtype": "SGR"}]}, "ref-volisspag": {"voliss": {"@volume": "308"}, "pagerange": {"@first": "180", "@last": "190"}}, "ref-authors": {"author": [{"@seq": "1", "ce:initials": "J.-G.", "@_fa": "true", "ce:surname": "Lu", "ce:indexed-name": "Lu J.-G."}, {"@seq": "2", "ce:initials": "Y.-F.", "@_fa": "true", "ce:surname": "Zheng", "ce:indexed-name": "Zheng Y.-F."}, {"@seq": "3", "ce:initials": "M.-D.", "@_fa": "true", "ce:surname": "Cheng", "ce:indexed-name": "Cheng M.-D."}]}, "ref-sourcetitle": "J. Membr. Sci."}}, {"ref-fulltext": "Lv, Y., Yu, X., Tu, S.-T., Yan, J., Dahlquist, E., Wetting of polypropylene hollow fiber membrane contactors. J. Membr. Sci. 362 (2010), 444\u2013452.", "@id": "22", "ref-info": {"ref-publicationyear": {"@first": "2010"}, "ref-title": {"ref-titletext": "Wetting of polypropylene hollow fiber membrane contactors"}, "refd-itemidlist": {"itemid": [{"$": "bib0110", "@idtype": "FRAGMENTID"}, {"$": "77955665036", "@idtype": "SGR"}]}, "ref-volisspag": {"voliss": {"@volume": "362"}, "pagerange": {"@first": "444", "@last": "452"}}, "ref-authors": {"author": [{"@seq": "1", "ce:initials": "Y.", "@_fa": "true", "ce:surname": "Lv", "ce:indexed-name": "Lv Y."}, {"@seq": "2", "ce:initials": "X.", "@_fa": "true", "ce:surname": "Yu", "ce:indexed-name": "Yu X."}, {"@seq": "3", "ce:initials": "S.-T.", "@_fa": "true", "ce:surname": "Tu", "ce:indexed-name": "Tu S.-T."}, {"@seq": "4", "ce:initials": "J.", "@_fa": "true", "ce:surname": "Yan", "ce:indexed-name": "Yan J."}, {"@seq": "5", "ce:initials": "E.", "@_fa": "true", "ce:surname": "Dahlquist", "ce:indexed-name": "Dahlquist E."}]}, "ref-sourcetitle": "J. Membr. Sci."}}, {"ref-fulltext": "Majer, V., Sedlbauer, J., Bergin, G., Henry's law constant and related coefficients for aqueous hydrocarbons, CO2 and H2S over a wide range of temperature and pressure. Fluid Phase Equilib. 272 (2008), 65\u201374.", "@id": "23", "ref-info": {"ref-publicationyear": {"@first": "2008"}, "ref-title": {"ref-titletext": "Henry's law constant and related coefficients for aqueous hydrocarbons, CO2and H2S over a wide range of temperature and pressure"}, "refd-itemidlist": {"itemid": [{"$": "bib0115", "@idtype": "FRAGMENTID"}, {"$": "52149124124", "@idtype": "SGR"}]}, "ref-volisspag": {"voliss": {"@volume": "272"}, "pagerange": {"@first": "65", "@last": "74"}}, "ref-authors": {"author": [{"@seq": "1", "ce:initials": "V.", "@_fa": "true", "ce:surname": "Majer", "ce:indexed-name": "Majer V."}, {"@seq": "2", "ce:initials": "J.", "@_fa": "true", "ce:surname": "Sedlbauer", "ce:indexed-name": "Sedlbauer J."}, {"@seq": "3", "ce:initials": "G.", "@_fa": "true", "ce:surname": "Bergin", "ce:indexed-name": "Bergin G."}]}, "ref-sourcetitle": "Fluid Phase Equilib."}}, {"ref-fulltext": "Marzouk, S.A.M., Al-Marzouqi, M.H., El-Naas, M.H., Abdullatif, N., Ismail, Z.M., Removal of carbon dioxide from pressurized CO2\u2013CH4 gas mixture using hollow fiber membrane contactors. J. Membr. Sci. 351 (2010), 21\u201327.", "@id": "24", "ref-info": {"ref-publicationyear": {"@first": "2010"}, "ref-title": {"ref-titletext": "Removal of carbon dioxide from pressurized CO2\u2013CH4gas mixture using hollow fiber membrane contactors"}, "refd-itemidlist": {"itemid": [{"$": "bib0120", "@idtype": "FRAGMENTID"}, {"$": "77549084951", "@idtype": "SGR"}]}, "ref-volisspag": {"voliss": {"@volume": "351"}, "pagerange": {"@first": "21", "@last": "27"}}, "ref-authors": {"author": [{"@seq": "1", "ce:initials": "S.A.M.", "@_fa": "true", "ce:surname": "Marzouk", "ce:indexed-name": "Marzouk S.A.M."}, {"@seq": "2", "ce:initials": "M.H.", "@_fa": "true", "ce:surname": "Al-Marzouqi", "ce:indexed-name": "Al-Marzouqi M.H."}, {"@seq": "3", "ce:initials": "M.H.", "@_fa": "true", "ce:surname": "El-Naas", "ce:indexed-name": "El-Naas M.H."}, {"@seq": "4", "ce:initials": "N.", "@_fa": "true", "ce:surname": "Abdullatif", "ce:indexed-name": "Abdullatif N."}, {"@seq": "5", "ce:initials": "Z.M.", "@_fa": "true", "ce:surname": "Ismail", "ce:indexed-name": "Ismail Z.M."}]}, "ref-sourcetitle": "J. Membr. Sci."}}, {"ref-fulltext": "Marzouk, S.A.M., Al-Marzouqi, M.H., Abdullatif, N., Ismail, Z.M., Removal of percentile level of H2S from pressurized H2S\u2013CH4 gas mixture using hollow fiber membrane contactors and absorption solvents. J. Membr. Sci. 360 (2010), 436\u2013441.", "@id": "25", "ref-info": {"ref-publicationyear": {"@first": "2010"}, "ref-title": {"ref-titletext": "Removal of percentile level of H2S from pressurized H2S\u2013CH4gas mixture using hollow fiber membrane contactors and absorption solvents"}, "refd-itemidlist": {"itemid": [{"$": "bib0125", "@idtype": "FRAGMENTID"}, {"$": "77954215503", "@idtype": "SGR"}]}, "ref-volisspag": {"voliss": {"@volume": "360"}, "pagerange": {"@first": "436", "@last": "441"}}, "ref-authors": {"author": [{"@seq": "1", "ce:initials": "S.A.M.", "@_fa": "true", "ce:surname": "Marzouk", "ce:indexed-name": "Marzouk S.A.M."}, {"@seq": "2", "ce:initials": "M.H.", "@_fa": "true", "ce:surname": "Al-Marzouqi", "ce:indexed-name": "Al-Marzouqi M.H."}, {"@seq": "3", "ce:initials": "N.", "@_fa": "true", "ce:surname": "Abdullatif", "ce:indexed-name": "Abdullatif N."}, {"@seq": "4", "ce:initials": "Z.M.", "@_fa": "true", "ce:surname": "Ismail", "ce:indexed-name": "Ismail Z.M."}]}, "ref-sourcetitle": "J. Membr. Sci."}}, {"ref-fulltext": "Marzouk, S.A.M., Al-Marzouqi, M.H., Teramoto, M., Abdullatif, N., Ismail, Z.M., Simultaneous removal of CO2 and H2S from pressurized CO2\u2013H2S\u2013CH4 gas mixture using hollow fiber membrane contactors. Sep. Purif. Technol. 86 (2012), 88\u201397.", "@id": "26", "ref-info": {"ref-publicationyear": {"@first": "2012"}, "ref-title": {"ref-titletext": "Simultaneous removal of CO2and H2S from pressurized CO2\u2013H2S\u2013CH4gas mixture using hollow fiber membrane contactors"}, "refd-itemidlist": {"itemid": [{"$": "bib0130", "@idtype": "FRAGMENTID"}, {"$": "84856319981", "@idtype": "SGR"}]}, "ref-volisspag": {"voliss": {"@volume": "86"}, "pagerange": {"@first": "88", "@last": "97"}}, "ref-authors": {"author": [{"@seq": "1", "ce:initials": "S.A.M.", "@_fa": "true", "ce:surname": "Marzouk", "ce:indexed-name": "Marzouk S.A.M."}, {"@seq": "2", "ce:initials": "M.H.", "@_fa": "true", "ce:surname": "Al-Marzouqi", "ce:indexed-name": "Al-Marzouqi M.H."}, {"@seq": "3", "ce:initials": "M.", "@_fa": "true", "ce:surname": "Teramoto", "ce:indexed-name": "Teramoto M."}, {"@seq": "4", "ce:initials": "N.", "@_fa": "true", "ce:surname": "Abdullatif", "ce:indexed-name": "Abdullatif N."}, {"@seq": "5", "ce:initials": "Z.M.", "@_fa": "true", "ce:surname": "Ismail", "ce:indexed-name": "Ismail Z.M."}]}, "ref-sourcetitle": "Sep. Purif. Technol."}}, {"ref-fulltext": "Mavroudi, M., Kaldis, S.P., Sakellaropoulos, G.P., A study of mass transfer resistance in membrane gas\u2013liquid contacting processes. J. Membr. Sci. 272 (2006), 103\u2013115.", "@id": "27", "ref-info": {"ref-publicationyear": {"@first": "2006"}, "ref-title": {"ref-titletext": "A study of mass transfer resistance in membrane gas\u2013liquid contacting processes"}, "refd-itemidlist": {"itemid": [{"$": "bib0135", "@idtype": "FRAGMENTID"}, {"$": "31744443829", "@idtype": "SGR"}]}, "ref-volisspag": {"voliss": {"@volume": "272"}, "pagerange": {"@first": "103", "@last": "115"}}, "ref-authors": {"author": [{"@seq": "1", "ce:initials": "M.", "@_fa": "true", "ce:surname": "Mavroudi", "ce:indexed-name": "Mavroudi M."}, {"@seq": "2", "ce:initials": "S.P.", "@_fa": "true", "ce:surname": "Kaldis", "ce:indexed-name": "Kaldis S.P."}, {"@seq": "3", "ce:initials": "G.P.", "@_fa": "true", "ce:surname": "Sakellaropoulos", "ce:indexed-name": "Sakellaropoulos G.P."}]}, "ref-sourcetitle": "J. Membr. Sci."}}, {"ref-fulltext": "Portier, S., Rochelle, C., Modelling CO2 solubility in pure water and NaCl-type waters from 0 to 300 \u00b0C and from 1 to 300 bar: application to the Utsira formation at sleipner. Chem. Geol. 217 (2005), 187\u2013199.", "@id": "28", "ref-info": {"ref-publicationyear": {"@first": "2005"}, "ref-title": {"ref-titletext": "Modelling CO2solubility in pure water and NaCl-type waters from 0 to 300 \u00b0C and from 1 to 300 bar: application to the Utsira formation at sleipner"}, "refd-itemidlist": {"itemid": [{"$": "bib0140", "@idtype": "FRAGMENTID"}, {"$": "18444410262", "@idtype": "SGR"}]}, "ref-volisspag": {"voliss": {"@volume": "217"}, "pagerange": {"@first": "187", "@last": "199"}}, "ref-authors": {"author": [{"@seq": "1", "ce:initials": "S.", "@_fa": "true", "ce:surname": "Portier", "ce:indexed-name": "Portier S."}, {"@seq": "2", "ce:initials": "C.", "@_fa": "true", "ce:surname": "Rochelle", "ce:indexed-name": "Rochelle C."}]}, "ref-sourcetitle": "Chem. Geol."}}, {"ref-fulltext": "Prausnitz, J.M., Lichtenthaler, R.N., de Azevedo, E.G., Molecular Thermodynamics of Fluid-Phase Equilibria. 1986, Prentice-Hall Inc., Englewood Cliffs, New Jersey.", "@id": "29", "ref-info": {"ref-publicationyear": {"@first": "1986"}, "ref-title": {"ref-titletext": "Molecular Thermodynamics of Fluid-Phase Equilibria"}, "refd-itemidlist": {"itemid": [{"$": "bib0145", "@idtype": "FRAGMENTID"}, {"$": "0003547273", "@idtype": "SGR"}]}, "ref-text": "Prentice-Hall Inc. Englewood Cliffs, New Jersey", "ref-authors": {"author": [{"@seq": "1", "ce:initials": "J.M.", "@_fa": "true", "ce:surname": "Prausnitz", "ce:indexed-name": "Prausnitz J.M."}, {"@seq": "2", "ce:initials": "R.N.", "@_fa": "true", "ce:surname": "Lichtenthaler", "ce:indexed-name": "Lichtenthaler R.N."}, {"@seq": "3", "ce:initials": "E.G.", "@_fa": "true", "ce:surname": "de Azevedo", "ce:indexed-name": "de Azevedo E.G."}]}}}, {"ref-fulltext": "Rangwala, H.A., Absorption of carbon dioxide into aqueous solutions using hollow fiber membrane contactors. J. Membr. Sci. 112 (1996), 229\u2013240.", "@id": "30", "ref-info": {"ref-publicationyear": {"@first": "1996"}, "ref-title": {"ref-titletext": "Absorption of carbon dioxide into aqueous solutions using hollow fiber membrane contactors"}, "refd-itemidlist": {"itemid": [{"$": "bib0150", "@idtype": "FRAGMENTID"}, {"$": "0029657124", "@idtype": "SGR"}]}, "ref-volisspag": {"voliss": {"@volume": "112"}, "pagerange": {"@first": "229", "@last": "240"}}, "ref-authors": {"author": [{"@seq": "1", "ce:initials": "H.A.", "@_fa": "true", "ce:surname": "Rangwala", "ce:indexed-name": "Rangwala H.A."}]}, "ref-sourcetitle": "J. Membr. Sci."}}, {"ref-fulltext": "Reid, R.C., Prausnitz, J.M., Poling, B.E., The Properties of Gas and Liquids. 1987, McGraw-Hill, Inc., New York.", "@id": "31", "ref-info": {"ref-publicationyear": {"@first": "1987"}, "ref-title": {"ref-titletext": "The Properties of Gas and Liquids"}, "refd-itemidlist": {"itemid": [{"$": "bib0155", "@idtype": "FRAGMENTID"}, {"$": "0003517855", "@idtype": "SGR"}]}, "ref-text": "McGraw-Hill, Inc. New York", "ref-authors": {"author": [{"@seq": "1", "ce:initials": "R.C.", "@_fa": "true", "ce:surname": "Reid", "ce:indexed-name": "Reid R.C."}, {"@seq": "2", "ce:initials": "J.M.", "@_fa": "true", "ce:surname": "Prausnitz", "ce:indexed-name": "Prausnitz J.M."}, {"@seq": "3", "ce:initials": "B.E.", "@_fa": "true", "ce:surname": "Poling", "ce:indexed-name": "Poling B.E."}]}}}, {"ref-fulltext": "Rongwong, W., Jiraratananon, R., Atchariyawut, S., Experimental study on membrane wetting in gas\u2013liquid membrane contacting process for CO2 absorption by single and mixed absorbents. Sep. Purif. Technol. 69 (2009), 118\u2013125.", "@id": "32", "ref-info": {"ref-publicationyear": {"@first": "2009"}, "ref-title": {"ref-titletext": "Experimental study on membrane wetting in gas\u2013liquid membrane contacting process for CO2absorption by single and mixed absorbents"}, "refd-itemidlist": {"itemid": [{"$": "bib0160", "@idtype": "FRAGMENTID"}, {"$": "69249217692", "@idtype": "SGR"}]}, "ref-volisspag": {"voliss": {"@volume": "69"}, "pagerange": {"@first": "118", "@last": "125"}}, "ref-authors": {"author": [{"@seq": "1", "ce:initials": "W.", "@_fa": "true", "ce:surname": "Rongwong", "ce:indexed-name": "Rongwong W."}, {"@seq": "2", "ce:initials": "R.", "@_fa": "true", "ce:surname": "Jiraratananon", "ce:indexed-name": "Jiraratananon R."}, {"@seq": "3", "ce:initials": "S.", "@_fa": "true", "ce:surname": "Atchariyawut", "ce:indexed-name": "Atchariyawut S."}]}, "ref-sourcetitle": "Sep. Purif. Technol."}}, {"ref-fulltext": "Rongwong, W., Boributh, S., Assabumrungrat, S., Laosiripojana, N., Jiraratananon, R., Simultaneous absorption of CO2 and H2S from biogas by capillary membrane contactor. J. Membr. Sci. 392\u2013393 (2012), 38\u201347.", "@id": "33", "ref-info": {"ref-publicationyear": {"@first": "2012"}, "ref-title": {"ref-titletext": "Simultaneous absorption of CO2and H2S from biogas by capillary membrane contactor"}, "refd-itemidlist": {"itemid": [{"$": "bib0165", "@idtype": "FRAGMENTID"}, {"$": "84856102684", "@idtype": "SGR"}]}, "ref-volisspag": {"voliss": {"@volume": "392-393"}, "pagerange": {"@first": "38", "@last": "47"}}, "ref-authors": {"author": [{"@seq": "1", "ce:initials": "W.", "@_fa": "true", "ce:surname": "Rongwong", "ce:indexed-name": "Rongwong W."}, {"@seq": "2", "ce:initials": "S.", "@_fa": "true", "ce:surname": "Boributh", "ce:indexed-name": "Boributh S."}, {"@seq": "3", "ce:initials": "S.", "@_fa": "true", "ce:surname": "Assabumrungrat", "ce:indexed-name": "Assabumrungrat S."}, {"@seq": "4", "ce:initials": "N.", "@_fa": "true", "ce:surname": "Laosiripojana", "ce:indexed-name": "Laosiripojana N."}, {"@seq": "5", "ce:initials": "R.", "@_fa": "true", "ce:surname": "Jiraratananon", "ce:indexed-name": "Jiraratananon R."}]}, "ref-sourcetitle": "J. Membr. Sci."}}, {"ref-fulltext": "Simons, K., Nijmeijer, K., Wessling, M., Gas\u2013liquid membrane contactors for CO2 removal. J. Membr. Sci. 340 (2009), 214\u2013220.", "@id": "34", "ref-info": {"ref-publicationyear": {"@first": "2009"}, "ref-title": {"ref-titletext": "Gas\u2013liquid membrane contactors for CO2removal"}, "refd-itemidlist": {"itemid": [{"$": "bib0170", "@idtype": "FRAGMENTID"}, {"$": "67649306037", "@idtype": "SGR"}]}, "ref-volisspag": {"voliss": {"@volume": "340"}, "pagerange": {"@first": "214", "@last": "220"}}, "ref-authors": {"author": [{"@seq": "1", "ce:initials": "K.", "@_fa": "true", "ce:surname": "Simons", "ce:indexed-name": "Simons K."}, {"@seq": "2", "ce:initials": "K.", "@_fa": "true", "ce:surname": "Nijmeijer", "ce:indexed-name": "Nijmeijer K."}, {"@seq": "3", "ce:initials": "M.", "@_fa": "true", "ce:surname": "Wessling", "ce:indexed-name": "Wessling M."}]}, "ref-sourcetitle": "J. Membr. Sci."}}, {"ref-fulltext": "Smith, J.M., Van Ness, H.C., Abbott, M.M., Introduction of Chemical Engineering Thermodynamics. 7th edition, 2005, McGraw-Hill, New York.", "@id": "35", "ref-info": {"ref-publicationyear": {"@first": "2005"}, "ref-title": {"ref-titletext": "Introduction of Chemical Engineering Thermodynamics"}, "refd-itemidlist": {"itemid": [{"$": "bib0175", "@idtype": "FRAGMENTID"}, {"$": "0003971661", "@idtype": "SGR"}]}, "ref-text": "7th edition McGraw-Hill New York", "ref-authors": {"author": [{"@seq": "1", "ce:initials": "J.M.", "@_fa": "true", "ce:surname": "Smith", "ce:indexed-name": "Smith J.M."}, {"@seq": "2", "ce:initials": "H.C.", "@_fa": "true", "ce:surname": "Van Ness", "ce:indexed-name": "Van Ness H.C."}, {"@seq": "3", "ce:initials": "M.M.", "@_fa": "true", "ce:surname": "Abbott", "ce:indexed-name": "Abbott M.M."}]}}}, {"ref-fulltext": "Suleimenov, O.M., Krupp, R.E., Solubility of hydrogen sulfide in pure water and in NaCl solutions, from 20 to 320 \u00b0C and at saturation pressures. Geochim. Cosmochim. Acta 58 (1994), 2433\u20132444.", "@id": "36", "ref-info": {"ref-publicationyear": {"@first": "1994"}, "ref-title": {"ref-titletext": "Solubility of hydrogen sulfide in pure water and in NaCl solutions, from 20 to 320 \u00b0C and at saturation pressures"}, "refd-itemidlist": {"itemid": [{"$": "bib0180", "@idtype": "FRAGMENTID"}, {"$": "0028257828", "@idtype": "SGR"}]}, "ref-volisspag": {"voliss": {"@volume": "58"}, "pagerange": {"@first": "2433", "@last": "2444"}}, "ref-authors": {"author": [{"@seq": "1", "ce:initials": "O.M.", "@_fa": "true", "ce:surname": "Suleimenov", "ce:indexed-name": "Suleimenov O.M."}, {"@seq": "2", "ce:initials": "R.E.", "@_fa": "true", "ce:surname": "Krupp", "ce:indexed-name": "Krupp R.E."}]}, "ref-sourcetitle": "Geochim. Cosmochim. Acta"}}, {"ref-fulltext": "Wang, R., Li, D.F., Zhou, C., Liu, M., Liang, D.T., Impact of DEA solutions with and without CO2 loading on porous polypropylene membranes intended for use as contactors. J. Membr. Sci. 229 (2004), 147\u2013157.", "@id": "37", "ref-info": {"ref-publicationyear": {"@first": "2004"}, "ref-title": {"ref-titletext": "Impact of DEA solutions with and without CO2loading on porous polypropylene membranes intended for use as contactors"}, "refd-itemidlist": {"itemid": [{"$": "bib0185", "@idtype": "FRAGMENTID"}, {"$": "0346461545", "@idtype": "SGR"}]}, "ref-volisspag": {"voliss": {"@volume": "229"}, "pagerange": {"@first": "147", "@last": "157"}}, "ref-authors": {"author": [{"@seq": "1", "ce:initials": "R.", "@_fa": "true", "ce:surname": "Wang", "ce:indexed-name": "Wang R."}, {"@seq": "2", "ce:initials": "D.F.", "@_fa": "true", "ce:surname": "Li", "ce:indexed-name": "Li D.F."}, {"@seq": "3", "ce:initials": "C.", "@_fa": "true", "ce:surname": "Zhou", "ce:indexed-name": "Zhou C."}, {"@seq": "4", "ce:initials": "M.", "@_fa": "true", "ce:surname": "Liu", "ce:indexed-name": "Liu M."}, {"@seq": "5", "ce:initials": "D.T.", "@_fa": "true", "ce:surname": "Liang", "ce:indexed-name": "Liang D.T."}]}, "ref-sourcetitle": "J. Membr. Sci."}}, {"ref-fulltext": "Wang, R., Zhang, H.Y., Feron, P.H.M., Liang, D.T., Influence of membrane wetting on CO2 capture in microporous hollow fiber membrane contactors. Sep. Purif. Technol. 46 (2005), 33\u201340.", "@id": "38", "ref-info": {"ref-publicationyear": {"@first": "2005"}, "ref-title": {"ref-titletext": "Influence of membrane wetting on CO2capture in microporous hollow fiber membrane contactors"}, "refd-itemidlist": {"itemid": [{"$": "bib0190", "@idtype": "FRAGMENTID"}, {"$": "26944474780", "@idtype": "SGR"}]}, "ref-volisspag": {"voliss": {"@volume": "46"}, "pagerange": {"@first": "33", "@last": "40"}}, "ref-authors": {"author": [{"@seq": "1", "ce:initials": "R.", "@_fa": "true", "ce:surname": "Wang", "ce:indexed-name": "Wang R."}, {"@seq": "2", "ce:initials": "H.Y.", "@_fa": "true", "ce:surname": "Zhang", "ce:indexed-name": "Zhang H.Y."}, {"@seq": "3", "ce:initials": "P.H.M.", "@_fa": "true", "ce:surname": "Feron", "ce:indexed-name": "Feron P.H.M."}, {"@seq": "4", "ce:initials": "D.T.", "@_fa": "true", "ce:surname": "Liang", "ce:indexed-name": "Liang D.T."}]}, "ref-sourcetitle": "Sep. Purif. Technol."}}, {"ref-fulltext": "Weiland, R.H., Dingman, J.C., Cronin, D.B., Browning, G.J., Density and viscosity of some partially carbonated aqueous alkanolamine solutions and their blends. J. Chem. Eng. Data 43 (1998), 378\u2013382.", "@id": "39", "ref-info": {"ref-publicationyear": {"@first": "1998"}, "ref-title": {"ref-titletext": "Density and viscosity of some partially carbonated aqueous alkanolamine solutions and their blends"}, "refd-itemidlist": {"itemid": [{"$": "bib0195", "@idtype": "FRAGMENTID"}, {"$": "0032074942", "@idtype": "SGR"}]}, "ref-volisspag": {"voliss": {"@volume": "43"}, "pagerange": {"@first": "378", "@last": "382"}}, "ref-authors": {"author": [{"@seq": "1", "ce:initials": "R.H.", "@_fa": "true", "ce:surname": "Weiland", "ce:indexed-name": "Weiland R.H."}, {"@seq": "2", "ce:initials": "J.C.", "@_fa": "true", "ce:surname": "Dingman", "ce:indexed-name": "Dingman J.C."}, {"@seq": "3", "ce:initials": "D.B.", "@_fa": "true", "ce:surname": "Cronin", "ce:indexed-name": "Cronin D.B."}, {"@seq": "4", "ce:initials": "G.J.", "@_fa": "true", "ce:surname": "Browning", "ce:indexed-name": "Browning G.J."}]}, "ref-sourcetitle": "J. Chem. Eng. Data"}}, {"ref-fulltext": "Welty, J.R., Wicks, C.E., Wilson, R.E., Rorrer, G.L., Fundamental of Momentum, Heat, and Mass Transfer. 2001, Wiley, New York.", "@id": "40", "ref-info": {"ref-publicationyear": {"@first": "2001"}, "ref-title": {"ref-titletext": "Fundamental of Momentum, Heat, and Mass Transfer"}, "refd-itemidlist": {"itemid": [{"$": "bib0200", "@idtype": "FRAGMENTID"}, {"$": "0003657961", "@idtype": "SGR"}]}, "ref-text": "Wiley New York", "ref-authors": {"author": [{"@seq": "1", "ce:initials": "J.R.", "@_fa": "true", "ce:surname": "Welty", "ce:indexed-name": "Welty J.R."}, {"@seq": "2", "ce:initials": "C.E.", "@_fa": "true", "ce:surname": "Wicks", "ce:indexed-name": "Wicks C.E."}, {"@seq": "3", "ce:initials": "R.E.", "@_fa": "true", "ce:surname": "Wilson", "ce:indexed-name": "Wilson R.E."}, {"@seq": "4", "ce:initials": "G.L.", "@_fa": "true", "ce:surname": "Rorrer", "ce:indexed-name": "Rorrer G.L."}]}}}, {"ref-fulltext": "Yang, M.C., Cussler, E.L., Designing hollow-fiber contactors. AlChE J. 32 (1986), 1910\u20131916.", "@id": "41", "ref-info": {"ref-publicationyear": {"@first": "1986"}, "ref-title": {"ref-titletext": "Designing hollow-fiber contactors"}, "refd-itemidlist": {"itemid": [{"$": "bib0205", "@idtype": "FRAGMENTID"}, {"$": "0022811283", "@idtype": "SGR"}]}, "ref-volisspag": {"voliss": {"@volume": "32"}, "pagerange": {"@first": "1910", "@last": "1916"}}, "ref-authors": {"author": [{"@seq": "1", "ce:initials": "M.C.", "@_fa": "true", "ce:surname": "Yang", "ce:indexed-name": "Yang M.C."}, {"@seq": "2", "ce:initials": "E.L.", "@_fa": "true", "ce:surname": "Cussler", "ce:indexed-name": "Cussler E.L."}]}, "ref-sourcetitle": "AlChE J."}}, {"ref-fulltext": "Zhao, Y.-H., Qian, Y.-L., Zhu, B.-K., Xu, Y.-Y., Modification of porous poly(vinylidene fluoride) membrane using amphiphilic polymers with different structures in phase inversion process. J. Membr. Sci. 310 (2008), 567\u2013576.", "@id": "42", "ref-info": {"ref-publicationyear": {"@first": "2008"}, "ref-title": {"ref-titletext": "Modification of porous poly(vinylidene fluoride) membrane using amphiphilic polymers with different structures in phase inversion process"}, "refd-itemidlist": {"itemid": [{"$": "bib0210", "@idtype": "FRAGMENTID"}, {"$": "38649113571", "@idtype": "SGR"}]}, "ref-volisspag": {"voliss": {"@volume": "310"}, "pagerange": {"@first": "567", "@last": "576"}}, "ref-authors": {"author": [{"@seq": "1", "ce:initials": "Y.-H.", "@_fa": "true", "ce:surname": "Zhao", "ce:indexed-name": "Zhao Y.-H."}, {"@seq": "2", "ce:initials": "Y.-L.", "@_fa": "true", "ce:surname": "Qian", "ce:indexed-name": "Qian Y.-L."}, {"@seq": "3", "ce:initials": "B.-K.", "@_fa": "true", "ce:surname": "Zhu", "ce:indexed-name": "Zhu B.-K."}, {"@seq": "4", "ce:initials": "Y.-Y.", "@_fa": "true", "ce:surname": "Xu", "ce:indexed-name": "Xu Y.-Y."}]}, "ref-sourcetitle": "J. Membr. Sci."}}, {"ref-fulltext": "Zydney, A.L., Aimar, P., Meireles, M., Pimbley, J.M., Belfort, G., Use of the log-normal probability density function to analyze membrane pore size distributions: functional forms and discrepancies. J. Membr. Sci. 91 (1994), 293\u2013298.", "@id": "43", "ref-info": {"ref-publicationyear": {"@first": "1994"}, "ref-title": {"ref-titletext": "Use of the log-normal probability density function to analyze membrane pore size distributions: functional forms and discrepancies"}, "refd-itemidlist": {"itemid": [{"$": "bib0215", "@idtype": "FRAGMENTID"}, {"$": "0028450553", "@idtype": "SGR"}]}, "ref-volisspag": {"voliss": {"@volume": "91"}, "pagerange": {"@first": "293", "@last": "298"}}, "ref-authors": {"author": [{"@seq": "1", "ce:initials": "A.L.", "@_fa": "true", "ce:surname": "Zydney", "ce:indexed-name": "Zydney A.L."}, {"@seq": "2", "ce:initials": "P.", "@_fa": "true", "ce:surname": "Aimar", "ce:indexed-name": "Aimar P."}, {"@seq": "3", "ce:initials": "M.", "@_fa": "true", "ce:surname": "Meireles", "ce:indexed-name": "Meireles M."}, {"@seq": "4", "ce:initials": "J.M.", "@_fa": "true", "ce:surname": "Pimbley", "ce:indexed-name": "Pimbley J.M."}, {"@seq": "5", "ce:initials": "G.", "@_fa": "true", "ce:surname": "Belfort", "ce:indexed-name": "Belfort G."}]}, "ref-sourcetitle": "J. Membr. Sci."}}]}}}}, "affiliation": [{"affiliation-city": "Bangkok", "@id": "60008786", "affilname": "King Mongkut's University of Technology Thonburi", "@href": "https://api.elsevier.com/content/affiliation/affiliation_id/60008786", "affiliation-country": "Thailand"}, {"affiliation-city": "Bangkok", "@id": "60028190", "affilname": "Chulalongkorn University", "@href": "https://api.elsevier.com/content/affiliation/affiliation_id/60028190", "affiliation-country": "Thailand"}], "coredata": {"srctype": "j", "eid": "2-s2.0-85031294654", "dc:description": "In the present work, an average membrane wetting ratio at high operating pressure of hollow fiber polyvinylidenefluoride (PVDF) and polytetrafluoroethylene (PTFE) membrane contactors was estimated analytically based on log-normal distribution function. The membrane characteristics, liquid velocity, operating pressure were also considered for the calculation. The simulations were validated with experimental data to confirm the accuracy of the calculated average membrane wetting at high pressure. At the operating pressure of 1 bar, dry modes are observed for both PVDF and PTFE. While the results of PTFE correspond with the dry mode, the partially wetted mode well predicts the results of PVDF at high operating pressure. The increases of liquid velocity and operating pressure show the higher membrane wetting due to the influences of increasing pressure drop in membrane module and lower surface tension of CO2-dissolved water at high operating pressure. Moreover, PTFE provides lower average membrane wetting compared with PVDF since the average membrane wetting ratio from the calculation occurs at higher trans-membrane pressure at the outlet liquid (>1 bar) which can be possible to maintain the dry mode including during the start-up of the process for the highest absorption performance using PTFE.", "prism:coverDate": "2017-10-01", "prism:aggregationType": "Journal", "prism:url": "https://api.elsevier.com/content/abstract/scopus_id/85031294654", "dc:creator": {"author": [{"ce:given-name": "Puttipong", "preferred-name": {"ce:given-name": "Puttipong", "ce:initials": "P.", "ce:surname": "Tantikhajorngosol", "ce:indexed-name": "Tantikhajorngosol P."}, "@seq": "1", "ce:initials": "P.", "@_fa": "true", "affiliation": {"@id": "60008786", "@href": "https://api.elsevier.com/content/affiliation/affiliation_id/60008786"}, "ce:surname": "Tantikhajorngosol", "@auid": "57196042146", "author-url": "https://api.elsevier.com/content/author/author_id/57196042146", "ce:indexed-name": "Tantikhajorngosol P."}]}, "link": [{"@_fa": "true", "@rel": "self", "@href": "https://api.elsevier.com/content/abstract/scopus_id/85031294654"}, {"@_fa": "true", "@rel": "scopus", "@href": "https://www.scopus.com/inward/record.uri?partnerID=HzOxMe3b&scp=85031294654&origin=inward"}, {"@_fa": "true", "@rel": "scopus-citedby", "@href": "https://www.scopus.com/inward/citedby.uri?partnerID=HzOxMe3b&scp=85031294654&origin=inward"}], "source-id": "16411", "pii": "S0263876217304549", "citedby-count": "12", "prism:volume": "126", "subtype": "ar", "dc:title": "Analytical study of membrane wetting at high operating pressure for physical absorption of CO2 using hollow fiber membrane contactors", "openaccess": "0", "prism:issn": "02638762", "publishercopyright": "\u00a9 2017 Institution of Chemical Engineers", "subtypeDescription": "Article", "prism:publicationName": "Chemical Engineering Research and Design", "prism:pageRange": "265-277", "prism:endingPage": "277", "openaccessFlag": "false", "prism:doi": "10.1016/j.cherd.2017.09.001", "prism:startingPage": "265", "dc:identifier": "SCOPUS_ID:85031294654", "dc:publisher": "Institution of Chemical Engineers"}, "idxterms": {"mainterm": [{"$": "High operating pressure", "@weight": "b", "@candidate": "n"}, {"$": "Hollow fiber membrane contactors", "@weight": "b", "@candidate": "n"}, {"$": "Log-normal distribution", "@weight": "b", "@candidate": "n"}, {"$": "Membrane characteristics", "@weight": "b", "@candidate": "n"}, {"$": "Polytetrafluoroethylene (PTFE)", "@weight": "b", "@candidate": "n"}, {"$": "Polyvinylidene fluorides", "@weight": "b", "@candidate": "n"}, {"$": "PVDF", "@weight": "b", "@candidate": "n"}, {"$": "Transmembrane pressures", "@weight": "b", "@candidate": "n"}]}, "language": {"@xml:lang": "eng"}, "authkeywords": {"author-keyword": [{"@_fa": "true", "$": "Carbon dioxide"}, {"@_fa": "true", "$": "Log-normal distribution"}, {"@_fa": "true", "$": "PTFE"}, {"@_fa": "true", "$": "PVDF"}, {"@_fa": "true", "$": "Wetting ratio"}]}, "subject-areas": {"subject-area": [{"@_fa": "true", "$": "Chemistry (all)", "@code": "1600", "@abbrev": "CHEM"}, {"@_fa": "true", "$": "Chemical Engineering (all)", "@code": "1500", "@abbrev": "CENG"}]}, "authors": {"author": [{"ce:given-name": "Puttipong", "preferred-name": {"ce:given-name": "Puttipong", "ce:initials": "P.", "ce:surname": "Tantikhajorngosol", "ce:indexed-name": "Tantikhajorngosol P."}, "@seq": "1", "ce:initials": "P.", "@_fa": "true", "affiliation": {"@id": "60008786", "@href": "https://api.elsevier.com/content/affiliation/affiliation_id/60008786"}, "ce:surname": "Tantikhajorngosol", "@auid": "57196042146", "author-url": "https://api.elsevier.com/content/author/author_id/57196042146", "ce:indexed-name": "Tantikhajorngosol P."}, {"ce:given-name": "Navadol", "preferred-name": {"ce:given-name": "Navadol", "ce:initials": "N.", "ce:surname": "Laosiripojana", "ce:indexed-name": "Laosiripojana N."}, "@seq": "2", "ce:initials": "N.", "@_fa": "true", "affiliation": {"@id": "60008786", "@href": "https://api.elsevier.com/content/affiliation/affiliation_id/60008786"}, "ce:surname": "Laosiripojana", "@auid": "8675790300", "author-url": "https://api.elsevier.com/content/author/author_id/8675790300", "ce:indexed-name": "Laosiripojana N."}, {"ce:given-name": "Ratana", "preferred-name": {"ce:given-name": "Ratana", "ce:initials": "R.", "ce:surname": "Jiraratananon", "ce:indexed-name": "Jiraratananon R."}, "@seq": "3", "ce:initials": "R.", "@_fa": "true", "affiliation": {"@id": "60008786", "@href": "https://api.elsevier.com/content/affiliation/affiliation_id/60008786"}, "ce:surname": "Jiraratananon", "@auid": "6603671911", "author-url": "https://api.elsevier.com/content/author/author_id/6603671911", "ce:indexed-name": "Jiraratananon R."}, {"ce:given-name": "Suttichai", "preferred-name": {"ce:given-name": "Suttichai", "ce:initials": "S.", "ce:surname": "Assabumrungrat", "ce:indexed-name": "Assabumrungrat S."}, "@seq": "4", "ce:initials": "S.", "@_fa": "true", "affiliation": {"@id": "60028190", "@href": "https://api.elsevier.com/content/affiliation/affiliation_id/60028190"}, "ce:surname": "Assabumrungrat", "@auid": "7004487886", "author-url": "https://api.elsevier.com/content/author/author_id/7004487886", "ce:indexed-name": "Assabumrungrat S."}]}}}