{"abstracts-retrieval-response": {"item": {"ait:process-info": {"ait:status": {"@state": "update", "@type": "core", "@stage": "S300"}, "ait:date-delivered": {"@day": "15", "@timestamp": "2023-07-15T16:14:42.000042-04:00", "@year": "2023", "@month": "07"}, "ait:date-sort": {"@day": "01", "@year": "2017", "@month": "10"}}, "bibrecord": {"head": {"author-group": [{"affiliation": {"country": "Thailand", "@afid": "60028190", "@country": "tha", "city": "Bangkok", "organization": [{"$": "Program in Biotechnology"}, {"$": "Faculty of Science"}, {"$": "Chulalongkorn University"}], "affiliation-id": {"@afid": "60028190", "@dptid": "104425843"}, "@affiliation-instance-id": "OB2BibRecID-697980899-81602e7f829b3e9b6bfbcc9e51c907e1-1", "@dptid": "104425843"}, "author": [{"preferred-name": {"ce:given-name": "I.", "ce:initials": "I.", "ce:surname": "Choopara", "ce:indexed-name": "Choopara I."}, "@author-instance-id": "OB2BibRecID-697980899-8afb444f647bd9936e17ae40727cd424-1", "@seq": "1", "ce:initials": "I.", "@_fa": "true", "@type": "auth", "ce:surname": "Choopara", "@auid": "56784352300", "ce:indexed-name": "Choopara I."}]}, {"affiliation": {"country": "Thailand", "@afid": "60011947", "@country": "tha", "city": "Khlong Nueng, Khlong Luang, Pathum Thani", "organization": [{"$": "Bioengineering and Sensing Technology Laboratory"}, {"$": "National Center for Genetic Engineering and Biotechnology"}], "affiliation-id": {"@afid": "60011947", "@dptid": "114898344"}, "@affiliation-instance-id": "OB2BibRecID-697980899-e659712f12fbf3b6fb9382421c3429f1-1", "@dptid": "114898344"}, "author": [{"preferred-name": {"ce:given-name": "N.", "ce:initials": "N.", "ce:surname": "Arunrut", "ce:indexed-name": "Arunrut N."}, "@author-instance-id": "OB2BibRecID-697980899-16f57fd8b6b8e41356bb5688f41b29b1-1", "@seq": "2", "ce:initials": "N.", "@_fa": "true", "@type": "auth", "ce:surname": "Arunrut", "@auid": "24343121900", "ce:indexed-name": "Arunrut N."}, {"preferred-name": {"ce:given-name": "W.", "ce:initials": "W.", "ce:surname": "Kiatpathomchai", "ce:indexed-name": "Kiatpathomchai W."}, "@author-instance-id": "OB2BibRecID-697980899-40261be8c27f5b308a410a89676a861a-1", "@seq": "3", "ce:initials": "W.", "@date-locked": "2020-12-17T10:09:41.105", "@_fa": "true", "@type": "auth", "ce:surname": "Kiatpathomchai", "@auid": "6507163935", "ce:indexed-name": "Kiatpathomchai W."}]}, {"affiliation": {"country": "United States", "@afid": "60008261", "@country": "usa", "city": "Oakland", "organization": [{"$": "Center for Immunobiology and Vaccine Development"}, {"$": "UCSF Benioff Children's Hospital Oakland Research Institute"}], "affiliation-id": {"@afid": "60008261", "@dptid": "103462375"}, "state": "CA", "@affiliation-instance-id": "OB2BibRecID-697980899-241d0f940fc490401a1174d554c1b848-1", "@dptid": "103462375"}, "author": [{"preferred-name": {"ce:given-name": "D.", "ce:initials": "D.", "ce:surname": "Dean", "ce:indexed-name": "Dean D."}, "@author-instance-id": "OB2BibRecID-697980899-264ef472dca47400df47b63dd3c8830a-1", "@seq": "4", "ce:initials": "D.", "@date-locked": "2020-05-21T09:31:51.960", "@_fa": "true", "@type": "auth", "ce:surname": "Dean", "@auid": "7402370231", "ce:indexed-name": "Dean D."}]}, {"affiliation": {"country": "United States", "@afid": "60031970", "@country": "usa", "city": "San Francisco", "organization": [{"$": "Department of Medicine"}, {"$": "University of California"}], "affiliation-id": [{"@afid": "60031970"}, {"@afid": "60023691"}], "state": "CA", "@affiliation-instance-id": "OB2BibRecID-697980899-2d2963acebbd824b91af19e18a9f8045-1"}, "author": [{"preferred-name": {"ce:given-name": "D.", "ce:initials": "D.", "ce:surname": "Dean", "ce:indexed-name": "Dean D."}, "@author-instance-id": "OB2BibRecID-697980899-264ef472dca47400df47b63dd3c8830a-1", "@seq": "4", "ce:initials": "D.", "@date-locked": "2020-05-21T09:31:51.960", "@_fa": "true", "@type": "auth", "ce:surname": "Dean", "@auid": "7402370231", "ce:indexed-name": "Dean D."}]}, {"affiliation": {"country": "United States", "@afid": "60025038", "@country": "usa", "city": "Berkeley", "organization": [{"$": "Joint Graduate Program in Bioengineering"}, {"$": "University of California"}], "affiliation-id": {"@afid": "60025038", "@dptid": "127173812"}, "state": "CA", "@affiliation-instance-id": "OB2BibRecID-697980899-8dfdbd0bd7603e1b1a1e133eca4b412c-1", "@dptid": "127173812"}, "author": [{"preferred-name": {"ce:given-name": "D.", "ce:initials": "D.", "ce:surname": "Dean", "ce:indexed-name": "Dean D."}, "@author-instance-id": "OB2BibRecID-697980899-264ef472dca47400df47b63dd3c8830a-1", "@seq": "4", "ce:initials": "D.", "@date-locked": "2020-05-21T09:31:51.960", "@_fa": "true", "@type": "auth", "ce:surname": "Dean", "@auid": "7402370231", "ce:indexed-name": "Dean D."}]}, {"affiliation": {"country": "Thailand", "@afid": "60028190", "@country": "tha", "city": "Bangkok", "organization": [{"$": "Department of Microbiology"}, {"$": "Faculty of Science"}, {"$": "Chulalongkorn University"}], "affiliation-id": {"@afid": "60028190", "@dptid": "110210256"}, "@affiliation-instance-id": "OB2BibRecID-697980899-34fc4ccdb23b7fac8aa76e1ea05975bf-1", "@dptid": "110210256"}, "author": [{"preferred-name": {"ce:given-name": "N.", "ce:initials": "N.", "ce:surname": "Somboonna", "ce:indexed-name": "Somboonna N."}, "@author-instance-id": "OB2BibRecID-697980899-dd02369e956bb8a7cdfc4b9852e3e313-1", "@seq": "5", "ce:initials": "N.", "@_fa": "true", "@type": "auth", "ce:surname": "Somboonna", "@auid": "23987894400", "ce:indexed-name": "Somboonna N."}]}], "citation-title": "Corrigendum to: Rapid and visual Chlamydia trachomatis detection using loop-mediated isothermal amplification and hydroxynaphthol blue (Lett Appl Microbiol, (2016), 64, (51-56), 10.1111/lam.12675)", "abstracts": "\u00a9 2017 The Society for Applied MicrobiologyFirst published online on 4 December 2016 on Wiley Online Library: https://doi.org/onlinelibrary.wiley.com/doi/10.1111/lam.12675/abstract In the paper by Choopara et al. (2016), there is an error on the affiliation of the corresponding author: Affiliation 7, Omics Sciences and Bioinformatics Center, Faculty of Science, Chulalongkorn University, Bangkok, Thailand, should be deleted. Please note that the online version of the paper has been updated to reflect this change. The authors apologize for any confusion this may have caused.", "related-item": {"itemid": {"$": "613711900", "@idtype": "relatedPUI"}, "citation-title": "Rapid and visual Chlamydia trachomatis detection using loop-mediated isothermal amplification and hydroxynaphthol blue", "@type": "original", "citation-info": {"author-keywords": {"author-keyword": [{"$": "hydroxynaphthol blue", "@xml:lang": "eng"}, {"$": "colorimetric detection", "@xml:lang": "eng"}, {"$": "loop-mediated isothermal amplification", "@xml:lang": "eng"}, {"$": "Chlamydia trachomatis", "@xml:lang": "eng"}, {"$": "sexually transmitted disease", "@xml:lang": "eng"}]}, "citation-type": {"@code": "ar"}, "citation-language": {"@language": "English", "@xml:lang": "eng"}, "abstract-language": {"@language": "English", "@xml:lang": "eng"}}, "source": {"codencode": "LAMIE", "sourcetitle-abbrev": "Lett. Appl. Microbiol.", "website": {"ce:e-address": {"$": "https://academic.oup.com/lambio", "@type": "email"}}, "@country": "gbr", "translated-sourcetitle": {"$": "Letters in Applied Microbiology", "@xml:lang": "eng"}, "issn": [{"$": "02668254", "@type": "print"}, {"$": "1472765X", "@type": "electronic"}], "volisspag": {"voliss": {"@volume": "64", "@issue": "1"}, "pagerange": {"@first": "51", "@last": "56"}}, "@type": "j", "publicationyear": {"@first": "2017"}, "sourcetitle": "Letters in Applied Microbiology", "publicationdate": {"month": "01", "year": "2017", "day": "01"}}, "ce:doi": "10.1111/lam.12675"}, "citation-info": {"citation-type": {"@code": "er"}, "citation-language": {"@language": "English", "@xml:lang": "eng"}, "abstract-language": {"@language": "English", "@xml:lang": "eng"}}, "source": {"codencode": "LAMIE", "sourcetitle-abbrev": "Lett. Appl. Microbiol.", "website": {"ce:e-address": {"$": "https://academic.oup.com/lambio", "@type": "email"}}, "@country": "gbr", "translated-sourcetitle": {"$": "Letters in Applied Microbiology", "@xml:lang": "eng"}, "issn": [{"$": "1472765X", "@type": "electronic"}, {"$": "02668254", "@type": "print"}], "volisspag": {"voliss": {"@volume": "65", "@issue": "4"}, "pagerange": {"@first": "343"}}, "@type": "j", "publicationyear": {"@first": "2017"}, "sourcetitle": "Letters in Applied Microbiology", "@srcid": "20254", "publicationdate": {"month": "10", "year": "2017", "date-text": "October 2017", "day": "01"}}, "enhancement": {"classificationgroup": {"classifications": [{"@type": "CABSCLASS", "classification": {"classification-code": "85.12", "classification-description": "APPLIED MICROBIOLOGY AND BIOTECHNOLOGY; METHODS AND TECHNIQUES"}}, {"@type": "FLXCLASS", "classification": {"classification-code": "902", "classification-description": "FLUIDEX; Related Topics"}}, {"@type": "ASJC", "classification": "2402"}, {"@type": "SUBJABBR", "classification": "IMMU"}]}}}, "item-info": {"copyright": {"$": "Copyright 2023 Elsevier B.V., All rights reserved.", "@type": "Elsevier"}, "external-source": "PubMed-not-MEDLINE", "dbcollection": [{"$": "CABS"}, {"$": "CPX"}, {"$": "EMBASE"}, {"$": "EMBIO"}, {"$": "FLX"}, {"$": "GEO"}, {"$": "MEDL"}, {"$": "REAXYSCAR"}, {"$": "SCOPUS"}, {"$": "Scopusbase"}], "history": {"date-created": {"@day": "07", "@timestamp": "BST 07:18:59", "@year": "2023", "@month": "07"}}, "itemidlist": {"itemid": [{"$": "618307255", "@idtype": "PUI"}, {"$": "2017290978", "@idtype": "CABS"}, {"$": "697980899", "@idtype": "CAR-ID"}, {"$": "20231113713302", "@idtype": "CPX"}, {"$": "20170655007", "@idtype": "EMBASE"}, {"$": "2017206549", "@idtype": "EMBIO"}, {"$": "1304303", "@idtype": "FLX"}, {"$": "5233004", "@idtype": "GEO"}, {"$": "28913832", "@idtype": "MEDL"}, {"$": "20171643730", "@idtype": "REAXYSCAR"}, {"$": "20170460260", "@idtype": "SCOPUS"}, {"$": "85029458404", "@idtype": "SCP"}, {"$": "85029458404", "@idtype": "SGR"}, {"$": "625253993", "@idtype": "PUIsecondary"}], "ce:doi": "10.1111/lam.12786"}}, "tail": {"bibliography": {"@refcount": "1", "reference": {"ref-fulltext": "Choopara, I., Arunrut, N., Kiatpathomchai, W., Dean, D. and Somboonna, N. (2016) Rapid and visual Chlamydia trachomatis detection using loop-mediated isothermal amplification and hydroxynaphthol blue. Lett Appl Microbiol 64, 51\u201356.", "@reference-instance-id": "OB2BibRecID-697980899-33bc9e1de078d247852feade43d973b5-1", "@id": "1", "ref-info": {"ref-publicationyear": {"@first": "2016"}, "ref-title": {"ref-titletext": "Rapid and visual Chlamydia trachomatis detection using loop-mediated isothermal amplification and hydroxynaphthol blue"}, "refd-itemidlist": {"itemid": [{"$": "lam12786-cit-0001", "@idtype": "FRAGMENTID"}, {"$": "85005976194", "@idtype": "SGR"}]}, "ref-volisspag": {"voliss": {"@volume": "64"}, "pagerange": {"@first": "51", "@last": "56"}}, "ref-authors": {"author": [{"@seq": "1", "ce:initials": "I.", "@_fa": "true", "ce:surname": "Choopara", "ce:indexed-name": "Choopara I."}, {"@seq": "2", "ce:initials": "N.", "@_fa": "true", "ce:surname": "Arunrut", "ce:indexed-name": "Arunrut N."}, {"@seq": "3", "ce:initials": "W.", "@_fa": "true", "ce:surname": "Kiatpathomchai", "ce:indexed-name": "Kiatpathomchai W."}, {"@seq": "4", "ce:initials": "D.", "@_fa": "true", "ce:surname": "Dean", "ce:indexed-name": "Dean D."}, {"@seq": "5", "ce:initials": "N.", "@_fa": "true", "ce:surname": "Somboonna", "ce:indexed-name": "Somboonna N."}]}, "ref-sourcetitle": "Lett Appl Microbiol"}}}}}}, "affiliation": [{"affiliation-city": "Bangkok", "@id": "60028190", "affilname": "Chulalongkorn University", "@href": "https://api.elsevier.com/content/affiliation/affiliation_id/60028190", "affiliation-country": "Thailand"}, {"affiliation-city": "San Francisco", "@id": "60031970", "affilname": "UCSF School of Medicine", "@href": "https://api.elsevier.com/content/affiliation/affiliation_id/60031970", "affiliation-country": "United States"}, {"affiliation-city": "Berkeley", "@id": "60025038", "affilname": "University of California, Berkeley", "@href": "https://api.elsevier.com/content/affiliation/affiliation_id/60025038", "affiliation-country": "United States"}, {"affiliation-city": "Pathum Thani", "@id": "60011947", "affilname": "Thailand National Center for Genetic Engineering and Biotechnology", "@href": "https://api.elsevier.com/content/affiliation/affiliation_id/60011947", "affiliation-country": "Thailand"}, {"affiliation-city": "Oakland", "@id": "60008261", "affilname": "UCSF Benioff Children's Hospital Oakland", "@href": "https://api.elsevier.com/content/affiliation/affiliation_id/60008261", "affiliation-country": "United States"}], "coredata": {"srctype": "j", "prism:issueIdentifier": "4", "eid": "2-s2.0-85029458404", "dc:description": "First published online on 4 December 2016 on Wiley Online Library: https://doi.org/onlinelibrary.wiley.com/doi/10.1111/lam.12675/abstract In the paper by Choopara et al. (2016), there is an error on the affiliation of the corresponding author: Affiliation 7, Omics Sciences and Bioinformatics Center, Faculty of Science, Chulalongkorn University, Bangkok, Thailand, should be deleted. Please note that the online version of the paper has been updated to reflect this change. The authors apologize for any confusion this may have caused.", "pubmed-id": "28913832", "prism:coverDate": "2017-10-01", "prism:aggregationType": "Journal", "prism:url": "https://api.elsevier.com/content/abstract/scopus_id/85029458404", "subtypeDescription": "Erratum", "dc:creator": {"author": [{"preferred-name": {"ce:given-name": "I.", "ce:initials": "I.", "ce:surname": "Choopara", "ce:indexed-name": "Choopara I."}, "@seq": "1", "ce:initials": "I.", "@_fa": "true", "affiliation": {"@id": "60028190", "@href": "https://api.elsevier.com/content/affiliation/affiliation_id/60028190"}, "ce:surname": "Choopara", "@auid": "56784352300", "author-url": "https://api.elsevier.com/content/author/author_id/56784352300", "ce:indexed-name": "Choopara I."}]}, "link": [{"@_fa": "true", "@rel": "self", "@href": "https://api.elsevier.com/content/abstract/scopus_id/85029458404"}, {"@_fa": "true", "@rel": "scopus", "@href": "https://www.scopus.com/inward/record.uri?partnerID=HzOxMe3b&scp=85029458404&origin=inward"}, {"@_fa": "true", "@rel": "scopus-citedby", "@href": "https://www.scopus.com/inward/citedby.uri?partnerID=HzOxMe3b&scp=85029458404&origin=inward"}], "prism:publicationName": "Letters in Applied Microbiology", "source-id": "20254", "citedby-count": "0", "prism:volume": "65", "subtype": "er", "dc:title": "Corrigendum to: Rapid and visual Chlamydia trachomatis detection using loop-mediated isothermal amplification and hydroxynaphthol blue (Lett Appl Microbiol, (2016), 64, (51-56), 10.1111/lam.12675)", "openaccess": "1", "openaccessFlag": "true", "prism:doi": "10.1111/lam.12786", "prism:issn": "1472765X 02668254", "prism:startingPage": "343", "publishercopyright": "\u00a9 2017 The Society for Applied Microbiology", "dc:identifier": "SCOPUS_ID:85029458404"}, "idxterms": {"mainterm": [{"$": "'omics'", "@weight": "b", "@candidate": "n"}, {"$": "Bangkok", "@weight": "b", "@candidate": "n"}, {"$": "Chlamydia trachomatis", "@weight": "b", "@candidate": "n"}, {"$": "Chulalongkorn University", "@weight": "b", "@candidate": "n"}, {"$": "Colorimetric detection", "@weight": "b", "@candidate": "n"}, {"$": "Faculty of science", "@weight": "b", "@candidate": "n"}, {"$": "Hydroxynaphthol blue", "@weight": "b", "@candidate": "n"}, {"$": "Loop mediated isothermal amplifications", "@weight": "b", "@candidate": "n"}, {"$": "Loop-mediated isothermal amplifications", "@weight": "b", "@candidate": "n"}, {"$": "Sexually transmitted disease", "@weight": "b", "@candidate": "n"}]}, "language": {"@xml:lang": "eng"}, "authkeywords": null, "subject-areas": {"subject-area": [{"@_fa": "true", "$": "Applied Microbiology and Biotechnology", "@code": "2402", "@abbrev": "IMMU"}]}, "authors": {"author": [{"preferred-name": {"ce:given-name": "I.", "ce:initials": "I.", "ce:surname": "Choopara", "ce:indexed-name": "Choopara I."}, "@seq": "1", "ce:initials": "I.", "@_fa": "true", "affiliation": {"@id": "60028190", "@href": "https://api.elsevier.com/content/affiliation/affiliation_id/60028190"}, "ce:surname": "Choopara", "@auid": "56784352300", "author-url": "https://api.elsevier.com/content/author/author_id/56784352300", "ce:indexed-name": "Choopara I."}, {"preferred-name": {"ce:given-name": "N.", "ce:initials": "N.", "ce:surname": "Arunrut", "ce:indexed-name": "Arunrut N."}, "@seq": "2", "ce:initials": "N.", "@_fa": "true", "affiliation": {"@id": "60011947", "@href": "https://api.elsevier.com/content/affiliation/affiliation_id/60011947"}, "ce:surname": "Arunrut", "@auid": "24343121900", "author-url": "https://api.elsevier.com/content/author/author_id/24343121900", "ce:indexed-name": "Arunrut N."}, {"preferred-name": {"ce:given-name": "W.", "ce:initials": "W.", "ce:surname": "Kiatpathomchai", "ce:indexed-name": "Kiatpathomchai W."}, "@seq": "3", "ce:initials": "W.", "@_fa": "true", "affiliation": {"@id": "60011947", "@href": "https://api.elsevier.com/content/affiliation/affiliation_id/60011947"}, "ce:surname": "Kiatpathomchai", "@auid": "6507163935", "author-url": "https://api.elsevier.com/content/author/author_id/6507163935", "ce:indexed-name": "Kiatpathomchai W."}, {"preferred-name": {"ce:given-name": "D.", "ce:initials": "D.", "ce:surname": "Dean", "ce:indexed-name": "Dean D."}, "@seq": "4", "ce:initials": "D.", "@_fa": "true", "affiliation": [{"@id": "60008261", "@href": "https://api.elsevier.com/content/affiliation/affiliation_id/60008261"}, {"@id": "60031970", "@href": "https://api.elsevier.com/content/affiliation/affiliation_id/60031970"}, {"@id": "60025038", "@href": "https://api.elsevier.com/content/affiliation/affiliation_id/60025038"}], "ce:surname": "Dean", "@auid": "7402370231", "author-url": "https://api.elsevier.com/content/author/author_id/7402370231", "ce:indexed-name": "Dean D."}, {"preferred-name": {"ce:given-name": "N.", "ce:initials": "N.", "ce:surname": "Somboonna", "ce:indexed-name": "Somboonna N."}, "@seq": "5", "ce:initials": "N.", "@_fa": "true", "affiliation": {"@id": "60028190", "@href": "https://api.elsevier.com/content/affiliation/affiliation_id/60028190"}, "ce:surname": "Somboonna", "@auid": "23987894400", "author-url": "https://api.elsevier.com/content/author/author_id/23987894400", "ce:indexed-name": "Somboonna N."}]}}}