{"abstracts-retrieval-response": {"item": {"ait:process-info": {"ait:status": {"@state": "update", "@type": "core", "@stage": "S300"}, "ait:date-delivered": {"@day": "11", "@year": "2020", "@timestamp": "2020-01-11T04:28:01.000001-05:00", "@month": "01"}, "ait:date-sort": {"@day": "01", "@year": "2017", "@month": "10"}}, "xocs:meta": {"xocs:funding-list": {"@pui-match": "primary", "@has-funding-info": "1", "xocs:funding": [{"xocs:funding-agency-matched-string": "Chulalongkorn Academic Advancement"}, {"xocs:funding-agency-matched-string": "Vinythai Public Company Limited", "xocs:funding-agency": "PTT Public Company Limited", "xocs:funding-agency-id": "http://data.elsevier.com/vocabulary/SciValFunders/100012915", "xocs:funding-agency-country": "http://sws.geonames.org/1605651/"}, {"xocs:funding-agency-matched-string": "Chulalongkorn University", "xocs:funding-agency-acronym": "CU", "xocs:funding-agency": "Chulalongkorn University", "xocs:funding-agency-id": "http://data.elsevier.com/vocabulary/SciValFunders/501100002873", "xocs:funding-agency-country": "http://sws.geonames.org/1605651/"}], "xocs:funding-addon-generated-timestamp": "2021-02-03T09:43:42.227126Z", "xocs:funding-text": "This work has been supported by Vinythai Public Company Limited (Thailand) and by the Chulalongkorn Academic Advancement into Its 2nd Century Project, Chulalongkorn University. Asst. Prof. Wanwilai Kraipech Evans of Srinakharinwirot University, Thailand, is also acknowledged for her comments on this manuscript.", "xocs:funding-addon-type": "http://vtw.elsevier.com/data/voc/AddOnTypes/50.7/aggregated-refined"}}, "bibrecord": {"head": {"author-group": [{"affiliation": {"country": "Thailand", "postal-code": "10330", "@afid": "60028190", "@country": "tha", "city": "Bangkok", "organization": [{"$": "Polymer Engineering Laboratory"}, {"$": "Department of Chemical Engineering"}, {"$": "Faculty of Engineering"}, {"$": "Chulalongkorn University"}], "affiliation-id": {"@afid": "60028190", "@dptid": "112958590"}, "@dptid": "112958590"}, "author": [{"ce:given-name": "Aran", "preferred-name": {"ce:given-name": "Aran", "ce:initials": "A.", "ce:surname": "Asawakosinchai", "ce:indexed-name": "Asawakosinchai A."}, "@seq": "1", "ce:initials": "A.", "@_fa": "true", "@type": "auth", "ce:surname": "Asawakosinchai", "@auid": "57028295600", "ce:indexed-name": "Asawakosinchai A."}, {"ce:given-name": "Phattarin", "preferred-name": {"ce:given-name": "Phattarin", "ce:initials": "P.", "ce:surname": "Mora", "ce:indexed-name": "Mora P."}, "@seq": "3", "ce:initials": "P.", "@_fa": "true", "@type": "auth", "ce:surname": "Mora", "@auid": "57194187509", "ce:indexed-name": "Mora P."}, {"ce:given-name": "Sarawut", "preferred-name": {"ce:given-name": "Sarawut", "ce:initials": "S.", "ce:surname": "Rimdusit", "ce:indexed-name": "Rimdusit S."}, "@seq": "4", "ce:initials": "S.", "@_fa": "true", "@type": "auth", "ce:surname": "Rimdusit", "@auid": "8581396300", "ce:indexed-name": "Rimdusit S."}]}, {"affiliation": {"country": "Thailand", "postal-code": "26120", "@afid": "60000316", "@country": "tha", "city": "Ongkharak", "organization": [{"$": "Department of Chemical Engineering"}, {"$": "Faculty of Engineering"}, {"$": "Srinakharinwirot University"}], "affiliation-id": {"@afid": "60000316", "@dptid": "103055029"}, "state": "Nakhonnayok", "@dptid": "103055029"}, "author": [{"ce:given-name": "Chanchira", "preferred-name": {"ce:given-name": "Chanchira", "ce:initials": "C.", "ce:surname": "Jubsilp", "ce:indexed-name": "Jubsilp C."}, "@seq": "2", "ce:initials": "C.", "@_fa": "true", "@type": "auth", "ce:surname": "Jubsilp", "@auid": "12790317900", "ce:indexed-name": "Jubsilp C."}]}], "citation-title": "Organic Heat Stabilizers for Polyvinyl Chloride (PVC): A Synergistic Behavior of Eugenol and Uracil Derivative", "abstracts": "\u00a9 2017, ASM International.Recycling ability, mechanical, and thermal properties of PVC stabilized with organic heat stabilizers, i.e., uracil (DAU) and eugenol were investigated to substitute PVCs stabilized with commercial lead, Ca/Zn, and organic-based stabilizer for PVC pipe production. PVC stabilized with the DAU and the eugenol can be processable at 30 \u00b0C lower than that of the PVC stabilized with commercial heat stabilizers. The most remarkable short-term thermal stability belonged to the PVC stabilized with the DAU, and its original color can be maintained at least up to 3 processing cycles. Synergistic behavior in thermal stability of the PVC mixed with DAU and eugenol at mass ratios of 1.5:1.5 was observed. Mechanical properties of DAU- and eugenol-stabilized PVC were higher than the samples with other heat stabilizers. Glass transition temperature of the PVC stabilized with all heat stabilizers was determined to be 99 \u00b0C with the exception of the value of 89 \u00b0C for eugenol-stabilized PVC. Therefore, the DAU and the eugenol showed high potential to be used as an organic heat stabilizer for PVC because of their non-toxic and good heat resistance properties.", "correspondence": {"affiliation": {"country": "Thailand", "postal-code": "10330", "@country": "tha", "city": "Bangkok", "organization": [{"$": "Polymer Engineering Laboratory"}, {"$": "Department of Chemical Engineering"}, {"$": "Faculty of Engineering"}, {"$": "Chulalongkorn University"}]}, "person": {"ce:given-name": "Sarawut", "ce:initials": "S.", "ce:surname": "Rimdusit", "ce:indexed-name": "Rimdusit S."}}, "citation-info": {"author-keywords": {"author-keyword": [{"$": "mechanical", "@xml:lang": "eng"}, {"$": "polymers and plastics", "@xml:lang": "eng"}, {"$": "recycle", "@xml:lang": "eng"}, {"$": "static", "@xml:lang": "eng"}, {"$": "thermal analysis", "@xml:lang": "eng"}]}, "citation-type": {"@code": "ar"}, "citation-language": {"@language": "English", "@xml:lang": "eng"}, "abstract-language": {"@language": "English", "@xml:lang": "eng"}}, "source": {"website": {"ce:e-address": {"$": "http://www.springerlink.com/content/1059-9495/", "@type": "email"}}, "translated-sourcetitle": {"$": "Journal of Materials Engineering and Performance", "@xml:lang": "eng"}, "volisspag": {"voliss": {"@volume": "26", "@issue": "10"}, "pagerange": {"@first": "4781", "@last": "4788"}}, "@type": "j", "sourcetitle": "Journal of Materials Engineering and Performance", "publicationdate": {"month": "10", "year": "2017", "date-text": {"@xfab-added": "true", "$": "1 October 2017"}, "day": "01"}, "codencode": "JMEPE", "sourcetitle-abbrev": "J Mater Eng Perform", "@country": "usa", "issn": [{"$": "15441024", "@type": "electronic"}, {"$": "10599495", "@type": "print"}], "publicationyear": {"@first": "2017"}, "publisher": {"publishername": "Springer New York LLC", "ce:e-address": {"$": "barbara.b.bertram@gsk.com", "@type": "email"}}, "@srcid": "21160"}, "enhancement": {"classificationgroup": {"classifications": [{"@type": "ASJC", "classification": [{"$": "2500"}, {"$": "2211"}, {"$": "2210"}]}, {"@type": "SUBJABBR", "classification": [{"$": "MATE"}, {"$": "ENGI"}]}]}}}, "item-info": {"copyright": {"$": "Copyright 2017 Elsevier B.V., All rights reserved.", "@type": "Elsevier"}, "dbcollection": [{"$": "CPX"}, {"$": "REAXYSCAR"}, {"$": "SCOPUS"}, {"$": "Scopusbase"}], "history": {"date-created": {"@day": "27", "@year": "2017", "@timestamp": "BST 10:13:08", "@month": "10"}}, "itemidlist": {"itemid": [{"$": "618299983", "@idtype": "PUI"}, {"$": "697252699", "@idtype": "CAR-ID"}, {"$": "20173804173740", "@idtype": "CPX"}, {"$": "20171641428", "@idtype": "REAXYSCAR"}, {"$": "20170456927", "@idtype": "SCOPUS"}, {"$": "85029426150", "@idtype": "SCP"}, {"$": "85029426150", "@idtype": "SGR"}], "ce:doi": "10.1007/s11665-017-2923-0"}}, "tail": {"bibliography": {"@refcount": "18", "reference": [{"ref-fulltext": "R.F. Grossman, Handbook of Vinyl Formulating, Wiley, Hoboken, 2008", "@id": "1", "ref-info": {"ref-publicationyear": {"@first": "2008"}, "refd-itemidlist": {"itemid": [{"$": "10.1002/9780470253595", "@idtype": "DOI"}, {"$": "CR1", "@idtype": "FRAGMENTID"}, {"$": "84890206090", "@idtype": "SGR"}]}, "ref-text": "Wiley, Hoboken", "ref-authors": {"author": [{"@seq": "1", "ce:initials": "R.F.", "@_fa": "true", "ce:surname": "Grossman", "ce:indexed-name": "Grossman R.F."}]}, "ref-sourcetitle": "Handbook of Vinyl Formulating"}}, {"ref-fulltext": "G. Wypych, PVC Formulary, ChemTec Publishing, Toronto, 2009", "@id": "2", "ref-info": {"ref-publicationyear": {"@first": "2009"}, "refd-itemidlist": {"itemid": [{"$": "CR2", "@idtype": "FRAGMENTID"}, {"$": "84946112757", "@idtype": "SGR"}]}, "ref-text": "ChemTec Publishing, Toronto", "ref-authors": {"author": [{"@seq": "1", "ce:initials": "G.", "@_fa": "true", "ce:surname": "Wypych", "ce:indexed-name": "Wypych G."}]}, "ref-sourcetitle": "PVC Formulary"}}, {"ref-fulltext": "C.E. Wilkes, J.W. Summers, and C.A. Daniels, PVC Handbook, Carl Hanser Verlag, Munich, 2005", "@id": "3", "ref-info": {"ref-publicationyear": {"@first": "2005"}, "refd-itemidlist": {"itemid": [{"$": "CR3", "@idtype": "FRAGMENTID"}, {"$": "70449489211", "@idtype": "SGR"}]}, "ref-text": "Carl Hanser Verlag, Munich", "ref-authors": {"author": [{"@seq": "1", "ce:initials": "C.E.", "@_fa": "true", "ce:surname": "Wilkes", "ce:indexed-name": "Wilkes C.E."}, {"@seq": "2", "ce:initials": "J.W.", "@_fa": "true", "ce:surname": "Summers", "ce:indexed-name": "Summers J.W."}, {"@seq": "3", "ce:initials": "C.A.", "@_fa": "true", "ce:surname": "Daniels", "ce:indexed-name": "Daniels C.A."}]}, "ref-sourcetitle": "PVC Handbook"}}, {"ref-fulltext": "H.M. Tawancy and M. Hassan, On the Degradation Mechanism of Low-Voltage Underground Cable with Poly(vinyl chloride) Insulation, J. Mater. Eng. Perform., 2016, 25, p 2288\u20132295", "@id": "4", "ref-info": {"ref-publicationyear": {"@first": "2016"}, "ref-title": {"ref-titletext": "On the Degradation Mechanism of Low-Voltage Underground Cable with Poly(vinyl chloride) Insulation"}, "refd-itemidlist": {"itemid": [{"$": "10.1007/s11665-016-2109-1", "@idtype": "DOI"}, {"$": "CR4", "@idtype": "FRAGMENTID"}, {"$": "84966715218", "@idtype": "SGR"}]}, "ref-volisspag": {"voliss": {"@volume": "25"}, "pagerange": {"@first": "2288", "@last": "2295"}}, "ref-authors": {"author": [{"@seq": "1", "ce:initials": "H.M.", "@_fa": "true", "ce:surname": "Tawancy", "ce:indexed-name": "Tawancy H.M."}, {"@seq": "2", "ce:initials": "M.", "@_fa": "true", "ce:surname": "Hassan", "ce:indexed-name": "Hassan M."}]}, "ref-sourcetitle": "J. Mater. Eng. Perform."}}, {"ref-fulltext": "L.M. Alves and P.A.F. Martins, Cold Heading of Cylindrical PVC Billets: An Experimental and Theoretical Investigation, J. Mater. Eng. Perform., 2010, 19, p 1276\u20131283", "@id": "5", "ref-info": {"ref-publicationyear": {"@first": "2010"}, "ref-title": {"ref-titletext": "Cold Heading of Cylindrical PVC Billets: An Experimental and Theoretical Investigation"}, "refd-itemidlist": {"itemid": [{"$": "10.1007/s11665-010-9633-1", "@idtype": "DOI"}, {"$": "CR5", "@idtype": "FRAGMENTID"}, {"$": "78650799436", "@idtype": "SGR"}]}, "ref-volisspag": {"voliss": {"@volume": "19"}, "pagerange": {"@first": "1276", "@last": "1283"}}, "ref-authors": {"author": [{"@seq": "1", "ce:initials": "L.M.", "@_fa": "true", "ce:surname": "Alves", "ce:indexed-name": "Alves L.M."}, {"@seq": "2", "ce:initials": "P.A.F.", "@_fa": "true", "ce:surname": "Martins", "ce:indexed-name": "Martins P.A.F."}]}, "ref-sourcetitle": "J. Mater. Eng. Perform."}}, {"ref-fulltext": "Polyvinyl chloride (PVC) industry outlook in Thailand to 2015\u2014Market size, company share, price trends, capacity forecasts of all active and planned plants. Research and Markets\u2014Market Research Reports, 2010.", "@id": "6", "ref-info": {"ref-publicationyear": {"@first": "2010"}, "ref-title": {"ref-titletext": "Polyvinyl chloride (PVC) industry outlook in Thailand to 2015\u2014Market size, company share, price trends, capacity forecasts of all active and planned plants"}, "refd-itemidlist": {"itemid": [{"$": "CR6", "@idtype": "FRAGMENTID"}, {"$": "85031912197", "@idtype": "SGR"}]}, "ref-sourcetitle": "Research and Markets\u2014Market Research Reports"}}, {"ref-fulltext": "A.P.T. Demir and S. Ulutan, Degradation Kinetics of PVC Plasticized with Different Plasticizers Under Isothermal Conditions, J. Appl. Polym. Sci., 2015, 132, p 41579", "@id": "7", "ref-info": {"ref-publicationyear": {"@first": "2015"}, "ref-title": {"ref-titletext": "Degradation Kinetics of PVC Plasticized with Different Plasticizers Under Isothermal Conditions"}, "refd-itemidlist": {"itemid": [{"$": "CR7", "@idtype": "FRAGMENTID"}, {"$": "84916908990", "@idtype": "SGR"}]}, "ref-volisspag": {"voliss": {"@volume": "132"}, "pagerange": {"@first": "41579"}}, "ref-authors": {"author": [{"@seq": "1", "ce:initials": "A.P.T.", "@_fa": "true", "ce:surname": "Demir", "ce:indexed-name": "Demir A.P.T."}, {"@seq": "2", "ce:initials": "S.", "@_fa": "true", "ce:surname": "Ulutan", "ce:indexed-name": "Ulutan S."}]}, "ref-sourcetitle": "J. Appl. Polym. Sci."}}, {"ref-fulltext": "M.W. Sabaa and R.R. Mohamed, Organic Thermal Stabilizers for Rigid Poly(vinyl chloride). Part XIII: Eugenol (4-allyl-2methoxyphenol), Polym. Degrad. Stab., 2007, 92, p 587\u2013595", "@id": "8", "ref-info": {"ref-publicationyear": {"@first": "2007"}, "ref-title": {"ref-titletext": "Organic Thermal Stabilizers for Rigid Poly(vinyl chloride). Part XIII: Eugenol (4-allyl-2methoxyphenol)"}, "refd-itemidlist": {"itemid": [{"$": "10.1016/j.polymdegradstab.2007.01.015", "@idtype": "DOI"}, {"$": "CR8", "@idtype": "FRAGMENTID"}, {"$": "33947644081", "@idtype": "SGR"}]}, "ref-volisspag": {"voliss": {"@volume": "92"}, "pagerange": {"@first": "587", "@last": "595"}}, "ref-authors": {"author": [{"@seq": "1", "ce:initials": "M.W.", "@_fa": "true", "ce:surname": "Sabaa", "ce:indexed-name": "Sabaa M.W."}, {"@seq": "2", "ce:initials": "R.R.", "@_fa": "true", "ce:surname": "Mohamed", "ce:indexed-name": "Mohamed R.R."}]}, "ref-sourcetitle": "Polym. Degrad. Stab."}}, {"ref-fulltext": "O.M. Forlarin and E.R. Sadiku, Thermal Stabilizers for Poly(Vinyl Chloride): A Review, Int. J. Phys. Sci., 2011, 6, p 4323\u20134330", "@id": "9", "ref-info": {"ref-publicationyear": {"@first": "2011"}, "ref-title": {"ref-titletext": "Thermal Stabilizers for Poly(Vinyl Chloride): A Review"}, "refd-itemidlist": {"itemid": [{"$": "CR9", "@idtype": "FRAGMENTID"}, {"$": "80053045838", "@idtype": "SGR"}]}, "ref-volisspag": {"voliss": {"@volume": "6"}, "pagerange": {"@first": "4323", "@last": "4330"}}, "ref-authors": {"author": [{"@seq": "1", "ce:initials": "O.M.", "@_fa": "true", "ce:surname": "Forlarin", "ce:indexed-name": "Forlarin O.M."}, {"@seq": "2", "ce:initials": "E.R.", "@_fa": "true", "ce:surname": "Sadiku", "ce:indexed-name": "Sadiku E.R."}]}, "ref-sourcetitle": "Int. J. Phys. Sci."}}, {"ref-fulltext": "R.D. Dworkin, PVC Stabilizers of the Past, Present, and Future, J. Vinyl. Addit. Technol., 1989, 11, p 15\u201322", "@id": "10", "ref-info": {"ref-publicationyear": {"@first": "1989"}, "ref-title": {"ref-titletext": "PVC Stabilizers of the Past, Present, and Future"}, "refd-itemidlist": {"itemid": [{"$": "10.1002/vnl.730110106", "@idtype": "DOI"}, {"$": "CR10", "@idtype": "FRAGMENTID"}, {"$": "0024626243", "@idtype": "SGR"}]}, "ref-volisspag": {"voliss": {"@volume": "11"}, "pagerange": {"@first": "15", "@last": "22"}}, "ref-authors": {"author": [{"@seq": "1", "ce:initials": "R.D.", "@_fa": "true", "ce:surname": "Dworkin", "ce:indexed-name": "Dworkin R.D."}]}, "ref-sourcetitle": "J. Vinyl. Addit. Technol."}}, {"ref-fulltext": "Vinyl2010 progress reports archives. www.vinyl2010.org, 2016. Accessed 1 Sept 2016", "@id": "11", "ref-info": {"ref-publicationyear": {"@first": "2016"}, "ref-website": {"ce:e-address": {"$": "www.vinyl2010.org", "@type": "email"}}, "refd-itemidlist": {"itemid": [{"$": "CR11", "@idtype": "FRAGMENTID"}, {"$": "85031913180", "@idtype": "SGR"}]}, "ref-text": "Accessed 1 Sept 2016", "ref-sourcetitle": "Vinyl2010 progress reports archives"}}, {"ref-fulltext": "J. Zhang, D. Li, M. Fu, Y. Zhang, L. Zhang, and P. Zhao, Synergistic Effect of Adipic Acid Pentaerythritol Ester with Calcium and Zinc Stearates on Poly(vinyl chloride) Thermal Stability, J. Vinyl. Addit. Technol., 2016, 22, p 293\u2013299", "@id": "12", "ref-info": {"ref-publicationyear": {"@first": "2016"}, "ref-title": {"ref-titletext": "Synergistic Effect of Adipic Acid Pentaerythritol Ester with Calcium and Zinc Stearates on Poly(vinyl chloride) Thermal Stability"}, "refd-itemidlist": {"itemid": [{"$": "10.1002/vnl.21436", "@idtype": "DOI"}, {"$": "CR12", "@idtype": "FRAGMENTID"}, {"$": "84982145725", "@idtype": "SGR"}]}, "ref-volisspag": {"voliss": {"@volume": "22"}, "pagerange": {"@first": "293", "@last": "299"}}, "ref-authors": {"author": [{"@seq": "1", "ce:initials": "J.", "@_fa": "true", "ce:surname": "Zhang", "ce:indexed-name": "Zhang J."}, {"@seq": "2", "ce:initials": "D.", "@_fa": "true", "ce:surname": "Li", "ce:indexed-name": "Li D."}, {"@seq": "3", "ce:initials": "M.", "@_fa": "true", "ce:surname": "Fu", "ce:indexed-name": "Fu M."}, {"@seq": "4", "ce:initials": "Y.", "@_fa": "true", "ce:surname": "Zhang", "ce:indexed-name": "Zhang Y."}, {"@seq": "5", "ce:initials": "L.", "@_fa": "true", "ce:surname": "Zhang", "ce:indexed-name": "Zhang L."}, {"@seq": "6", "ce:initials": "P.", "@_fa": "true", "ce:surname": "Zhao", "ce:indexed-name": "Zhao P."}]}, "ref-sourcetitle": "J. Vinyl. Addit. Technol."}}, {"ref-fulltext": "X. Xu, S. Chen, W. Tang, Y. Qu, and X. Wang, Preparation of MgAl LDHs Intercalated with Amines and Effect on Thermal Behavior for Poly(vinyl chloride), Polym. Degrad. Stab., 2013, 98, p 659\u2013665", "@id": "13", "ref-info": {"ref-publicationyear": {"@first": "2013"}, "ref-title": {"ref-titletext": "Preparation of MgAl LDHs Intercalated with Amines and Effect on Thermal Behavior for Poly(vinyl chloride)"}, "refd-itemidlist": {"itemid": [{"$": "10.1016/j.polymdegradstab.2012.11.008", "@idtype": "DOI"}, {"$": "CR13", "@idtype": "FRAGMENTID"}, {"$": "84872109903", "@idtype": "SGR"}]}, "ref-volisspag": {"voliss": {"@volume": "98"}, "pagerange": {"@first": "659", "@last": "665"}}, "ref-authors": {"author": [{"@seq": "1", "ce:initials": "X.", "@_fa": "true", "ce:surname": "Xu", "ce:indexed-name": "Xu X."}, {"@seq": "2", "ce:initials": "S.", "@_fa": "true", "ce:surname": "Chen", "ce:indexed-name": "Chen S."}, {"@seq": "3", "ce:initials": "W.", "@_fa": "true", "ce:surname": "Tang", "ce:indexed-name": "Tang W."}, {"@seq": "4", "ce:initials": "Y.", "@_fa": "true", "ce:surname": "Qu", "ce:indexed-name": "Qu Y."}, {"@seq": "5", "ce:initials": "X.", "@_fa": "true", "ce:surname": "Wang", "ce:indexed-name": "Wang X."}]}, "ref-sourcetitle": "Polym. Degrad. Stab."}}, {"ref-fulltext": "T. Hopfmann, H.-H. Friedrich, K.-J. Kuhn, and W. Wehner, Stabilizer System for Stabilizing PVC, U.S. Patent 7,358,286 B2, 15 Apr 2008", "@id": "14", "ref-info": {"ref-publicationyear": {"@first": "2008"}, "ref-title": {"ref-titletext": "Stabilizer System for Stabilizing PVC, U.S"}, "refd-itemidlist": {"itemid": [{"$": "CR14", "@idtype": "FRAGMENTID"}, {"$": "85031917642", "@idtype": "SGR"}]}, "ref-volisspag": {"voliss": {"@volume": "B2", "@issue": "15"}, "pagerange": {"@first": "286"}}, "ref-authors": {"author": [{"@seq": "1", "ce:initials": "T.", "@_fa": "true", "ce:surname": "Hopfmann", "ce:indexed-name": "Hopfmann T."}, {"@seq": "2", "ce:initials": "H.-H.", "@_fa": "true", "ce:surname": "Friedrich", "ce:indexed-name": "Friedrich H.-H."}, {"@seq": "3", "ce:initials": "K.-J.", "@_fa": "true", "ce:surname": "Kuhn", "ce:indexed-name": "Kuhn K.-J."}, {"@seq": "4", "ce:initials": "W.", "@_fa": "true", "ce:surname": "Wehner", "ce:indexed-name": "Wehner W."}]}, "ref-sourcetitle": "Patent 7,358"}}, {"ref-fulltext": "A.W. Coaker, Fire and Flame Retardants for PVC, J. Vinyl. Addit. Technol., 2003, 9, p 108\u2013115", "@id": "15", "ref-info": {"ref-publicationyear": {"@first": "2003"}, "ref-title": {"ref-titletext": "Fire and Flame Retardants for PVC"}, "refd-itemidlist": {"itemid": [{"$": "10.1002/vnl.10072", "@idtype": "DOI"}, {"$": "CR15", "@idtype": "FRAGMENTID"}, {"$": "4544291501", "@idtype": "SGR"}]}, "ref-volisspag": {"voliss": {"@volume": "9"}, "pagerange": {"@first": "108", "@last": "115"}}, "ref-authors": {"author": [{"@seq": "1", "ce:initials": "A.W.", "@_fa": "true", "ce:surname": "Coaker", "ce:indexed-name": "Coaker A.W."}]}, "ref-sourcetitle": "J. Vinyl. Addit. Technol."}}, {"ref-fulltext": "T.R. Hull, A.A. Stec, and K.T. Pau, Hydrogen Chloride in Fires, in The 9th Proceeding International Symposium Fire Safety Science, 2008, p. 665\u2013676.", "@id": "16", "ref-info": {"ref-publicationyear": {"@first": "2008"}, "refd-itemidlist": {"itemid": [{"$": "CR16", "@idtype": "FRAGMENTID"}, {"$": "79959740542", "@idtype": "SGR"}]}, "ref-volisspag": {"pagerange": {"@first": "665", "@last": "676"}}, "ref-text": "K.T, p", "ref-authors": {"author": [{"@seq": "1", "ce:initials": "T.R.", "@_fa": "true", "ce:surname": "Hull", "ce:indexed-name": "Hull T.R."}, {"@seq": "2", "ce:initials": "A.A.", "@_fa": "true", "ce:surname": "Stec", "ce:indexed-name": "Stec A.A."}]}, "ref-sourcetitle": "Pau, Hydrogen Chloride in Fires, in The 9th Proceeding International Symposium Fire Safety Science"}}, {"ref-fulltext": "S. Rimdusit, C. Jubsilp, and A. Asawakosinchai, Organic Heat Stabilizer for Poly(vinyl chloride), Thailand Patent pending issue number 1501001203, 2015", "@id": "17", "ref-info": {"ref-publicationyear": {"@first": "2015"}, "ref-title": {"ref-titletext": "Organic Heat Stabilizer for Poly(vinyl chloride)"}, "refd-itemidlist": {"itemid": [{"$": "CR17", "@idtype": "FRAGMENTID"}, {"$": "85031907812", "@idtype": "SGR"}]}, "ref-authors": {"author": [{"@seq": "1", "ce:initials": "S.", "@_fa": "true", "ce:surname": "Rimdusit", "ce:indexed-name": "Rimdusit S."}, {"@seq": "2", "ce:initials": "C.", "@_fa": "true", "ce:surname": "Jubsilp", "ce:indexed-name": "Jubsilp C."}, {"@seq": "3", "ce:initials": "A.", "@_fa": "true", "ce:surname": "Asawakosinchai", "ce:indexed-name": "Asawakosinchai A."}]}, "ref-sourcetitle": "Thailand Patent pending issue number 1501001203"}}, {"ref-fulltext": "L.J. Gonzalez-Ortiz, M. Arellano, C.F. Jasso, E. Mendizabal, and M.J. Sanchez-Pena, Thermal Stability of Plasticized Poly(vinyl chloride) Compounds Stabilized with Pre-heated Mixtures of Calcium and/or Zinc Stearates, Polym. Degrad. Stab., 2005, 90, p 154\u2013161", "@id": "18", "ref-info": {"ref-publicationyear": {"@first": "2005"}, "ref-title": {"ref-titletext": "Thermal Stability of Plasticized Poly(vinyl chloride) Compounds Stabilized with Pre-heated Mixtures of Calcium and/or Zinc Stearates"}, "refd-itemidlist": {"itemid": [{"$": "10.1016/j.polymdegradstab.2005.04.013", "@idtype": "DOI"}, {"$": "CR18", "@idtype": "FRAGMENTID"}, {"$": "22544457942", "@idtype": "SGR"}]}, "ref-volisspag": {"voliss": {"@volume": "90"}, "pagerange": {"@first": "154", "@last": "161"}}, "ref-authors": {"author": [{"@seq": "1", "ce:initials": "L.J.", "@_fa": "true", "ce:surname": "Gonzalez-Ortiz", "ce:indexed-name": "Gonzalez-Ortiz L.J."}, {"@seq": "2", "ce:initials": "M.", "@_fa": "true", "ce:surname": "Arellano", "ce:indexed-name": "Arellano M."}, {"@seq": "3", "ce:initials": "C.F.", "@_fa": "true", "ce:surname": "Jasso", "ce:indexed-name": "Jasso C.F."}, {"@seq": "4", "ce:initials": "E.", "@_fa": "true", "ce:surname": "Mendizabal", "ce:indexed-name": "Mendizabal E."}, {"@seq": "5", "ce:initials": "M.J.", "@_fa": "true", "ce:surname": "Sanchez-Pena", "ce:indexed-name": "Sanchez-Pena M.J."}]}, "ref-sourcetitle": "Polym. Degrad. Stab."}}]}}}}, "affiliation": [{"affiliation-city": "Bangkok", "@id": "60028190", "affilname": "Chulalongkorn University", "@href": "https://api.elsevier.com/content/affiliation/affiliation_id/60028190", "affiliation-country": "Thailand"}, {"affiliation-city": "Bangkok", "@id": "60000316", "affilname": "Srinakharinwirot University", "@href": "https://api.elsevier.com/content/affiliation/affiliation_id/60000316", "affiliation-country": "Thailand"}], "coredata": {"srctype": "j", "eid": "2-s2.0-85029426150", "dc:description": "Recycling ability, mechanical, and thermal properties of PVC stabilized with organic heat stabilizers, i.e., uracil (DAU) and eugenol were investigated to substitute PVCs stabilized with commercial lead, Ca/Zn, and organic-based stabilizer for PVC pipe production. PVC stabilized with the DAU and the eugenol can be processable at 30 \u00b0C lower than that of the PVC stabilized with commercial heat stabilizers. The most remarkable short-term thermal stability belonged to the PVC stabilized with the DAU, and its original color can be maintained at least up to 3 processing cycles. Synergistic behavior in thermal stability of the PVC mixed with DAU and eugenol at mass ratios of 1.5:1.5 was observed. Mechanical properties of DAU- and eugenol-stabilized PVC were higher than the samples with other heat stabilizers. Glass transition temperature of the PVC stabilized with all heat stabilizers was determined to be 99 \u00b0C with the exception of the value of 89 \u00b0C for eugenol-stabilized PVC. Therefore, the DAU and the eugenol showed high potential to be used as an organic heat stabilizer for PVC because of their non-toxic and good heat resistance properties.", "prism:coverDate": "2017-10-01", "prism:aggregationType": "Journal", "prism:url": "https://api.elsevier.com/content/abstract/scopus_id/85029426150", "dc:creator": {"author": [{"ce:given-name": "Aran", "preferred-name": {"ce:given-name": "Aran", "ce:initials": "A.", "ce:surname": "Asawakosinchai", "ce:indexed-name": "Asawakosinchai A."}, "@seq": "1", "ce:initials": "A.", "@_fa": "true", "affiliation": {"@id": "60028190", "@href": "https://api.elsevier.com/content/affiliation/affiliation_id/60028190"}, "ce:surname": "Asawakosinchai", "@auid": "57028295600", "author-url": "https://api.elsevier.com/content/author/author_id/57028295600", "ce:indexed-name": "Asawakosinchai A."}]}, "link": [{"@_fa": "true", "@rel": "self", "@href": "https://api.elsevier.com/content/abstract/scopus_id/85029426150"}, {"@_fa": "true", "@rel": "scopus", "@href": "https://www.scopus.com/inward/record.uri?partnerID=HzOxMe3b&scp=85029426150&origin=inward"}, {"@_fa": "true", "@rel": "scopus-citedby", "@href": "https://www.scopus.com/inward/citedby.uri?partnerID=HzOxMe3b&scp=85029426150&origin=inward"}], "source-id": "21160", "citedby-count": "17", "prism:volume": "26", "subtype": "ar", "dc:title": "Organic Heat Stabilizers for Polyvinyl Chloride (PVC): A Synergistic Behavior of Eugenol and Uracil Derivative", "openaccess": "0", "prism:issn": "15441024 10599495", "publishercopyright": "\u00a9 2017, ASM International.", "prism:issueIdentifier": "10", "subtypeDescription": "Article", "prism:publicationName": "Journal of Materials Engineering and Performance", "prism:pageRange": "4781-4788", "prism:endingPage": "4788", "openaccessFlag": "false", "prism:doi": "10.1007/s11665-017-2923-0", "prism:startingPage": "4781", "dc:identifier": "SCOPUS_ID:85029426150", "dc:publisher": "Springer New York LLCbarbara.b.bertram@gsk.com"}, "idxterms": {"mainterm": [{"$": "mechanical", "@weight": "b", "@candidate": "n"}, {"$": "Organic Based Stabilizers", "@weight": "b", "@candidate": "n"}, {"$": "Polymers and plastics", "@weight": "b", "@candidate": "n"}, {"$": "Polyvinyl chloride (PVC)", "@weight": "b", "@candidate": "n"}, {"$": "Processing cycles", "@weight": "b", "@candidate": "n"}, {"$": "Resistance properties", "@weight": "b", "@candidate": "n"}, {"$": "static", "@weight": "b", "@candidate": "n"}, {"$": "Uracil derivatives", "@weight": "b", "@candidate": "n"}]}, "language": {"@xml:lang": "eng"}, "authkeywords": {"author-keyword": [{"@_fa": "true", "$": "mechanical"}, {"@_fa": "true", "$": "polymers and plastics"}, {"@_fa": "true", "$": "recycle"}, {"@_fa": "true", "$": "static"}, {"@_fa": "true", "$": "thermal analysis"}]}, "subject-areas": {"subject-area": [{"@_fa": "true", "$": "Materials Science (all)", "@code": "2500", "@abbrev": "MATE"}, {"@_fa": "true", "$": "Mechanics of Materials", "@code": "2211", "@abbrev": "ENGI"}, {"@_fa": "true", "$": "Mechanical Engineering", "@code": "2210", "@abbrev": "ENGI"}]}, "authors": {"author": [{"ce:given-name": "Aran", "preferred-name": {"ce:given-name": "Aran", "ce:initials": "A.", "ce:surname": "Asawakosinchai", "ce:indexed-name": "Asawakosinchai A."}, "@seq": "1", "ce:initials": "A.", "@_fa": "true", "affiliation": {"@id": "60028190", "@href": "https://api.elsevier.com/content/affiliation/affiliation_id/60028190"}, "ce:surname": "Asawakosinchai", "@auid": "57028295600", "author-url": "https://api.elsevier.com/content/author/author_id/57028295600", "ce:indexed-name": "Asawakosinchai A."}, {"ce:given-name": "Chanchira", "preferred-name": {"ce:given-name": "Chanchira", "ce:initials": "C.", "ce:surname": "Jubsilp", "ce:indexed-name": "Jubsilp C."}, "@seq": "2", "ce:initials": "C.", "@_fa": "true", "affiliation": {"@id": "60000316", "@href": "https://api.elsevier.com/content/affiliation/affiliation_id/60000316"}, "ce:surname": "Jubsilp", "@auid": "12790317900", "author-url": "https://api.elsevier.com/content/author/author_id/12790317900", "ce:indexed-name": "Jubsilp C."}, {"ce:given-name": "Phattarin", "preferred-name": {"ce:given-name": "Phattarin", "ce:initials": "P.", "ce:surname": "Mora", "ce:indexed-name": "Mora P."}, "@seq": "3", "ce:initials": "P.", "@_fa": "true", "affiliation": {"@id": "60028190", "@href": "https://api.elsevier.com/content/affiliation/affiliation_id/60028190"}, "ce:surname": "Mora", "@auid": "57194187509", "author-url": "https://api.elsevier.com/content/author/author_id/57194187509", "ce:indexed-name": "Mora P."}, {"ce:given-name": "Sarawut", "preferred-name": {"ce:given-name": "Sarawut", "ce:initials": "S.", "ce:surname": "Rimdusit", "ce:indexed-name": "Rimdusit S."}, "@seq": "4", "ce:initials": "S.", "@_fa": "true", "affiliation": {"@id": "60028190", "@href": "https://api.elsevier.com/content/affiliation/affiliation_id/60028190"}, "ce:surname": "Rimdusit", "@auid": "8581396300", "author-url": "https://api.elsevier.com/content/author/author_id/8581396300", "ce:indexed-name": "Rimdusit S."}]}}}