{"abstracts-retrieval-response": {"item": {"ait:process-info": {"ait:status": {"@state": "update", "@type": "core", "@stage": "S300"}, "ait:date-delivered": {"@day": "11", "@timestamp": "2020-07-11T17:11:09.000009-04:00", "@year": "2020", "@month": "07"}, "ait:date-sort": {"@day": "15", "@year": "2017", "@month": "12"}}, "xocs:meta": {"xocs:funding-list": {"@pui-match": "primary", "@has-funding-info": "1", "xocs:funding": [{"xocs:funding-agency-matched-string": "Chulalongkorn University", "xocs:funding-agency-acronym": "CU", "xocs:funding-agency": "Chulalongkorn University", "xocs:funding-id": "GCUGR1125582009D", "xocs:funding-agency-id": "http://data.elsevier.com/vocabulary/SciValFunders/501100002873", "xocs:funding-agency-country": "http://sws.geonames.org/1605651/"}, {"xocs:funding-agency-matched-string": "Thailand Research Fund", "xocs:funding-agency-acronym": "TRF", "xocs:funding-agency": "Thailand Research Fund", "xocs:funding-id": [{"$": "PHD/0123/2554"}, {"$": "RTA6080002"}], "xocs:funding-agency-id": "http://data.elsevier.com/vocabulary/SciValFunders/501100004396", "xocs:funding-agency-country": "http://sws.geonames.org/1605651/"}], "xocs:funding-addon-generated-timestamp": "2021-05-10T13:05:08.605588Z", "xocs:funding-text": "This study was financially supported by the Thailand Research Fund (TRF) via the Royal Golden Jubilee Ph.D. program (Grant Number PHD/0123/2554), the Thailand Research Fund via the Research Team Promotion Grant (RTA6080002), the Ratchadaphisaksomphot Endowment Fund of Chulalongkorn University, and the 90th Anniversary of the Chulalongkorn University Fund (GCUGR1125582009D). The authors declare no competing financial interests.", "xocs:funding-addon-type": "http://vtw.elsevier.com/data/voc/AddOnTypes/50.7/aggregated-refined"}}, "bibrecord": {"head": {"author-group": [{"affiliation": {"country": "Thailand", "postal-code": "10330", "@afid": "60028190", "@country": "tha", "city": "Bangkok", "organization": [{"$": "Electrochemistry and Optical Spectroscopy Center of Excellence"}, {"$": "Department of Chemistry"}, {"$": "Faculty of Science"}, {"$": "Chulalongkorn University"}], "affiliation-id": {"@afid": "60028190", "@dptid": "104425638"}, "@dptid": "104425638"}, "author": [{"ce:given-name": "Siriwan", "preferred-name": {"ce:given-name": "Siriwan", "ce:initials": "S.", "ce:surname": "Nantaphol", "ce:indexed-name": "Nantaphol S."}, "@seq": "1", "ce:initials": "S.", "@_fa": "true", "@type": "auth", "ce:surname": "Nantaphol", "@auid": "56091887200", "ce:indexed-name": "Nantaphol S."}, {"ce:given-name": "Orawon", "preferred-name": {"ce:given-name": "Orawon", "ce:initials": "O.", "ce:surname": "Chailapakul", "ce:indexed-name": "Chailapakul O."}, "@seq": "5", "ce:initials": "O.", "@date-locked": "2017-10-25T15:32:23.768", "@_fa": "true", "@type": "auth", "ce:surname": "Chailapakul", "@auid": "6602082849", "ce:indexed-name": "Chailapakul O."}]}, {"affiliation": {"country": "Japan", "address-part": "3\u221214\u22121 Hiyoshi", "postal-code": "223-8522", "@afid": "60025997", "@country": "jpn", "city": "Yokohama", "organization": [{"$": "Department of Chemistry"}, {"$": "Keio University"}], "affiliation-id": {"@afid": "60025997", "@dptid": "100299974"}, "@dptid": "100299974"}, "author": [{"ce:given-name": "Takeshi", "preferred-name": {"ce:given-name": "Takeshi", "ce:initials": "T.", "ce:surname": "Watanabe", "ce:indexed-name": "Watanabe T."}, "@seq": "2", "ce:initials": "T.", "@_fa": "true", "@type": "auth", "ce:surname": "Watanabe", "@auid": "55628542292", "ce:indexed-name": "Watanabe T."}, {"ce:given-name": "Naohiro", "preferred-name": {"ce:given-name": "Naohiro", "ce:initials": "N.", "ce:surname": "Nomura", "ce:indexed-name": "Nomura N."}, "@seq": "3", "ce:initials": "N.", "@_fa": "true", "@type": "auth", "ce:surname": "Nomura", "@auid": "57194590365", "ce:indexed-name": "Nomura N."}, {"ce:given-name": "Yasuaki", "preferred-name": {"ce:given-name": "Yasuaki", "ce:initials": "Y.", "ce:surname": "Einaga", "ce:indexed-name": "Einaga Y."}, "@seq": "6", "ce:initials": "Y.", "@date-locked": "2017-08-23T18:05:28.024", "@_fa": "true", "@type": "auth", "ce:surname": "Einaga", "@auid": "7006773499", "ce:indexed-name": "Einaga Y."}]}, {"affiliation": {"country": "Thailand", "postal-code": "10110", "@afid": "60000316", "@country": "tha", "city": "Bangkok", "organization": [{"$": "Department of Chemistry"}, {"$": "Faculty of Science"}, {"$": "Srinakharinwirot University"}, {"$": "Wattana"}], "affiliation-id": {"@afid": "60000316", "@dptid": "103055005"}, "@dptid": "103055005"}, "author": [{"ce:given-name": "Weena", "preferred-name": {"ce:given-name": "Weena", "ce:initials": "W.", "ce:surname": "Siangproh", "ce:indexed-name": "Siangproh W."}, "@seq": "4", "ce:initials": "W.", "@_fa": "true", "@type": "auth", "ce:surname": "Siangproh", "@auid": "6506927536", "ce:indexed-name": "Siangproh W."}]}, {"affiliation": {"country": "Japan", "address-part": "3-14-1 Hiyoshi", "postal-code": "223-8522", "@afid": "60015682", "@country": "jpn", "city": "Yokohama", "organization": {"$": "JST-ACCEL"}, "affiliation-id": {"@afid": "60015682"}}, "author": [{"ce:given-name": "Yasuaki", "preferred-name": {"ce:given-name": "Yasuaki", "ce:initials": "Y.", "ce:surname": "Einaga", "ce:indexed-name": "Einaga Y."}, "@seq": "6", "ce:initials": "Y.", "@date-locked": "2017-08-23T18:05:28.024", "@_fa": "true", "@type": "auth", "ce:surname": "Einaga", "@auid": "7006773499", "ce:indexed-name": "Einaga Y."}]}], "citation-title": "Bimetallic Pt\u2013Au nanocatalysts electrochemically deposited on boron-doped diamond electrodes for nonenzymatic glucose detection", "abstracts": "\u00a9 2017 Elsevier B.V.The enormous demand for medical diagnostics has encouraged the fabrication of high- performance sensing platforms for the detection of glucose. Nonenzymatic glucose sensors are coming ever closer to being used in practical applications. Bimetallic catalysts have been shown to be superior to single metal catalysts in that they have greater activity and selectivity. Here, we demonstrate the preparation, characterization, and electrocatalytic characteristics of a new bimetallic Pt/Au nanocatalyst. This nanocatalyst can easily be synthesized by electrodeposition by sequentially depositing Au and Pt on the surface of a boron-doped diamond (BDD) electrode. We characterized the nanocatalyst by scanning electron microscopy (SEM), X-ray diffraction (XRD), and voltammetry. The morphology and composition of the nanocatalyst can be easily controlled by adjusting the electrodeposition process and the molar ratio between the Pt and Au precursors. The electrocatalytic characteristics of a Pt/Au/BDD electrode for the nonenzymatic oxidation of glucose were systematically investigated by cyclic voltammetry. The electrode exhibits higher catalytic activity for glucose oxidation than Pt/BDD and Au/BDD electrodes. The best catalytic activity and stability was obtained with a Pt:Au molar ratio of 50:50. Moreover, the presence of Au can significantly enhance the long-term stability and poisoning tolerance during the electro-oxidation of glucose. Measurements of glucose using the Pt/Au/BDD electrode were linear in the range from 0.01 to 7.5 mM, with a detection limit of 0.0077 mM glucose. The proposed electrode performs selective electrochemical analysis of glucose in the presence of common interfering species (e.g., acetaminophen, uric and ascorbic acids), avoiding the generation of overlapping signals from such species.", "correspondence": {"affiliation": {"country": "Thailand", "postal-code": "10330", "@country": "tha", "city": "Bangkok", "organization": [{"$": "Electrochemistry and Optical Spectroscopy Center of Excellence"}, {"$": "Department of Chemistry"}, {"$": "Faculty of Science"}, {"$": "Chulalongkorn University"}, {"$": "Patumwan"}]}, "person": {"ce:given-name": "Orawon", "ce:initials": "O.", "ce:surname": "Chailapakul", "ce:indexed-name": "Chailapakul O."}}, "citation-info": {"author-keywords": {"author-keyword": [{"$": "Bimetallic Pt/Au nanocatalyst", "@xml:lang": "eng"}, {"$": "Boron doped diamond", "@xml:lang": "eng"}, {"$": "Electrodeposition", "@xml:lang": "eng"}, {"$": "Glucose", "@xml:lang": "eng"}, {"$": "Nonenzymatic", "@xml:lang": "eng"}]}, "citation-type": {"@code": "ar"}, "citation-language": {"@language": "English", "@xml:lang": "eng"}, "abstract-language": {"@language": "English", "@xml:lang": "eng"}}, "source": {"website": {"ce:e-address": {"$": "www.elsevier.com/locate/bios", "@type": "email"}}, "translated-sourcetitle": {"$": "Biosensors and Bioelectronics", "@xml:lang": "eng"}, "volisspag": {"voliss": {"@volume": "98"}, "pagerange": {"@first": "76", "@last": "82"}}, "@type": "j", "sourcetitle": "Biosensors and Bioelectronics", "publicationdate": {"month": "12", "year": "2017", "date-text": {"@xfab-added": "true", "$": "15 December 2017"}, "day": "15"}, "codencode": "BBIOE", "sourcetitle-abbrev": "Biosens. Bioelectron.", "@country": "gbr", "issn": [{"$": "18734235", "@type": "electronic"}, {"$": "09565663", "@type": "print"}], "publicationyear": {"@first": "2017"}, "publisher": {"publishername": "Elsevier Ltd"}, "@srcid": "15437"}, "enhancement": {"classificationgroup": {"classifications": [{"@type": "CABSCLASS", "classification": {"classification-code": "99", "classification-description": "General"}}, {"@type": "CPXCLASS", "classification": [{"classification-code": "461.6", "classification-description": "Medicine"}, {"classification-code": "462.1", "classification-description": "Biomedical Equipment, General"}, {"classification-code": "482.2.1", "classification-description": "Gems"}, {"classification-code": "539.3.1", "classification-description": "Electroplating"}, {"classification-code": "547.1", "classification-description": "Precious Metals"}, {"classification-code": "801.4.1", "classification-description": "Electrochemistry"}, {"classification-code": "802.2", "classification-description": "Chemical Reactions"}, {"classification-code": "803", "classification-description": "Chemical Agents and Basic Industrial Chemicals"}, {"classification-code": "804", "classification-description": "Chemical Products Generally"}, {"classification-code": "804.1", "classification-description": "Organic Compounds"}]}, {"@type": "EMCLASS", "classification": [{"classification-code": "27", "classification-description": "Biophysics, Bioengineering and Medical Instrumentation"}, {"classification-code": "29", "classification-description": "Clinical and Experimental Biochemistry"}]}, {"@type": "FLXCLASS", "classification": {"classification-code": "902", "classification-description": "FLUIDEX; Related Topics"}}, {"@type": "ASJC", "classification": [{"$": "1305"}, {"$": "1304"}, {"$": "2204"}, {"$": "1603"}]}, {"@type": "SUBJABBR", "classification": [{"$": "BIOC"}, {"$": "ENGI"}, {"$": "CHEM"}]}]}, "chemicalgroup": {"chemicals": [{"@source": "esbd", "chemical": [{"cas-registry-number": "7440-57-5", "chemical-name": "gold"}, {"cas-registry-number": "7440-06-4", "chemical-name": "platinum"}, {"cas-registry-number": "7440-42-8", "chemical-name": "boron"}, {"cas-registry-number": [{"$": "50-99-7"}, {"$": "84778-64-3"}], "chemical-name": "glucose"}]}, {"@source": "nlm", "chemical": [{"chemical-name": "Boron"}, {"chemical-name": "Glucose"}, {"chemical-name": "Gold"}]}]}}, "grantlist": {"@complete": "y", "grant-text": {"$": "This study was financially supported by the Thailand Research Fund (TRF) via the Royal Golden Jubilee Ph.D. program (Grant Number PHD/0123/2554), the Thailand Research Fund via the Research Team Promotion Grant (RTA6080002), the Ratchadaphisaksomphot Endowment Fund of Chulalongkorn University, and the 90th Anniversary of the Chulalongkorn University Fund (GCUGR1125582009D). The authors declare no competing financial interests.", "@xml:lang": "eng"}, "grant": [{"grant-id": "PHD/0123/2554", "grant-acronym": "TRF", "grant-agency": {"@iso-code": "tha", "$": "Thailand Research Fund"}}, {"grant-id": "RTA6080002", "grant-acronym": "TRF", "grant-agency": {"@iso-code": "tha", "$": "Thailand Research Fund"}}]}}, "item-info": {"copyright": {"$": "Copyright 2018 Elsevier B.V., All rights reserved.", "@type": "Elsevier"}, "dbcollection": [{"$": "CABS"}, {"$": "CHEM"}, {"$": "CPX"}, {"$": "EMBASE"}, {"$": "EMBIO"}, {"$": "MEDL"}, {"$": "REAXYSCAR"}, {"$": "RMC"}, {"$": "SCOPUS"}, {"$": "Scopusbase"}], "history": {"date-created": {"@day": "30", "@timestamp": "BST 07:12:39", "@year": "2018", "@month": "04"}}, "itemidlist": {"itemid": [{"$": "616920166", "@idtype": "PUI"}, {"$": "2017202746", "@idtype": "CABS"}, {"$": "666135312", "@idtype": "CAR-ID"}, {"$": "2017123071", "@idtype": "CHEM"}, {"$": "20172603845721", "@idtype": "CPX"}, {"$": "20170455001", "@idtype": "EMBASE"}, {"$": "2017083085", "@idtype": "EMBIO"}, {"$": "28654886", "@idtype": "MEDL"}, {"$": "20171130693", "@idtype": "REAXYSCAR"}, {"$": "2017181332", "@idtype": "RMC"}, {"$": "20181392270", "@idtype": "SCOPUS"}, {"$": "85021181600", "@idtype": "SCP"}, {"$": "85021181600", "@idtype": "SGR"}, {"$": "621873270", "@idtype": "PUIsecondary"}], "ce:pii": "S0956566317304098", "ce:doi": "10.1016/j.bios.2017.06.034"}}, "tail": {"bibliography": {"@refcount": "48", "reference": [{"ref-fulltext": "Balamurugan, J., Thanh, T.D., Karthikeyan, G., Kim, N.H., Lee, J.H., Biosens. Bioelectron. 89:Part 2 (2017), 970\u2013977.", "@id": "1", "ref-info": {"ref-publicationyear": {"@first": "2017"}, "refd-itemidlist": {"itemid": [{"$": "bib1", "@idtype": "FRAGMENTID"}, {"$": "85006325428", "@idtype": "SGR"}]}, "ref-volisspag": {"voliss": {"@volume": "89"}, "pagerange": {"@first": "970", "@last": "977"}}, "ref-authors": {"author": [{"@seq": "1", "ce:initials": "J.", "@_fa": "true", "ce:surname": "Balamurugan", "ce:indexed-name": "Balamurugan J."}, {"@seq": "2", "ce:initials": "T.D.", "@_fa": "true", "ce:surname": "Thanh", "ce:indexed-name": "Thanh T.D."}, {"@seq": "3", "ce:initials": "G.", "@_fa": "true", "ce:surname": "Karthikeyan", "ce:indexed-name": "Karthikeyan G."}, {"@seq": "4", "ce:initials": "N.H.", "@_fa": "true", "ce:surname": "Kim", "ce:indexed-name": "Kim N.H."}, {"@seq": "5", "ce:initials": "J.H.", "@_fa": "true", "ce:surname": "Lee", "ce:indexed-name": "Lee J.H."}]}, "ref-sourcetitle": "Biosens. Bioelectron."}}, {"ref-fulltext": "Cao, X., Wang, N., Jia, S., Shao, Y., Anal. Chem. 85:10 (2013), 5040\u20135046.", "@id": "2", "ref-info": {"ref-publicationyear": {"@first": "2013"}, "refd-itemidlist": {"itemid": [{"$": "bib2", "@idtype": "FRAGMENTID"}, {"$": "84878316535", "@idtype": "SGR"}]}, "ref-volisspag": {"voliss": {"@volume": "85", "@issue": "10"}, "pagerange": {"@first": "5040", "@last": "5046"}}, "ref-authors": {"author": [{"@seq": "1", "ce:initials": "X.", "@_fa": "true", "ce:surname": "Cao", "ce:indexed-name": "Cao X."}, {"@seq": "2", "ce:initials": "N.", "@_fa": "true", "ce:surname": "Wang", "ce:indexed-name": "Wang N."}, {"@seq": "3", "ce:initials": "S.", "@_fa": "true", "ce:surname": "Jia", "ce:indexed-name": "Jia S."}, {"@seq": "4", "ce:initials": "Y.", "@_fa": "true", "ce:surname": "Shao", "ce:indexed-name": "Shao Y."}]}, "ref-sourcetitle": "Anal. Chem."}}, {"ref-fulltext": "Chang, G., Shu, H., Huang, Q., Oyama, M., Ji, K., Liu, X., He, Y., Electrochim. Acta 157 (2015), 149\u2013157.", "@id": "3", "ref-info": {"ref-publicationyear": {"@first": "2015"}, "refd-itemidlist": {"itemid": [{"$": "bib3", "@idtype": "FRAGMENTID"}, {"$": "84921625593", "@idtype": "SGR"}]}, "ref-volisspag": {"voliss": {"@volume": "157"}, "pagerange": {"@first": "149", "@last": "157"}}, "ref-authors": {"author": [{"@seq": "1", "ce:initials": "G.", "@_fa": "true", "ce:surname": "Chang", "ce:indexed-name": "Chang G."}, {"@seq": "2", "ce:initials": "H.", "@_fa": "true", "ce:surname": "Shu", "ce:indexed-name": "Shu H."}, {"@seq": "3", "ce:initials": "Q.", "@_fa": "true", "ce:surname": "Huang", "ce:indexed-name": "Huang Q."}, {"@seq": "4", "ce:initials": "M.", "@_fa": "true", "ce:surname": "Oyama", "ce:indexed-name": "Oyama M."}, {"@seq": "5", "ce:initials": "K.", "@_fa": "true", "ce:surname": "Ji", "ce:indexed-name": "Ji K."}, {"@seq": "6", "ce:initials": "X.", "@_fa": "true", "ce:surname": "Liu", "ce:indexed-name": "Liu X."}, {"@seq": "7", "ce:initials": "Y.", "@_fa": "true", "ce:surname": "He", "ce:indexed-name": "He Y."}]}, "ref-sourcetitle": "Electrochim. Acta"}}, {"ref-fulltext": "Cheng, T.-M., Huang, T.-K., Lin, H.-K., Tung, S.-P., Chen, Y.-L., Lee, C.-Y., Chiu, H.-T., ACS Appl. Mater. Interfaces 2:10 (2010), 2773\u20132780.", "@id": "4", "ref-info": {"ref-publicationyear": {"@first": "2010"}, "refd-itemidlist": {"itemid": [{"$": "bib4", "@idtype": "FRAGMENTID"}, {"$": "79151481954", "@idtype": "SGR"}]}, "ref-volisspag": {"voliss": {"@volume": "2", "@issue": "10"}, "pagerange": {"@first": "2773", "@last": "2780"}}, "ref-authors": {"author": [{"@seq": "1", "ce:initials": "T.-M.", "@_fa": "true", "ce:surname": "Cheng", "ce:indexed-name": "Cheng T.-M."}, {"@seq": "2", "ce:initials": "T.-K.", "@_fa": "true", "ce:surname": "Huang", "ce:indexed-name": "Huang T.-K."}, {"@seq": "3", "ce:initials": "H.-K.", "@_fa": "true", "ce:surname": "Lin", "ce:indexed-name": "Lin H.-K."}, {"@seq": "4", "ce:initials": "S.-P.", "@_fa": "true", "ce:surname": "Tung", "ce:indexed-name": "Tung S.-P."}, {"@seq": "5", "ce:initials": "Y.-L.", "@_fa": "true", "ce:surname": "Chen", "ce:indexed-name": "Chen Y.-L."}, {"@seq": "6", "ce:initials": "C.-Y.", "@_fa": "true", "ce:surname": "Lee", "ce:indexed-name": "Lee C.-Y."}, {"@seq": "7", "ce:initials": "H.-T.", "@_fa": "true", "ce:surname": "Chiu", "ce:indexed-name": "Chiu H.-T."}]}, "ref-sourcetitle": "ACS Appl. Mater. Interfaces"}}, {"ref-fulltext": "Ding, Y., Wang, Y., Su, L., Bellagamba, M., Zhang, H., Lei, Y., Biosens. Bioelectron. 26:2 (2010), 542\u2013548.", "@id": "5", "ref-info": {"ref-publicationyear": {"@first": "2010"}, "refd-itemidlist": {"itemid": [{"$": "bib5", "@idtype": "FRAGMENTID"}, {"$": "77956934154", "@idtype": "SGR"}]}, "ref-volisspag": {"voliss": {"@volume": "26", "@issue": "2"}, "pagerange": {"@first": "542", "@last": "548"}}, "ref-authors": {"author": [{"@seq": "1", "ce:initials": "Y.", "@_fa": "true", "ce:surname": "Ding", "ce:indexed-name": "Ding Y."}, {"@seq": "2", "ce:initials": "Y.", "@_fa": "true", "ce:surname": "Wang", "ce:indexed-name": "Wang Y."}, {"@seq": "3", "ce:initials": "L.", "@_fa": "true", "ce:surname": "Su", "ce:indexed-name": "Su L."}, {"@seq": "4", "ce:initials": "M.", "@_fa": "true", "ce:surname": "Bellagamba", "ce:indexed-name": "Bellagamba M."}, {"@seq": "5", "ce:initials": "H.", "@_fa": "true", "ce:surname": "Zhang", "ce:indexed-name": "Zhang H."}, {"@seq": "6", "ce:initials": "Y.", "@_fa": "true", "ce:surname": "Lei", "ce:indexed-name": "Lei Y."}]}, "ref-sourcetitle": "Biosens. Bioelectron."}}, {"ref-fulltext": "Dong, X.-C., Xu, H., Wang, X.-W., Huang, Y.-X., Chan-Park, M.B., Zhang, H., Wang, L.-H., Huang, W., Chen, P., ACS Nano 6:4 (2012), 3206\u20133213.", "@id": "6", "ref-info": {"ref-publicationyear": {"@first": "2012"}, "refd-itemidlist": {"itemid": [{"$": "bib6", "@idtype": "FRAGMENTID"}, {"$": "84860380328", "@idtype": "SGR"}]}, "ref-volisspag": {"voliss": {"@volume": "6", "@issue": "4"}, "pagerange": {"@first": "3206", "@last": "3213"}}, "ref-authors": {"author": [{"@seq": "1", "ce:initials": "X.-C.", "@_fa": "true", "ce:surname": "Dong", "ce:indexed-name": "Dong X.-C."}, {"@seq": "2", "ce:initials": "H.", "@_fa": "true", "ce:surname": "Xu", "ce:indexed-name": "Xu H."}, {"@seq": "3", "ce:initials": "X.-W.", "@_fa": "true", "ce:surname": "Wang", "ce:indexed-name": "Wang X.-W."}, {"@seq": "4", "ce:initials": "Y.-X.", "@_fa": "true", "ce:surname": "Huang", "ce:indexed-name": "Huang Y.-X."}, {"@seq": "5", "ce:initials": "M.B.", "@_fa": "true", "ce:surname": "Chan-Park", "ce:indexed-name": "Chan-Park M.B."}, {"@seq": "6", "ce:initials": "H.", "@_fa": "true", "ce:surname": "Zhang", "ce:indexed-name": "Zhang H."}, {"@seq": "7", "ce:initials": "L.-H.", "@_fa": "true", "ce:surname": "Wang", "ce:indexed-name": "Wang L.-H."}, {"@seq": "8", "ce:initials": "W.", "@_fa": "true", "ce:surname": "Huang", "ce:indexed-name": "Huang W."}, {"@seq": "9", "ce:initials": "P.", "@_fa": "true", "ce:surname": "Chen", "ce:indexed-name": "Chen P."}]}, "ref-sourcetitle": "ACS Nano"}}, {"ref-fulltext": "Dungchai, W., Chailapakul, O., Henry, C.S., Anal. Chem. 81:14 (2009), 5821\u20135826.", "@id": "7", "ref-info": {"ref-publicationyear": {"@first": "2009"}, "refd-itemidlist": {"itemid": [{"$": "bib7", "@idtype": "FRAGMENTID"}, {"$": "67650725811", "@idtype": "SGR"}]}, "ref-volisspag": {"voliss": {"@volume": "81", "@issue": "14"}, "pagerange": {"@first": "5821", "@last": "5826"}}, "ref-authors": {"author": [{"@seq": "1", "ce:initials": "W.", "@_fa": "true", "ce:surname": "Dungchai", "ce:indexed-name": "Dungchai W."}, {"@seq": "2", "ce:initials": "O.", "@_fa": "true", "ce:surname": "Chailapakul", "ce:indexed-name": "Chailapakul O."}, {"@seq": "3", "ce:initials": "C.S.", "@_fa": "true", "ce:surname": "Henry", "ce:indexed-name": "Henry C.S."}]}, "ref-sourcetitle": "Anal. Chem."}}, {"ref-fulltext": "Fang, B., Gu, A., Wang, G., Wang, W., Feng, Y., Zhang, C., Zhang, X., ACS Appl. Mater. Interfaces 1:12 (2009), 2829\u20132834.", "@id": "8", "ref-info": {"ref-publicationyear": {"@first": "2009"}, "refd-itemidlist": {"itemid": [{"$": "bib8", "@idtype": "FRAGMENTID"}, {"$": "77951216326", "@idtype": "SGR"}]}, "ref-volisspag": {"voliss": {"@volume": "1", "@issue": "12"}, "pagerange": {"@first": "2829", "@last": "2834"}}, "ref-authors": {"author": [{"@seq": "1", "ce:initials": "B.", "@_fa": "true", "ce:surname": "Fang", "ce:indexed-name": "Fang B."}, {"@seq": "2", "ce:initials": "A.", "@_fa": "true", "ce:surname": "Gu", "ce:indexed-name": "Gu A."}, {"@seq": "3", "ce:initials": "G.", "@_fa": "true", "ce:surname": "Wang", "ce:indexed-name": "Wang G."}, {"@seq": "4", "ce:initials": "W.", "@_fa": "true", "ce:surname": "Wang", "ce:indexed-name": "Wang W."}, {"@seq": "5", "ce:initials": "Y.", "@_fa": "true", "ce:surname": "Feng", "ce:indexed-name": "Feng Y."}, {"@seq": "6", "ce:initials": "C.", "@_fa": "true", "ce:surname": "Zhang", "ce:indexed-name": "Zhang C."}, {"@seq": "7", "ce:initials": "X.", "@_fa": "true", "ce:surname": "Zhang", "ce:indexed-name": "Zhang X."}]}, "ref-sourcetitle": "ACS Appl. Mater. Interfaces"}}, {"ref-fulltext": "Gao, H., Xiao, F., Ching, C.B., Duan, H., ACS Appl. Mater. Interfaces 3:8 (2011), 3049\u20133057.", "@id": "9", "ref-info": {"ref-publicationyear": {"@first": "2011"}, "refd-itemidlist": {"itemid": [{"$": "bib9", "@idtype": "FRAGMENTID"}, {"$": "81755181847", "@idtype": "SGR"}]}, "ref-volisspag": {"voliss": {"@volume": "3", "@issue": "8"}, "pagerange": {"@first": "3049", "@last": "3057"}}, "ref-authors": {"author": [{"@seq": "1", "ce:initials": "H.", "@_fa": "true", "ce:surname": "Gao", "ce:indexed-name": "Gao H."}, {"@seq": "2", "ce:initials": "F.", "@_fa": "true", "ce:surname": "Xiao", "ce:indexed-name": "Xiao F."}, {"@seq": "3", "ce:initials": "C.B.", "@_fa": "true", "ce:surname": "Ching", "ce:indexed-name": "Ching C.B."}, {"@seq": "4", "ce:initials": "H.", "@_fa": "true", "ce:surname": "Duan", "ce:indexed-name": "Duan H."}]}, "ref-sourcetitle": "ACS Appl. Mater. Interfaces"}}, {"ref-fulltext": "Ghanem, M.A., Compton, R.G., Coles, B.A., Canals, A., Vuorema, A., John, P., Marken, F., Phys. Chem. Chem. Phys. 7:20 (2005), 3552\u20133559.", "@id": "10", "ref-info": {"ref-publicationyear": {"@first": "2005"}, "refd-itemidlist": {"itemid": [{"$": "bib10", "@idtype": "FRAGMENTID"}, {"$": "27644566138", "@idtype": "SGR"}]}, "ref-volisspag": {"voliss": {"@volume": "7", "@issue": "20"}, "pagerange": {"@first": "3552", "@last": "3559"}}, "ref-authors": {"author": [{"@seq": "1", "ce:initials": "M.A.", "@_fa": "true", "ce:surname": "Ghanem", "ce:indexed-name": "Ghanem M.A."}, {"@seq": "2", "ce:initials": "R.G.", "@_fa": "true", "ce:surname": "Compton", "ce:indexed-name": "Compton R.G."}, {"@seq": "3", "ce:initials": "B.A.", "@_fa": "true", "ce:surname": "Coles", "ce:indexed-name": "Coles B.A."}, {"@seq": "4", "ce:initials": "A.", "@_fa": "true", "ce:surname": "Canals", "ce:indexed-name": "Canals A."}, {"@seq": "5", "ce:initials": "A.", "@_fa": "true", "ce:surname": "Vuorema", "ce:indexed-name": "Vuorema A."}, {"@seq": "6", "ce:initials": "P.", "@_fa": "true", "ce:surname": "John", "ce:indexed-name": "John P."}, {"@seq": "7", "ce:initials": "F.", "@_fa": "true", "ce:surname": "Marken", "ce:indexed-name": "Marken F."}]}, "ref-sourcetitle": "Phys. Chem. Chem. Phys."}}, {"ref-fulltext": "Hrapovic, S., Liu, Y., Male, K.B., Luong, J.H.T., Anal. Chem. 76:4 (2004), 1083\u20131088.", "@id": "11", "ref-info": {"ref-publicationyear": {"@first": "2004"}, "refd-itemidlist": {"itemid": [{"$": "bib11", "@idtype": "FRAGMENTID"}, {"$": "1242299760", "@idtype": "SGR"}]}, "ref-volisspag": {"voliss": {"@volume": "76", "@issue": "4"}, "pagerange": {"@first": "1083", "@last": "1088"}}, "ref-authors": {"author": [{"@seq": "1", "ce:initials": "S.", "@_fa": "true", "ce:surname": "Hrapovic", "ce:indexed-name": "Hrapovic S."}, {"@seq": "2", "ce:initials": "Y.", "@_fa": "true", "ce:surname": "Liu", "ce:indexed-name": "Liu Y."}, {"@seq": "3", "ce:initials": "K.B.", "@_fa": "true", "ce:surname": "Male", "ce:indexed-name": "Male K.B."}, {"@seq": "4", "ce:initials": "J.H.T.", "@_fa": "true", "ce:surname": "Luong", "ce:indexed-name": "Luong J.H.T."}]}, "ref-sourcetitle": "Anal. Chem."}}, {"ref-fulltext": "Hu, Y., Zhang, H., Wu, P., Zhang, H., Zhou, B., Cai, C., Phys. Chem. Chem. Phys. 13:9 (2011), 4083\u20134094.", "@id": "12", "ref-info": {"ref-publicationyear": {"@first": "2011"}, "refd-itemidlist": {"itemid": [{"$": "bib12", "@idtype": "FRAGMENTID"}, {"$": "79952423387", "@idtype": "SGR"}]}, "ref-volisspag": {"voliss": {"@volume": "13", "@issue": "9"}, "pagerange": {"@first": "4083", "@last": "4094"}}, "ref-authors": {"author": [{"@seq": "1", "ce:initials": "Y.", "@_fa": "true", "ce:surname": "Hu", "ce:indexed-name": "Hu Y."}, {"@seq": "2", "ce:initials": "H.", "@_fa": "true", "ce:surname": "Zhang", "ce:indexed-name": "Zhang H."}, {"@seq": "3", "ce:initials": "P.", "@_fa": "true", "ce:surname": "Wu", "ce:indexed-name": "Wu P."}, {"@seq": "4", "ce:initials": "H.", "@_fa": "true", "ce:surname": "Zhang", "ce:indexed-name": "Zhang H."}, {"@seq": "5", "ce:initials": "B.", "@_fa": "true", "ce:surname": "Zhou", "ce:indexed-name": "Zhou B."}, {"@seq": "6", "ce:initials": "C.", "@_fa": "true", "ce:surname": "Cai", "ce:indexed-name": "Cai C."}]}, "ref-sourcetitle": "Phys. Chem. Chem. Phys."}}, {"ref-fulltext": "Huang, T.-K., Lin, K.-W., Tung, S.-P., Cheng, T.-M., Chang, I.C., Hsieh, Y.-Z., Lee, C.-Y., Chiu, H.-T., J. Electroanal. Chem. 636:1\u20132 (2009), 123\u2013127.", "@id": "13", "ref-info": {"ref-publicationyear": {"@first": "2009"}, "refd-itemidlist": {"itemid": [{"$": "bib13", "@idtype": "FRAGMENTID"}, {"$": "70350475263", "@idtype": "SGR"}]}, "ref-volisspag": {"voliss": {"@volume": "636", "@issue": "1-2"}, "pagerange": {"@first": "123", "@last": "127"}}, "ref-authors": {"author": [{"@seq": "1", "ce:initials": "T.-K.", "@_fa": "true", "ce:surname": "Huang", "ce:indexed-name": "Huang T.-K."}, {"@seq": "2", "ce:initials": "K.-W.", "@_fa": "true", "ce:surname": "Lin", "ce:indexed-name": "Lin K.-W."}, {"@seq": "3", "ce:initials": "S.-P.", "@_fa": "true", "ce:surname": "Tung", "ce:indexed-name": "Tung S.-P."}, {"@seq": "4", "ce:initials": "T.-M.", "@_fa": "true", "ce:surname": "Cheng", "ce:indexed-name": "Cheng T.-M."}, {"@seq": "5", "ce:initials": "I.C.", "@_fa": "true", "ce:surname": "Chang", "ce:indexed-name": "Chang I.C."}, {"@seq": "6", "ce:initials": "Y.-Z.", "@_fa": "true", "ce:surname": "Hsieh", "ce:indexed-name": "Hsieh Y.-Z."}, {"@seq": "7", "ce:initials": "C.-Y.", "@_fa": "true", "ce:surname": "Lee", "ce:indexed-name": "Lee C.-Y."}, {"@seq": "8", "ce:initials": "H.-T.", "@_fa": "true", "ce:surname": "Chiu", "ce:indexed-name": "Chiu H.-T."}]}, "ref-sourcetitle": "J. Electroanal. Chem."}}, {"ref-fulltext": "Jiang, L.C., Zhang, W.D., Biosens. Bioelectron. 25:6 (2010), 1402\u20131407.", "@id": "14", "ref-info": {"ref-publicationyear": {"@first": "2010"}, "refd-itemidlist": {"itemid": [{"$": "bib14", "@idtype": "FRAGMENTID"}, {"$": "73449123342", "@idtype": "SGR"}]}, "ref-volisspag": {"voliss": {"@volume": "25", "@issue": "6"}, "pagerange": {"@first": "1402", "@last": "1407"}}, "ref-authors": {"author": [{"@seq": "1", "ce:initials": "L.C.", "@_fa": "true", "ce:surname": "Jiang", "ce:indexed-name": "Jiang L.C."}, {"@seq": "2", "ce:initials": "W.D.", "@_fa": "true", "ce:surname": "Zhang", "ce:indexed-name": "Zhang W.D."}]}, "ref-sourcetitle": "Biosens. Bioelectron."}}, {"ref-fulltext": "Kang, X., Mai, Z., Zou, X., Cai, P., Mo, J., Anal. Biochem. 363:1 (2007), 143\u2013150.", "@id": "15", "ref-info": {"ref-publicationyear": {"@first": "2007"}, "refd-itemidlist": {"itemid": [{"$": "bib15", "@idtype": "FRAGMENTID"}, {"$": "33847343341", "@idtype": "SGR"}]}, "ref-volisspag": {"voliss": {"@volume": "363", "@issue": "1"}, "pagerange": {"@first": "143", "@last": "150"}}, "ref-authors": {"author": [{"@seq": "1", "ce:initials": "X.", "@_fa": "true", "ce:surname": "Kang", "ce:indexed-name": "Kang X."}, {"@seq": "2", "ce:initials": "Z.", "@_fa": "true", "ce:surname": "Mai", "ce:indexed-name": "Mai Z."}, {"@seq": "3", "ce:initials": "X.", "@_fa": "true", "ce:surname": "Zou", "ce:indexed-name": "Zou X."}, {"@seq": "4", "ce:initials": "P.", "@_fa": "true", "ce:surname": "Cai", "ce:indexed-name": "Cai P."}, {"@seq": "5", "ce:initials": "J.", "@_fa": "true", "ce:surname": "Mo", "ce:indexed-name": "Mo J."}]}, "ref-sourcetitle": "Anal. Biochem."}}, {"ref-fulltext": "Karra, S., Wooten, M., Griffith, W., Gorski, W., Electrochim. Acta 218 (2016), 8\u201314.", "@id": "16", "ref-info": {"ref-publicationyear": {"@first": "2016"}, "refd-itemidlist": {"itemid": [{"$": "bib16", "@idtype": "FRAGMENTID"}, {"$": "84988568619", "@idtype": "SGR"}]}, "ref-volisspag": {"voliss": {"@volume": "218"}, "pagerange": {"@first": "8", "@last": "14"}}, "ref-authors": {"author": [{"@seq": "1", "ce:initials": "S.", "@_fa": "true", "ce:surname": "Karra", "ce:indexed-name": "Karra S."}, {"@seq": "2", "ce:initials": "M.", "@_fa": "true", "ce:surname": "Wooten", "ce:indexed-name": "Wooten M."}, {"@seq": "3", "ce:initials": "W.", "@_fa": "true", "ce:surname": "Griffith", "ce:indexed-name": "Griffith W."}, {"@seq": "4", "ce:initials": "W.", "@_fa": "true", "ce:surname": "Gorski", "ce:indexed-name": "Gorski W."}]}, "ref-sourcetitle": "Electrochim. Acta"}}, {"ref-fulltext": "Li, H., Guo, C.-Y., Xu, C.-L., Biosens. Bioelectron. 63 (2015), 339\u2013346.", "@id": "17", "ref-info": {"ref-publicationyear": {"@first": "2015"}, "refd-itemidlist": {"itemid": [{"$": "bib17", "@idtype": "FRAGMENTID"}, {"$": "84905668789", "@idtype": "SGR"}]}, "ref-volisspag": {"voliss": {"@volume": "63"}, "pagerange": {"@first": "339", "@last": "346"}}, "ref-authors": {"author": [{"@seq": "1", "ce:initials": "H.", "@_fa": "true", "ce:surname": "Li", "ce:indexed-name": "Li H."}, {"@seq": "2", "ce:initials": "C.-Y.", "@_fa": "true", "ce:surname": "Guo", "ce:indexed-name": "Guo C.-Y."}, {"@seq": "3", "ce:initials": "C.-L.", "@_fa": "true", "ce:surname": "Xu", "ce:indexed-name": "Xu C.-L."}]}, "ref-sourcetitle": "Biosens. Bioelectron."}}, {"ref-fulltext": "Li, M., Bo, X., Mu, Z., Zhang, Y., Guo, L., Sens. Actuator B-Chem. 192 (2014), 261\u2013268.", "@id": "18", "ref-info": {"ref-publicationyear": {"@first": "2014"}, "refd-itemidlist": {"itemid": [{"$": "bib18", "@idtype": "FRAGMENTID"}, {"$": "84888616370", "@idtype": "SGR"}]}, "ref-volisspag": {"voliss": {"@volume": "192"}, "pagerange": {"@first": "261", "@last": "268"}}, "ref-authors": {"author": [{"@seq": "1", "ce:initials": "M.", "@_fa": "true", "ce:surname": "Li", "ce:indexed-name": "Li M."}, {"@seq": "2", "ce:initials": "X.", "@_fa": "true", "ce:surname": "Bo", "ce:indexed-name": "Bo X."}, {"@seq": "3", "ce:initials": "Z.", "@_fa": "true", "ce:surname": "Mu", "ce:indexed-name": "Mu Z."}, {"@seq": "4", "ce:initials": "Y.", "@_fa": "true", "ce:surname": "Zhang", "ce:indexed-name": "Zhang Y."}, {"@seq": "5", "ce:initials": "L.", "@_fa": "true", "ce:surname": "Guo", "ce:indexed-name": "Guo L."}]}, "ref-sourcetitle": "Sens. Actuator B-Chem."}}, {"ref-fulltext": "Li, M., Bo, X., Zhang, Y., Han, C., Guo, L., Biosens. Bioelectron. 56 (2014), 223\u2013230.", "@id": "19", "ref-info": {"ref-publicationyear": {"@first": "2014"}, "refd-itemidlist": {"itemid": [{"$": "bib19", "@idtype": "FRAGMENTID"}, {"$": "84893463729", "@idtype": "SGR"}]}, "ref-volisspag": {"voliss": {"@volume": "56"}, "pagerange": {"@first": "223", "@last": "230"}}, "ref-authors": {"author": [{"@seq": "1", "ce:initials": "M.", "@_fa": "true", "ce:surname": "Li", "ce:indexed-name": "Li M."}, {"@seq": "2", "ce:initials": "X.", "@_fa": "true", "ce:surname": "Bo", "ce:indexed-name": "Bo X."}, {"@seq": "3", "ce:initials": "Y.", "@_fa": "true", "ce:surname": "Zhang", "ce:indexed-name": "Zhang Y."}, {"@seq": "4", "ce:initials": "C.", "@_fa": "true", "ce:surname": "Han", "ce:indexed-name": "Han C."}, {"@seq": "5", "ce:initials": "L.", "@_fa": "true", "ce:surname": "Guo", "ce:indexed-name": "Guo L."}]}, "ref-sourcetitle": "Biosens. Bioelectron."}}, {"ref-fulltext": "Li, M., Liu, L., Xiong, Y., Liu, X., Nsabimana, A., Bo, X., Guo, L., Sens. Actuator B-Chem. 207:Part A (2015), 614\u2013622.", "@id": "20", "ref-info": {"ref-publicationyear": {"@first": "2015"}, "refd-itemidlist": {"itemid": [{"$": "bib20", "@idtype": "FRAGMENTID"}, {"$": "84914169767", "@idtype": "SGR"}]}, "ref-volisspag": {"voliss": {"@volume": "207"}, "pagerange": {"@first": "614", "@last": "622"}}, "ref-authors": {"author": [{"@seq": "1", "ce:initials": "M.", "@_fa": "true", "ce:surname": "Li", "ce:indexed-name": "Li M."}, {"@seq": "2", "ce:initials": "L.", "@_fa": "true", "ce:surname": "Liu", "ce:indexed-name": "Liu L."}, {"@seq": "3", "ce:initials": "Y.", "@_fa": "true", "ce:surname": "Xiong", "ce:indexed-name": "Xiong Y."}, {"@seq": "4", "ce:initials": "X.", "@_fa": "true", "ce:surname": "Liu", "ce:indexed-name": "Liu X."}, {"@seq": "5", "ce:initials": "A.", "@_fa": "true", "ce:surname": "Nsabimana", "ce:indexed-name": "Nsabimana A."}, {"@seq": "6", "ce:initials": "X.", "@_fa": "true", "ce:surname": "Bo", "ce:indexed-name": "Bo X."}, {"@seq": "7", "ce:initials": "L.", "@_fa": "true", "ce:surname": "Guo", "ce:indexed-name": "Guo L."}]}, "ref-sourcetitle": "Sens. Actuator B-Chem."}}, {"ref-fulltext": "Lin, Y., Lu, F., Tu, Y., Ren, Z., Nano Lett. 4:2 (2004), 191\u2013195.", "@id": "21", "ref-info": {"ref-publicationyear": {"@first": "2004"}, "refd-itemidlist": {"itemid": [{"$": "bib21", "@idtype": "FRAGMENTID"}, {"$": "1442348967", "@idtype": "SGR"}]}, "ref-volisspag": {"voliss": {"@volume": "4", "@issue": "2"}, "pagerange": {"@first": "191", "@last": "195"}}, "ref-authors": {"author": [{"@seq": "1", "ce:initials": "Y.", "@_fa": "true", "ce:surname": "Lin", "ce:indexed-name": "Lin Y."}, {"@seq": "2", "ce:initials": "F.", "@_fa": "true", "ce:surname": "Lu", "ce:indexed-name": "Lu F."}, {"@seq": "3", "ce:initials": "Y.", "@_fa": "true", "ce:surname": "Tu", "ce:indexed-name": "Tu Y."}, {"@seq": "4", "ce:initials": "Z.", "@_fa": "true", "ce:surname": "Ren", "ce:indexed-name": "Ren Z."}]}, "ref-sourcetitle": "Nano Lett."}}, {"ref-fulltext": "Liu, G.-q., Zhong, H., Li, X.-r., Yang, K., Jia, F.-f., Cheng, Z.-p., Zhang, L.-l., Yin, J.-z., Guo, L.-p., Qian, H.-y., Sens. Actuator B-Chem. 242 (2017), 484\u2013491.", "@id": "22", "ref-info": {"ref-publicationyear": {"@first": "2017"}, "refd-itemidlist": {"itemid": [{"$": "bib22", "@idtype": "FRAGMENTID"}, {"$": "84996615251", "@idtype": "SGR"}]}, "ref-volisspag": {"voliss": {"@volume": "242"}, "pagerange": {"@first": "484", "@last": "491"}}, "ref-authors": {"author": [{"@seq": "1", "ce:initials": "G.-Q.", "@_fa": "true", "ce:surname": "Liu", "ce:indexed-name": "Liu G.-Q."}, {"@seq": "2", "ce:initials": "H.", "@_fa": "true", "ce:surname": "Zhong", "ce:indexed-name": "Zhong H."}, {"@seq": "3", "ce:initials": "X.-R.", "@_fa": "true", "ce:surname": "Li", "ce:indexed-name": "Li X.-R."}, {"@seq": "4", "ce:initials": "K.", "@_fa": "true", "ce:surname": "Yang", "ce:indexed-name": "Yang K."}, {"@seq": "5", "ce:initials": "F.-F.", "@_fa": "true", "ce:surname": "Jia", "ce:indexed-name": "Jia F.-F."}, {"@seq": "6", "ce:initials": "Z.-P.", "@_fa": "true", "ce:surname": "Cheng", "ce:indexed-name": "Cheng Z.-P."}, {"@seq": "7", "ce:initials": "L.-L.", "@_fa": "true", "ce:surname": "Zhang", "ce:indexed-name": "Zhang L.-L."}, {"@seq": "8", "ce:initials": "J.-Z.", "@_fa": "true", "ce:surname": "Yin", "ce:indexed-name": "Yin J.-Z."}, {"@seq": "9", "ce:initials": "L.-P.", "@_fa": "true", "ce:surname": "Guo", "ce:indexed-name": "Guo L.-P."}, {"@seq": "10", "ce:initials": "H.-Y.", "@_fa": "true", "ce:surname": "Qian", "ce:indexed-name": "Qian H.-Y."}]}, "ref-sourcetitle": "Sens. Actuator B-Chem."}}, {"ref-fulltext": "Luo, J., Maye, M.M., Petkov, V., Kariuki, N.N., Wang, L., Njoki, P., Mott, D., Lin, Y., Zhong, C.-J., Chem. Mater. 17:12 (2005), 3086\u20133091.", "@id": "23", "ref-info": {"ref-publicationyear": {"@first": "2005"}, "refd-itemidlist": {"itemid": [{"$": "bib23", "@idtype": "FRAGMENTID"}, {"$": "20744446156", "@idtype": "SGR"}]}, "ref-volisspag": {"voliss": {"@volume": "17", "@issue": "12"}, "pagerange": {"@first": "3086", "@last": "3091"}}, "ref-authors": {"author": [{"@seq": "1", "ce:initials": "J.", "@_fa": "true", "ce:surname": "Luo", "ce:indexed-name": "Luo J."}, {"@seq": "2", "ce:initials": "M.M.", "@_fa": "true", "ce:surname": "Maye", "ce:indexed-name": "Maye M.M."}, {"@seq": "3", "ce:initials": "V.", "@_fa": "true", "ce:surname": "Petkov", "ce:indexed-name": "Petkov V."}, {"@seq": "4", "ce:initials": "N.N.", "@_fa": "true", "ce:surname": "Kariuki", "ce:indexed-name": "Kariuki N.N."}, {"@seq": "5", "ce:initials": "L.", "@_fa": "true", "ce:surname": "Wang", "ce:indexed-name": "Wang L."}, {"@seq": "6", "ce:initials": "P.", "@_fa": "true", "ce:surname": "Njoki", "ce:indexed-name": "Njoki P."}, {"@seq": "7", "ce:initials": "D.", "@_fa": "true", "ce:surname": "Mott", "ce:indexed-name": "Mott D."}, {"@seq": "8", "ce:initials": "Y.", "@_fa": "true", "ce:surname": "Lin", "ce:indexed-name": "Lin Y."}, {"@seq": "9", "ce:initials": "C.-J.", "@_fa": "true", "ce:surname": "Zhong", "ce:indexed-name": "Zhong C.-J."}]}, "ref-sourcetitle": "Chem. Mater."}}, {"ref-fulltext": "Madhu, R., Veeramani, V., Chen, S.-M., Manikandan, A., Lo, A.-Y., Chueh, Y.-L., ACS Appl. Mater. Interfaces 7:29 (2015), 15812\u201315820.", "@id": "24", "ref-info": {"ref-publicationyear": {"@first": "2015"}, "refd-itemidlist": {"itemid": [{"$": "bib24", "@idtype": "FRAGMENTID"}, {"$": "84938366818", "@idtype": "SGR"}]}, "ref-volisspag": {"voliss": {"@volume": "7", "@issue": "29"}, "pagerange": {"@first": "15812", "@last": "15820"}}, "ref-authors": {"author": [{"@seq": "1", "ce:initials": "R.", "@_fa": "true", "ce:surname": "Madhu", "ce:indexed-name": "Madhu R."}, {"@seq": "2", "ce:initials": "V.", "@_fa": "true", "ce:surname": "Veeramani", "ce:indexed-name": "Veeramani V."}, {"@seq": "3", "ce:initials": "S.-M.", "@_fa": "true", "ce:surname": "Chen", "ce:indexed-name": "Chen S.-M."}, {"@seq": "4", "ce:initials": "A.", "@_fa": "true", "ce:surname": "Manikandan", "ce:indexed-name": "Manikandan A."}, {"@seq": "5", "ce:initials": "A.-Y.", "@_fa": "true", "ce:surname": "Lo", "ce:indexed-name": "Lo A.-Y."}, {"@seq": "6", "ce:initials": "Y.-L.", "@_fa": "true", "ce:surname": "Chueh", "ce:indexed-name": "Chueh Y.-L."}]}, "ref-sourcetitle": "ACS Appl. Mater. Interfaces"}}, {"ref-fulltext": "Meng, L., Jin, J., Yang, G., Lu, T., Zhang, H., Cai, C., Anal. Chem. 81:17 (2009), 7271\u20137280.", "@id": "25", "ref-info": {"ref-publicationyear": {"@first": "2009"}, "refd-itemidlist": {"itemid": [{"$": "bib25", "@idtype": "FRAGMENTID"}, {"$": "69749097620", "@idtype": "SGR"}]}, "ref-volisspag": {"voliss": {"@volume": "81", "@issue": "17"}, "pagerange": {"@first": "7271", "@last": "7280"}}, "ref-authors": {"author": [{"@seq": "1", "ce:initials": "L.", "@_fa": "true", "ce:surname": "Meng", "ce:indexed-name": "Meng L."}, {"@seq": "2", "ce:initials": "J.", "@_fa": "true", "ce:surname": "Jin", "ce:indexed-name": "Jin J."}, {"@seq": "3", "ce:initials": "G.", "@_fa": "true", "ce:surname": "Yang", "ce:indexed-name": "Yang G."}, {"@seq": "4", "ce:initials": "T.", "@_fa": "true", "ce:surname": "Lu", "ce:indexed-name": "Lu T."}, {"@seq": "5", "ce:initials": "H.", "@_fa": "true", "ce:surname": "Zhang", "ce:indexed-name": "Zhang H."}, {"@seq": "6", "ce:initials": "C.", "@_fa": "true", "ce:surname": "Cai", "ce:indexed-name": "Cai C."}]}, "ref-sourcetitle": "Anal. Chem."}}, {"ref-fulltext": "Niu, X., Lan, M., Zhao, H., Chen, C., Anal. Chem. 85:7 (2013), 3561\u20133569.", "@id": "26", "ref-info": {"ref-publicationyear": {"@first": "2013"}, "refd-itemidlist": {"itemid": [{"$": "bib26", "@idtype": "FRAGMENTID"}, {"$": "84875762344", "@idtype": "SGR"}]}, "ref-volisspag": {"voliss": {"@volume": "85", "@issue": "7"}, "pagerange": {"@first": "3561", "@last": "3569"}}, "ref-authors": {"author": [{"@seq": "1", "ce:initials": "X.", "@_fa": "true", "ce:surname": "Niu", "ce:indexed-name": "Niu X."}, {"@seq": "2", "ce:initials": "M.", "@_fa": "true", "ce:surname": "Lan", "ce:indexed-name": "Lan M."}, {"@seq": "3", "ce:initials": "H.", "@_fa": "true", "ce:surname": "Zhao", "ce:indexed-name": "Zhao H."}, {"@seq": "4", "ce:initials": "C.", "@_fa": "true", "ce:surname": "Chen", "ce:indexed-name": "Chen C."}]}, "ref-sourcetitle": "Anal. Chem."}}, {"ref-fulltext": "Park, S., Chung, T.D., Kim, H.C., Anal. Chem. 75:13 (2003), 3046\u20133049.", "@id": "27", "ref-info": {"ref-publicationyear": {"@first": "2003"}, "refd-itemidlist": {"itemid": [{"$": "bib27", "@idtype": "FRAGMENTID"}, {"$": "0038677386", "@idtype": "SGR"}]}, "ref-volisspag": {"voliss": {"@volume": "75", "@issue": "13"}, "pagerange": {"@first": "3046", "@last": "3049"}}, "ref-authors": {"author": [{"@seq": "1", "ce:initials": "S.", "@_fa": "true", "ce:surname": "Park", "ce:indexed-name": "Park S."}, {"@seq": "2", "ce:initials": "T.D.", "@_fa": "true", "ce:surname": "Chung", "ce:indexed-name": "Chung T.D."}, {"@seq": "3", "ce:initials": "H.C.", "@_fa": "true", "ce:surname": "Kim", "ce:indexed-name": "Kim H.C."}]}, "ref-sourcetitle": "Anal. Chem."}}, {"ref-fulltext": "Park, S., Boo, H., Chung, T.D., Anal. Chim. Acta 556:1 (2006), 46\u201357.", "@id": "28", "ref-info": {"ref-publicationyear": {"@first": "2006"}, "refd-itemidlist": {"itemid": [{"$": "bib28", "@idtype": "FRAGMENTID"}, {"$": "29944443113", "@idtype": "SGR"}]}, "ref-volisspag": {"voliss": {"@volume": "556", "@issue": "1"}, "pagerange": {"@first": "46", "@last": "57"}}, "ref-authors": {"author": [{"@seq": "1", "ce:initials": "S.", "@_fa": "true", "ce:surname": "Park", "ce:indexed-name": "Park S."}, {"@seq": "2", "ce:initials": "H.", "@_fa": "true", "ce:surname": "Boo", "ce:indexed-name": "Boo H."}, {"@seq": "3", "ce:initials": "T.D.", "@_fa": "true", "ce:surname": "Chung", "ce:indexed-name": "Chung T.D."}]}, "ref-sourcetitle": "Anal. Chim. Acta"}}, {"ref-fulltext": "Prasad, R., Bhat, B.R., Sens. Actuator B-Chem. 220 (2015), 81\u201390.", "@id": "29", "ref-info": {"ref-publicationyear": {"@first": "2015"}, "refd-itemidlist": {"itemid": [{"$": "bib29", "@idtype": "FRAGMENTID"}, {"$": "84930685265", "@idtype": "SGR"}]}, "ref-volisspag": {"voliss": {"@volume": "220"}, "pagerange": {"@first": "81", "@last": "90"}}, "ref-authors": {"author": [{"@seq": "1", "ce:initials": "R.", "@_fa": "true", "ce:surname": "Prasad", "ce:indexed-name": "Prasad R."}, {"@seq": "2", "ce:initials": "B.R.", "@_fa": "true", "ce:surname": "Bhat", "ce:indexed-name": "Bhat B.R."}]}, "ref-sourcetitle": "Sens. Actuator B-Chem."}}, {"ref-fulltext": "Qin, L., He, L., Zhao, J., Zhao, B., Yin, Y., Yang, Y., Sens. Actuator B-Chem. 240 (2017), 779\u2013784.", "@id": "30", "ref-info": {"ref-publicationyear": {"@first": "2017"}, "refd-itemidlist": {"itemid": [{"$": "bib30", "@idtype": "FRAGMENTID"}, {"$": "84990214228", "@idtype": "SGR"}]}, "ref-volisspag": {"voliss": {"@volume": "240"}, "pagerange": {"@first": "779", "@last": "784"}}, "ref-authors": {"author": [{"@seq": "1", "ce:initials": "L.", "@_fa": "true", "ce:surname": "Qin", "ce:indexed-name": "Qin L."}, {"@seq": "2", "ce:initials": "L.", "@_fa": "true", "ce:surname": "He", "ce:indexed-name": "He L."}, {"@seq": "3", "ce:initials": "J.", "@_fa": "true", "ce:surname": "Zhao", "ce:indexed-name": "Zhao J."}, {"@seq": "4", "ce:initials": "B.", "@_fa": "true", "ce:surname": "Zhao", "ce:indexed-name": "Zhao B."}, {"@seq": "5", "ce:initials": "Y.", "@_fa": "true", "ce:surname": "Yin", "ce:indexed-name": "Yin Y."}, {"@seq": "6", "ce:initials": "Y.", "@_fa": "true", "ce:surname": "Yang", "ce:indexed-name": "Yang Y."}]}, "ref-sourcetitle": "Sens. Actuator B-Chem."}}, {"ref-fulltext": "Sheng, Q., Mei, H., Wu, H., Zhang, X., Wang, S., Sens. Actuator B-Chem. 203 (2014), 588\u2013595.", "@id": "31", "ref-info": {"ref-publicationyear": {"@first": "2014"}, "refd-itemidlist": {"itemid": [{"$": "bib31", "@idtype": "FRAGMENTID"}, {"$": "84904976567", "@idtype": "SGR"}]}, "ref-volisspag": {"voliss": {"@volume": "203"}, "pagerange": {"@first": "588", "@last": "595"}}, "ref-authors": {"author": [{"@seq": "1", "ce:initials": "Q.", "@_fa": "true", "ce:surname": "Sheng", "ce:indexed-name": "Sheng Q."}, {"@seq": "2", "ce:initials": "H.", "@_fa": "true", "ce:surname": "Mei", "ce:indexed-name": "Mei H."}, {"@seq": "3", "ce:initials": "H.", "@_fa": "true", "ce:surname": "Wu", "ce:indexed-name": "Wu H."}, {"@seq": "4", "ce:initials": "X.", "@_fa": "true", "ce:surname": "Zhang", "ce:indexed-name": "Zhang X."}, {"@seq": "5", "ce:initials": "S.", "@_fa": "true", "ce:surname": "Wang", "ce:indexed-name": "Wang S."}]}, "ref-sourcetitle": "Sens. Actuator B-Chem."}}, {"ref-fulltext": "Singh, A.K., Xu, Q., ChemCatChem 5:3 (2013), 652\u2013676.", "@id": "32", "ref-info": {"ref-publicationyear": {"@first": "2013"}, "refd-itemidlist": {"itemid": [{"$": "bib32", "@idtype": "FRAGMENTID"}, {"$": "84874214611", "@idtype": "SGR"}]}, "ref-volisspag": {"voliss": {"@volume": "5", "@issue": "3"}, "pagerange": {"@first": "652", "@last": "676"}}, "ref-authors": {"author": [{"@seq": "1", "ce:initials": "A.K.", "@_fa": "true", "ce:surname": "Singh", "ce:indexed-name": "Singh A.K."}, {"@seq": "2", "ce:initials": "Q.", "@_fa": "true", "ce:surname": "Xu", "ce:indexed-name": "Xu Q."}]}, "ref-sourcetitle": "ChemCatChem"}}, {"ref-fulltext": "Song, Y.-Y., Zhang, D., Gao, W., Xia, X.-H., Chem. Eur. J. 11:7 (2005), 2177\u20132182.", "@id": "33", "ref-info": {"ref-publicationyear": {"@first": "2005"}, "refd-itemidlist": {"itemid": [{"$": "bib33", "@idtype": "FRAGMENTID"}, {"$": "15944409922", "@idtype": "SGR"}]}, "ref-volisspag": {"voliss": {"@volume": "11", "@issue": "7"}, "pagerange": {"@first": "2177", "@last": "2182"}}, "ref-authors": {"author": [{"@seq": "1", "ce:initials": "Y.-Y.", "@_fa": "true", "ce:surname": "Song", "ce:indexed-name": "Song Y.-Y."}, {"@seq": "2", "ce:initials": "D.", "@_fa": "true", "ce:surname": "Zhang", "ce:indexed-name": "Zhang D."}, {"@seq": "3", "ce:initials": "W.", "@_fa": "true", "ce:surname": "Gao", "ce:indexed-name": "Gao W."}, {"@seq": "4", "ce:initials": "X.-H.", "@_fa": "true", "ce:surname": "Xia", "ce:indexed-name": "Xia X.-H."}]}, "ref-sourcetitle": "Chem. Eur. J."}}, {"ref-fulltext": "Stephens, I.E.L., Bondarenko, A.S., Gronbjerg, U., Rossmeisl, J., Chorkendorff, I., Energy Environ. Sci. 5:5 (2012), 6744\u20136762.", "@id": "34", "ref-info": {"ref-publicationyear": {"@first": "2012"}, "refd-itemidlist": {"itemid": [{"$": "bib34", "@idtype": "FRAGMENTID"}, {"$": "84860362610", "@idtype": "SGR"}]}, "ref-volisspag": {"voliss": {"@volume": "5", "@issue": "5"}, "pagerange": {"@first": "6744", "@last": "6762"}}, "ref-authors": {"author": [{"@seq": "1", "ce:initials": "I.E.L.", "@_fa": "true", "ce:surname": "Stephens", "ce:indexed-name": "Stephens I.E.L."}, {"@seq": "2", "ce:initials": "A.S.", "@_fa": "true", "ce:surname": "Bondarenko", "ce:indexed-name": "Bondarenko A.S."}, {"@seq": "3", "ce:initials": "U.", "@_fa": "true", "ce:surname": "Gronbjerg", "ce:indexed-name": "Gronbjerg U."}, {"@seq": "4", "ce:initials": "J.", "@_fa": "true", "ce:surname": "Rossmeisl", "ce:indexed-name": "Rossmeisl J."}, {"@seq": "5", "ce:initials": "I.", "@_fa": "true", "ce:surname": "Chorkendorff", "ce:indexed-name": "Chorkendorff I."}]}, "ref-sourcetitle": "Energy Environ. Sci."}}, {"ref-fulltext": "Sun, S., Zhang, X., Sun, Y., Yang, S., Song, X., Yang, Z., ACS Appl. Mater. Interfaces 5:10 (2013), 4429\u20134437.", "@id": "35", "ref-info": {"ref-publicationyear": {"@first": "2013"}, "refd-itemidlist": {"itemid": [{"$": "bib35", "@idtype": "FRAGMENTID"}, {"$": "84878284649", "@idtype": "SGR"}]}, "ref-volisspag": {"voliss": {"@volume": "5", "@issue": "10"}, "pagerange": {"@first": "4429", "@last": "4437"}}, "ref-authors": {"author": [{"@seq": "1", "ce:initials": "S.", "@_fa": "true", "ce:surname": "Sun", "ce:indexed-name": "Sun S."}, {"@seq": "2", "ce:initials": "X.", "@_fa": "true", "ce:surname": "Zhang", "ce:indexed-name": "Zhang X."}, {"@seq": "3", "ce:initials": "Y.", "@_fa": "true", "ce:surname": "Sun", "ce:indexed-name": "Sun Y."}, {"@seq": "4", "ce:initials": "S.", "@_fa": "true", "ce:surname": "Yang", "ce:indexed-name": "Yang S."}, {"@seq": "5", "ce:initials": "X.", "@_fa": "true", "ce:surname": "Song", "ce:indexed-name": "Song X."}, {"@seq": "6", "ce:initials": "Z.", "@_fa": "true", "ce:surname": "Yang", "ce:indexed-name": "Yang Z."}]}, "ref-sourcetitle": "ACS Appl. Mater. Interfaces"}}, {"ref-fulltext": "Sun, Y., Buck, H., Mallouk, T.E., Anal. Chem. 73:7 (2001), 1599\u20131604.", "@id": "36", "ref-info": {"ref-publicationyear": {"@first": "2001"}, "refd-itemidlist": {"itemid": [{"$": "bib36", "@idtype": "FRAGMENTID"}, {"$": "0035298839", "@idtype": "SGR"}]}, "ref-volisspag": {"voliss": {"@volume": "73", "@issue": "7"}, "pagerange": {"@first": "1599", "@last": "1604"}}, "ref-authors": {"author": [{"@seq": "1", "ce:initials": "Y.", "@_fa": "true", "ce:surname": "Sun", "ce:indexed-name": "Sun Y."}, {"@seq": "2", "ce:initials": "H.", "@_fa": "true", "ce:surname": "Buck", "ce:indexed-name": "Buck H."}, {"@seq": "3", "ce:initials": "T.E.", "@_fa": "true", "ce:surname": "Mallouk", "ce:indexed-name": "Mallouk T.E."}]}, "ref-sourcetitle": "Anal. Chem."}}, {"ref-fulltext": "Thanh, T.D., Balamurugan, J., Lee, S.H., Kim, N.H., Lee, J.H., Biosens. Bioelectron. 81 (2016), 259\u2013267.", "@id": "37", "ref-info": {"ref-publicationyear": {"@first": "2016"}, "refd-itemidlist": {"itemid": [{"$": "bib37", "@idtype": "FRAGMENTID"}, {"$": "84960098463", "@idtype": "SGR"}]}, "ref-volisspag": {"voliss": {"@volume": "81"}, "pagerange": {"@first": "259", "@last": "267"}}, "ref-authors": {"author": [{"@seq": "1", "ce:initials": "T.D.", "@_fa": "true", "ce:surname": "Thanh", "ce:indexed-name": "Thanh T.D."}, {"@seq": "2", "ce:initials": "J.", "@_fa": "true", "ce:surname": "Balamurugan", "ce:indexed-name": "Balamurugan J."}, {"@seq": "3", "ce:initials": "S.H.", "@_fa": "true", "ce:surname": "Lee", "ce:indexed-name": "Lee S.H."}, {"@seq": "4", "ce:initials": "N.H.", "@_fa": "true", "ce:surname": "Kim", "ce:indexed-name": "Kim N.H."}, {"@seq": "5", "ce:initials": "J.H.", "@_fa": "true", "ce:surname": "Lee", "ce:indexed-name": "Lee J.H."}]}, "ref-sourcetitle": "Biosens. Bioelectron."}}, {"ref-fulltext": "Vassilyev, Y.B., Khazova, O.A., Nikolaeva, N.N., J. Electroanal. Chem. Interfacial Electrochem. 196:1 (1985), 105\u2013125.", "@id": "38", "ref-info": {"ref-publicationyear": {"@first": "1985"}, "refd-itemidlist": {"itemid": [{"$": "bib38", "@idtype": "FRAGMENTID"}, {"$": "0022188025", "@idtype": "SGR"}]}, "ref-volisspag": {"voliss": {"@volume": "196", "@issue": "1"}, "pagerange": {"@first": "105", "@last": "125"}}, "ref-authors": {"author": [{"@seq": "1", "ce:initials": "Y.B.", "@_fa": "true", "ce:surname": "Vassilyev", "ce:indexed-name": "Vassilyev Y.B."}, {"@seq": "2", "ce:initials": "O.A.", "@_fa": "true", "ce:surname": "Khazova", "ce:indexed-name": "Khazova O.A."}, {"@seq": "3", "ce:initials": "N.N.", "@_fa": "true", "ce:surname": "Nikolaeva", "ce:indexed-name": "Nikolaeva N.N."}]}, "ref-sourcetitle": "J. Electroanal. Chem. Interfacial Electrochem."}}, {"ref-fulltext": "Veeramani, V., Madhu, R., Chen, S.-M., Veerakumar, P., Hung, C.-T., Liu, S.-B., Sens. Actuator B-Chem. 221 (2015), 1384\u20131390.", "@id": "39", "ref-info": {"ref-publicationyear": {"@first": "2015"}, "refd-itemidlist": {"itemid": [{"$": "bib39", "@idtype": "FRAGMENTID"}, {"$": "84939864468", "@idtype": "SGR"}]}, "ref-volisspag": {"voliss": {"@volume": "221"}, "pagerange": {"@first": "1384", "@last": "1390"}}, "ref-authors": {"author": [{"@seq": "1", "ce:initials": "V.", "@_fa": "true", "ce:surname": "Veeramani", "ce:indexed-name": "Veeramani V."}, {"@seq": "2", "ce:initials": "R.", "@_fa": "true", "ce:surname": "Madhu", "ce:indexed-name": "Madhu R."}, {"@seq": "3", "ce:initials": "S.-M.", "@_fa": "true", "ce:surname": "Chen", "ce:indexed-name": "Chen S.-M."}, {"@seq": "4", "ce:initials": "P.", "@_fa": "true", "ce:surname": "Veerakumar", "ce:indexed-name": "Veerakumar P."}, {"@seq": "5", "ce:initials": "C.-T.", "@_fa": "true", "ce:surname": "Hung", "ce:indexed-name": "Hung C.-T."}, {"@seq": "6", "ce:initials": "S.-B.", "@_fa": "true", "ce:surname": "Liu", "ce:indexed-name": "Liu S.-B."}]}, "ref-sourcetitle": "Sens. Actuator B-Chem."}}, {"ref-fulltext": "Wang, C.-H., Yang, C.-H., Chang, J.-K., Biosens. Bioelectron. 89:Part 1 (2017), 483\u2013488.", "@id": "40", "ref-info": {"ref-publicationyear": {"@first": "2017"}, "refd-itemidlist": {"itemid": [{"$": "bib40", "@idtype": "FRAGMENTID"}, {"$": "84964330912", "@idtype": "SGR"}]}, "ref-volisspag": {"voliss": {"@volume": "89"}, "pagerange": {"@first": "483", "@last": "488"}}, "ref-authors": {"author": [{"@seq": "1", "ce:initials": "C.-H.", "@_fa": "true", "ce:surname": "Wang", "ce:indexed-name": "Wang C.-H."}, {"@seq": "2", "ce:initials": "C.-H.", "@_fa": "true", "ce:surname": "Yang", "ce:indexed-name": "Yang C.-H."}, {"@seq": "3", "ce:initials": "J.-K.", "@_fa": "true", "ce:surname": "Chang", "ce:indexed-name": "Chang J.-K."}]}, "ref-sourcetitle": "Biosens. Bioelectron."}}, {"ref-fulltext": "Wang, J., Thomas, D.F., Chen, A., Anal. Chem. 80:4 (2008), 997\u20131004.", "@id": "41", "ref-info": {"ref-publicationyear": {"@first": "2008"}, "refd-itemidlist": {"itemid": [{"$": "bib41", "@idtype": "FRAGMENTID"}, {"$": "39449101172", "@idtype": "SGR"}]}, "ref-volisspag": {"voliss": {"@volume": "80", "@issue": "4"}, "pagerange": {"@first": "997", "@last": "1004"}}, "ref-authors": {"author": [{"@seq": "1", "ce:initials": "J.", "@_fa": "true", "ce:surname": "Wang", "ce:indexed-name": "Wang J."}, {"@seq": "2", "ce:initials": "D.F.", "@_fa": "true", "ce:surname": "Thomas", "ce:indexed-name": "Thomas D.F."}, {"@seq": "3", "ce:initials": "A.", "@_fa": "true", "ce:surname": "Chen", "ce:indexed-name": "Chen A."}]}, "ref-sourcetitle": "Anal. Chem."}}, {"ref-fulltext": "Watanabe, T., Einaga, Y., Biosens. Bioelectron. 24:8 (2009), 2684\u20132689.", "@id": "42", "ref-info": {"ref-publicationyear": {"@first": "2009"}, "refd-itemidlist": {"itemid": [{"$": "bib42", "@idtype": "FRAGMENTID"}, {"$": "62649166821", "@idtype": "SGR"}]}, "ref-volisspag": {"voliss": {"@volume": "24", "@issue": "8"}, "pagerange": {"@first": "2684", "@last": "2689"}}, "ref-authors": {"author": [{"@seq": "1", "ce:initials": "T.", "@_fa": "true", "ce:surname": "Watanabe", "ce:indexed-name": "Watanabe T."}, {"@seq": "2", "ce:initials": "Y.", "@_fa": "true", "ce:surname": "Einaga", "ce:indexed-name": "Einaga Y."}]}, "ref-sourcetitle": "Biosens. Bioelectron."}}, {"ref-fulltext": "Watanabe, T., Ivandini, T.A., Makide, Y., Fujishima, A., Einaga, Y., Anal. Chem. 78:22 (2006), 7857\u20137860.", "@id": "43", "ref-info": {"ref-publicationyear": {"@first": "2006"}, "refd-itemidlist": {"itemid": [{"$": "bib43", "@idtype": "FRAGMENTID"}, {"$": "33751221346", "@idtype": "SGR"}]}, "ref-volisspag": {"voliss": {"@volume": "78", "@issue": "22"}, "pagerange": {"@first": "7857", "@last": "7860"}}, "ref-authors": {"author": [{"@seq": "1", "ce:initials": "T.", "@_fa": "true", "ce:surname": "Watanabe", "ce:indexed-name": "Watanabe T."}, {"@seq": "2", "ce:initials": "T.A.", "@_fa": "true", "ce:surname": "Ivandini", "ce:indexed-name": "Ivandini T.A."}, {"@seq": "3", "ce:initials": "Y.", "@_fa": "true", "ce:surname": "Makide", "ce:indexed-name": "Makide Y."}, {"@seq": "4", "ce:initials": "A.", "@_fa": "true", "ce:surname": "Fujishima", "ce:indexed-name": "Fujishima A."}, {"@seq": "5", "ce:initials": "Y.", "@_fa": "true", "ce:surname": "Einaga", "ce:indexed-name": "Einaga Y."}]}, "ref-sourcetitle": "Anal. Chem."}}, {"ref-fulltext": "Xu, J., Zhao, T., Liang, Z., Zhu, L., Chem. Mater. 20:5 (2008), 1688\u20131690.", "@id": "44", "ref-info": {"ref-publicationyear": {"@first": "2008"}, "refd-itemidlist": {"itemid": [{"$": "bib44", "@idtype": "FRAGMENTID"}, {"$": "42449127177", "@idtype": "SGR"}]}, "ref-volisspag": {"voliss": {"@volume": "20", "@issue": "5"}, "pagerange": {"@first": "1688", "@last": "1690"}}, "ref-authors": {"author": [{"@seq": "1", "ce:initials": "J.", "@_fa": "true", "ce:surname": "Xu", "ce:indexed-name": "Xu J."}, {"@seq": "2", "ce:initials": "T.", "@_fa": "true", "ce:surname": "Zhao", "ce:indexed-name": "Zhao T."}, {"@seq": "3", "ce:initials": "Z.", "@_fa": "true", "ce:surname": "Liang", "ce:indexed-name": "Liang Z."}, {"@seq": "4", "ce:initials": "L.", "@_fa": "true", "ce:surname": "Zhu", "ce:indexed-name": "Zhu L."}]}, "ref-sourcetitle": "Chem. Mater."}}, {"ref-fulltext": "Yuan, J.H., Wang, K., Xia, X.H., Adv. Funct. Mater. 15:5 (2005), 803\u2013809.", "@id": "45", "ref-info": {"ref-publicationyear": {"@first": "2005"}, "refd-itemidlist": {"itemid": [{"$": "bib45", "@idtype": "FRAGMENTID"}, {"$": "18744401668", "@idtype": "SGR"}]}, "ref-volisspag": {"voliss": {"@volume": "15", "@issue": "5"}, "pagerange": {"@first": "803", "@last": "809"}}, "ref-authors": {"author": [{"@seq": "1", "ce:initials": "J.H.", "@_fa": "true", "ce:surname": "Yuan", "ce:indexed-name": "Yuan J.H."}, {"@seq": "2", "ce:initials": "K.", "@_fa": "true", "ce:surname": "Wang", "ce:indexed-name": "Wang K."}, {"@seq": "3", "ce:initials": "X.H.", "@_fa": "true", "ce:surname": "Xia", "ce:indexed-name": "Xia X.H."}]}, "ref-sourcetitle": "Adv. Funct. Mater."}}, {"ref-fulltext": "Zhan, B., Liu, C., Chen, H., Shi, H., Wang, L., Chen, P., Huang, W., Dong, X., Nanoscale 6:13 (2014), 7424\u20137429.", "@id": "46", "ref-info": {"ref-publicationyear": {"@first": "2014"}, "refd-itemidlist": {"itemid": [{"$": "bib46", "@idtype": "FRAGMENTID"}, {"$": "84902449290", "@idtype": "SGR"}]}, "ref-volisspag": {"voliss": {"@volume": "6", "@issue": "13"}, "pagerange": {"@first": "7424", "@last": "7429"}}, "ref-authors": {"author": [{"@seq": "1", "ce:initials": "B.", "@_fa": "true", "ce:surname": "Zhan", "ce:indexed-name": "Zhan B."}, {"@seq": "2", "ce:initials": "C.", "@_fa": "true", "ce:surname": "Liu", "ce:indexed-name": "Liu C."}, {"@seq": "3", "ce:initials": "H.", "@_fa": "true", "ce:surname": "Chen", "ce:indexed-name": "Chen H."}, {"@seq": "4", "ce:initials": "H.", "@_fa": "true", "ce:surname": "Shi", "ce:indexed-name": "Shi H."}, {"@seq": "5", "ce:initials": "L.", "@_fa": "true", "ce:surname": "Wang", "ce:indexed-name": "Wang L."}, {"@seq": "6", "ce:initials": "P.", "@_fa": "true", "ce:surname": "Chen", "ce:indexed-name": "Chen P."}, {"@seq": "7", "ce:initials": "W.", "@_fa": "true", "ce:surname": "Huang", "ce:indexed-name": "Huang W."}, {"@seq": "8", "ce:initials": "X.", "@_fa": "true", "ce:surname": "Dong", "ce:indexed-name": "Dong X."}]}, "ref-sourcetitle": "Nanoscale"}}, {"ref-fulltext": "Zhang, J., Sasaki, K., Sutter, E., Adzic, R.R., Science 315:5809 (2007), 220\u2013222.", "@id": "47", "ref-info": {"ref-publicationyear": {"@first": "2007"}, "refd-itemidlist": {"itemid": [{"$": "bib47", "@idtype": "FRAGMENTID"}, {"$": "33846633795", "@idtype": "SGR"}]}, "ref-volisspag": {"voliss": {"@volume": "315", "@issue": "5809"}, "pagerange": {"@first": "220", "@last": "222"}}, "ref-authors": {"author": [{"@seq": "1", "ce:initials": "J.", "@_fa": "true", "ce:surname": "Zhang", "ce:indexed-name": "Zhang J."}, {"@seq": "2", "ce:initials": "K.", "@_fa": "true", "ce:surname": "Sasaki", "ce:indexed-name": "Sasaki K."}, {"@seq": "3", "ce:initials": "E.", "@_fa": "true", "ce:surname": "Sutter", "ce:indexed-name": "Sutter E."}, {"@seq": "4", "ce:initials": "R.R.", "@_fa": "true", "ce:surname": "Adzic", "ce:indexed-name": "Adzic R.R."}]}, "ref-sourcetitle": "Science"}}, {"ref-fulltext": "Zhong, S.-L., Zhuang, J., Yang, D.-P., Tang, D., Biosens. Bioelectron. 96 (2017), 26\u201332.", "@id": "48", "ref-info": {"ref-publicationyear": {"@first": "2017"}, "refd-itemidlist": {"itemid": [{"$": "bib48", "@idtype": "FRAGMENTID"}, {"$": "85018903794", "@idtype": "SGR"}]}, "ref-volisspag": {"voliss": {"@volume": "96"}, "pagerange": {"@first": "26", "@last": "32"}}, "ref-authors": {"author": [{"@seq": "1", "ce:initials": "S.-L.", "@_fa": "true", "ce:surname": "Zhong", "ce:indexed-name": "Zhong S.-L."}, {"@seq": "2", "ce:initials": "J.", "@_fa": "true", "ce:surname": "Zhuang", "ce:indexed-name": "Zhuang J."}, {"@seq": "3", "ce:initials": "D.-P.", "@_fa": "true", "ce:surname": "Yang", "ce:indexed-name": "Yang D.-P."}, {"@seq": "4", "ce:initials": "D.", "@_fa": "true", "ce:surname": "Tang", "ce:indexed-name": "Tang D."}]}, "ref-sourcetitle": "Biosens. Bioelectron."}}]}}}}, "affiliation": [{"affiliation-city": "Bangkok", "@id": "60028190", "affilname": "Chulalongkorn University", "@href": "https://api.elsevier.com/content/affiliation/affiliation_id/60028190", "affiliation-country": "Thailand"}, {"affiliation-city": "Tokyo", "@id": "60025997", "affilname": "Keio University", "@href": "https://api.elsevier.com/content/affiliation/affiliation_id/60025997", "affiliation-country": "Japan"}, {"affiliation-city": "Kawaguchi", "@id": "60015682", "affilname": "Japan Science and Technology Agency", "@href": "https://api.elsevier.com/content/affiliation/affiliation_id/60015682", "affiliation-country": "Japan"}, {"affiliation-city": "Bangkok", "@id": "60000316", "affilname": "Srinakharinwirot University", "@href": "https://api.elsevier.com/content/affiliation/affiliation_id/60000316", "affiliation-country": "Thailand"}], "coredata": {"srctype": "j", "eid": "2-s2.0-85021181600", "dc:description": "The enormous demand for medical diagnostics has encouraged the fabrication of high- performance sensing platforms for the detection of glucose. Nonenzymatic glucose sensors are coming ever closer to being used in practical applications. Bimetallic catalysts have been shown to be superior to single metal catalysts in that they have greater activity and selectivity. Here, we demonstrate the preparation, characterization, and electrocatalytic characteristics of a new bimetallic Pt/Au nanocatalyst. This nanocatalyst can easily be synthesized by electrodeposition by sequentially depositing Au and Pt on the surface of a boron-doped diamond (BDD) electrode. We characterized the nanocatalyst by scanning electron microscopy (SEM), X-ray diffraction (XRD), and voltammetry. The morphology and composition of the nanocatalyst can be easily controlled by adjusting the electrodeposition process and the molar ratio between the Pt and Au precursors. The electrocatalytic characteristics of a Pt/Au/BDD electrode for the nonenzymatic oxidation of glucose were systematically investigated by cyclic voltammetry. The electrode exhibits higher catalytic activity for glucose oxidation than Pt/BDD and Au/BDD electrodes. The best catalytic activity and stability was obtained with a Pt:Au molar ratio of 50:50. Moreover, the presence of Au can significantly enhance the long-term stability and poisoning tolerance during the electro-oxidation of glucose. Measurements of glucose using the Pt/Au/BDD electrode were linear in the range from 0.01 to 7.5 mM, with a detection limit of 0.0077 mM glucose. The proposed electrode performs selective electrochemical analysis of glucose in the presence of common interfering species (e.g., acetaminophen, uric and ascorbic acids), avoiding the generation of overlapping signals from such species.", "pubmed-id": "28654886", "prism:coverDate": "2017-12-15", "prism:aggregationType": "Journal", "prism:url": "https://api.elsevier.com/content/abstract/scopus_id/85021181600", "dc:creator": {"author": [{"ce:given-name": "Siriwan", "preferred-name": {"ce:given-name": "Siriwan", "ce:initials": "S.", "ce:surname": "Nantaphol", "ce:indexed-name": "Nantaphol S."}, "@seq": "1", "ce:initials": "S.", "@_fa": "true", "affiliation": {"@id": "60028190", "@href": "https://api.elsevier.com/content/affiliation/affiliation_id/60028190"}, "ce:surname": "Nantaphol", "@auid": "56091887200", "author-url": "https://api.elsevier.com/content/author/author_id/56091887200", "ce:indexed-name": "Nantaphol S."}]}, "link": [{"@_fa": "true", "@rel": "self", "@href": "https://api.elsevier.com/content/abstract/scopus_id/85021181600"}, {"@_fa": "true", "@rel": "scopus", "@href": "https://www.scopus.com/inward/record.uri?partnerID=HzOxMe3b&scp=85021181600&origin=inward"}, {"@_fa": "true", "@rel": "scopus-citedby", "@href": "https://www.scopus.com/inward/citedby.uri?partnerID=HzOxMe3b&scp=85021181600&origin=inward"}], "source-id": "15437", "pii": "S0956566317304098", "citedby-count": "127", "prism:volume": "98", "subtype": "ar", "dc:title": "Bimetallic Pt\u2013Au nanocatalysts electrochemically deposited on boron-doped diamond electrodes for nonenzymatic glucose detection", "openaccess": "0", "prism:issn": "18734235 09565663", "publishercopyright": "\u00a9 2017 Elsevier B.V.", "subtypeDescription": "Article", "prism:publicationName": "Biosensors and Bioelectronics", "prism:pageRange": "76-82", "prism:endingPage": "82", "openaccessFlag": "false", "prism:doi": "10.1016/j.bios.2017.06.034", "prism:startingPage": "76", "dc:identifier": "SCOPUS_ID:85021181600", "dc:publisher": "Elsevier Ltd"}, "idxterms": {"mainterm": [{"$": "Boron doped diamond", "@weight": "b", "@candidate": "n"}, {"$": "Boron-doped diamond electrodes", "@weight": "b", "@candidate": "n"}, {"$": "Electrochemical analysis", "@weight": "b", "@candidate": "n"}, {"$": "Electrodeposition process", "@weight": "b", "@candidate": "n"}, {"$": "Morphology and composition", "@weight": "b", "@candidate": "n"}, {"$": "Nano-catalyst", "@weight": "b", "@candidate": "n"}, {"$": "Non-enzymatic", "@weight": "b", "@candidate": "n"}, {"$": "Non-enzymatic glucose sensors", "@weight": "b", "@candidate": "n"}, {"$": "Biosensing Techniques", "@weight": "a", "@candidate": "n"}, {"$": "Boron", "@weight": "b", "@candidate": "n"}, {"$": "Catalysis", "@weight": "b", "@candidate": "n"}, {"$": "Electrochemical Techniques", "@weight": "a", "@candidate": "n"}, {"$": "Electrodes", "@weight": "b", "@candidate": "n"}, {"$": "Glucose", "@weight": "b", "@candidate": "n"}, {"$": "Gold", "@weight": "b", "@candidate": "n"}, {"$": "Limit of Detection", "@weight": "b", "@candidate": "n"}, {"$": "Metal Nanoparticles", "@weight": "b", "@candidate": "n"}, {"$": "Microscopy, Electron, Scanning", "@weight": "b", "@candidate": "n"}]}, "language": {"@xml:lang": "eng"}, "authkeywords": {"author-keyword": [{"@_fa": "true", "$": "Bimetallic Pt/Au nanocatalyst"}, {"@_fa": "true", "$": "Boron doped diamond"}, {"@_fa": "true", "$": "Electrodeposition"}, {"@_fa": "true", "$": "Glucose"}, {"@_fa": "true", "$": "Nonenzymatic"}]}, "subject-areas": {"subject-area": [{"@_fa": "true", "$": "Biotechnology", "@code": "1305", "@abbrev": "BIOC"}, {"@_fa": "true", "$": "Biophysics", "@code": "1304", "@abbrev": "BIOC"}, {"@_fa": "true", "$": "Biomedical Engineering", "@code": "2204", "@abbrev": "ENGI"}, {"@_fa": "true", "$": "Electrochemistry", "@code": "1603", "@abbrev": "CHEM"}]}, "authors": {"author": [{"ce:given-name": "Siriwan", "preferred-name": {"ce:given-name": "Siriwan", "ce:initials": "S.", "ce:surname": "Nantaphol", "ce:indexed-name": "Nantaphol S."}, "@seq": "1", "ce:initials": "S.", "@_fa": "true", "affiliation": {"@id": "60028190", "@href": "https://api.elsevier.com/content/affiliation/affiliation_id/60028190"}, "ce:surname": "Nantaphol", "@auid": "56091887200", "author-url": "https://api.elsevier.com/content/author/author_id/56091887200", "ce:indexed-name": "Nantaphol S."}, {"ce:given-name": "Takeshi", "preferred-name": {"ce:given-name": "Takeshi", "ce:initials": "T.", "ce:surname": "Watanabe", "ce:indexed-name": "Watanabe T."}, "@seq": "2", "ce:initials": "T.", "@_fa": "true", "affiliation": {"@id": "60025997", "@href": "https://api.elsevier.com/content/affiliation/affiliation_id/60025997"}, "ce:surname": "Watanabe", "@auid": "55628542292", "author-url": "https://api.elsevier.com/content/author/author_id/55628542292", "ce:indexed-name": "Watanabe T."}, {"ce:given-name": "Naohiro", "preferred-name": {"ce:given-name": "Naohiro", "ce:initials": "N.", "ce:surname": "Nomura", "ce:indexed-name": "Nomura N."}, "@seq": "3", "ce:initials": "N.", "@_fa": "true", "affiliation": {"@id": "60025997", "@href": "https://api.elsevier.com/content/affiliation/affiliation_id/60025997"}, "ce:surname": "Nomura", "@auid": "57194590365", "author-url": "https://api.elsevier.com/content/author/author_id/57194590365", "ce:indexed-name": "Nomura N."}, {"ce:given-name": "Weena", "preferred-name": {"ce:given-name": "Weena", "ce:initials": "W.", "ce:surname": "Siangproh", "ce:indexed-name": "Siangproh W."}, "@seq": "4", "ce:initials": "W.", "@_fa": "true", "affiliation": {"@id": "60000316", "@href": "https://api.elsevier.com/content/affiliation/affiliation_id/60000316"}, "ce:surname": "Siangproh", "@auid": "6506927536", "author-url": "https://api.elsevier.com/content/author/author_id/6506927536", "ce:indexed-name": "Siangproh W."}, {"ce:given-name": "Orawon", "preferred-name": {"ce:given-name": "Orawon", "ce:initials": "O.", "ce:surname": "Chailapakul", "ce:indexed-name": "Chailapakul O."}, "@seq": "5", "ce:initials": "O.", "@_fa": "true", "affiliation": {"@id": "60028190", "@href": "https://api.elsevier.com/content/affiliation/affiliation_id/60028190"}, "ce:surname": "Chailapakul", "@auid": "6602082849", "author-url": "https://api.elsevier.com/content/author/author_id/6602082849", "ce:indexed-name": "Chailapakul O."}, {"ce:given-name": "Yasuaki", "preferred-name": {"ce:given-name": "Yasuaki", "ce:initials": "Y.", "ce:surname": "Einaga", "ce:indexed-name": "Einaga Y."}, "@seq": "6", "ce:initials": "Y.", "@_fa": "true", "affiliation": [{"@id": "60025997", "@href": "https://api.elsevier.com/content/affiliation/affiliation_id/60025997"}, {"@id": "60015682", "@href": "https://api.elsevier.com/content/affiliation/affiliation_id/60015682"}], "ce:surname": "Einaga", "@auid": "7006773499", "author-url": "https://api.elsevier.com/content/author/author_id/7006773499", "ce:indexed-name": "Einaga Y."}]}}}