{"abstracts-retrieval-response": {"item": {"ait:process-info": {"ait:status": {"@state": "update", "@type": "core", "@stage": "S300"}, "ait:date-delivered": {"@day": "05", "@timestamp": "2020-09-05T08:17:22.000022-04:00", "@year": "2020", "@month": "09"}, "ait:date-sort": {"@day": "01", "@year": "2017", "@month": "10"}}, "xocs:meta": {"xocs:funding-list": {"@pui-match": "primary", "@has-funding-info": "1", "xocs:funding": [{"xocs:funding-agency-acronym": "FP7", "xocs:funding-agency": "Seventh Framework Programme", "xocs:funding-id": "283959", "xocs:funding-agency-id": "http://data.elsevier.com/vocabulary/SciValFunders/100011102", "xocs:funding-agency-country": "http://sws.geonames.org/6695072"}, {"xocs:funding-agency-matched-string": "Leverhulme Trust", "xocs:funding-agency": "Leverhulme Trust", "xocs:funding-agency-id": "http://data.elsevier.com/vocabulary/SciValFunders/501100000275", "xocs:funding-agency-country": "http://sws.geonames.org/2635167/"}, {"xocs:funding-agency-matched-string": "European Research Council", "xocs:funding-agency-acronym": "ERC", "xocs:funding-agency": "European Research Council", "xocs:funding-agency-id": "http://data.elsevier.com/vocabulary/SciValFunders/501100000781", "xocs:funding-agency-country": "http://sws.geonames.org/6695072/"}], "xocs:funding-addon-generated-timestamp": "2023-07-24T18:56:06.221782Z", "xocs:funding-text": "Acknowledgements We thank the National Research Council of Thailand and the Thai Department of National Parks, Wildlife, and Plant Conservation for their support. We thank Stephanie Poindexter and three anonymous reviewers for helpful comments on the manuscript and the PanAf Project, Christophe Boesch, Mimi Arandjelovic, Hjalmar Kuehl, and Paula Dieguez for providing camera traps. We thank Bang Ban and Bang Hem for logistical support in the field. This research was funded by European Research Council Starting Grant no. 283959. During writing L. V. Luncz was funded by the Leverhulme Trust Research Grant.", "xocs:funding-addon-type": "http://vtw.elsevier.com/data/voc/AddOnTypes/50.7/aggregated-refined"}}, "bibrecord": {"head": {"author-group": [{"affiliation": {"country": "United Kingdom", "postal-code": "OX2 6PE", "@afid": "60175816", "@country": "gbr", "city": "Oxford", "organization": [{"$": "School of Anthropology and Museum Ethnography"}, {"$": "University of Oxford"}], "affiliation-id": [{"@afid": "60175816"}, {"@afid": "60026851"}]}, "author": [{"ce:given-name": "Lydia V.", "preferred-name": {"ce:given-name": "Lydia V.", "ce:initials": "L.V.", "ce:surname": "Luncz", "ce:indexed-name": "Luncz L.V."}, "@seq": "1", "ce:initials": "L.V.", "@_fa": "true", "@type": "auth", "ce:surname": "Luncz", "@auid": "26536165700", "@orcid": "0000-0003-2972-4742", "ce:indexed-name": "Luncz L.V."}]}, {"affiliation": {"country": "United Kingdom", "postal-code": "OX1 2PG", "@afid": "60175816", "@date-locked": "2020-09-05T07:59:10.760", "@country": "gbr", "city": "Oxford", "organization": [{"$": "School of Archaeology"}, {"$": "University of Oxford"}], "affiliation-id": {"@afid": "60175816", "@dptid": "124939793"}, "@dptid": "124939793"}, "author": [{"ce:given-name": "Lydia V.", "preferred-name": {"ce:given-name": "Lydia V.", "ce:initials": "L.V.", "ce:surname": "Luncz", "ce:indexed-name": "Luncz L.V."}, "@seq": "1", "ce:initials": "L.V.", "@_fa": "true", "@type": "auth", "ce:surname": "Luncz", "@auid": "26536165700", "ce:indexed-name": "Luncz L.V."}, {"ce:given-name": "Magdalena S.", "preferred-name": {"ce:given-name": "Magdalena S.", "ce:initials": "M.S.", "ce:surname": "Svensson", "ce:indexed-name": "Svensson M.S."}, "@seq": "2", "ce:initials": "M.S.", "@_fa": "true", "@type": "auth", "ce:surname": "Svensson", "@auid": "35225488000", "ce:indexed-name": "Svensson M.S."}, {"ce:given-name": "Michael", "preferred-name": {"ce:given-name": "Michael", "ce:initials": "M.", "ce:surname": "Haslam", "ce:indexed-name": "Haslam M."}, "@seq": "3", "ce:initials": "M.", "@_fa": "true", "@type": "auth", "ce:surname": "Haslam", "@auid": "8779231000", "ce:indexed-name": "Haslam M."}, {"ce:given-name": "Tomos", "preferred-name": {"ce:given-name": "Tomos", "ce:initials": "T.", "ce:surname": "Proffitt", "ce:indexed-name": "Proffitt T."}, "@seq": "5", "ce:initials": "T.", "@_fa": "true", "@type": "auth", "ce:surname": "Proffitt", "@auid": "55356895900", "ce:indexed-name": "Proffitt T."}, {"ce:given-name": "Michael", "preferred-name": {"ce:given-name": "Michael", "ce:initials": "M.", "ce:surname": "Gumert", "ce:indexed-name": "Gumert M."}, "@seq": "6", "ce:initials": "M.", "@_fa": "true", "@type": "auth", "ce:surname": "Gumert", "@auid": "23003889200", "ce:indexed-name": "Gumert M."}]}, {"affiliation": {"country": "United Kingdom", "postal-code": "OX3 0BP", "@afid": "60014564", "@country": "gbr", "city": "Oxford", "organization": [{"$": "Department of Social Science"}, {"$": "Oxford Brookes University"}], "affiliation-id": {"@afid": "60014564", "@dptid": "106237958"}, "@dptid": "106237958"}, "author": [{"ce:given-name": "Magdalena S.", "preferred-name": {"ce:given-name": "Magdalena S.", "ce:initials": "M.S.", "ce:surname": "Svensson", "ce:indexed-name": "Svensson M.S."}, "@seq": "2", "ce:initials": "M.S.", "@_fa": "true", "@type": "auth", "ce:surname": "Svensson", "@auid": "35225488000", "ce:indexed-name": "Svensson M.S."}]}, {"affiliation": {"country": "Thailand", "postal-code": "10330", "@afid": "60028190", "@country": "tha", "city": "Bangkok", "organization": [{"$": "Department of Biology"}, {"$": "Faculty of Science"}, {"$": "Chulalongkorn University"}], "affiliation-id": {"@afid": "60028190", "@dptid": "104425661"}, "@dptid": "104425661"}, "author": [{"ce:given-name": "Suchinda", "preferred-name": {"ce:given-name": "Suchinda", "ce:initials": "S.", "ce:surname": "Malaivijitnond", "ce:indexed-name": "Malaivijitnond S."}, "@seq": "4", "ce:initials": "S.", "@_fa": "true", "@type": "auth", "ce:surname": "Malaivijitnond", "@auid": "6602229260", "ce:indexed-name": "Malaivijitnond S."}]}, {"affiliation": {"country": "Thailand", "@afid": "60028190", "@country": "tha", "city": "Saraburi", "organization": [{"$": "National Primate Research Center of Thailand"}, {"$": "Chulalongkorn University"}], "affiliation-id": {"@afid": "60028190", "@dptid": "114707154"}, "@dptid": "114707154"}, "author": [{"ce:given-name": "Suchinda", "preferred-name": {"ce:given-name": "Suchinda", "ce:initials": "S.", "ce:surname": "Malaivijitnond", "ce:indexed-name": "Malaivijitnond S."}, "@seq": "4", "ce:initials": "S.", "@_fa": "true", "@type": "auth", "ce:surname": "Malaivijitnond", "@auid": "6602229260", "ce:indexed-name": "Malaivijitnond S."}]}, {"affiliation": {"country": "Singapore", "postal-code": "637332", "@afid": "60118480", "@country": "sgp", "organization": [{"$": "School of Humanities and Social Sciences"}, {"$": "Nanyang Technological University"}], "affiliation-id": [{"@afid": "60118480"}, {"@afid": "60005510"}]}, "author": [{"ce:given-name": "Michael", "preferred-name": {"ce:given-name": "Michael", "ce:initials": "M.", "ce:surname": "Gumert", "ce:indexed-name": "Gumert M."}, "@seq": "6", "ce:initials": "M.", "@_fa": "true", "@type": "auth", "ce:surname": "Gumert", "@auid": "23003889200", "ce:indexed-name": "Gumert M."}]}], "citation-title": "Technological Response of Wild Macaques (Macaca fascicularis) to Anthropogenic Change", "abstracts": "\u00a9 2017, The Author(s).Anthropogenic disturbances have a detrimental impact on the natural world; the vast expansion of palm oil monocultures is one of the most significant agricultural influences. Primates worldwide consequently have been affected by the loss of their natural ecosystems. Long-tailed macaques (Macaca fascilularis) in Southern Thailand have, however, learned to exploit oil palm nuts using stone tools. Using camera traps, we captured the stone tool behavior of one macaque group in Ao Phang-Nga National Park. Line transects placed throughout an abandoned oil palm plantation confirmed a high abundance of nut cracking sites. Long-tailed macaques previously have been observed using stone tools to harvest shellfish along the coasts of Thailand and Myanmar. The novel nut processing behavior indicates the successful transfer of existing lithic technology to a new food source. Such behavioral plasticity has been suggested to underlie cultural behavior in animals, suggesting that long-tailed macaques have potential to exhibit cultural tendencies. The use of tools to process oil palm nuts across multiple primate species allows direct comparisons between stone tool using nonhuman primates living in anthropogenic environments.", "correspondence": {"affiliation": {"country": "United Kingdom", "postal-code": "OX2 6PE", "@country": "gbr", "city": "Oxford", "organization": [{"$": "School of Anthropology and Museum Ethnography"}, {"$": "University of Oxford"}]}, "person": {"ce:given-name": "Lydia V.", "ce:initials": "L.V.", "ce:surname": "Luncz", "ce:indexed-name": "Luncz L.V."}}, "citation-info": {"author-keywords": {"author-keyword": [{"$": "Anthropogenic influence", "@xml:lang": "eng"}, {"$": "Behavioral flexibility", "@xml:lang": "eng"}, {"$": "Macaca fascicularis", "@xml:lang": "eng"}, {"$": "Nut cracking", "@xml:lang": "eng"}, {"$": "Tool use", "@xml:lang": "eng"}]}, "citation-type": {"@code": "ar"}, "citation-language": {"@language": "English", "@xml:lang": "eng"}, "abstract-language": {"@language": "English", "@xml:lang": "eng"}}, "source": {"website": {"ce:e-address": {"$": "www.wkap.nl/journalhome.htm/0164-0291", "@type": "email"}}, "translated-sourcetitle": {"$": "International Journal of Primatology", "@xml:lang": "eng"}, "volisspag": {"voliss": {"@volume": "38", "@issue": "5"}, "pagerange": {"@first": "872", "@last": "880"}}, "@type": "j", "sourcetitle": "International Journal of Primatology", "publicationdate": {"month": "10", "year": "2017", "date-text": {"@xfab-added": "true", "$": "1 October 2017"}, "day": "01"}, "codencode": "IJPRD", "sourcetitle-abbrev": "Int. J. Primatol.", "@country": "usa", "issn": {"$": "01640291", "@type": "print"}, "publicationyear": {"@first": "2017"}, "publisher": {"publishername": "Springer New York LLC", "ce:e-address": {"$": "barbara.b.bertram@gsk.com", "@type": "email"}}, "@srcid": "22028"}, "enhancement": {"classificationgroup": {"classifications": [{"@type": "CABSCLASS", "classification": {"classification-code": "91.8.2.1", "classification-description": "ECOLOGICAL AND ENVIRONMENTAL SCIENCES; APPLIED ECOLOGY/POLLUTION; Environmental Exploitation; Land use and Environmental Impact Assessment"}}, {"@type": "GEOCLASS", "classification": {"classification-code": "73.4.7.5.2", "classification-description": "Animal ecology; mammals; autecology and behaviour"}}, {"@type": "ASJC", "classification": [{"$": "1105"}, {"$": "1103"}]}, {"@type": "SUBJABBR", "classification": "AGRI"}]}}, "grantlist": {"@complete": "y", "grant-text": {"$": "We thank the National Research Council of Thailand and the Thai Department of National Parks, Wildlife, and Plant Conservation for their support. We thank Stephanie Poindexter and three anonymous reviewers for helpful comments on the manuscript and the PanAf Project, Christophe Boesch, Mimi Arandjelovic, Hjalmar Kuehl, and Paula Dieguez for providing camera traps. We thank Bang Ban and Bang Hem for logistical support in the field. This research was funded by European Research Council Starting Grant no. 283959. During writing L. V. Luncz was funded by the Leverhulme Trust Research Grant.", "@xml:lang": "eng"}, "grant": [{"grant-id": "283959", "grant-acronym": "ERC", "grant-agency": {"@iso-code": "eue", "$": "H2020 European Research Council"}, "grant-agency-id": "100010663"}, {"grant-agency": {"@iso-code": "gbr", "$": "Leverhulme Trust"}, "grant-agency-id": "501100000275"}]}}, "item-info": {"copyright": {"$": "Copyright 2017 Elsevier B.V., All rights reserved.", "@type": "Elsevier"}, "dbcollection": [{"$": "CABS"}, {"$": "EMBIO"}, {"$": "GEO"}, {"$": "REAXYSCAR"}, {"$": "SCOPUS"}, {"$": "Scopusbase"}], "history": {"date-created": {"@day": "17", "@timestamp": "BST 15:35:53", "@year": "2017", "@month": "10"}}, "itemidlist": {"itemid": [{"$": "618171036", "@idtype": "PUI"}, {"$": "2017279057", "@idtype": "CABS"}, {"$": "683697499", "@idtype": "CAR-ID"}, {"$": "2017189553", "@idtype": "EMBIO"}, {"$": "5226354", "@idtype": "GEO"}, {"$": "20171573039", "@idtype": "REAXYSCAR"}, {"$": "20170363980", "@idtype": "SCOPUS"}, {"$": "85028771275", "@idtype": "SCP"}, {"$": "85028771275", "@idtype": "SGR"}], "ce:doi": "10.1007/s10764-017-9985-6"}}, "tail": {"bibliography": {"@refcount": "37", "reference": [{"ref-fulltext": "Arroyo, A., & de la Torre, I. (2016). Assessing the function of pounding tools in the early stone age: A microscopic approach to the analysis of percussive artefacts from beds I and II, Olduvai Gorge (Tanzania). Journal of Archaeological Science, 74, 23\u201334.", "@id": "1", "ref-info": {"ref-publicationyear": {"@first": "2016"}, "ref-title": {"ref-titletext": "Assessing the function of pounding tools in the early stone age: A microscopic approach to the analysis of percussive artefacts from beds I and II, Olduvai Gorge (Tanzania)"}, "refd-itemidlist": {"itemid": [{"$": "10.1016/j.jas.2016.08.003", "@idtype": "DOI"}, {"$": "CR1", "@idtype": "FRAGMENTID"}, {"$": "84984707034", "@idtype": "SGR"}]}, "ref-volisspag": {"voliss": {"@volume": "74"}, "pagerange": {"@first": "23", "@last": "34"}}, "ref-authors": {"author": [{"@seq": "1", "ce:initials": "A.", "@_fa": "true", "ce:surname": "Arroyo", "ce:indexed-name": "Arroyo A."}, {"@seq": "2", "ce:initials": "I.", "@_fa": "true", "ce:surname": "de la Torre", "ce:indexed-name": "de la Torre I."}]}, "ref-sourcetitle": "Journal of Archaeological Science"}}, {"ref-fulltext": "Biro, D., Inoue-Nakamura, N., Tonooka, R., Yamakoshi, G., Sousa, C., & Matsuzawa, T. (2003). Cultural innovation and transmission of tool use in wild chimpanzees: Evidence from field experiments. Animal Cognition, 6(4), 213\u2013223.", "@id": "2", "ref-info": {"ref-publicationyear": {"@first": "2003"}, "ref-title": {"ref-titletext": "Cultural innovation and transmission of tool use in wild chimpanzees: Evidence from field experiments"}, "refd-itemidlist": {"itemid": [{"$": "10.1007/s10071-003-0183-x", "@idtype": "DOI"}, {"$": "CR2", "@idtype": "FRAGMENTID"}, {"$": "1442353009", "@idtype": "SGR"}]}, "ref-volisspag": {"voliss": {"@volume": "6", "@issue": "4"}, "pagerange": {"@first": "213", "@last": "223"}}, "ref-text": "PID: 12898285", "ref-authors": {"author": [{"@seq": "1", "ce:initials": "D.", "@_fa": "true", "ce:surname": "Biro", "ce:indexed-name": "Biro D."}, {"@seq": "2", "ce:initials": "N.", "@_fa": "true", "ce:surname": "Inoue-Nakamura", "ce:indexed-name": "Inoue-Nakamura N."}, {"@seq": "3", "ce:initials": "R.", "@_fa": "true", "ce:surname": "Tonooka", "ce:indexed-name": "Tonooka R."}, {"@seq": "4", "ce:initials": "G.", "@_fa": "true", "ce:surname": "Yamakoshi", "ce:indexed-name": "Yamakoshi G."}, {"@seq": "5", "ce:initials": "C.", "@_fa": "true", "ce:surname": "Sousa", "ce:indexed-name": "Sousa C."}, {"@seq": "6", "ce:initials": "T.", "@_fa": "true", "ce:surname": "Matsuzawa", "ce:indexed-name": "Matsuzawa T."}]}, "ref-sourcetitle": "Animal Cognition"}}, {"ref-fulltext": "Boesch, C., & Boesch, H. (1983). Optimisation of nut-cracking with natural hammers by wild chimpanzees. Behaviour, 83(3/4), 265\u2013286.", "@id": "3", "ref-info": {"ref-publicationyear": {"@first": "1983"}, "ref-title": {"ref-titletext": "Optimisation of nut-cracking with natural hammers by wild chimpanzees"}, "refd-itemidlist": {"itemid": [{"$": "10.1163/156853983X00192", "@idtype": "DOI"}, {"$": "CR3", "@idtype": "FRAGMENTID"}, {"$": "0020898227", "@idtype": "SGR"}]}, "ref-volisspag": {"voliss": {"@volume": "83", "@issue": "3-4"}, "pagerange": {"@first": "265", "@last": "286"}}, "ref-authors": {"author": [{"@seq": "1", "ce:initials": "C.", "@_fa": "true", "ce:surname": "Boesch", "ce:indexed-name": "Boesch C."}, {"@seq": "2", "ce:initials": "H.", "@_fa": "true", "ce:surname": "Boesch", "ce:indexed-name": "Boesch H."}]}, "ref-sourcetitle": "Behaviour"}}, {"ref-fulltext": "Bunlungsup, S., Imai, H., Hamada, Y., Gumert, M. D., San, A. M., & Malaivijitnond, S. (2016). Morphological characteristics and genetic diversity of Burmese long-tailed macaques (Macaca fascicularis aurea): Genetic diversity of tool using macaques. American Journal of Primatology, 78(4), 441\u2013455.", "@id": "4", "ref-info": {"ref-publicationyear": {"@first": "2016"}, "ref-title": {"ref-titletext": "Morphological characteristics and genetic diversity of Burmese long-tailed macaques (Macaca fascicularis aurea): Genetic diversity of tool using macaques"}, "refd-itemidlist": {"itemid": [{"$": "10.1002/ajp.22512", "@idtype": "DOI"}, {"$": "CR4", "@idtype": "FRAGMENTID"}, {"$": "84950266414", "@idtype": "SGR"}]}, "ref-volisspag": {"voliss": {"@volume": "78", "@issue": "4"}, "pagerange": {"@first": "441", "@last": "455"}}, "ref-authors": {"author": [{"@seq": "1", "ce:initials": "S.", "@_fa": "true", "ce:surname": "Bunlungsup", "ce:indexed-name": "Bunlungsup S."}, {"@seq": "2", "ce:initials": "H.", "@_fa": "true", "ce:surname": "Imai", "ce:indexed-name": "Imai H."}, {"@seq": "3", "ce:initials": "Y.", "@_fa": "true", "ce:surname": "Hamada", "ce:indexed-name": "Hamada Y."}, {"@seq": "4", "ce:initials": "M.D.", "@_fa": "true", "ce:surname": "Gumert", "ce:indexed-name": "Gumert M.D."}, {"@seq": "5", "ce:initials": "A.M.", "@_fa": "true", "ce:surname": "San", "ce:indexed-name": "San A.M."}, {"@seq": "6", "ce:initials": "S.", "@_fa": "true", "ce:surname": "Malaivijitnond", "ce:indexed-name": "Malaivijitnond S."}]}, "ref-sourcetitle": "American Journal of Primatology"}}, {"ref-fulltext": "Carpenter, A. (1887). Monkeys opening oysters. Nature, 36, 53.", "@id": "5", "ref-info": {"ref-publicationyear": {"@first": "1887"}, "ref-title": {"ref-titletext": "Monkeys opening oysters"}, "refd-itemidlist": {"itemid": [{"$": "10.1038/036053d0", "@idtype": "DOI"}, {"$": "CR5", "@idtype": "FRAGMENTID"}, {"$": "33846897251", "@idtype": "SGR"}]}, "ref-volisspag": {"voliss": {"@volume": "36"}, "pagerange": {"@first": "53"}}, "ref-authors": {"author": [{"@seq": "1", "ce:initials": "A.", "@_fa": "true", "ce:surname": "Carpenter", "ce:indexed-name": "Carpenter A."}]}, "ref-sourcetitle": "Nature"}}, {"ref-fulltext": "Carvalho, S., & McGrew, W. C. (2012). The origins of the Oldowan: Why chimpanzees (Pan troglodytes) still are good models for technological evolution in Africa. Cambridge: Cambridge University Press.", "@id": "6", "ref-info": {"ref-publicationyear": {"@first": "2012"}, "refd-itemidlist": {"itemid": [{"$": "10.1017/CBO9781139149327.010", "@idtype": "DOI"}, {"$": "CR6", "@idtype": "FRAGMENTID"}, {"$": "84902316820", "@idtype": "SGR"}]}, "ref-text": "Cambridge University Press, Cambridge", "ref-authors": {"author": [{"@seq": "1", "ce:initials": "S.", "@_fa": "true", "ce:surname": "Carvalho", "ce:indexed-name": "Carvalho S."}, {"@seq": "2", "ce:initials": "W.C.", "@_fa": "true", "ce:surname": "McGrew", "ce:indexed-name": "McGrew W.C."}]}, "ref-sourcetitle": "The origins of the Oldowan: Why chimpanzees (Pan troglodytes) still are good models for technological evolution in Africa"}}, {"ref-fulltext": "de la Torre, I., & Mora, R. (2005). Technological strategies in the lower Pleistocene at Olduvai beds I & II (Vol. 112). Li\u00e8ge: University of Li\u00e8ge Press.", "@id": "7", "ref-info": {"ref-publicationyear": {"@first": "2005"}, "refd-itemidlist": {"itemid": [{"$": "CR7", "@idtype": "FRAGMENTID"}, {"$": "44449171150", "@idtype": "SGR"}]}, "ref-text": "112, University of Li\u00e8ge Press, Li\u00e8ge", "ref-authors": {"author": [{"@seq": "1", "ce:initials": "I.", "@_fa": "true", "ce:surname": "de la Torre", "ce:indexed-name": "de la Torre I."}, {"@seq": "2", "ce:initials": "R.", "@_fa": "true", "ce:surname": "Mora", "ce:indexed-name": "Mora R."}]}, "ref-sourcetitle": "Technological strategies in the lower Pleistocene at Olduvai beds I & II"}}, {"ref-fulltext": "Falotico, T., Spagnoletti, N., Haslam, M., Luncz, L. V., Malaivijitnond, S., & Gumert, M. (2017). Analysis of sea almond (Terminalia catappa) cracking sites used by wild Burmese long-tailed macaques (Macaca fascicularis aurea). American Journal of Primatology, 29(5). doi:10.1002/ajp.22629.", "@id": "8", "ref-info": {"ref-publicationyear": {"@first": "2017"}, "ref-title": {"ref-titletext": "Analysis of sea almond (Terminalia catappa) cracking sites used by wild Burmese long-tailed macaques (Macaca fascicularis aurea)"}, "refd-itemidlist": {"itemid": [{"$": "10.1002/ajp.22629", "@idtype": "DOI"}, {"$": "CR8", "@idtype": "FRAGMENTID"}, {"$": "85008223112", "@idtype": "SGR"}]}, "ref-volisspag": {"voliss": {"@volume": "29", "@issue": "5"}}, "ref-authors": {"author": [{"@seq": "1", "ce:initials": "T.", "@_fa": "true", "ce:surname": "Falotico", "ce:indexed-name": "Falotico T."}, {"@seq": "2", "ce:initials": "N.", "@_fa": "true", "ce:surname": "Spagnoletti", "ce:indexed-name": "Spagnoletti N."}, {"@seq": "3", "ce:initials": "M.", "@_fa": "true", "ce:surname": "Haslam", "ce:indexed-name": "Haslam M."}, {"@seq": "4", "ce:initials": "L.V.", "@_fa": "true", "ce:surname": "Luncz", "ce:indexed-name": "Luncz L.V."}, {"@seq": "5", "ce:initials": "S.", "@_fa": "true", "ce:surname": "Malaivijitnond", "ce:indexed-name": "Malaivijitnond S."}, {"@seq": "6", "ce:initials": "M.", "@_fa": "true", "ce:surname": "Gumert", "ce:indexed-name": "Gumert M."}]}, "ref-sourcetitle": "American Journal of Primatology"}}, {"ref-fulltext": "Fitzherbert, E., Struebig, M., Morel, A., Danielsen, F., Bruhl, C., et al (2008). How will oil palm expansion affect biodiversity? Trends in Ecology & Evolution, 23(10), 538\u2013545.", "@id": "9", "ref-info": {"ref-publicationyear": {"@first": "2008"}, "ref-title": {"ref-titletext": "How will oil palm expansion affect biodiversity?"}, "refd-itemidlist": {"itemid": [{"$": "10.1016/j.tree.2008.06.012", "@idtype": "DOI"}, {"$": "CR9", "@idtype": "FRAGMENTID"}, {"$": "51649105840", "@idtype": "SGR"}]}, "ref-volisspag": {"voliss": {"@volume": "23", "@issue": "10"}, "pagerange": {"@first": "538", "@last": "545"}}, "ref-authors": {"author": [{"@seq": "1", "ce:initials": "E.", "@_fa": "true", "ce:surname": "Fitzherbert", "ce:indexed-name": "Fitzherbert E."}, {"@seq": "2", "ce:initials": "M.", "@_fa": "true", "ce:surname": "Struebig", "ce:indexed-name": "Struebig M."}, {"@seq": "3", "ce:initials": "A.", "@_fa": "true", "ce:surname": "Morel", "ce:indexed-name": "Morel A."}, {"@seq": "4", "ce:initials": "F.", "@_fa": "true", "ce:surname": "Danielsen", "ce:indexed-name": "Danielsen F."}, {"@seq": "5", "ce:initials": "C.", "@_fa": "true", "ce:surname": "Bruhl", "ce:indexed-name": "Bruhl C."}], "et-al": null}, "ref-sourcetitle": "Trends in Ecology & Evolution"}}, {"ref-fulltext": "Fooden, J. (1995). Systemactic review of Southeast Asian longtail macaques, Macaca fascicularis. Fieldiana Zoology, 81, 1\u2013206.", "@id": "10", "ref-info": {"ref-publicationyear": {"@first": "1995"}, "ref-title": {"ref-titletext": "Systemactic review of Southeast Asian longtail macaques, Macaca fascicularis"}, "refd-itemidlist": {"itemid": [{"$": "CR10", "@idtype": "FRAGMENTID"}, {"$": "0029472966", "@idtype": "SGR"}]}, "ref-volisspag": {"voliss": {"@volume": "81"}, "pagerange": {"@first": "1", "@last": "206"}}, "ref-authors": {"author": [{"@seq": "1", "ce:initials": "J.", "@_fa": "true", "ce:surname": "Fooden", "ce:indexed-name": "Fooden J."}]}, "ref-sourcetitle": "Fieldiana Zoology"}}, {"ref-fulltext": "Fooden, J. (2006). Comparative review of fascicularis-group species of macaques (primates: Macaca). Fieldiana Zoology, 107. doi:10.3158/0015-0754(2006)107[1:CROFSM]2.0.CO;2.", "@id": "11", "ref-info": {"ref-publicationyear": {"@first": "2006"}, "ref-title": {"ref-titletext": "Comparative review of fascicularis-group species of macaques (primates: Macaca)"}, "refd-itemidlist": {"itemid": [{"$": "10.3158/0015-0754(2006)107[1:CROFSM]2.0.CO;2", "@idtype": "DOI"}, {"$": "CR11", "@idtype": "FRAGMENTID"}, {"$": "43249127766", "@idtype": "SGR"}]}, "ref-authors": {"author": [{"@seq": "1", "ce:initials": "J.", "@_fa": "true", "ce:surname": "Fooden", "ce:indexed-name": "Fooden J."}]}, "ref-sourcetitle": "Fieldiana Zoology"}}, {"ref-fulltext": "Fragaszy, D., Izar, P., Visalberghi, E., Ottoni, E. B., & de Oliveira, M. G. (2004). Wild capuchin monkeys (Cebus libidinosus) use anvils and stone pounding tools. American Journal of Primatology, 64(4), 359\u2013366.", "@id": "12", "ref-info": {"ref-publicationyear": {"@first": "2004"}, "ref-title": {"ref-titletext": "Wild capuchin monkeys (Cebus libidinosus) use anvils and stone pounding tools"}, "refd-itemidlist": {"itemid": [{"$": "10.1002/ajp.20085", "@idtype": "DOI"}, {"$": "CR12", "@idtype": "FRAGMENTID"}, {"$": "12344311262", "@idtype": "SGR"}]}, "ref-volisspag": {"voliss": {"@volume": "64", "@issue": "4"}, "pagerange": {"@first": "359", "@last": "366"}}, "ref-text": "PID: 15580579", "ref-authors": {"author": [{"@seq": "1", "ce:initials": "D.", "@_fa": "true", "ce:surname": "Fragaszy", "ce:indexed-name": "Fragaszy D."}, {"@seq": "2", "ce:initials": "P.", "@_fa": "true", "ce:surname": "Izar", "ce:indexed-name": "Izar P."}, {"@seq": "3", "ce:initials": "E.", "@_fa": "true", "ce:surname": "Visalberghi", "ce:indexed-name": "Visalberghi E."}, {"@seq": "4", "ce:initials": "E.B.", "@_fa": "true", "ce:surname": "Ottoni", "ce:indexed-name": "Ottoni E.B."}, {"@seq": "5", "ce:initials": "M.G.", "@_fa": "true", "ce:surname": "de Oliveira", "ce:indexed-name": "de Oliveira M.G."}]}, "ref-sourcetitle": "American Journal of Primatology"}}, {"ref-fulltext": "Gruber, T. (2013). Historical hypotheses of chimpanzee tool use behaviour in relation to natural and human-induced changes in an East African rain forest1. Revue de Primatologie, 5. doi:10.4000/primatologie.1690.", "@id": "13", "ref-info": {"ref-publicationyear": {"@first": "2013"}, "ref-title": {"ref-titletext": "Historical hypotheses of chimpanzee tool use behaviour in relation to natural and human-induced changes in an East African rain forest1"}, "refd-itemidlist": {"itemid": [{"$": "10.4000/primatologie.1690", "@idtype": "DOI"}, {"$": "CR13", "@idtype": "FRAGMENTID"}, {"$": "84954365471", "@idtype": "SGR"}]}, "ref-volisspag": {"pagerange": {"@first": "5"}}, "ref-authors": {"author": [{"@seq": "1", "ce:initials": "T.", "@_fa": "true", "ce:surname": "Gruber", "ce:indexed-name": "Gruber T."}]}, "ref-sourcetitle": "Revue de Primatologie"}}, {"ref-fulltext": "Gumert, M. D. (2011). The common monkey of Southeast Asia: Longtailed macaque populations, ethnophoresy, and their occurrence in human environments. Monkeys on the Edge. Cambridge: Cambridge University Press.", "@id": "14", "ref-info": {"ref-publicationyear": {"@first": "2011"}, "refd-itemidlist": {"itemid": [{"$": "CR14", "@idtype": "FRAGMENTID"}, {"$": "84867581904", "@idtype": "SGR"}]}, "ref-text": "Cambridge University Press, Cambridge", "ref-authors": {"author": [{"@seq": "1", "ce:initials": "M.D.", "@_fa": "true", "ce:surname": "Gumert", "ce:indexed-name": "Gumert M.D."}]}, "ref-sourcetitle": "The common monkey of Southeast Asia: Longtailed macaque populations, ethnophoresy, and their occurrence in human environments. Monkeys on the Edge"}}, {"ref-fulltext": "Gumert, M. D., & Malaivijitnond, S. (2012). Marine prey processed with stone tools by Burmese long-tailed macaques (Macaca fascicularis aurea) in intertidal habitats. American Journal of Physical Anthropology, 149(3), 447\u2013457.", "@id": "15", "ref-info": {"ref-publicationyear": {"@first": "2012"}, "ref-title": {"ref-titletext": "Marine prey processed with stone tools by Burmese long-tailed macaques (Macaca fascicularis aurea) in intertidal habitats"}, "refd-itemidlist": {"itemid": [{"$": "10.1002/ajpa.22143", "@idtype": "DOI"}, {"$": "CR15", "@idtype": "FRAGMENTID"}, {"$": "84867574434", "@idtype": "SGR"}]}, "ref-volisspag": {"voliss": {"@volume": "149", "@issue": "3"}, "pagerange": {"@first": "447", "@last": "457"}}, "ref-text": "PID: 23042618", "ref-authors": {"author": [{"@seq": "1", "ce:initials": "M.D.", "@_fa": "true", "ce:surname": "Gumert", "ce:indexed-name": "Gumert M.D."}, {"@seq": "2", "ce:initials": "S.", "@_fa": "true", "ce:surname": "Malaivijitnond", "ce:indexed-name": "Malaivijitnond S."}]}, "ref-sourcetitle": "American Journal of Physical Anthropology"}}, {"ref-fulltext": "Gumert, M. D., Kluck, M., & Malaivijitnond, S. (2009). The physical characteristics and usage patterns of stone axe and pounding hammers used by long-tailed macaques in the Andaman Sea region of Thailand. American Journal of Primatology, 71(7), 594\u2013608.", "@id": "16", "ref-info": {"ref-publicationyear": {"@first": "2009"}, "ref-title": {"ref-titletext": "The physical characteristics and usage patterns of stone axe and pounding hammers used by long-tailed macaques in the Andaman Sea region of Thailand"}, "refd-itemidlist": {"itemid": [{"$": "10.1002/ajp.20694", "@idtype": "DOI"}, {"$": "CR16", "@idtype": "FRAGMENTID"}, {"$": "67650786529", "@idtype": "SGR"}]}, "ref-volisspag": {"voliss": {"@volume": "71", "@issue": "7"}, "pagerange": {"@first": "594", "@last": "608"}}, "ref-text": "PID: 19405083", "ref-authors": {"author": [{"@seq": "1", "ce:initials": "M.D.", "@_fa": "true", "ce:surname": "Gumert", "ce:indexed-name": "Gumert M.D."}, {"@seq": "2", "ce:initials": "M.", "@_fa": "true", "ce:surname": "Kluck", "ce:indexed-name": "Kluck M."}, {"@seq": "3", "ce:initials": "S.", "@_fa": "true", "ce:surname": "Malaivijitnond", "ce:indexed-name": "Malaivijitnond S."}]}, "ref-sourcetitle": "American Journal of Primatology"}}, {"ref-fulltext": "Gumert, M. D., Hamada, Y., & Malaivijitnond, S. (2013). Human activity negatively affects stone tool-using Burmese long-tailed macaques Macaca fascicularis aurea in Laem son National Park, Thailand. Oryx, 47(4), 535\u2013543.", "@id": "17", "ref-info": {"ref-publicationyear": {"@first": "2013"}, "ref-title": {"ref-titletext": "Human activity negatively affects stone tool-using Burmese long-tailed macaques Macaca fascicularis aurea in Laem son National Park, Thailand"}, "refd-itemidlist": {"itemid": [{"$": "10.1017/S0030605312000130", "@idtype": "DOI"}, {"$": "CR17", "@idtype": "FRAGMENTID"}, {"$": "84885015060", "@idtype": "SGR"}]}, "ref-volisspag": {"voliss": {"@volume": "47", "@issue": "4"}, "pagerange": {"@first": "535", "@last": "543"}}, "ref-authors": {"author": [{"@seq": "1", "ce:initials": "M.D.", "@_fa": "true", "ce:surname": "Gumert", "ce:indexed-name": "Gumert M.D."}, {"@seq": "2", "ce:initials": "Y.", "@_fa": "true", "ce:surname": "Hamada", "ce:indexed-name": "Hamada Y."}, {"@seq": "3", "ce:initials": "S.", "@_fa": "true", "ce:surname": "Malaivijitnond", "ce:indexed-name": "Malaivijitnond S."}]}, "ref-sourcetitle": "Oryx"}}, {"ref-fulltext": "Harmand, S., Lewis, J. E., Feibel, C. S., Lepre, C. J., Prat, S., et al (2015). 3.3-million-year-old stone tools from Lomekwi 3, West Turkana, Kenya. Nature, 521(7552), 310\u2013315.", "@id": "18", "ref-info": {"ref-publicationyear": {"@first": "2015"}, "ref-title": {"ref-titletext": "3.3-million-year-old stone tools from Lomekwi 3, West Turkana, Kenya"}, "refd-itemidlist": {"itemid": [{"$": "10.1038/nature14464", "@idtype": "DOI"}, {"$": "CR18", "@idtype": "FRAGMENTID"}, {"$": "84930225417", "@idtype": "SGR"}]}, "ref-volisspag": {"voliss": {"@volume": "521", "@issue": "7552"}, "pagerange": {"@first": "310", "@last": "315"}}, "ref-text": "COI: 1:CAS:528:DC%2BC2MXht1WltbfK, PID: 25993961", "ref-authors": {"author": [{"@seq": "1", "ce:initials": "S.", "@_fa": "true", "ce:surname": "Harmand", "ce:indexed-name": "Harmand S."}, {"@seq": "2", "ce:initials": "J.E.", "@_fa": "true", "ce:surname": "Lewis", "ce:indexed-name": "Lewis J.E."}, {"@seq": "3", "ce:initials": "C.S.", "@_fa": "true", "ce:surname": "Feibel", "ce:indexed-name": "Feibel C.S."}, {"@seq": "4", "ce:initials": "C.J.", "@_fa": "true", "ce:surname": "Lepre", "ce:indexed-name": "Lepre C.J."}, {"@seq": "5", "ce:initials": "S.", "@_fa": "true", "ce:surname": "Prat", "ce:indexed-name": "Prat S."}], "et-al": null}, "ref-sourcetitle": "Nature"}}, {"ref-fulltext": "Haslam, M., Hernandez-Aguilar, A., Ling, V., Carvalho, S., de la Torre, I., et al (2009). Primate archaeology. Nature, 460(7253), 339\u2013344.", "@id": "19", "ref-info": {"ref-publicationyear": {"@first": "2009"}, "ref-title": {"ref-titletext": "Primate archaeology"}, "refd-itemidlist": {"itemid": [{"$": "10.1038/nature08188", "@idtype": "DOI"}, {"$": "CR19", "@idtype": "FRAGMENTID"}, {"$": "67650796399", "@idtype": "SGR"}]}, "ref-volisspag": {"voliss": {"@volume": "460", "@issue": "7253"}, "pagerange": {"@first": "339", "@last": "344"}}, "ref-text": "COI: 1:CAS:528:DC%2BD1MXos1Wrs74%3D, PID: 19606139", "ref-authors": {"author": [{"@seq": "1", "ce:initials": "M.", "@_fa": "true", "ce:surname": "Haslam", "ce:indexed-name": "Haslam M."}, {"@seq": "2", "ce:initials": "A.", "@_fa": "true", "ce:surname": "Hernandez-Aguilar", "ce:indexed-name": "Hernandez-Aguilar A."}, {"@seq": "3", "ce:initials": "V.", "@_fa": "true", "ce:surname": "Ling", "ce:indexed-name": "Ling V."}, {"@seq": "4", "ce:initials": "S.", "@_fa": "true", "ce:surname": "Carvalho", "ce:indexed-name": "Carvalho S."}, {"@seq": "5", "ce:initials": "I.", "@_fa": "true", "ce:surname": "de la Torre", "ce:indexed-name": "de la Torre I."}], "et-al": null}, "ref-sourcetitle": "Nature"}}, {"ref-fulltext": "Haslam, M., Luncz, L., Staff, R. A., Bradshaw, F., Ottoni, E., & Falotico, T. (2016a). Pre-Columbian monkey tools. Current Biology, 26, R515\u2013R522.", "@id": "20", "ref-info": {"ref-publicationyear": {"@first": "2016"}, "ref-title": {"ref-titletext": "Pre-Columbian monkey tools"}, "refd-itemidlist": {"itemid": [{"$": "10.1016/j.cub.2016.05.046", "@idtype": "DOI"}, {"$": "CR20", "@idtype": "FRAGMENTID"}, {"$": "84979779078", "@idtype": "SGR"}]}, "ref-volisspag": {"voliss": {"@volume": "26"}, "pagerange": {"@first": "R515", "@last": "R522"}}, "ref-authors": {"author": [{"@seq": "1", "ce:initials": "M.", "@_fa": "true", "ce:surname": "Haslam", "ce:indexed-name": "Haslam M."}, {"@seq": "2", "ce:initials": "L.", "@_fa": "true", "ce:surname": "Luncz", "ce:indexed-name": "Luncz L."}, {"@seq": "3", "ce:initials": "R.A.", "@_fa": "true", "ce:surname": "Staff", "ce:indexed-name": "Staff R.A."}, {"@seq": "4", "ce:initials": "F.", "@_fa": "true", "ce:surname": "Bradshaw", "ce:indexed-name": "Bradshaw F."}, {"@seq": "5", "ce:initials": "E.", "@_fa": "true", "ce:surname": "Ottoni", "ce:indexed-name": "Ottoni E."}, {"@seq": "6", "ce:initials": "T.", "@_fa": "true", "ce:surname": "Falotico", "ce:indexed-name": "Falotico T."}]}, "ref-sourcetitle": "Current Biology"}}, {"ref-fulltext": "Haslam, M., Luncz, L., Pascual-Garrido, A., Fal\u00f3tico, T., Malaivijitnond, S., & Gumert, M. (2016b). Archaeological excavation of wild macaque stone tools. Journal of Human Evolution, 96, 134\u2013138.", "@id": "21", "ref-info": {"ref-publicationyear": {"@first": "2016"}, "ref-title": {"ref-titletext": "Archaeological excavation of wild macaque stone tools"}, "refd-itemidlist": {"itemid": [{"$": "10.1016/j.jhevol.2016.05.002", "@idtype": "DOI"}, {"$": "CR21", "@idtype": "FRAGMENTID"}, {"$": "84969689181", "@idtype": "SGR"}]}, "ref-volisspag": {"voliss": {"@volume": "96"}, "pagerange": {"@first": "134", "@last": "138"}}, "ref-text": "PID: 27256780", "ref-authors": {"author": [{"@seq": "1", "ce:initials": "M.", "@_fa": "true", "ce:surname": "Haslam", "ce:indexed-name": "Haslam M."}, {"@seq": "2", "ce:initials": "L.", "@_fa": "true", "ce:surname": "Luncz", "ce:indexed-name": "Luncz L."}, {"@seq": "3", "ce:initials": "A.", "@_fa": "true", "ce:surname": "Pascual-Garrido", "ce:indexed-name": "Pascual-Garrido A."}, {"@seq": "4", "ce:initials": "T.", "@_fa": "true", "ce:surname": "Fal\u00f3tico", "ce:indexed-name": "Falotico T."}, {"@seq": "5", "ce:initials": "S.", "@_fa": "true", "ce:surname": "Malaivijitnond", "ce:indexed-name": "Malaivijitnond S."}, {"@seq": "6", "ce:initials": "M.", "@_fa": "true", "ce:surname": "Gumert", "ce:indexed-name": "Gumert M."}]}, "ref-sourcetitle": "Journal of Human Evolution"}}, {"ref-fulltext": "Hockings, K. J., McLennan, M. R., Carvalho, S., Ancrenaz, M., Bobe, R., et al (2015). Apes in the Anthropocene: Flexibility and survival. Trends in Ecology & Evolution, 30(4), 215\u2013222.", "@id": "22", "ref-info": {"ref-publicationyear": {"@first": "2015"}, "ref-title": {"ref-titletext": "Apes in the Anthropocene: Flexibility and survival"}, "refd-itemidlist": {"itemid": [{"$": "10.1016/j.tree.2015.02.002", "@idtype": "DOI"}, {"$": "CR22", "@idtype": "FRAGMENTID"}, {"$": "84925666218", "@idtype": "SGR"}]}, "ref-volisspag": {"voliss": {"@volume": "30", "@issue": "4"}, "pagerange": {"@first": "215", "@last": "222"}}, "ref-authors": {"author": [{"@seq": "1", "ce:initials": "K.J.", "@_fa": "true", "ce:surname": "Hockings", "ce:indexed-name": "Hockings K.J."}, {"@seq": "2", "ce:initials": "M.R.", "@_fa": "true", "ce:surname": "McLennan", "ce:indexed-name": "McLennan M.R."}, {"@seq": "3", "ce:initials": "S.", "@_fa": "true", "ce:surname": "Carvalho", "ce:indexed-name": "Carvalho S."}, {"@seq": "4", "ce:initials": "M.", "@_fa": "true", "ce:surname": "Ancrenaz", "ce:indexed-name": "Ancrenaz M."}, {"@seq": "5", "ce:initials": "R.", "@_fa": "true", "ce:surname": "Bobe", "ce:indexed-name": "Bobe R."}], "et-al": null}, "ref-sourcetitle": "Trends in Ecology & Evolution"}}, {"ref-fulltext": "Hoffert, M. I., Caldeira, K., Benford, G., Criswell, D. R., Green, C., et al (2002). Advanced technology paths to global climate stability: Energy for a greenhouse planet. Science, 298(5595), 981\u2013987.", "@id": "23", "ref-info": {"ref-publicationyear": {"@first": "2002"}, "ref-title": {"ref-titletext": "Advanced technology paths to global climate stability: Energy for a greenhouse planet"}, "refd-itemidlist": {"itemid": [{"$": "10.1126/science.1072357", "@idtype": "DOI"}, {"$": "CR23", "@idtype": "FRAGMENTID"}, {"$": "18644385222", "@idtype": "SGR"}]}, "ref-volisspag": {"voliss": {"@volume": "298", "@issue": "5595"}, "pagerange": {"@first": "981", "@last": "987"}}, "ref-text": "COI: 1:CAS:528:DC%2BD38Xot12rs7k%3D, PID: 12411695", "ref-authors": {"author": [{"@seq": "1", "ce:initials": "M.I.", "@_fa": "true", "ce:surname": "Hoffert", "ce:indexed-name": "Hoffert M.I."}, {"@seq": "2", "ce:initials": "K.", "@_fa": "true", "ce:surname": "Caldeira", "ce:indexed-name": "Caldeira K."}, {"@seq": "3", "ce:initials": "G.", "@_fa": "true", "ce:surname": "Benford", "ce:indexed-name": "Benford G."}, {"@seq": "4", "ce:initials": "D.R.", "@_fa": "true", "ce:surname": "Criswell", "ce:indexed-name": "Criswell D.R."}, {"@seq": "5", "ce:initials": "C.", "@_fa": "true", "ce:surname": "Green", "ce:indexed-name": "Green C."}], "et-al": null}, "ref-sourcetitle": "Science"}}, {"ref-fulltext": "Humle, T., & Matsuzawa, T. (2004). Oil palm use by adjacent communities of chimpanzees at Bossou and Nimba Mountains, West Africa. International Journal of Primatology, 25(3), 551\u2013581.", "@id": "24", "ref-info": {"ref-publicationyear": {"@first": "2004"}, "ref-title": {"ref-titletext": "Oil palm use by adjacent communities of chimpanzees at Bossou and Nimba Mountains, West Africa"}, "refd-itemidlist": {"itemid": [{"$": "10.1023/B:IJOP.0000023575.93644.f4", "@idtype": "DOI"}, {"$": "CR24", "@idtype": "FRAGMENTID"}, {"$": "3442888062", "@idtype": "SGR"}]}, "ref-volisspag": {"voliss": {"@volume": "25", "@issue": "3"}, "pagerange": {"@first": "551", "@last": "581"}}, "ref-authors": {"author": [{"@seq": "1", "ce:initials": "T.", "@_fa": "true", "ce:surname": "Humle", "ce:indexed-name": "Humle T."}, {"@seq": "2", "ce:initials": "T.", "@_fa": "true", "ce:surname": "Matsuzawa", "ce:indexed-name": "Matsuzawa T."}]}, "ref-sourcetitle": "International Journal of Primatology"}}, {"ref-fulltext": "Jezkova, T., & Wiens, J. J. (2016). Rates of change in climatic niches in plant and animal populations are much slower than projected climate change. Proceedings of the Royal Society B: Biological Sciences, 283(1843), 20162104.", "@id": "25", "ref-info": {"ref-publicationyear": {"@first": "2016"}, "ref-title": {"ref-titletext": "Rates of change in climatic niches in plant and animal populations are much slower than projected climate change"}, "refd-itemidlist": {"itemid": [{"$": "10.1098/rspb.2016.2104", "@idtype": "DOI"}, {"$": "CR25", "@idtype": "FRAGMENTID"}, {"$": "85000398948", "@idtype": "SGR"}]}, "ref-volisspag": {"voliss": {"@volume": "283", "@issue": "1843"}, "pagerange": {"@first": "20162104"}}, "ref-text": "PID: 27881748", "ref-authors": {"author": [{"@seq": "1", "ce:initials": "T.", "@_fa": "true", "ce:surname": "Jezkova", "ce:indexed-name": "Jezkova T."}, {"@seq": "2", "ce:initials": "J.J.", "@_fa": "true", "ce:surname": "Wiens", "ce:indexed-name": "Wiens J.J."}]}, "ref-sourcetitle": "Proceedings of the Royal Society B: Biological Sciences"}}, {"ref-fulltext": "Luncz, L. V., Wittig, R. M., & Boesch, C. (2015). Primate archaeology reveals cultural transmission in wild chimpanzees (Pan troglodytes verus). Philosophical Transactions of the Royal Society, B: Biological Sciences, 370(1682), 20140348.", "@id": "26", "ref-info": {"ref-publicationyear": {"@first": "2015"}, "ref-title": {"ref-titletext": "Primate archaeology reveals cultural transmission in wild chimpanzees (Pan troglodytes verus)"}, "refd-itemidlist": {"itemid": [{"$": "10.1098/rstb.2014.0348", "@idtype": "DOI"}, {"$": "CR26", "@idtype": "FRAGMENTID"}, {"$": "84944624036", "@idtype": "SGR"}]}, "ref-volisspag": {"voliss": {"@volume": "370", "@issue": "1682"}, "pagerange": {"@first": "20140348"}}, "ref-authors": {"author": [{"@seq": "1", "ce:initials": "L.V.", "@_fa": "true", "ce:surname": "Luncz", "ce:indexed-name": "Luncz L.V."}, {"@seq": "2", "ce:initials": "R.M.", "@_fa": "true", "ce:surname": "Wittig", "ce:indexed-name": "Wittig R.M."}, {"@seq": "3", "ce:initials": "C.", "@_fa": "true", "ce:surname": "Boesch", "ce:indexed-name": "Boesch C."}]}, "ref-sourcetitle": "Philosophical Transactions of the Royal Society, B: Biological Sciences"}}, {"ref-fulltext": "Malaivijitnond, S., Lekprayoon, C., Tandavanittj, N., Panha, S., Cheewatham, C., & Hamada, Y. (2007). Stone-tool usage by Thai long-tailed macaques (Macaca fascicularis). American Journal of Primatology, 69(2), 227\u2013233.", "@id": "27", "ref-info": {"ref-publicationyear": {"@first": "2007"}, "ref-title": {"ref-titletext": "Stone-tool usage by Thai long-tailed macaques (Macaca fascicularis)"}, "refd-itemidlist": {"itemid": [{"$": "10.1002/ajp.20342", "@idtype": "DOI"}, {"$": "CR27", "@idtype": "FRAGMENTID"}, {"$": "33846917719", "@idtype": "SGR"}]}, "ref-volisspag": {"voliss": {"@volume": "69", "@issue": "2"}, "pagerange": {"@first": "227", "@last": "233"}}, "ref-text": "PID: 17146796", "ref-authors": {"author": [{"@seq": "1", "ce:initials": "S.", "@_fa": "true", "ce:surname": "Malaivijitnond", "ce:indexed-name": "Malaivijitnond S."}, {"@seq": "2", "ce:initials": "C.", "@_fa": "true", "ce:surname": "Lekprayoon", "ce:indexed-name": "Lekprayoon C."}, {"@seq": "3", "ce:initials": "N.", "@_fa": "true", "ce:surname": "Tandavanittj", "ce:indexed-name": "Tandavanittj N."}, {"@seq": "4", "ce:initials": "S.", "@_fa": "true", "ce:surname": "Panha", "ce:indexed-name": "Panha S."}, {"@seq": "5", "ce:initials": "C.", "@_fa": "true", "ce:surname": "Cheewatham", "ce:indexed-name": "Cheewatham C."}, {"@seq": "6", "ce:initials": "Y.", "@_fa": "true", "ce:surname": "Hamada", "ce:indexed-name": "Hamada Y."}]}, "ref-sourcetitle": "American Journal of Primatology"}}, {"ref-fulltext": "Matsuzawa, T., Humle, T., & Sugiyama, Y. (2011). The chimpanzees of Bossou and Nimba. Primatology monographs. New York: Springer Science+Business Media.", "@id": "28", "ref-info": {"ref-publicationyear": {"@first": "2011"}, "refd-itemidlist": {"itemid": [{"$": "10.1007/978-4-431-53921-6", "@idtype": "DOI"}, {"$": "CR28", "@idtype": "FRAGMENTID"}, {"$": "80054954301", "@idtype": "SGR"}]}, "ref-text": "Springer Science+Business Media, New York", "ref-authors": {"author": [{"@seq": "1", "ce:initials": "T.", "@_fa": "true", "ce:surname": "Matsuzawa", "ce:indexed-name": "Matsuzawa T."}, {"@seq": "2", "ce:initials": "T.", "@_fa": "true", "ce:surname": "Humle", "ce:indexed-name": "Humle T."}, {"@seq": "3", "ce:initials": "Y.", "@_fa": "true", "ce:surname": "Sugiyama", "ce:indexed-name": "Sugiyama Y."}]}, "ref-sourcetitle": "The chimpanzees of Bossou and Nimba. Primatology monographs"}}, {"ref-fulltext": "Potts, R. (2013). Hominin evolution in settings of strong environmental variability. Quaternary Science Reviews, 73, 1\u201313.", "@id": "29", "ref-info": {"ref-publicationyear": {"@first": "2013"}, "ref-title": {"ref-titletext": "Hominin evolution in settings of strong environmental variability"}, "refd-itemidlist": {"itemid": [{"$": "10.1016/j.quascirev.2013.04.003", "@idtype": "DOI"}, {"$": "CR29", "@idtype": "FRAGMENTID"}, {"$": "84878501425", "@idtype": "SGR"}]}, "ref-volisspag": {"voliss": {"@volume": "73"}, "pagerange": {"@first": "1", "@last": "13"}}, "ref-authors": {"author": [{"@seq": "1", "ce:initials": "R.", "@_fa": "true", "ce:surname": "Potts", "ce:indexed-name": "Potts R."}]}, "ref-sourcetitle": "Quaternary Science Reviews"}}, {"ref-fulltext": "Proffitt, T., Luncz, L. V., Falotica, T., Ottoni, E., de la Torre, I., & Haslam, M. (2016). Wild monkeys flake stone tools. Nature, 539, 85\u201388.", "@id": "30", "ref-info": {"ref-publicationyear": {"@first": "2016"}, "ref-title": {"ref-titletext": "Wild monkeys flake stone tools"}, "refd-itemidlist": {"itemid": [{"$": "10.1038/nature20112", "@idtype": "DOI"}, {"$": "CR30", "@idtype": "FRAGMENTID"}, {"$": "84994627218", "@idtype": "SGR"}]}, "ref-volisspag": {"voliss": {"@volume": "539"}, "pagerange": {"@first": "85", "@last": "88"}}, "ref-text": "COI: 1:CAS:528:DC%2BC28XhslSgsbrP, PID: 27760117", "ref-authors": {"author": [{"@seq": "1", "ce:initials": "T.", "@_fa": "true", "ce:surname": "Proffitt", "ce:indexed-name": "Proffitt T."}, {"@seq": "2", "ce:initials": "L.V.", "@_fa": "true", "ce:surname": "Luncz", "ce:indexed-name": "Luncz L.V."}, {"@seq": "3", "ce:initials": "T.", "@_fa": "true", "ce:surname": "Falotica", "ce:indexed-name": "Falotica T."}, {"@seq": "4", "ce:initials": "E.", "@_fa": "true", "ce:surname": "Ottoni", "ce:indexed-name": "Ottoni E."}, {"@seq": "5", "ce:initials": "I.", "@_fa": "true", "ce:surname": "de la Torre", "ce:indexed-name": "de la Torre I."}, {"@seq": "6", "ce:initials": "M.", "@_fa": "true", "ce:surname": "Haslam", "ce:indexed-name": "Haslam M."}]}, "ref-sourcetitle": "Nature"}}, {"ref-fulltext": "Sih, A. (2013). Understanding variation in behavioural responses to human-induced rapid environmental change: A conceptual overview. Animal Behaviour, 85(5), 1077\u20131088.", "@id": "31", "ref-info": {"ref-publicationyear": {"@first": "2013"}, "ref-title": {"ref-titletext": "Understanding variation in behavioural responses to human-induced rapid environmental change: A conceptual overview"}, "refd-itemidlist": {"itemid": [{"$": "10.1016/j.anbehav.2013.02.017", "@idtype": "DOI"}, {"$": "CR31", "@idtype": "FRAGMENTID"}, {"$": "84877600828", "@idtype": "SGR"}]}, "ref-volisspag": {"voliss": {"@volume": "85", "@issue": "5"}, "pagerange": {"@first": "1077", "@last": "1088"}}, "ref-authors": {"author": [{"@seq": "1", "ce:initials": "A.", "@_fa": "true", "ce:surname": "Sih", "ce:indexed-name": "Sih A."}]}, "ref-sourcetitle": "Animal Behaviour"}}, {"ref-fulltext": "Slabbekoorn, H., & Ripmeester, E. A. P. (2008). Birdsong and anthropogenic noise: Implications and applications for conservation. Molecular Ecology, 17(1), 72\u201383.", "@id": "32", "ref-info": {"ref-publicationyear": {"@first": "2008"}, "ref-title": {"ref-titletext": "Birdsong and anthropogenic noise: Implications and applications for conservation"}, "refd-itemidlist": {"itemid": [{"$": "10.1111/j.1365-294X.2007.03487.x", "@idtype": "DOI"}, {"$": "CR32", "@idtype": "FRAGMENTID"}, {"$": "37349040142", "@idtype": "SGR"}]}, "ref-volisspag": {"voliss": {"@volume": "17", "@issue": "1"}, "pagerange": {"@first": "72", "@last": "83"}}, "ref-text": "PID: 17784917", "ref-authors": {"author": [{"@seq": "1", "ce:initials": "H.", "@_fa": "true", "ce:surname": "Slabbekoorn", "ce:indexed-name": "Slabbekoorn H."}, {"@seq": "2", "ce:initials": "E.A.P.", "@_fa": "true", "ce:surname": "Ripmeester", "ce:indexed-name": "Ripmeester E.A.P."}]}, "ref-sourcetitle": "Molecular Ecology"}}, {"ref-fulltext": "Sugiyama, Y., & Koman, J. (1979). Tool-using and -making behavior in wild chimpanzees at Bossou, Guinea. Primates, 20(4), 513\u2013524.", "@id": "33", "ref-info": {"ref-publicationyear": {"@first": "1979"}, "ref-title": {"ref-titletext": "Tool-using and -making behavior in wild chimpanzees at Bossou, Guinea"}, "refd-itemidlist": {"itemid": [{"$": "10.1007/BF02373433", "@idtype": "DOI"}, {"$": "CR33", "@idtype": "FRAGMENTID"}, {"$": "0001411314", "@idtype": "SGR"}]}, "ref-volisspag": {"voliss": {"@volume": "20", "@issue": "4"}, "pagerange": {"@first": "513", "@last": "524"}}, "ref-authors": {"author": [{"@seq": "1", "ce:initials": "Y.", "@_fa": "true", "ce:surname": "Sugiyama", "ce:indexed-name": "Sugiyama Y."}, {"@seq": "2", "ce:initials": "J.", "@_fa": "true", "ce:surname": "Koman", "ce:indexed-name": "Koman J."}]}, "ref-sourcetitle": "Primates"}}, {"ref-fulltext": "Sundram, K., Sambanthamurthi, R., & Tan, Y.-A. (2003). Palm fruit chemistry and nutrition. Asia Pacific Journal of Clinical Nutrition, 12(3), 355\u2013362.", "@id": "34", "ref-info": {"ref-publicationyear": {"@first": "2003"}, "ref-title": {"ref-titletext": "Palm fruit chemistry and nutrition"}, "refd-itemidlist": {"itemid": [{"$": "CR34", "@idtype": "FRAGMENTID"}, {"$": "2142687068", "@idtype": "SGR"}]}, "ref-volisspag": {"voliss": {"@volume": "12", "@issue": "3"}, "pagerange": {"@first": "355", "@last": "362"}}, "ref-text": "COI: 1:CAS:528:DC%2BD3sXpsF2itb0%3D, PID: 14506001", "ref-authors": {"author": [{"@seq": "1", "ce:initials": "K.", "@_fa": "true", "ce:surname": "Sundram", "ce:indexed-name": "Sundram K."}, {"@seq": "2", "ce:initials": "R.", "@_fa": "true", "ce:surname": "Sambanthamurthi", "ce:indexed-name": "Sambanthamurthi R."}, {"@seq": "3", "ce:initials": "Y.-A.", "@_fa": "true", "ce:surname": "Tan", "ce:indexed-name": "Tan Y.-A."}]}, "ref-sourcetitle": "Asia Pacific Journal of Clinical Nutrition"}}, {"ref-fulltext": "Tan, A., Tan, S. H., Vyas, D., Malaivijitnond, S., & Gumert, M. D. (2015). There is more than one way to crack an oyster: Identifying variation in Burmese long-tailed macaque (Macaca fascicularis aurea) stone-tool use. PloS One, 10(5), e0124733.", "@id": "35", "ref-info": {"ref-publicationyear": {"@first": "2015"}, "ref-title": {"ref-titletext": "There is more than one way to crack an oyster: Identifying variation in Burmese long-tailed macaque (Macaca fascicularis aurea) stone-tool use"}, "refd-itemidlist": {"itemid": [{"$": "10.1371/journal.pone.0124733", "@idtype": "DOI"}, {"$": "CR35", "@idtype": "FRAGMENTID"}, {"$": "e0124733", "@idtype": "ARTNUM"}, {"$": "84929359168", "@idtype": "SGR"}]}, "ref-volisspag": {"voliss": {"@volume": "10", "@issue": "5"}}, "ref-text": "PID: 25970286", "ref-authors": {"author": [{"@seq": "1", "ce:initials": "A.", "@_fa": "true", "ce:surname": "Tan", "ce:indexed-name": "Tan A."}, {"@seq": "2", "ce:initials": "S.H.", "@_fa": "true", "ce:surname": "Tan", "ce:indexed-name": "Tan S.H."}, {"@seq": "3", "ce:initials": "D.", "@_fa": "true", "ce:surname": "Vyas", "ce:indexed-name": "Vyas D."}, {"@seq": "4", "ce:initials": "S.", "@_fa": "true", "ce:surname": "Malaivijitnond", "ce:indexed-name": "Malaivijitnond S."}, {"@seq": "5", "ce:initials": "M.D.", "@_fa": "true", "ce:surname": "Gumert", "ce:indexed-name": "Gumert M.D."}]}, "ref-sourcetitle": "PloS One"}}, {"ref-fulltext": "Visalberghi, E., Sirianni, G., Fragaszy, D., & Boesch, C. (2015). Percussive tool use by Ta\u00ef western chimpanzees and Fazenda Boa Vista bearded capuchin monkeys: A comparison. Philosophical Transactions of the Royal Society, B: Biological Sciences, 370(1682), 20140351.", "@id": "36", "ref-info": {"ref-publicationyear": {"@first": "2015"}, "ref-title": {"ref-titletext": "Percussive tool use by Ta\u00ef western chimpanzees and Fazenda Boa Vista bearded capuchin monkeys: A comparison"}, "refd-itemidlist": {"itemid": [{"$": "10.1098/rstb.2014.0351", "@idtype": "DOI"}, {"$": "CR36", "@idtype": "FRAGMENTID"}, {"$": "84944617384", "@idtype": "SGR"}]}, "ref-volisspag": {"voliss": {"@volume": "370", "@issue": "1682"}, "pagerange": {"@first": "20140351"}}, "ref-authors": {"author": [{"@seq": "1", "ce:initials": "E.", "@_fa": "true", "ce:surname": "Visalberghi", "ce:indexed-name": "Visalberghi E."}, {"@seq": "2", "ce:initials": "G.", "@_fa": "true", "ce:surname": "Sirianni", "ce:indexed-name": "Sirianni G."}, {"@seq": "3", "ce:initials": "D.", "@_fa": "true", "ce:surname": "Fragaszy", "ce:indexed-name": "Fragaszy D."}, {"@seq": "4", "ce:initials": "C.", "@_fa": "true", "ce:surname": "Boesch", "ce:indexed-name": "Boesch C."}]}, "ref-sourcetitle": "Philosophical Transactions of the Royal Society, B: Biological Sciences"}}, {"ref-fulltext": "Whiten, A., Goodall, J., McGrew, W. C., Nishida, T., Reynolds, V., et al (2001). Charting cultural variation in chimpanzees. Behaviour, 138(11/12), 1481\u20131516.", "@id": "37", "ref-info": {"ref-publicationyear": {"@first": "2001"}, "ref-title": {"ref-titletext": "Charting cultural variation in chimpanzees"}, "refd-itemidlist": {"itemid": [{"$": "10.1163/156853901317367717", "@idtype": "DOI"}, {"$": "CR37", "@idtype": "FRAGMENTID"}, {"$": "0035565404", "@idtype": "SGR"}]}, "ref-volisspag": {"voliss": {"@volume": "138", "@issue": "11-12"}, "pagerange": {"@first": "1481", "@last": "1516"}}, "ref-authors": {"author": [{"@seq": "1", "ce:initials": "A.", "@_fa": "true", "ce:surname": "Whiten", "ce:indexed-name": "Whiten A."}, {"@seq": "2", "ce:initials": "J.", "@_fa": "true", "ce:surname": "Goodall", "ce:indexed-name": "Goodall J."}, {"@seq": "3", "ce:initials": "W.C.", "@_fa": "true", "ce:surname": "McGrew", "ce:indexed-name": "McGrew W.C."}, {"@seq": "4", "ce:initials": "T.", "@_fa": "true", "ce:surname": "Nishida", "ce:indexed-name": "Nishida T."}, {"@seq": "5", "ce:initials": "V.", "@_fa": "true", "ce:surname": "Reynolds", "ce:indexed-name": "Reynolds V."}], "et-al": null}, "ref-sourcetitle": "Behaviour"}}]}}}}, "affiliation": [{"affiliation-city": "Oxford", "@id": "60175816", "affilname": "Oxford Social Sciences Division", "@href": "https://api.elsevier.com/content/affiliation/affiliation_id/60175816", "affiliation-country": "United Kingdom"}, {"affiliation-city": "Bangkok", "@id": "60028190", "affilname": "Chulalongkorn University", "@href": "https://api.elsevier.com/content/affiliation/affiliation_id/60028190", "affiliation-country": "Thailand"}, {"affiliation-city": "Singapore City", "@id": "60118480", "affilname": "School of Humanities", "@href": "https://api.elsevier.com/content/affiliation/affiliation_id/60118480", "affiliation-country": "Singapore"}, {"affiliation-city": "Oxford", "@id": "60014564", "affilname": "Oxford Brookes University", "@href": "https://api.elsevier.com/content/affiliation/affiliation_id/60014564", "affiliation-country": "United Kingdom"}], "coredata": {"srctype": "j", "eid": "2-s2.0-85028771275", "dc:description": "Anthropogenic disturbances have a detrimental impact on the natural world; the vast expansion of palm oil monocultures is one of the most significant agricultural influences. Primates worldwide consequently have been affected by the loss of their natural ecosystems. Long-tailed macaques (Macaca fascilularis) in Southern Thailand have, however, learned to exploit oil palm nuts using stone tools. Using camera traps, we captured the stone tool behavior of one macaque group in Ao Phang-Nga National Park. Line transects placed throughout an abandoned oil palm plantation confirmed a high abundance of nut cracking sites. Long-tailed macaques previously have been observed using stone tools to harvest shellfish along the coasts of Thailand and Myanmar. The novel nut processing behavior indicates the successful transfer of existing lithic technology to a new food source. Such behavioral plasticity has been suggested to underlie cultural behavior in animals, suggesting that long-tailed macaques have potential to exhibit cultural tendencies. The use of tools to process oil palm nuts across multiple primate species allows direct comparisons between stone tool using nonhuman primates living in anthropogenic environments.", "prism:coverDate": "2017-10-01", "prism:aggregationType": "Journal", "prism:url": "https://api.elsevier.com/content/abstract/scopus_id/85028771275", "dc:creator": {"author": [{"ce:given-name": "Lydia V.", "preferred-name": {"ce:given-name": "Lydia V.", "ce:initials": "L.V.", "ce:surname": "Luncz", "ce:indexed-name": "Luncz L.V."}, "@seq": "1", "ce:initials": "L.V.", "@_fa": "true", "affiliation": [{"@id": "60175816", "@href": "https://api.elsevier.com/content/affiliation/affiliation_id/60175816"}, {"@id": "60175816", "@href": "https://api.elsevier.com/content/affiliation/affiliation_id/60175816"}], "ce:surname": "Luncz", "@auid": "26536165700", "author-url": "https://api.elsevier.com/content/author/author_id/26536165700", "ce:indexed-name": "Luncz L.V."}]}, "link": [{"@_fa": "true", "@rel": "self", "@href": "https://api.elsevier.com/content/abstract/scopus_id/85028771275"}, {"@_fa": "true", "@rel": "scopus", "@href": "https://www.scopus.com/inward/record.uri?partnerID=HzOxMe3b&scp=85028771275&origin=inward"}, {"@_fa": "true", "@rel": "scopus-citedby", "@href": "https://www.scopus.com/inward/citedby.uri?partnerID=HzOxMe3b&scp=85028771275&origin=inward"}], "source-id": "22028", "citedby-count": "31", "prism:volume": "38", "subtype": "ar", "dc:title": "Technological Response of Wild Macaques (Macaca fascicularis) to Anthropogenic Change", "openaccess": "1", "prism:issn": "01640291", "publishercopyright": "\u00a9 2017, The Author(s).", "prism:issueIdentifier": "5", "subtypeDescription": "Article", "prism:publicationName": "International Journal of Primatology", "prism:pageRange": "872-880", "prism:endingPage": "880", "openaccessFlag": "true", "prism:doi": "10.1007/s10764-017-9985-6", "prism:startingPage": "872", "dc:identifier": "SCOPUS_ID:85028771275", "dc:publisher": "Springer New York LLCbarbara.b.bertram@gsk.com"}, "idxterms": null, "language": {"@xml:lang": "eng"}, "authkeywords": {"author-keyword": [{"@_fa": "true", "$": "Anthropogenic influence"}, {"@_fa": "true", "$": "Behavioral flexibility"}, {"@_fa": "true", "$": "Macaca fascicularis"}, {"@_fa": "true", "$": "Nut cracking"}, {"@_fa": "true", "$": "Tool use"}]}, "subject-areas": {"subject-area": [{"@_fa": "true", "$": "Ecology, Evolution, Behavior and Systematics", "@code": "1105", "@abbrev": "AGRI"}, {"@_fa": "true", "$": "Animal Science and Zoology", "@code": "1103", "@abbrev": "AGRI"}]}, "authors": {"author": [{"ce:given-name": "Lydia V.", "preferred-name": {"ce:given-name": "Lydia V.", "ce:initials": "L.V.", "ce:surname": "Luncz", "ce:indexed-name": "Luncz L.V."}, "@seq": "1", "ce:initials": "L.V.", "@_fa": "true", "affiliation": [{"@id": "60175816", "@href": "https://api.elsevier.com/content/affiliation/affiliation_id/60175816"}, {"@id": "60175816", "@href": "https://api.elsevier.com/content/affiliation/affiliation_id/60175816"}], "ce:surname": "Luncz", "@auid": "26536165700", "author-url": "https://api.elsevier.com/content/author/author_id/26536165700", "ce:indexed-name": "Luncz L.V."}, {"ce:given-name": "Magdalena S.", "preferred-name": {"ce:given-name": "Magdalena S.", "ce:initials": "M.S.", "ce:surname": "Svensson", "ce:indexed-name": "Svensson M.S."}, "@seq": "2", "ce:initials": "M.S.", "@_fa": "true", "affiliation": [{"@id": "60175816", "@href": "https://api.elsevier.com/content/affiliation/affiliation_id/60175816"}, {"@id": "60014564", "@href": "https://api.elsevier.com/content/affiliation/affiliation_id/60014564"}], "ce:surname": "Svensson", "@auid": "35225488000", "author-url": "https://api.elsevier.com/content/author/author_id/35225488000", "ce:indexed-name": "Svensson M.S."}, {"ce:given-name": "Michael", "preferred-name": {"ce:given-name": "Michael", "ce:initials": "M.", "ce:surname": "Haslam", "ce:indexed-name": "Haslam M."}, "@seq": "3", "ce:initials": "M.", "@_fa": "true", "affiliation": {"@id": "60175816", "@href": "https://api.elsevier.com/content/affiliation/affiliation_id/60175816"}, "ce:surname": "Haslam", "@auid": "8779231000", "author-url": "https://api.elsevier.com/content/author/author_id/8779231000", "ce:indexed-name": "Haslam M."}, {"ce:given-name": "Suchinda", "preferred-name": {"ce:given-name": "Suchinda", "ce:initials": "S.", "ce:surname": "Malaivijitnond", "ce:indexed-name": "Malaivijitnond S."}, "@seq": "4", "ce:initials": "S.", "@_fa": "true", "affiliation": [{"@id": "60028190", "@href": "https://api.elsevier.com/content/affiliation/affiliation_id/60028190"}, {"@id": "60028190", "@href": "https://api.elsevier.com/content/affiliation/affiliation_id/60028190"}], "ce:surname": "Malaivijitnond", "@auid": "6602229260", "author-url": "https://api.elsevier.com/content/author/author_id/6602229260", "ce:indexed-name": "Malaivijitnond S."}, {"ce:given-name": "Tomos", "preferred-name": {"ce:given-name": "Tomos", "ce:initials": "T.", "ce:surname": "Proffitt", "ce:indexed-name": "Proffitt T."}, "@seq": "5", "ce:initials": "T.", "@_fa": "true", "affiliation": {"@id": "60175816", "@href": "https://api.elsevier.com/content/affiliation/affiliation_id/60175816"}, "ce:surname": "Proffitt", "@auid": "55356895900", "author-url": "https://api.elsevier.com/content/author/author_id/55356895900", "ce:indexed-name": "Proffitt T."}, {"ce:given-name": "Michael", "preferred-name": {"ce:given-name": "Michael", "ce:initials": "M.", "ce:surname": "Gumert", "ce:indexed-name": "Gumert M."}, "@seq": "6", "ce:initials": "M.", "@_fa": "true", "affiliation": [{"@id": "60175816", "@href": "https://api.elsevier.com/content/affiliation/affiliation_id/60175816"}, {"@id": "60118480", "@href": "https://api.elsevier.com/content/affiliation/affiliation_id/60118480"}], "ce:surname": "Gumert", "@auid": "23003889200", "author-url": "https://api.elsevier.com/content/author/author_id/23003889200", "ce:indexed-name": "Gumert M."}]}}}