{"abstracts-retrieval-response": {"item": {"ait:process-info": {"ait:status": {"@state": "update", "@type": "core", "@stage": "S300"}, "ait:date-delivered": {"@day": "08", "@year": "2020", "@timestamp": "2020-01-08T04:58:14.000014-05:00", "@month": "01"}, "ait:date-sort": {"@day": "01", "@year": "2017", "@month": "10"}}, "xocs:meta": {"xocs:funding-list": {"@pui-match": "primary", "@has-funding-info": "1", "xocs:funding-addon-generated-timestamp": "2021-05-07T14:50:03.204738Z", "xocs:funding-addon-type": "http://vtw.elsevier.com/data/voc/AddOnTypes/50.7/aggregated-refined"}}, "bibrecord": {"head": {"author-group": [{"affiliation": {"country": "Thailand", "address-part": "Phatumwan", "postal-code": "10330", "@afid": "60028190", "@country": "tha", "city": "Bangkok", "organization": [{"$": "Bioactive Resources for Innovative Clinical Applications Research Unit"}, {"$": "Chulalongkorn University"}], "affiliation-id": {"@afid": "60028190", "@dptid": "113454208"}, "@dptid": "113454208"}, "author": [{"ce:given-name": "Supamas", "preferred-name": {"ce:given-name": "Supamas", "ce:initials": "S.", "ce:surname": "Napavichayanun", "ce:indexed-name": "Napavichayanun S."}, "@seq": "1", "ce:initials": "S.", "@_fa": "true", "@type": "auth", "ce:surname": "Napavichayanun", "@auid": "56658724500", "@orcid": "0000-0001-7511-9530", "ce:indexed-name": "Napavichayanun S."}, {"ce:given-name": "Pornanong", "preferred-name": {"ce:given-name": "Pornanong", "ce:initials": "P.", "ce:surname": "Aramwit", "ce:indexed-name": "Aramwit P."}, "@seq": "6", "ce:initials": "P.", "@_fa": "true", "@type": "auth", "ce:surname": "Aramwit", "@auid": "7801583104", "ce:indexed-name": "Aramwit P."}]}, {"affiliation": {"country": "Thailand", "address-part": "PhayaThai Road, Phatumwan", "postal-code": "10330", "@afid": "60028190", "@country": "tha", "city": "Bangkok", "organization": [{"$": "Department of Pharmacy Practice"}, {"$": "Faculty of Pharmaceutical Sciences"}, {"$": "Chulalongkorn University"}], "affiliation-id": {"@afid": "60028190", "@dptid": "113044315"}, "@dptid": "113044315"}, "author": [{"ce:given-name": "Supamas", "preferred-name": {"ce:given-name": "Supamas", "ce:initials": "S.", "ce:surname": "Napavichayanun", "ce:indexed-name": "Napavichayanun S."}, "@seq": "1", "ce:initials": "S.", "@_fa": "true", "@type": "auth", "ce:surname": "Napavichayanun", "@auid": "56658724500", "@orcid": "0000-0001-7511-9530", "ce:indexed-name": "Napavichayanun S."}, {"ce:given-name": "Pornanong", "preferred-name": {"ce:given-name": "Pornanong", "ce:initials": "P.", "ce:surname": "Aramwit", "ce:indexed-name": "Aramwit P."}, "@seq": "6", "ce:initials": "P.", "@_fa": "true", "@type": "auth", "ce:surname": "Aramwit", "@auid": "7801583104", "ce:indexed-name": "Aramwit P."}]}, {"affiliation": {"country": "Austria", "address-part": "Innrain 66a", "postal-code": "6020", "@afid": "60009999", "@country": "aut", "city": "Innsbruck", "organization": [{"$": "Austrian Drug Screening Institute (ADSI)"}, {"$": "University of Innsbruck"}], "affiliation-id": {"@afid": "60009999", "@dptid": "119089345"}, "@dptid": "119089345"}, "author": [{"ce:given-name": "Oliver", "preferred-name": {"ce:given-name": "Oliver", "ce:initials": "O.", "ce:surname": "Lutz", "ce:indexed-name": "Lutz O."}, "@seq": "2", "ce:initials": "O.", "@_fa": "true", "@type": "auth", "ce:surname": "Lutz", "@auid": "55184059900", "ce:indexed-name": "Lutz O."}, {"ce:given-name": "Martin", "preferred-name": {"ce:given-name": "Martin", "ce:initials": "M.", "ce:surname": "Fischnaller", "ce:indexed-name": "Fischnaller M."}, "@seq": "3", "ce:initials": "M.", "@_fa": "true", "@type": "auth", "ce:surname": "Fischnaller", "@auid": "55535306500", "ce:indexed-name": "Fischnaller M."}, {"ce:given-name": "Thomas", "preferred-name": {"ce:given-name": "Thomas", "ce:initials": "T.", "ce:surname": "Jakschitz", "ce:indexed-name": "Jakschitz T."}, "@seq": "4", "ce:initials": "T.", "@_fa": "true", "@type": "auth", "ce:surname": "Jakschitz", "@auid": "23388960000", "ce:indexed-name": "Jakschitz T."}, {"ce:given-name": "G\u00fcnther", "preferred-name": {"ce:given-name": "G\u00fcnther", "ce:initials": "G.", "ce:surname": "Bonn", "ce:indexed-name": "Bonn G."}, "@seq": "5", "ce:initials": "G.", "@_fa": "true", "@type": "auth", "ce:surname": "Bonn", "@auid": "34667515500", "ce:indexed-name": "Bonn G."}]}], "citation-title": "Identification and quantification and antioxidant activity of flavonoids in different strains of silk cocoon, Bombyx mori", "abstracts": "\u00a9 2017 Elsevier Inc.Silk cocoon is produced from silkworm (Bombyx mori) to protect itself from outer environment. Various strains of cocoon contain different forms and amounts of flavonoids, which may affect on their antioxidant activity. Moreover, the extraction method would influence the amount of flavonoids extracted. Therefore, the objectives of this study were to identify and quantify the flavonoids in 3 strains of bivoltine Bombyx mori silk cocoon (Chul 1/1; white cocoon, Chul 3/2; greenish cocoon, and Chul 4/2; yellow cocoon) extracted by 6 different solvents including acetone, ethyl acetate, dimethyl sulfoxide (DMSO), ethanol, methanol, and purified water. The flavonoids extracted were identified and quantified by liquid chromatography\u2013mass spectrometry (LC-MS). The antioxidant activity of flavonoids extracted was also investigated by visible spectroscopy at 517 nm. The results showed that Chul 3/2 silk cocoon contained the highest amount of flavonoids. Purified water seemed to be the best solvent that preserved most antioxidant activity of the flavonoids extracted. Flavonoids in Chul 1/1 and Chul 4/2 silk cocoon were rarely found, however they contained some antioxidant activities. The data from this study can provide basic information for flavonoid extraction from silk cocoon which can also apply for other flavonoid-containing natural biomaterials.", "correspondence": {"affiliation": {"country": "Thailand", "address-part": "PhayaThai Road, Phatumwan", "postal-code": "10330", "@country": "tha", "city": "Bangkok", "organization": [{"$": "Department of Pharmacy Practice"}, {"$": "Faculty of Pharmaceutical Sciences"}, {"$": "Chulalongkorn University"}]}, "person": {"ce:given-name": "Pornanong", "ce:initials": "P.", "ce:surname": "Aramwit", "ce:indexed-name": "Aramwit P."}}, "citation-info": {"author-keywords": {"author-keyword": [{"$": "Antioxidant activity", "@xml:lang": "eng"}, {"$": "Flavonoid", "@xml:lang": "eng"}, {"$": "Kaempferol", "@xml:lang": "eng"}, {"$": "Quercetin", "@xml:lang": "eng"}, {"$": "Silk cocoon", "@xml:lang": "eng"}]}, "citation-type": {"@code": "ar"}, "citation-language": {"@language": "English", "@xml:lang": "eng"}, "abstract-language": {"@language": "English", "@xml:lang": "eng"}}, "source": {"website": {"ce:e-address": {"$": "http://www.elsevier.com/inca/publications/store/6/2/2/7/8/7/index.htt", "@type": "email"}}, "translated-sourcetitle": {"$": "Archives of Biochemistry and Biophysics", "@xml:lang": "eng"}, "volisspag": {"voliss": {"@volume": "631"}, "pagerange": {"@first": "58", "@last": "65"}}, "@type": "j", "sourcetitle": "Archives of Biochemistry and Biophysics", "publicationdate": {"month": "10", "year": "2017", "date-text": {"@xfab-added": "true", "$": "1 October 2017"}, "day": "01"}, "codencode": "ABBIA", "sourcetitle-abbrev": "Arch. Biochem. Biophys.", "@country": "usa", "issn": [{"$": "10960384", "@type": "electronic"}, {"$": "00039861", "@type": "print"}], "publicationyear": {"@first": "2017"}, "publisher": {"publishername": "Academic Press Inc.", "ce:e-address": {"$": "apjcs@harcourt.com", "@type": "email"}}, "@srcid": "16811"}, "enhancement": {"classificationgroup": {"classifications": [{"@type": "ASJC", "classification": [{"$": "1304"}, {"$": "1303"}, {"$": "1312"}]}, {"@type": "SUBJABBR", "classification": "BIOC"}]}, "chemicalgroup": {"chemicals": {"@source": "nlm", "chemical": [{"chemical-name": "Antioxidants"}, {"chemical-name": "Flavonoids"}, {"chemical-name": "Solvents"}]}}}}, "item-info": {"copyright": {"$": "Copyright 2017 Elsevier B.V., All rights reserved.", "@type": "Elsevier"}, "dbcollection": [{"$": "CABS"}, {"$": "EMBASE"}, {"$": "EMBIO"}, {"$": "REAXYS"}, {"$": "REAXYSCAR"}, {"$": "RMC"}, {"$": "SCOPUS"}, {"$": "Scopusbase"}, {"$": "MEDL"}], "history": {"date-created": {"@day": "22", "@year": "2017", "@timestamp": "BST 05:48:52", "@month": "08"}}, "itemidlist": {"itemid": [{"$": "617796915", "@idtype": "PUI"}, {"$": "2017259676", "@idtype": "CABS"}, {"$": "667204720", "@idtype": "CAR-ID"}, {"$": "20170587142", "@idtype": "EMBASE"}, {"$": "2017164933", "@idtype": "EMBIO"}, {"$": "2017181935", "@idtype": "REAXYS"}, {"$": "20171466128", "@idtype": "REAXYSCAR"}, {"$": "2017235358", "@idtype": "RMC"}, {"$": "20170220878", "@idtype": "SCOPUS"}, {"$": "85027502485", "@idtype": "SCP"}, {"$": "85027502485", "@idtype": "SGR"}, {"$": "618435542", "@idtype": "PUIsecondary"}, {"$": "28807613", "@idtype": "MEDL"}], "ce:pii": "S0003986117303429", "ce:doi": "10.1016/j.abb.2017.08.010"}}, "tail": {"bibliography": {"@refcount": "23", "reference": [{"ref-fulltext": "Gurtner, G.C., Werner, S., Barrandon, Y., Longaker, M.T., Wound repair and regeneration. Nature 453:7193 (2008), 314\u2013321.", "@id": "1", "ref-info": {"ref-publicationyear": {"@first": "2008"}, "ref-title": {"ref-titletext": "Wound repair and regeneration"}, "refd-itemidlist": {"itemid": [{"$": "bib1", "@idtype": "FRAGMENTID"}, {"$": "43749088730", "@idtype": "SGR"}]}, "ref-volisspag": {"voliss": {"@volume": "453", "@issue": "7193"}, "pagerange": {"@first": "314", "@last": "321"}}, "ref-authors": {"author": [{"@seq": "1", "ce:initials": "G.C.", "@_fa": "true", "ce:surname": "Gurtner", "ce:indexed-name": "Gurtner G.C."}, {"@seq": "2", "ce:initials": "S.", "@_fa": "true", "ce:surname": "Werner", "ce:indexed-name": "Werner S."}, {"@seq": "3", "ce:initials": "Y.", "@_fa": "true", "ce:surname": "Barrandon", "ce:indexed-name": "Barrandon Y."}, {"@seq": "4", "ce:initials": "M.T.", "@_fa": "true", "ce:surname": "Longaker", "ce:indexed-name": "Longaker M.T."}]}, "ref-sourcetitle": "Nature"}}, {"ref-fulltext": "Tamura, Y., Nakajima, K.-i., Nagayasu, K.-i., Takabayashi, C., Flavonoid 5-glucosides from the cocoon shell of the silkworm, Bombyx mori. Phytochemistry 59:3 (2002), 275\u2013278.", "@id": "2", "ref-info": {"ref-publicationyear": {"@first": "2002"}, "ref-title": {"ref-titletext": "Flavonoid 5-glucosides from the cocoon shell of the silkworm, Bombyx mori"}, "refd-itemidlist": {"itemid": [{"$": "bib2", "@idtype": "FRAGMENTID"}, {"$": "0037138275", "@idtype": "SGR"}]}, "ref-volisspag": {"voliss": {"@volume": "59", "@issue": "3"}, "pagerange": {"@first": "275", "@last": "278"}}, "ref-authors": {"author": [{"@seq": "1", "ce:initials": "Y.", "@_fa": "true", "ce:surname": "Tamura", "ce:indexed-name": "Tamura Y."}, {"@seq": "2", "ce:initials": "K.-I.", "@_fa": "true", "ce:surname": "Nakajima", "ce:indexed-name": "Nakajima K.-I."}, {"@seq": "3", "ce:initials": "K.-I.", "@_fa": "true", "ce:surname": "Nagayasu", "ce:indexed-name": "Nagayasu K.-I."}, {"@seq": "4", "ce:initials": "C.", "@_fa": "true", "ce:surname": "Takabayashi", "ce:indexed-name": "Takabayashi C."}]}, "ref-sourcetitle": "Phytochemistry"}}, {"ref-fulltext": "Kurioka, A., Yamazaki, M., Purification and identification of flavonoids from the yellow green cocoon shell (Sasamayu) of the silkworm, Bombyx mori. Biosci. Biotechnol. Biochem. 66:6 (2002), 1396\u20131399.", "@id": "3", "ref-info": {"ref-publicationyear": {"@first": "2002"}, "ref-title": {"ref-titletext": "Purification and identification of flavonoids from the yellow green cocoon shell (Sasamayu) of the silkworm, Bombyx mori"}, "refd-itemidlist": {"itemid": [{"$": "bib3", "@idtype": "FRAGMENTID"}, {"$": "0036616937", "@idtype": "SGR"}]}, "ref-volisspag": {"voliss": {"@volume": "66", "@issue": "6"}, "pagerange": {"@first": "1396", "@last": "1399"}}, "ref-authors": {"author": [{"@seq": "1", "ce:initials": "A.", "@_fa": "true", "ce:surname": "Kurioka", "ce:indexed-name": "Kurioka A."}, {"@seq": "2", "ce:initials": "M.", "@_fa": "true", "ce:surname": "Yamazaki", "ce:indexed-name": "Yamazaki M."}]}, "ref-sourcetitle": "Biosci. Biotechnol. Biochem."}}, {"ref-fulltext": "Hirayama, C., Ono, H., Tamura, Y., Konno, K., Nakamura, M., Regioselective formation of quercetin 5-O-glucoside from orally administered quercetin in the silkworm, Bombyx mori. Phytochemistry 69:5 (2008), 1141\u20131149.", "@id": "4", "ref-info": {"ref-publicationyear": {"@first": "2008"}, "ref-title": {"ref-titletext": "Regioselective formation of quercetin 5-O-glucoside from orally administered quercetin in the silkworm, Bombyx mori"}, "refd-itemidlist": {"itemid": [{"$": "bib4", "@idtype": "FRAGMENTID"}, {"$": "39549114421", "@idtype": "SGR"}]}, "ref-volisspag": {"voliss": {"@volume": "69", "@issue": "5"}, "pagerange": {"@first": "1141", "@last": "1149"}}, "ref-authors": {"author": [{"@seq": "1", "ce:initials": "C.", "@_fa": "true", "ce:surname": "Hirayama", "ce:indexed-name": "Hirayama C."}, {"@seq": "2", "ce:initials": "H.", "@_fa": "true", "ce:surname": "Ono", "ce:indexed-name": "Ono H."}, {"@seq": "3", "ce:initials": "Y.", "@_fa": "true", "ce:surname": "Tamura", "ce:indexed-name": "Tamura Y."}, {"@seq": "4", "ce:initials": "K.", "@_fa": "true", "ce:surname": "Konno", "ce:indexed-name": "Konno K."}, {"@seq": "5", "ce:initials": "M.", "@_fa": "true", "ce:surname": "Nakamura", "ce:indexed-name": "Nakamura M."}]}, "ref-sourcetitle": "Phytochemistry"}}, {"ref-fulltext": "Butkhup, L., Jeenphakdee, M., Jorjong, S., Samappito, S., Samappito, W., Butimal, J., Phenolic composition and antioxidant activity of Thai and Eri silk sericins. Food. Sci. Biotechnol. 21:2 (2012), 389\u2013398.", "@id": "5", "ref-info": {"ref-publicationyear": {"@first": "2012"}, "ref-title": {"ref-titletext": "Phenolic composition and antioxidant activity of Thai and Eri silk sericins"}, "refd-itemidlist": {"itemid": [{"$": "bib5", "@idtype": "FRAGMENTID"}, {"$": "84862075102", "@idtype": "SGR"}]}, "ref-volisspag": {"voliss": {"@volume": "21", "@issue": "2"}, "pagerange": {"@first": "389", "@last": "398"}}, "ref-authors": {"author": [{"@seq": "1", "ce:initials": "L.", "@_fa": "true", "ce:surname": "Butkhup", "ce:indexed-name": "Butkhup L."}, {"@seq": "2", "ce:initials": "M.", "@_fa": "true", "ce:surname": "Jeenphakdee", "ce:indexed-name": "Jeenphakdee M."}, {"@seq": "3", "ce:initials": "S.", "@_fa": "true", "ce:surname": "Jorjong", "ce:indexed-name": "Jorjong S."}, {"@seq": "4", "ce:initials": "S.", "@_fa": "true", "ce:surname": "Samappito", "ce:indexed-name": "Samappito S."}, {"@seq": "5", "ce:initials": "W.", "@_fa": "true", "ce:surname": "Samappito", "ce:indexed-name": "Samappito W."}, {"@seq": "6", "ce:initials": "J.", "@_fa": "true", "ce:surname": "Butimal", "ce:indexed-name": "Butimal J."}]}, "ref-sourcetitle": "Food. Sci. Biotechnol."}}, {"ref-fulltext": "Hirayama, C., Ono, H., Meng, Y., Shimada, T., Daimon, T., Flavonoids from the cocoon of Rondotia menciana. Phytochemistry 94 (2013), 108\u2013112.", "@id": "6", "ref-info": {"ref-publicationyear": {"@first": "2013"}, "ref-title": {"ref-titletext": "Flavonoids from the cocoon of Rondotia menciana"}, "refd-itemidlist": {"itemid": [{"$": "bib6", "@idtype": "FRAGMENTID"}, {"$": "84885184358", "@idtype": "SGR"}]}, "ref-volisspag": {"voliss": {"@volume": "94"}, "pagerange": {"@first": "108", "@last": "112"}}, "ref-authors": {"author": [{"@seq": "1", "ce:initials": "C.", "@_fa": "true", "ce:surname": "Hirayama", "ce:indexed-name": "Hirayama C."}, {"@seq": "2", "ce:initials": "H.", "@_fa": "true", "ce:surname": "Ono", "ce:indexed-name": "Ono H."}, {"@seq": "3", "ce:initials": "Y.", "@_fa": "true", "ce:surname": "Meng", "ce:indexed-name": "Meng Y."}, {"@seq": "4", "ce:initials": "T.", "@_fa": "true", "ce:surname": "Shimada", "ce:indexed-name": "Shimada T."}, {"@seq": "5", "ce:initials": "T.", "@_fa": "true", "ce:surname": "Daimon", "ce:indexed-name": "Daimon T."}]}, "ref-sourcetitle": "Phytochemistry"}}, {"ref-fulltext": "Prommuak, C., De-Eknamkul, W., Shotipruk, A., Extraction of flavonoids and carotenoids from Thai silk waste and antioxidant activity of extracts. Sep. Purif. Technol. 62:2 (2008), 444\u2013448.", "@id": "7", "ref-info": {"ref-publicationyear": {"@first": "2008"}, "ref-title": {"ref-titletext": "Extraction of flavonoids and carotenoids from Thai silk waste and antioxidant activity of extracts"}, "refd-itemidlist": {"itemid": [{"$": "bib7", "@idtype": "FRAGMENTID"}, {"$": "50249178561", "@idtype": "SGR"}]}, "ref-volisspag": {"voliss": {"@volume": "62", "@issue": "2"}, "pagerange": {"@first": "444", "@last": "448"}}, "ref-authors": {"author": [{"@seq": "1", "ce:initials": "C.", "@_fa": "true", "ce:surname": "Prommuak", "ce:indexed-name": "Prommuak C."}, {"@seq": "2", "ce:initials": "W.", "@_fa": "true", "ce:surname": "De-Eknamkul", "ce:indexed-name": "De-Eknamkul W."}, {"@seq": "3", "ce:initials": "A.", "@_fa": "true", "ce:surname": "Shotipruk", "ce:indexed-name": "Shotipruk A."}]}, "ref-sourcetitle": "Sep. Purif. Technol."}}, {"ref-fulltext": "Yamazaki, M., Kurioka, A., Study on the distribution of flavonols in the yellow green Irodori cocoon. J. Silk. Sci. Tech. Jpn. 18 (2010), 27\u201331.", "@id": "8", "ref-info": {"ref-publicationyear": {"@first": "2010"}, "ref-title": {"ref-titletext": "Study on the distribution of flavonols in the yellow green Irodori cocoon"}, "refd-itemidlist": {"itemid": [{"$": "bib8", "@idtype": "FRAGMENTID"}, {"$": "84956820924", "@idtype": "SGR"}]}, "ref-volisspag": {"voliss": {"@volume": "18"}, "pagerange": {"@first": "27", "@last": "31"}}, "ref-authors": {"author": [{"@seq": "1", "ce:initials": "M.", "@_fa": "true", "ce:surname": "Yamazaki", "ce:indexed-name": "Yamazaki M."}, {"@seq": "2", "ce:initials": "A.", "@_fa": "true", "ce:surname": "Kurioka", "ce:indexed-name": "Kurioka A."}]}, "ref-sourcetitle": "J. Silk. Sci. Tech. Jpn."}}, {"ref-fulltext": "Daimon, T., Hirayama, C., Kanai, M., Ruike, Y., Meng, Y., Kosegawa, E., Nakamura, M., Tsujimoto, G., Katsuma, S., Shimada, T., The silkworm Green b locus encodes a quercetin 5-O-glucosyltransferase that produces green cocoons with UV-shielding properties. Proc. Natl. Acad. Sci. U. S. A. 107:25 (2010), 11471\u201311476.", "@id": "9", "ref-info": {"ref-publicationyear": {"@first": "2010"}, "ref-title": {"ref-titletext": "The silkworm Green b locus encodes a quercetin 5-O-glucosyltransferase that produces green cocoons with UV-shielding properties"}, "refd-itemidlist": {"itemid": [{"$": "bib9", "@idtype": "FRAGMENTID"}, {"$": "77954913415", "@idtype": "SGR"}]}, "ref-volisspag": {"voliss": {"@volume": "107", "@issue": "25"}, "pagerange": {"@first": "11471", "@last": "11476"}}, "ref-authors": {"author": [{"@seq": "1", "ce:initials": "T.", "@_fa": "true", "ce:surname": "Daimon", "ce:indexed-name": "Daimon T."}, {"@seq": "2", "ce:initials": "C.", "@_fa": "true", "ce:surname": "Hirayama", "ce:indexed-name": "Hirayama C."}, {"@seq": "3", "ce:initials": "M.", "@_fa": "true", "ce:surname": "Kanai", "ce:indexed-name": "Kanai M."}, {"@seq": "4", "ce:initials": "Y.", "@_fa": "true", "ce:surname": "Ruike", "ce:indexed-name": "Ruike Y."}, {"@seq": "5", "ce:initials": "Y.", "@_fa": "true", "ce:surname": "Meng", "ce:indexed-name": "Meng Y."}, {"@seq": "6", "ce:initials": "E.", "@_fa": "true", "ce:surname": "Kosegawa", "ce:indexed-name": "Kosegawa E."}, {"@seq": "7", "ce:initials": "M.", "@_fa": "true", "ce:surname": "Nakamura", "ce:indexed-name": "Nakamura M."}, {"@seq": "8", "ce:initials": "G.", "@_fa": "true", "ce:surname": "Tsujimoto", "ce:indexed-name": "Tsujimoto G."}, {"@seq": "9", "ce:initials": "S.", "@_fa": "true", "ce:surname": "Katsuma", "ce:indexed-name": "Katsuma S."}, {"@seq": "10", "ce:initials": "T.", "@_fa": "true", "ce:surname": "Shimada", "ce:indexed-name": "Shimada T."}]}, "ref-sourcetitle": "Proc. Natl. Acad. Sci. U. S. A."}}, {"ref-fulltext": "Tsimogiannis, D., Samiotaki, M., Panayotou, G., Oreopoulou, V., Characterization of flavonoid subgroups and hydroxy substitution by HPLC-MS/MS. Molecules 12:3 (2007), 593\u2013606.", "@id": "10", "ref-info": {"ref-publicationyear": {"@first": "2007"}, "ref-title": {"ref-titletext": "Characterization of flavonoid subgroups and hydroxy substitution by HPLC-MS/MS"}, "refd-itemidlist": {"itemid": [{"$": "bib10", "@idtype": "FRAGMENTID"}, {"$": "34147155187", "@idtype": "SGR"}]}, "ref-volisspag": {"voliss": {"@volume": "12", "@issue": "3"}, "pagerange": {"@first": "593", "@last": "606"}}, "ref-authors": {"author": [{"@seq": "1", "ce:initials": "D.", "@_fa": "true", "ce:surname": "Tsimogiannis", "ce:indexed-name": "Tsimogiannis D."}, {"@seq": "2", "ce:initials": "M.", "@_fa": "true", "ce:surname": "Samiotaki", "ce:indexed-name": "Samiotaki M."}, {"@seq": "3", "ce:initials": "G.", "@_fa": "true", "ce:surname": "Panayotou", "ce:indexed-name": "Panayotou G."}, {"@seq": "4", "ce:initials": "V.", "@_fa": "true", "ce:surname": "Oreopoulou", "ce:indexed-name": "Oreopoulou V."}]}, "ref-sourcetitle": "Molecules"}}, {"ref-fulltext": "Lin, L.-Z., Chen, P., Ozcan, M., Harnly, J.M., Chromatographic profiles and identification of new phenolic components of Ginkgo biloba leaves and selected products. J. Agric. Food. Chem. 56:15 (2008), 6671\u20136679.", "@id": "11", "ref-info": {"ref-publicationyear": {"@first": "2008"}, "ref-title": {"ref-titletext": "Chromatographic profiles and identification of new phenolic components of Ginkgo biloba leaves and selected products"}, "refd-itemidlist": {"itemid": [{"$": "bib11", "@idtype": "FRAGMENTID"}, {"$": "50449104493", "@idtype": "SGR"}]}, "ref-volisspag": {"voliss": {"@volume": "56", "@issue": "15"}, "pagerange": {"@first": "6671", "@last": "6679"}}, "ref-authors": {"author": [{"@seq": "1", "ce:initials": "L.-Z.", "@_fa": "true", "ce:surname": "Lin", "ce:indexed-name": "Lin L.-Z."}, {"@seq": "2", "ce:initials": "P.", "@_fa": "true", "ce:surname": "Chen", "ce:indexed-name": "Chen P."}, {"@seq": "3", "ce:initials": "M.", "@_fa": "true", "ce:surname": "Ozcan", "ce:indexed-name": "Ozcan M."}, {"@seq": "4", "ce:initials": "J.M.", "@_fa": "true", "ce:surname": "Harnly", "ce:indexed-name": "Harnly J.M."}]}, "ref-sourcetitle": "J. Agric. Food. Chem."}}, {"ref-fulltext": "Abu-Reidah, I.M., Ali-Shtayeh, M.S., Jamous, R.M., Arr\u00e1ez-Rom\u00e1n, D., Segura-Carretero, A., HPLC\u2013DAD\u2013ESI-MS/MS screening of bioactive components from Rhus coriaria L. (Sumac) fruits. Food. Chem. 166 (2015), 179\u2013191.", "@id": "12", "ref-info": {"ref-publicationyear": {"@first": "2015"}, "ref-title": {"ref-titletext": "HPLC\u2013DAD\u2013ESI-MS/MS screening of bioactive components from Rhus coriaria L. (Sumac) fruits"}, "refd-itemidlist": {"itemid": [{"$": "bib12", "@idtype": "FRAGMENTID"}, {"$": "84903281191", "@idtype": "SGR"}]}, "ref-volisspag": {"voliss": {"@volume": "166"}, "pagerange": {"@first": "179", "@last": "191"}}, "ref-authors": {"author": [{"@seq": "1", "ce:initials": "I.M.", "@_fa": "true", "ce:surname": "Abu-Reidah", "ce:indexed-name": "Abu-Reidah I.M."}, {"@seq": "2", "ce:initials": "M.S.", "@_fa": "true", "ce:surname": "Ali-Shtayeh", "ce:indexed-name": "Ali-Shtayeh M.S."}, {"@seq": "3", "ce:initials": "R.M.", "@_fa": "true", "ce:surname": "Jamous", "ce:indexed-name": "Jamous R.M."}, {"@seq": "4", "ce:initials": "D.", "@_fa": "true", "ce:surname": "Arr\u00e1ez-Rom\u00e1n", "ce:indexed-name": "Arraez-Roman D."}, {"@seq": "5", "ce:initials": "A.", "@_fa": "true", "ce:surname": "Segura-Carretero", "ce:indexed-name": "Segura-Carretero A."}]}, "ref-sourcetitle": "Food. Chem."}}, {"ref-fulltext": "Zhao, J.-G., Zhang, Y.-Q., A new estimation of the total flavonoids in silkworm cocoon sericin layer through aglycone determination by hydrolysis-assisted extraction and HPLC-DAD analysis. Food. Nutr. Res., 60, 2016, 10.3402/fnr.v60.30932.", "@id": "13", "ref-info": {"ref-publicationyear": {"@first": "2016"}, "ref-title": {"ref-titletext": "A new estimation of the total flavonoids in silkworm cocoon sericin layer through aglycone determination by hydrolysis-assisted extraction and HPLC-DAD analysis"}, "refd-itemidlist": {"itemid": [{"$": "10.3402/fnr.v60.30932", "@idtype": "DOI"}, {"$": "bib13", "@idtype": "FRAGMENTID"}, {"$": "84962297285", "@idtype": "SGR"}]}, "ref-volisspag": {"voliss": {"@volume": "60"}}, "ref-authors": {"author": [{"@seq": "1", "ce:initials": "J.-G.", "@_fa": "true", "ce:surname": "Zhao", "ce:indexed-name": "Zhao J.-G."}, {"@seq": "2", "ce:initials": "Y.-Q.", "@_fa": "true", "ce:surname": "Zhang", "ce:indexed-name": "Zhang Y.-Q."}]}, "ref-sourcetitle": "Food. Nutr. Res."}}, {"ref-fulltext": "Bergmann, W., The natural pigments of silk. Text. Res. J. 9:11 (1939), 397\u2013408.", "@id": "14", "ref-info": {"ref-publicationyear": {"@first": "1939"}, "ref-title": {"ref-titletext": "The natural pigments of silk"}, "refd-itemidlist": {"itemid": [{"$": "bib14", "@idtype": "FRAGMENTID"}, {"$": "77955580700", "@idtype": "SGR"}]}, "ref-volisspag": {"voliss": {"@volume": "9", "@issue": "11"}, "pagerange": {"@first": "397", "@last": "408"}}, "ref-authors": {"author": [{"@seq": "1", "ce:initials": "W.", "@_fa": "true", "ce:surname": "Bergmann", "ce:indexed-name": "Bergmann W."}]}, "ref-sourcetitle": "Text. Res. J."}}, {"ref-fulltext": "Ma, M., Hussain, M., Dong, S., Zhou, W., Characterization of the pigment in naturally yellow-colored domestic silk. Dyes. Pigments 124 (2016), 6\u201311.", "@id": "15", "ref-info": {"ref-publicationyear": {"@first": "2016"}, "ref-title": {"ref-titletext": "Characterization of the pigment in naturally yellow-colored domestic silk"}, "refd-itemidlist": {"itemid": [{"$": "bib15", "@idtype": "FRAGMENTID"}, {"$": "84941767221", "@idtype": "SGR"}]}, "ref-volisspag": {"voliss": {"@volume": "124"}, "pagerange": {"@first": "6", "@last": "11"}}, "ref-authors": {"author": [{"@seq": "1", "ce:initials": "M.", "@_fa": "true", "ce:surname": "Ma", "ce:indexed-name": "Ma M."}, {"@seq": "2", "ce:initials": "M.", "@_fa": "true", "ce:surname": "Hussain", "ce:indexed-name": "Hussain M."}, {"@seq": "3", "ce:initials": "S.", "@_fa": "true", "ce:surname": "Dong", "ce:indexed-name": "Dong S."}, {"@seq": "4", "ce:initials": "W.", "@_fa": "true", "ce:surname": "Zhou", "ce:indexed-name": "Zhou W."}]}, "ref-sourcetitle": "Dyes. Pigments"}}, {"ref-fulltext": "Siegelman, H.W., Quercetin glycosides of Grimes Golden apple skin. J. Biol. Chem. 213:2 (1955), 647\u2013654.", "@id": "16", "ref-info": {"ref-publicationyear": {"@first": "1955"}, "ref-title": {"ref-titletext": "Quercetin glycosides of Grimes Golden apple skin"}, "refd-itemidlist": {"itemid": [{"$": "bib16", "@idtype": "FRAGMENTID"}, {"$": "0342908468", "@idtype": "SGR"}]}, "ref-volisspag": {"voliss": {"@volume": "213", "@issue": "2"}, "pagerange": {"@first": "647", "@last": "654"}}, "ref-authors": {"author": [{"@seq": "1", "ce:initials": "H.W.", "@_fa": "true", "ce:surname": "Siegelman", "ce:indexed-name": "Siegelman H.W."}]}, "ref-sourcetitle": "J. Biol. Chem."}}, {"ref-fulltext": "Wang, H.Y., Wang, Y.J., Zhou, L.X., Zhu, L., Zhang, Y.Q., Isolation and bioactivities of a non-sericin component from cocoon shell silk sericin of the silkworm Bombyx mori. Food. Funct. 3:2 (2012), 150\u2013158.", "@id": "17", "ref-info": {"ref-publicationyear": {"@first": "2012"}, "ref-title": {"ref-titletext": "Isolation and bioactivities of a non-sericin component from cocoon shell silk sericin of the silkworm Bombyx mori"}, "refd-itemidlist": {"itemid": [{"$": "bib17", "@idtype": "FRAGMENTID"}, {"$": "84857343275", "@idtype": "SGR"}]}, "ref-volisspag": {"voliss": {"@volume": "3", "@issue": "2"}, "pagerange": {"@first": "150", "@last": "158"}}, "ref-authors": {"author": [{"@seq": "1", "ce:initials": "H.Y.", "@_fa": "true", "ce:surname": "Wang", "ce:indexed-name": "Wang H.Y."}, {"@seq": "2", "ce:initials": "Y.J.", "@_fa": "true", "ce:surname": "Wang", "ce:indexed-name": "Wang Y.J."}, {"@seq": "3", "ce:initials": "L.X.", "@_fa": "true", "ce:surname": "Zhou", "ce:indexed-name": "Zhou L.X."}, {"@seq": "4", "ce:initials": "L.", "@_fa": "true", "ce:surname": "Zhu", "ce:indexed-name": "Zhu L."}, {"@seq": "5", "ce:initials": "Y.Q.", "@_fa": "true", "ce:surname": "Zhang", "ce:indexed-name": "Zhang Y.Q."}]}, "ref-sourcetitle": "Food. Funct."}}, {"ref-fulltext": "Wach, A., Pyrzy\u0144ska, K., Biesaga, M., Quercetin content in some food and herbal samples. Food. Chem. 100:2 (2007), 699\u2013704.", "@id": "18", "ref-info": {"ref-publicationyear": {"@first": "2007"}, "ref-title": {"ref-titletext": "Quercetin content in some food and herbal samples"}, "refd-itemidlist": {"itemid": [{"$": "bib18", "@idtype": "FRAGMENTID"}, {"$": "33745254486", "@idtype": "SGR"}]}, "ref-volisspag": {"voliss": {"@volume": "100", "@issue": "2"}, "pagerange": {"@first": "699", "@last": "704"}}, "ref-authors": {"author": [{"@seq": "1", "ce:initials": "A.", "@_fa": "true", "ce:surname": "Wach", "ce:indexed-name": "Wach A."}, {"@seq": "2", "ce:initials": "K.", "@_fa": "true", "ce:surname": "Pyrzy\u0144ska", "ce:indexed-name": "Pyrzynska K."}, {"@seq": "3", "ce:initials": "M.", "@_fa": "true", "ce:surname": "Biesaga", "ce:indexed-name": "Biesaga M."}]}, "ref-sourcetitle": "Food. Chem."}}, {"ref-fulltext": "Aramwit, P., Damrongsakkul, S., Kanokpanont, S., Srichana, T., Properties and antityrosinase activity of sericin from various extraction methods. Biotechnol. Appl. Biochem. 55:2 (2010), 91\u201398.", "@id": "19", "ref-info": {"ref-publicationyear": {"@first": "2010"}, "ref-title": {"ref-titletext": "Properties and antityrosinase activity of sericin from various extraction methods"}, "refd-itemidlist": {"itemid": [{"$": "bib19", "@idtype": "FRAGMENTID"}, {"$": "77954833808", "@idtype": "SGR"}]}, "ref-volisspag": {"voliss": {"@volume": "55", "@issue": "2"}, "pagerange": {"@first": "91", "@last": "98"}}, "ref-authors": {"author": [{"@seq": "1", "ce:initials": "P.", "@_fa": "true", "ce:surname": "Aramwit", "ce:indexed-name": "Aramwit P."}, {"@seq": "2", "ce:initials": "S.", "@_fa": "true", "ce:surname": "Damrongsakkul", "ce:indexed-name": "Damrongsakkul S."}, {"@seq": "3", "ce:initials": "S.", "@_fa": "true", "ce:surname": "Kanokpanont", "ce:indexed-name": "Kanokpanont S."}, {"@seq": "4", "ce:initials": "T.", "@_fa": "true", "ce:surname": "Srichana", "ce:indexed-name": "Srichana T."}]}, "ref-sourcetitle": "Biotechnol. Appl. Biochem."}}, {"ref-fulltext": "Aramwit, P., Kanokpanont, S., Nakpheng, T., Srichana, T., The effect of sericin from various extraction methods on cell viability and collagen production. Int. J. Mol. Sci. 11:5 (2010), 2200\u20132211.", "@id": "20", "ref-info": {"ref-publicationyear": {"@first": "2010"}, "ref-title": {"ref-titletext": "The effect of sericin from various extraction methods on cell viability and collagen production"}, "refd-itemidlist": {"itemid": [{"$": "bib20", "@idtype": "FRAGMENTID"}, {"$": "77953513736", "@idtype": "SGR"}]}, "ref-volisspag": {"voliss": {"@volume": "11", "@issue": "5"}, "pagerange": {"@first": "2200", "@last": "2211"}}, "ref-authors": {"author": [{"@seq": "1", "ce:initials": "P.", "@_fa": "true", "ce:surname": "Aramwit", "ce:indexed-name": "Aramwit P."}, {"@seq": "2", "ce:initials": "S.", "@_fa": "true", "ce:surname": "Kanokpanont", "ce:indexed-name": "Kanokpanont S."}, {"@seq": "3", "ce:initials": "T.", "@_fa": "true", "ce:surname": "Nakpheng", "ce:indexed-name": "Nakpheng T."}, {"@seq": "4", "ce:initials": "T.", "@_fa": "true", "ce:surname": "Srichana", "ce:indexed-name": "Srichana T."}]}, "ref-sourcetitle": "Int. J. Mol. Sci."}}, {"ref-fulltext": "Kato, N., Sato, S., Yamanaka, A., Yamada, H., Fuwa, N., Nomura, M., Silk protein, sericin, inhibits lipid peroxidation and tyrosinase activity. Biosci. Biotechnol. Biochem. 62:1 (1998), 145\u2013147.", "@id": "21", "ref-info": {"ref-publicationyear": {"@first": "1998"}, "ref-title": {"ref-titletext": "Silk protein, sericin, inhibits lipid peroxidation and tyrosinase activity"}, "refd-itemidlist": {"itemid": [{"$": "bib21", "@idtype": "FRAGMENTID"}, {"$": "0031612698", "@idtype": "SGR"}]}, "ref-volisspag": {"voliss": {"@volume": "62", "@issue": "1"}, "pagerange": {"@first": "145", "@last": "147"}}, "ref-authors": {"author": [{"@seq": "1", "ce:initials": "N.", "@_fa": "true", "ce:surname": "Kato", "ce:indexed-name": "Kato N."}, {"@seq": "2", "ce:initials": "S.", "@_fa": "true", "ce:surname": "Sato", "ce:indexed-name": "Sato S."}, {"@seq": "3", "ce:initials": "A.", "@_fa": "true", "ce:surname": "Yamanaka", "ce:indexed-name": "Yamanaka A."}, {"@seq": "4", "ce:initials": "H.", "@_fa": "true", "ce:surname": "Yamada", "ce:indexed-name": "Yamada H."}, {"@seq": "5", "ce:initials": "N.", "@_fa": "true", "ce:surname": "Fuwa", "ce:indexed-name": "Fuwa N."}, {"@seq": "6", "ce:initials": "M.", "@_fa": "true", "ce:surname": "Nomura", "ce:indexed-name": "Nomura M."}]}, "ref-sourcetitle": "Biosci. Biotechnol. Biochem."}}, {"ref-fulltext": "Takechi, T., Wada, R., Fukuda, T., Harada, K., Takamura, H., Antioxidant activities of two sericin proteins extracted from cocoon of silkworm (Bombyx mori) measured by DPPH, chemiluminescence, ORAC and ESR methods. Biomed. Rep. 2:3 (2014), 364\u2013369.", "@id": "22", "ref-info": {"ref-publicationyear": {"@first": "2014"}, "ref-title": {"ref-titletext": "Antioxidant activities of two sericin proteins extracted from cocoon of silkworm (Bombyx mori) measured by DPPH, chemiluminescence, ORAC and ESR methods"}, "refd-itemidlist": {"itemid": [{"$": "bib22", "@idtype": "FRAGMENTID"}, {"$": "84919678106", "@idtype": "SGR"}]}, "ref-volisspag": {"voliss": {"@volume": "2", "@issue": "3"}, "pagerange": {"@first": "364", "@last": "369"}}, "ref-authors": {"author": [{"@seq": "1", "ce:initials": "T.", "@_fa": "true", "ce:surname": "Takechi", "ce:indexed-name": "Takechi T."}, {"@seq": "2", "ce:initials": "R.", "@_fa": "true", "ce:surname": "Wada", "ce:indexed-name": "Wada R."}, {"@seq": "3", "ce:initials": "T.", "@_fa": "true", "ce:surname": "Fukuda", "ce:indexed-name": "Fukuda T."}, {"@seq": "4", "ce:initials": "K.", "@_fa": "true", "ce:surname": "Harada", "ce:indexed-name": "Harada K."}, {"@seq": "5", "ce:initials": "H.", "@_fa": "true", "ce:surname": "Takamura", "ce:indexed-name": "Takamura H."}]}, "ref-sourcetitle": "Biomed. Rep."}}, {"ref-fulltext": "Kunz, R.I., Brancalhao, R.M.C., Ribeiro, L.d.F.C., Natali, M.R.M.N., Silkworm sericin: properties and biomedical applications. Biomed. Res. Int., 2016, 2016, 19.", "@id": "23", "ref-info": {"ref-publicationyear": {"@first": "2016"}, "ref-title": {"ref-titletext": "Silkworm sericin: properties and biomedical applications"}, "refd-itemidlist": {"itemid": [{"$": "bib23", "@idtype": "FRAGMENTID"}, {"$": "85000788556", "@idtype": "SGR"}]}, "ref-volisspag": {"voliss": {"@volume": "2016"}, "pagerange": {"@first": "19"}}, "ref-authors": {"author": [{"@seq": "1", "ce:initials": "R.I.", "@_fa": "true", "ce:surname": "Kunz", "ce:indexed-name": "Kunz R.I."}, {"@seq": "2", "ce:initials": "R.M.C.", "@_fa": "true", "ce:surname": "Brancalhao", "ce:indexed-name": "Brancalhao R.M.C."}, {"@seq": "3", "ce:initials": "L.D.F.C.", "@_fa": "true", "ce:surname": "Ribeiro", "ce:indexed-name": "Ribeiro L.D.F.C."}, {"@seq": "4", "ce:initials": "M.R.M.N.", "@_fa": "true", "ce:surname": "Natali", "ce:indexed-name": "Natali M.R.M.N."}]}, "ref-sourcetitle": "Biomed. Res. Int."}}]}}}}, "affiliation": [{"affiliation-city": "Bangkok", "@id": "60028190", "affilname": "Chulalongkorn University", "@href": "https://api.elsevier.com/content/affiliation/affiliation_id/60028190", "affiliation-country": "Thailand"}, {"affiliation-city": "Innsbruck", "@id": "60009999", "affilname": "Universit\u00e4t Innsbruck", "@href": "https://api.elsevier.com/content/affiliation/affiliation_id/60009999", "affiliation-country": "Austria"}], "coredata": {"srctype": "j", "eid": "2-s2.0-85027502485", "dc:description": "Silk cocoon is produced from silkworm (Bombyx mori) to protect itself from outer environment. Various strains of cocoon contain different forms and amounts of flavonoids, which may affect on their antioxidant activity. Moreover, the extraction method would influence the amount of flavonoids extracted. Therefore, the objectives of this study were to identify and quantify the flavonoids in 3 strains of bivoltine Bombyx mori silk cocoon (Chul 1/1; white cocoon, Chul 3/2; greenish cocoon, and Chul 4/2; yellow cocoon) extracted by 6 different solvents including acetone, ethyl acetate, dimethyl sulfoxide (DMSO), ethanol, methanol, and purified water. The flavonoids extracted were identified and quantified by liquid chromatography\u2013mass spectrometry (LC-MS). The antioxidant activity of flavonoids extracted was also investigated by visible spectroscopy at 517 nm. The results showed that Chul 3/2 silk cocoon contained the highest amount of flavonoids. Purified water seemed to be the best solvent that preserved most antioxidant activity of the flavonoids extracted. Flavonoids in Chul 1/1 and Chul 4/2 silk cocoon were rarely found, however they contained some antioxidant activities. The data from this study can provide basic information for flavonoid extraction from silk cocoon which can also apply for other flavonoid-containing natural biomaterials.", "pubmed-id": "28807613", "prism:coverDate": "2017-10-01", "prism:aggregationType": "Journal", "prism:url": "https://api.elsevier.com/content/abstract/scopus_id/85027502485", "dc:creator": {"author": [{"ce:given-name": "Supamas", "preferred-name": {"ce:given-name": "Supamas", "ce:initials": "S.", "ce:surname": "Napavichayanun", "ce:indexed-name": "Napavichayanun S."}, "@seq": "1", "ce:initials": "S.", "@_fa": "true", "affiliation": [{"@id": "60028190", "@href": "https://api.elsevier.com/content/affiliation/affiliation_id/60028190"}, {"@id": "60028190", "@href": "https://api.elsevier.com/content/affiliation/affiliation_id/60028190"}], "ce:surname": "Napavichayanun", "@auid": "56658724500", "author-url": "https://api.elsevier.com/content/author/author_id/56658724500", "ce:indexed-name": "Napavichayanun S."}]}, "link": [{"@_fa": "true", "@rel": "self", "@href": "https://api.elsevier.com/content/abstract/scopus_id/85027502485"}, {"@_fa": "true", "@rel": "scopus", "@href": "https://www.scopus.com/inward/record.uri?partnerID=HzOxMe3b&scp=85027502485&origin=inward"}, {"@_fa": "true", "@rel": "scopus-citedby", "@href": "https://www.scopus.com/inward/citedby.uri?partnerID=HzOxMe3b&scp=85027502485&origin=inward"}], "source-id": "16811", "pii": "S0003986117303429", "citedby-count": "11", "prism:volume": "631", "subtype": "ar", "dc:title": "Identification and quantification and antioxidant activity of flavonoids in different strains of silk cocoon, Bombyx mori", "openaccess": "0", "prism:issn": "10960384 00039861", "publishercopyright": "\u00a9 2017 Elsevier Inc.", "subtypeDescription": "Article", "prism:publicationName": "Archives of Biochemistry and Biophysics", "prism:pageRange": "58-65", "prism:endingPage": "65", "openaccessFlag": "false", "prism:doi": "10.1016/j.abb.2017.08.010", "prism:startingPage": "58", "dc:identifier": "SCOPUS_ID:85027502485", "dc:publisher": "Academic Press Inc.apjcs@harcourt.com"}, "idxterms": {"mainterm": [{"$": "Animals", "@weight": "b", "@candidate": "n"}, {"$": "Antioxidants", "@weight": "b", "@candidate": "n"}, {"$": "Bombyx", "@weight": "b", "@candidate": "n"}, {"$": "Chromatography, Liquid", "@weight": "b", "@candidate": "n"}, {"$": "Flavonoids", "@weight": "b", "@candidate": "n"}, {"$": "Hydrolysis", "@weight": "b", "@candidate": "n"}, {"$": "Mass Spectrometry", "@weight": "b", "@candidate": "n"}, {"$": "Solvents", "@weight": "b", "@candidate": "n"}]}, "language": {"@xml:lang": "eng"}, "authkeywords": {"author-keyword": [{"@_fa": "true", "$": "Antioxidant activity"}, {"@_fa": "true", "$": "Flavonoid"}, {"@_fa": "true", "$": "Kaempferol"}, {"@_fa": "true", "$": "Quercetin"}, {"@_fa": "true", "$": "Silk cocoon"}]}, "subject-areas": {"subject-area": [{"@_fa": "true", "$": "Biophysics", "@code": "1304", "@abbrev": "BIOC"}, {"@_fa": "true", "$": "Biochemistry", "@code": "1303", "@abbrev": "BIOC"}, {"@_fa": "true", "$": "Molecular Biology", "@code": "1312", "@abbrev": "BIOC"}]}, "authors": {"author": [{"ce:given-name": "Supamas", "preferred-name": {"ce:given-name": "Supamas", "ce:initials": "S.", "ce:surname": "Napavichayanun", "ce:indexed-name": "Napavichayanun S."}, "@seq": "1", "ce:initials": "S.", "@_fa": "true", "affiliation": [{"@id": "60028190", "@href": "https://api.elsevier.com/content/affiliation/affiliation_id/60028190"}, {"@id": "60028190", "@href": "https://api.elsevier.com/content/affiliation/affiliation_id/60028190"}], "ce:surname": "Napavichayanun", "@auid": "56658724500", "author-url": "https://api.elsevier.com/content/author/author_id/56658724500", "ce:indexed-name": "Napavichayanun S."}, {"ce:given-name": "Oliver", "preferred-name": {"ce:given-name": "Oliver", "ce:initials": "O.", "ce:surname": "Lutz", "ce:indexed-name": "Lutz O."}, "@seq": "2", "ce:initials": "O.", "@_fa": "true", "affiliation": {"@id": "60009999", "@href": "https://api.elsevier.com/content/affiliation/affiliation_id/60009999"}, "ce:surname": "Lutz", "@auid": "55184059900", "author-url": "https://api.elsevier.com/content/author/author_id/55184059900", "ce:indexed-name": "Lutz O."}, {"ce:given-name": "Martin", "preferred-name": {"ce:given-name": "Martin", "ce:initials": "M.", "ce:surname": "Fischnaller", "ce:indexed-name": "Fischnaller M."}, "@seq": "3", "ce:initials": "M.", "@_fa": "true", "affiliation": {"@id": "60009999", "@href": "https://api.elsevier.com/content/affiliation/affiliation_id/60009999"}, "ce:surname": "Fischnaller", "@auid": "55535306500", "author-url": "https://api.elsevier.com/content/author/author_id/55535306500", "ce:indexed-name": "Fischnaller M."}, {"ce:given-name": "Thomas", "preferred-name": {"ce:given-name": "Thomas", "ce:initials": "T.", "ce:surname": "Jakschitz", "ce:indexed-name": "Jakschitz T."}, "@seq": "4", "ce:initials": "T.", "@_fa": "true", "affiliation": {"@id": "60009999", "@href": "https://api.elsevier.com/content/affiliation/affiliation_id/60009999"}, "ce:surname": "Jakschitz", "@auid": "23388960000", "author-url": "https://api.elsevier.com/content/author/author_id/23388960000", "ce:indexed-name": "Jakschitz T."}, {"ce:given-name": "G\u00fcnther", "preferred-name": {"ce:given-name": "G\u00fcnther", "ce:initials": "G.", "ce:surname": "Bonn", "ce:indexed-name": "Bonn G."}, "@seq": "5", "ce:initials": "G.", "@_fa": "true", "affiliation": {"@id": "60009999", "@href": "https://api.elsevier.com/content/affiliation/affiliation_id/60009999"}, "ce:surname": "Bonn", "@auid": "34667515500", "author-url": "https://api.elsevier.com/content/author/author_id/34667515500", "ce:indexed-name": "Bonn G."}, {"ce:given-name": "Pornanong", "preferred-name": {"ce:given-name": "Pornanong", "ce:initials": "P.", "ce:surname": "Aramwit", "ce:indexed-name": "Aramwit P."}, "@seq": "6", "ce:initials": "P.", "@_fa": "true", "affiliation": [{"@id": "60028190", "@href": "https://api.elsevier.com/content/affiliation/affiliation_id/60028190"}, {"@id": "60028190", "@href": "https://api.elsevier.com/content/affiliation/affiliation_id/60028190"}], "ce:surname": "Aramwit", "@auid": "7801583104", "author-url": "https://api.elsevier.com/content/author/author_id/7801583104", "ce:indexed-name": "Aramwit P."}]}}}