{"abstracts-retrieval-response": {"item": {"ait:process-info": {"ait:status": {"@state": "update", "@type": "core", "@stage": "S300"}, "ait:date-delivered": {"@day": "24", "@year": "2020", "@timestamp": "2020-01-24T23:14:05.000005-05:00", "@month": "01"}, "ait:date-sort": {"@day": "01", "@year": "2017", "@month": "10"}}, "xocs:meta": {"xocs:funding-list": {"@pui-match": "primary", "@has-funding-info": "1", "xocs:funding-addon-generated-timestamp": "2017-11-17T11:01:47.496Z", "xocs:funding-addon-type": "http://vtw.elsevier.com/data/voc/AddOnTypes/50.7/nlp"}}, "bibrecord": {"head": {"author-group": [{"affiliation": {"country": "Thailand", "address-part": "1873 Rama IV road, Pathumwan", "postal-code": "10330", "@afid": "60031780", "@country": "tha", "city": "Bangkok", "organization": [{"$": "Department of Radiology"}, {"$": "King Chulalongkorn Memorial Hospital the Thai Red Cross Society"}], "affiliation-id": [{"@afid": "60031780", "@dptid": "116735184"}, {"@afid": "60022183"}], "@dptid": "116735184"}, "author": [{"ce:given-name": "Supada", "preferred-name": {"ce:given-name": "Supada", "ce:initials": "S.", "ce:surname": "Prakkamakul", "ce:indexed-name": "Prakkamakul S."}, "@seq": "1", "ce:initials": "S.", "@_fa": "true", "@type": "auth", "ce:surname": "Prakkamakul", "@auid": "55788265500", "@orcid": "0000-0002-7345-4439", "ce:indexed-name": "Prakkamakul S."}, {"ce:given-name": "Nantaporn", "preferred-name": {"ce:given-name": "Nantaporn", "ce:initials": "N.", "ce:surname": "Pitakvej", "ce:indexed-name": "Pitakvej N."}, "@seq": "2", "ce:initials": "N.", "@_fa": "true", "@type": "auth", "ce:surname": "Pitakvej", "@auid": "57195310238", "ce:indexed-name": "Pitakvej N."}, {"ce:given-name": "Netsiri", "preferred-name": {"ce:given-name": "Netsiri", "ce:initials": "N.", "ce:surname": "Dumrongpisutikul", "ce:indexed-name": "Dumrongpisutikul N."}, "@seq": "3", "ce:initials": "N.", "@_fa": "true", "@type": "auth", "ce:surname": "Dumrongpisutikul", "@auid": "55115802100", "ce:indexed-name": "Dumrongpisutikul N."}, {"ce:given-name": "Sukalaya", "preferred-name": {"ce:given-name": "Sukalaya", "ce:initials": "S.", "ce:surname": "Lerdlum", "ce:indexed-name": "Lerdlum S."}, "@seq": "4", "ce:initials": "S.", "@_fa": "true", "@type": "auth", "ce:surname": "Lerdlum", "@auid": "6602812550", "ce:indexed-name": "Lerdlum S."}]}, {"affiliation": {"country": "Thailand", "@afid": "60028190", "@country": "tha", "city": "Bangkok", "organization": [{"$": "Department of Radiology"}, {"$": "Faculty of Medicine"}, {"$": "Chulalongkorn University"}], "affiliation-id": {"@afid": "60028190", "@dptid": "113647143"}, "@dptid": "113647143"}, "author": [{"ce:given-name": "Netsiri", "preferred-name": {"ce:given-name": "Netsiri", "ce:initials": "N.", "ce:surname": "Dumrongpisutikul", "ce:indexed-name": "Dumrongpisutikul N."}, "@seq": "3", "ce:initials": "N.", "@_fa": "true", "@type": "auth", "ce:surname": "Dumrongpisutikul", "@auid": "55115802100", "ce:indexed-name": "Dumrongpisutikul N."}, {"ce:given-name": "Sukalaya", "preferred-name": {"ce:given-name": "Sukalaya", "ce:initials": "S.", "ce:surname": "Lerdlum", "ce:indexed-name": "Lerdlum S."}, "@seq": "4", "ce:initials": "S.", "@_fa": "true", "@type": "auth", "ce:surname": "Lerdlum", "@auid": "6602812550", "ce:indexed-name": "Lerdlum S."}]}], "citation-title": "Mid-cervical flame-shaped pseudo-occlusion: diagnostic performance of mid-cervical flame-shaped extracranial internal carotid artery sign on computed tomographic angiography in hyperacute ischemic stroke", "abstracts": "\u00a9 2017, Springer-Verlag GmbH Germany.Purpose: Flame-shaped pseudo-occlusion of the extracranial internal carotid artery (ICA) is a flow-related phenomenon that creates computed tomographic angiography (CTA) and digital subtraction angiography (DSA) findings that mimic tandem intracranial-extracranial ICA occlusion or dissection. We aim to determine the diagnostic performance of mid-cervical flame-shaped extracranial ICA sign on CTA in hyperacute ischemic stroke patients. Methods: We retrospectively included consecutive anterior circulation ischemic stroke patients presenting within 6 h of symptom onset who underwent 4D brain CTA and arterial-phase neck CTA using a 320-detector CT scanner during August 2012 to July 2015. Two blinded readers independently reviewed arterial-phase neck CTA and characterized the extracranial ICA configurations into mid-cervical flame-shaped, proximal blunt/beak-shaped, and tubular-shaped groups. 4D whole brain CTA was used as a reference standard for intracranial ICA occlusion detection. Diagnostic performance of the mid-cervical flame-shaped extracranial ICA sign and interobserver reliability were calculated. Results: Of the 81 cases, 11 had isolated intracranial ICA occlusion, and 6 had true extracranial ICA occlusion. Mid-cervical flame-shaped extracranial ICA sign was found in 45.5% (5/11) of isolated intracranial ICA occlusions but none in the true extracranial ICA occlusion group. The sensitivity, specificity, PPV, NPV, and accuracy of the mid-cervical flame-shaped extracranial ICA sign for the detection of isolated intracranial ICA occlusion were 45.5, 100, 100, 92.1, and 92.6%, respectively. Interobserver reliability was 0.90. Conclusion: The mid-cervical flame-shaped extracranial ICA sign may suggest the presence of isolated intracranial ICA occlusion and allow reliable exclusion of tandem extracranial-intracranial ICA occlusion in hyperacute ischemic stroke setting.", "correspondence": {"affiliation": {"country": "Thailand", "address-part": "1873 Rama IV road, Pathumwan", "postal-code": "10330", "@country": "tha", "city": "Bangkok", "organization": [{"$": "Department of Radiology"}, {"$": "King Chulalongkorn Memorial Hospital the Thai Red Cross Society"}]}, "person": {"ce:given-name": "Supada", "ce:initials": "S.", "ce:surname": "Prakkamakul", "ce:indexed-name": "Prakkamakul S."}}, "citation-info": {"author-keywords": {"author-keyword": [{"$": "CTA", "@xml:lang": "eng"}, {"$": "Flame-shaped", "@xml:lang": "eng"}, {"$": "Hyperacute", "@xml:lang": "eng"}, {"$": "Pseudo-occlusion", "@xml:lang": "eng"}, {"$": "Stroke", "@xml:lang": "eng"}]}, "citation-type": {"@code": "ar"}, "citation-language": {"@language": "English", "@xml:lang": "eng"}, "abstract-language": {"@language": "English", "@xml:lang": "eng"}}, "source": {"website": {"ce:e-address": {"$": "link.springer.de/link/service/journals/00234/index.htm", "@type": "email"}}, "translated-sourcetitle": {"$": "Neuroradiology", "@xml:lang": "eng"}, "volisspag": {"voliss": {"@volume": "59", "@issue": "10"}, "pagerange": {"@first": "989", "@last": "996"}}, "@type": "j", "sourcetitle": "Neuroradiology", "publicationdate": {"month": "10", "year": "2017", "date-text": {"@xfab-added": "true", "$": "1 October 2017"}, "day": "01"}, "codencode": "NRDYA", "sourcetitle-abbrev": "Neuroradiology", "@country": "deu", "issn": [{"$": "14321920", "@type": "electronic"}, {"$": "00283940", "@type": "print"}], "publicationyear": {"@first": "2017"}, "publisher": {"publishername": "Springer Verlag", "ce:e-address": {"$": "service@springer.de", "@type": "email"}}, "@srcid": "17309"}, "enhancement": {"classificationgroup": {"classifications": [{"@type": "EMCLASS", "classification": [{"classification-code": "14", "classification-description": "Radiology"}, {"classification-code": "27", "classification-description": "Biophysics, Bioengineering and Medical Instrumentation"}, {"classification-code": "37", "classification-description": "Drug Literature Index"}, {"classification-code": "8", "classification-description": "Neurology and Neurosurgery"}]}, {"@type": "ASJC", "classification": [{"$": "2741"}, {"$": "2728"}, {"$": "2705"}]}, {"@type": "SUBJABBR", "classification": "MEDI"}]}, "tradenamegroup": {"tradenames": [{"trademanuitem": {"tradename": "ultravist"}, "@type": "TNM"}, {"trademanuitem": {"tradename": "Aquilion One", "manufacturer": {"@country": "jpn", "$": "Toshiba Medical Systems"}}, "@type": "TNV"}]}, "chemicalgroup": {"chemicals": {"@source": "esbd", "chemical": [{"cas-registry-number": "73334-07-3", "chemical-name": "iopromide"}, {"cas-registry-number": "105913-11-9", "enzyme-commission-number": "EC 3.4.21.68", "chemical-name": "tissue plasminogen activator"}]}}, "manufacturergroup": {"manufacturers": {"@type": "MNV", "manufacturer": {"@country": "jpn", "$": "Toshiba Medical Systems"}}}}}, "item-info": {"copyright": {"$": "Copyright 2018 Elsevier B.V., All rights reserved.", "@type": "Elsevier"}, "dbcollection": [{"$": "EMBASE"}, {"$": "MEDL"}, {"$": "MOSYEA"}, {"$": "NURSNG"}, {"$": "REAXYSCAR"}, {"$": "RMC"}, {"$": "SCOPUS"}, {"$": "Scopusbase"}], "history": {"date-created": {"@day": "07", "@year": "2018", "@timestamp": "BST 19:33:50", "@month": "05"}}, "itemidlist": {"itemid": [{"$": "617715765", "@idtype": "PUI"}, {"$": "667114960", "@idtype": "CAR-ID"}, {"$": "20170570475", "@idtype": "EMBASE"}, {"$": "28785800", "@idtype": "MEDL"}, {"$": "2017092856", "@idtype": "MOSYEA"}, {"$": "2017275616", "@idtype": "NURSNG"}, {"$": "20171420344", "@idtype": "REAXYSCAR"}, {"$": "2017228591", "@idtype": "RMC"}, {"$": "20170158685", "@idtype": "SCOPUS"}, {"$": "85026895976", "@idtype": "SCP"}, {"$": "85026895976", "@idtype": "SGR"}, {"$": "621991156", "@idtype": "PUIsecondary"}], "ce:doi": "10.1007/s00234-017-1882-3"}}, "tail": {"bibliography": {"@refcount": "15", "reference": [{"ref-fulltext": "Kim JJ, Dillon WP, Glastonbury CM, Provenzale JM, Wintermark M (2010) Sixty-four-section multidetector CT angiography of carotid arteries: a systematic analysis of image quality and artifacts. Am J Neuroradiol 31(1):91\u201399", "@id": "1", "ref-info": {"ref-publicationyear": {"@first": "2010"}, "ref-title": {"ref-titletext": "Sixty-four-section multidetector CT angiography of carotid arteries: a systematic analysis of image quality and artifacts"}, "refd-itemidlist": {"itemid": [{"$": "10.3174/ajnr.A1768", "@idtype": "DOI"}, {"$": "CR1", "@idtype": "FRAGMENTID"}, {"$": "75749153024", "@idtype": "SGR"}]}, "ref-volisspag": {"voliss": {"@volume": "31", "@issue": "1"}, "pagerange": {"@first": "91", "@last": "99"}}, "ref-text": "COI: 1:STN:280:DC%2BC3c%2FisFSmtg%3D%3D, PID: 19729539", "ref-authors": {"author": [{"@seq": "1", "ce:initials": "J.J.", "@_fa": "true", "ce:surname": "Kim", "ce:indexed-name": "Kim J.J."}, {"@seq": "2", "ce:initials": "W.P.", "@_fa": "true", "ce:surname": "Dillon", "ce:indexed-name": "Dillon W.P."}, {"@seq": "3", "ce:initials": "C.M.", "@_fa": "true", "ce:surname": "Glastonbury", "ce:indexed-name": "Glastonbury C.M."}, {"@seq": "4", "ce:initials": "J.M.", "@_fa": "true", "ce:surname": "Provenzale", "ce:indexed-name": "Provenzale J.M."}, {"@seq": "5", "ce:initials": "M.", "@_fa": "true", "ce:surname": "Wintermark", "ce:indexed-name": "Wintermark M."}]}, "ref-sourcetitle": "Am J Neuroradiol"}}, {"ref-fulltext": "Siddiq F, Chaudhry SA, Das P, Khatri R, Rodriguez G, Qureshi AI (2013) Occurrence and prognostic significance of cervical pseudodissection phenomenon associated with acute intracranial internal carotid artery occlusion. J Neuroimaging 23(3):384\u2013390", "@id": "2", "ref-info": {"ref-publicationyear": {"@first": "2013"}, "ref-title": {"ref-titletext": "Occurrence and prognostic significance of cervical pseudodissection phenomenon associated with acute intracranial internal carotid artery occlusion"}, "refd-itemidlist": {"itemid": [{"$": "10.1111/j.1552-6569.2012.00741.x", "@idtype": "DOI"}, {"$": "CR2", "@idtype": "FRAGMENTID"}, {"$": "84879806567", "@idtype": "SGR"}]}, "ref-volisspag": {"voliss": {"@volume": "23", "@issue": "3"}, "pagerange": {"@first": "384", "@last": "390"}}, "ref-text": "PID: 23228049", "ref-authors": {"author": [{"@seq": "1", "ce:initials": "F.", "@_fa": "true", "ce:surname": "Siddiq", "ce:indexed-name": "Siddiq F."}, {"@seq": "2", "ce:initials": "S.A.", "@_fa": "true", "ce:surname": "Chaudhry", "ce:indexed-name": "Chaudhry S.A."}, {"@seq": "3", "ce:initials": "P.", "@_fa": "true", "ce:surname": "Das", "ce:indexed-name": "Das P."}, {"@seq": "4", "ce:initials": "R.", "@_fa": "true", "ce:surname": "Khatri", "ce:indexed-name": "Khatri R."}, {"@seq": "5", "ce:initials": "G.", "@_fa": "true", "ce:surname": "Rodriguez", "ce:indexed-name": "Rodriguez G."}, {"@seq": "6", "ce:initials": "A.I.", "@_fa": "true", "ce:surname": "Qureshi", "ce:indexed-name": "Qureshi A.I."}]}, "ref-sourcetitle": "J Neuroimaging"}}, {"ref-fulltext": "Grossberg JA, Haussen DC, Cardoso FB, Rebello LC, Bouslama M, Anderson AM, Frankel MR, Nogueira RG (2017) Cervical carotid pseudo-occlusions and false dissections: intracranial occlusions masquerading as extracranial occlusions. Stroke 48(3):774\u2013777", "@id": "3", "ref-info": {"ref-publicationyear": {"@first": "2017"}, "ref-title": {"ref-titletext": "Cervical carotid pseudo-occlusions and false dissections: intracranial occlusions masquerading as extracranial occlusions"}, "refd-itemidlist": {"itemid": [{"$": "10.1161/STROKEAHA.116.015427", "@idtype": "DOI"}, {"$": "CR3", "@idtype": "FRAGMENTID"}, {"$": "85010858549", "@idtype": "SGR"}]}, "ref-volisspag": {"voliss": {"@volume": "48", "@issue": "3"}, "pagerange": {"@first": "774", "@last": "777"}}, "ref-text": "PID: 28119435", "ref-authors": {"author": [{"@seq": "1", "ce:initials": "J.A.", "@_fa": "true", "ce:surname": "Grossberg", "ce:indexed-name": "Grossberg J.A."}, {"@seq": "2", "ce:initials": "D.C.", "@_fa": "true", "ce:surname": "Haussen", "ce:indexed-name": "Haussen D.C."}, {"@seq": "3", "ce:initials": "F.B.", "@_fa": "true", "ce:surname": "Cardoso", "ce:indexed-name": "Cardoso F.B."}, {"@seq": "4", "ce:initials": "L.C.", "@_fa": "true", "ce:surname": "Rebello", "ce:indexed-name": "Rebello L.C."}, {"@seq": "5", "ce:initials": "M.", "@_fa": "true", "ce:surname": "Bouslama", "ce:indexed-name": "Bouslama M."}, {"@seq": "6", "ce:initials": "A.M.", "@_fa": "true", "ce:surname": "Anderson", "ce:indexed-name": "Anderson A.M."}, {"@seq": "7", "ce:initials": "M.R.", "@_fa": "true", "ce:surname": "Frankel", "ce:indexed-name": "Frankel M.R."}, {"@seq": "8", "ce:initials": "R.G.", "@_fa": "true", "ce:surname": "Nogueira", "ce:indexed-name": "Nogueira R.G."}]}, "ref-sourcetitle": "Stroke"}}, {"ref-fulltext": "Hong JM, Lee SE, Lee SJ, Lee JS, Demchuk AM (2017) Distinctive patterns on CT angiography characterize acute internal carotid artery occlusion subtypes. Medicine 96(5):e5722", "@id": "4", "ref-info": {"ref-publicationyear": {"@first": "2017"}, "ref-title": {"ref-titletext": "Distinctive patterns on CT angiography characterize acute internal carotid artery occlusion subtypes"}, "refd-itemidlist": {"itemid": [{"$": "10.1097/MD.0000000000005722", "@idtype": "DOI"}, {"$": "CR4", "@idtype": "FRAGMENTID"}, {"$": "e5722", "@idtype": "ARTNUM"}, {"$": "85013175307", "@idtype": "SGR"}]}, "ref-volisspag": {"voliss": {"@volume": "96", "@issue": "5"}}, "ref-text": "PID: 28151850", "ref-authors": {"author": [{"@seq": "1", "ce:initials": "J.M.", "@_fa": "true", "ce:surname": "Hong", "ce:indexed-name": "Hong J.M."}, {"@seq": "2", "ce:initials": "S.E.", "@_fa": "true", "ce:surname": "Lee", "ce:indexed-name": "Lee S.E."}, {"@seq": "3", "ce:initials": "S.J.", "@_fa": "true", "ce:surname": "Lee", "ce:indexed-name": "Lee S.J."}, {"@seq": "4", "ce:initials": "J.S.", "@_fa": "true", "ce:surname": "Lee", "ce:indexed-name": "Lee J.S."}, {"@seq": "5", "ce:initials": "A.M.", "@_fa": "true", "ce:surname": "Demchuk", "ce:indexed-name": "Demchuk A.M."}]}, "ref-sourcetitle": "Medicine"}}, {"ref-fulltext": "Flis CM, Jager HR, Sidhu PS (2007) Carotid and vertebral artery dissections: clinical aspects, imaging features and endovascular treatment. Eur Radiol 17(3):820\u2013834", "@id": "5", "ref-info": {"ref-publicationyear": {"@first": "2007"}, "ref-title": {"ref-titletext": "Carotid and vertebral artery dissections: clinical aspects, imaging features and endovascular treatment"}, "refd-itemidlist": {"itemid": [{"$": "10.1007/s00330-006-0346-7", "@idtype": "DOI"}, {"$": "CR5", "@idtype": "FRAGMENTID"}, {"$": "33846986829", "@idtype": "SGR"}]}, "ref-volisspag": {"voliss": {"@volume": "17", "@issue": "3"}, "pagerange": {"@first": "820", "@last": "834"}}, "ref-text": "PID: 16871383", "ref-authors": {"author": [{"@seq": "1", "ce:initials": "C.M.", "@_fa": "true", "ce:surname": "Flis", "ce:indexed-name": "Flis C.M."}, {"@seq": "2", "ce:initials": "H.R.", "@_fa": "true", "ce:surname": "Jager", "ce:indexed-name": "Jager H.R."}, {"@seq": "3", "ce:initials": "P.S.", "@_fa": "true", "ce:surname": "Sidhu", "ce:indexed-name": "Sidhu P.S."}]}, "ref-sourcetitle": "Eur Radiol"}}, {"ref-fulltext": "Sivan-Hoffmann R, Gory B, Armoiry X, Goyal M, Riva R, Labeyrie PE, Lukaszewicz AC, Lehot JJ, Derex L, Turjman F (2017) Stent-retriever thrombectomy for acute anterior ischemic stroke with tandem occlusion: a systematic review and meta-analysis. Eur Radiol 27(1):247\u2013254", "@id": "6", "ref-info": {"ref-publicationyear": {"@first": "2017"}, "ref-title": {"ref-titletext": "Stent-retriever thrombectomy for acute anterior ischemic stroke with tandem occlusion: a systematic review and meta-analysis"}, "refd-itemidlist": {"itemid": [{"$": "10.1007/s00330-016-4338-y", "@idtype": "DOI"}, {"$": "CR6", "@idtype": "FRAGMENTID"}, {"$": "84963736952", "@idtype": "SGR"}]}, "ref-volisspag": {"voliss": {"@volume": "27", "@issue": "1"}, "pagerange": {"@first": "247", "@last": "254"}}, "ref-text": "PID: 27085698", "ref-authors": {"author": [{"@seq": "1", "ce:initials": "R.", "@_fa": "true", "ce:surname": "Sivan-Hoffmann", "ce:indexed-name": "Sivan-Hoffmann R."}, {"@seq": "2", "ce:initials": "B.", "@_fa": "true", "ce:surname": "Gory", "ce:indexed-name": "Gory B."}, {"@seq": "3", "ce:initials": "X.", "@_fa": "true", "ce:surname": "Armoiry", "ce:indexed-name": "Armoiry X."}, {"@seq": "4", "ce:initials": "M.", "@_fa": "true", "ce:surname": "Goyal", "ce:indexed-name": "Goyal M."}, {"@seq": "5", "ce:initials": "R.", "@_fa": "true", "ce:surname": "Riva", "ce:indexed-name": "Riva R."}, {"@seq": "6", "ce:initials": "P.E.", "@_fa": "true", "ce:surname": "Labeyrie", "ce:indexed-name": "Labeyrie P.E."}, {"@seq": "7", "ce:initials": "A.C.", "@_fa": "true", "ce:surname": "Lukaszewicz", "ce:indexed-name": "Lukaszewicz A.C."}, {"@seq": "8", "ce:initials": "J.J.", "@_fa": "true", "ce:surname": "Lehot", "ce:indexed-name": "Lehot J.J."}, {"@seq": "9", "ce:initials": "L.", "@_fa": "true", "ce:surname": "Derex", "ce:indexed-name": "Derex L."}, {"@seq": "10", "ce:initials": "F.", "@_fa": "true", "ce:surname": "Turjman", "ce:indexed-name": "Turjman F."}]}, "ref-sourcetitle": "Eur Radiol"}}, {"ref-fulltext": "Marquering HA, Nederkoorn PJ, Beenen LF, Lycklama \u00e0 Nijeholt GJ, van den Berg R, Roos YB, Majoie CB (2013) Carotid pseudo-occlusion on CTA in patients with acute ischemic stroke: a concerning observation. Clin Neurol Neurosurg 115(9):1591\u20131594", "@id": "7", "ref-info": {"ref-publicationyear": {"@first": "2013"}, "ref-title": {"ref-titletext": "Carotid pseudo-occlusion on CTA in patients with acute ischemic stroke: a concerning observation"}, "refd-itemidlist": {"itemid": [{"$": "10.1016/j.clineuro.2013.02.008", "@idtype": "DOI"}, {"$": "CR7", "@idtype": "FRAGMENTID"}, {"$": "84887628109", "@idtype": "SGR"}]}, "ref-volisspag": {"voliss": {"@volume": "115", "@issue": "9"}, "pagerange": {"@first": "1591", "@last": "1594"}}, "ref-text": "PID: 23453709", "ref-authors": {"author": [{"@seq": "1", "ce:initials": "H.A.", "@_fa": "true", "ce:surname": "Marquering", "ce:indexed-name": "Marquering H.A."}, {"@seq": "2", "ce:initials": "P.J.", "@_fa": "true", "ce:surname": "Nederkoorn", "ce:indexed-name": "Nederkoorn P.J."}, {"@seq": "3", "ce:initials": "L.F.", "@_fa": "true", "ce:surname": "Beenen", "ce:indexed-name": "Beenen L.F."}, {"@seq": "4", "ce:initials": "G.J.", "@_fa": "true", "ce:surname": "Lycklama \u00e0 Nijeholt", "ce:indexed-name": "Lycklama a Nijeholt G.J."}, {"@seq": "5", "ce:initials": "R.", "@_fa": "true", "ce:surname": "van den Berg", "ce:indexed-name": "van den Berg R."}, {"@seq": "6", "ce:initials": "Y.B.", "@_fa": "true", "ce:surname": "Roos", "ce:indexed-name": "Roos Y.B."}, {"@seq": "7", "ce:initials": "C.B.", "@_fa": "true", "ce:surname": "Majoie", "ce:indexed-name": "Majoie C.B."}]}, "ref-sourcetitle": "Clin Neurol Neurosurg"}}, {"ref-fulltext": "Ng FC, Choi PM, Datta M, Gilligan A (2016) Perfusion-derived dynamic 4D CT angiography identifies carotid pseudo-occlusion in hyperacute stroke. J Neuroimaging 26(6):588\u2013591", "@id": "8", "ref-info": {"ref-publicationyear": {"@first": "2016"}, "ref-title": {"ref-titletext": "Perfusion-derived dynamic 4D CT angiography identifies carotid pseudo-occlusion in hyperacute stroke"}, "refd-itemidlist": {"itemid": [{"$": "10.1111/jon.12375", "@idtype": "DOI"}, {"$": "CR8", "@idtype": "FRAGMENTID"}, {"$": "84978225068", "@idtype": "SGR"}]}, "ref-volisspag": {"voliss": {"@volume": "26", "@issue": "6"}, "pagerange": {"@first": "588", "@last": "591"}}, "ref-text": "PID: 27383381", "ref-authors": {"author": [{"@seq": "1", "ce:initials": "F.C.", "@_fa": "true", "ce:surname": "Ng", "ce:indexed-name": "Ng F.C."}, {"@seq": "2", "ce:initials": "P.M.", "@_fa": "true", "ce:surname": "Choi", "ce:indexed-name": "Choi P.M."}, {"@seq": "3", "ce:initials": "M.", "@_fa": "true", "ce:surname": "Datta", "ce:indexed-name": "Datta M."}, {"@seq": "4", "ce:initials": "A.", "@_fa": "true", "ce:surname": "Gilligan", "ce:indexed-name": "Gilligan A."}]}, "ref-sourcetitle": "J Neuroimaging"}}, {"ref-fulltext": "de Monye C, de Weert TT, Zaalberg W, Cademartiri F, Siepman DA, Dippel DW, van der Lugt A (2006) Optimization of CT angiography of the carotid artery with a 16-MDCT scanner: craniocaudal scan direction reduces contrast material-related perivenous artifacts. Am J Roentgenol 186(6):1737\u20131745", "@id": "9", "ref-info": {"ref-publicationyear": {"@first": "2006"}, "ref-title": {"ref-titletext": "Optimization of CT angiography of the carotid artery with a 16-MDCT scanner: craniocaudal scan direction reduces contrast material-related perivenous artifacts"}, "refd-itemidlist": {"itemid": [{"$": "10.2214/AJR.05.0143", "@idtype": "DOI"}, {"$": "CR9", "@idtype": "FRAGMENTID"}, {"$": "33745514793", "@idtype": "SGR"}]}, "ref-volisspag": {"voliss": {"@volume": "186", "@issue": "6"}, "pagerange": {"@first": "1737", "@last": "1745"}}, "ref-authors": {"author": [{"@seq": "1", "ce:initials": "C.", "@_fa": "true", "ce:surname": "de Monye", "ce:indexed-name": "de Monye C."}, {"@seq": "2", "ce:initials": "T.T.", "@_fa": "true", "ce:surname": "de Weert", "ce:indexed-name": "de Weert T.T."}, {"@seq": "3", "ce:initials": "W.", "@_fa": "true", "ce:surname": "Zaalberg", "ce:indexed-name": "Zaalberg W."}, {"@seq": "4", "ce:initials": "F.", "@_fa": "true", "ce:surname": "Cademartiri", "ce:indexed-name": "Cademartiri F."}, {"@seq": "5", "ce:initials": "D.A.", "@_fa": "true", "ce:surname": "Siepman", "ce:indexed-name": "Siepman D.A."}, {"@seq": "6", "ce:initials": "D.W.", "@_fa": "true", "ce:surname": "Dippel", "ce:indexed-name": "Dippel D.W."}, {"@seq": "7", "ce:initials": "A.", "@_fa": "true", "ce:surname": "van der Lugt", "ce:indexed-name": "van der Lugt A."}]}, "ref-sourcetitle": "Am J Roentgenol"}}, {"ref-fulltext": "Tallarita T, Lanzino G, Rabinstein AA (2010) Carotid intervention in acute stroke. Perspect Vasc Surg Endovasc Ther 22(1):49\u201357", "@id": "10", "ref-info": {"ref-publicationyear": {"@first": "2010"}, "ref-title": {"ref-titletext": "Carotid intervention in acute stroke"}, "refd-itemidlist": {"itemid": [{"$": "10.1177/1531003510380469", "@idtype": "DOI"}, {"$": "CR10", "@idtype": "FRAGMENTID"}, {"$": "77956234729", "@idtype": "SGR"}]}, "ref-volisspag": {"voliss": {"@volume": "22", "@issue": "1"}, "pagerange": {"@first": "49", "@last": "57"}}, "ref-text": "PID: 20798079", "ref-authors": {"author": [{"@seq": "1", "ce:initials": "T.", "@_fa": "true", "ce:surname": "Tallarita", "ce:indexed-name": "Tallarita T."}, {"@seq": "2", "ce:initials": "G.", "@_fa": "true", "ce:surname": "Lanzino", "ce:indexed-name": "Lanzino G."}, {"@seq": "3", "ce:initials": "A.A.", "@_fa": "true", "ce:surname": "Rabinstein", "ce:indexed-name": "Rabinstein A.A."}]}, "ref-sourcetitle": "Perspect Vasc Surg Endovasc Ther"}}, {"ref-fulltext": "Duijsens HM, Spaander F, van Dijk LC, Treurniet FE, Keunen RW, Mosch A, Majoie CB, van Overhagen H (2015) Endovascular treatment in patients with acute ischemic stroke and apparent occlusion of the extracranial internal carotid artery on CTA. Journal of neurointerventional surgery 7(10):709\u2013714", "@id": "11", "ref-info": {"ref-publicationyear": {"@first": "2015"}, "ref-title": {"ref-titletext": "Endovascular treatment in patients with acute ischemic stroke and apparent occlusion of the extracranial internal carotid artery on CTA"}, "refd-itemidlist": {"itemid": [{"$": "10.1136/neurintsurg-2014-011297", "@idtype": "DOI"}, {"$": "CR11", "@idtype": "FRAGMENTID"}, {"$": "84941931137", "@idtype": "SGR"}]}, "ref-volisspag": {"voliss": {"@volume": "7", "@issue": "10"}, "pagerange": {"@first": "709", "@last": "714"}}, "ref-text": "PID: 25118191", "ref-authors": {"author": [{"@seq": "1", "ce:initials": "H.M.", "@_fa": "true", "ce:surname": "Duijsens", "ce:indexed-name": "Duijsens H.M."}, {"@seq": "2", "ce:initials": "F.", "@_fa": "true", "ce:surname": "Spaander", "ce:indexed-name": "Spaander F."}, {"@seq": "3", "ce:initials": "L.C.", "@_fa": "true", "ce:surname": "van Dijk", "ce:indexed-name": "van Dijk L.C."}, {"@seq": "4", "ce:initials": "F.E.", "@_fa": "true", "ce:surname": "Treurniet", "ce:indexed-name": "Treurniet F.E."}, {"@seq": "5", "ce:initials": "R.W.", "@_fa": "true", "ce:surname": "Keunen", "ce:indexed-name": "Keunen R.W."}, {"@seq": "6", "ce:initials": "A.", "@_fa": "true", "ce:surname": "Mosch", "ce:indexed-name": "Mosch A."}, {"@seq": "7", "ce:initials": "C.B.", "@_fa": "true", "ce:surname": "Majoie", "ce:indexed-name": "Majoie C.B."}, {"@seq": "8", "ce:initials": "H.", "@_fa": "true", "ce:surname": "van Overhagen", "ce:indexed-name": "van Overhagen H."}]}, "ref-sourcetitle": "Journal of neurointerventional surgery"}}, {"ref-fulltext": "Brott TG, Halperin JL, Abbara S, Bacharach JM, Barr JD, Bush RL, Cates CU, Creager MA, Fowler SB, Friday G, Hertzberg VS, McIff EB, Moore WS, Panagos PD, Riles TS, Rosenwasser RH, Taylor AJ (2011) ASA/ACCF/AHA/AANN/AANS/ACR/ASNR/CNS/SAIP/SCAI/SIR/SNIS/SVM/SVS guideline on the management of patients with extracranial carotid and vertebral artery disease: a report of the American College of Cardiology Foundation/American Heart Association Task Force on Practice Guidelines, and the American Stroke Association, American Association of Neuroscience Nurses, American Association of Neurological Surgeons, American College of Radiology, American Society of Neuroradiology, Congress of Neurological Surgeons, Society of Atherosclerosis Imaging and Prevention, Society for Cardiovascular Angiography and Interventions, Society of Interventional Radiology, Society of NeuroInterventional Surgery, Society for Vascular Medicine, and Society for Vascular Surgery J Am Coll Cardiol 57(8):e16\u2013e94", "@id": "12", "ref-info": {"ref-publicationyear": {"@first": "2011"}, "ref-title": {"ref-titletext": "ASA/ACCF/AHA/AANN/AANS/ACR/ASNR/CNS/SAIP/SCAI/SIR/SNIS/SVM/SVS guideline on the management of patients with extracranial carotid and vertebral artery disease: a report of the American College of Cardiology Foundation/American Heart Association Task Force on Practice Guidelines, and the American Stroke Association, American Association of Neuroscience Nurses, American Association of Neurological Surgeons, American College of Radiology, American Society of Neuroradiology, Congress of Neurological Surgeons, Society of Atherosclerosis Imaging and Prevention, Society for Cardiovascular Angiography and Interventions, Society of Interventional Radiology, Society of NeuroInterventional Surgery"}, "refd-itemidlist": {"itemid": [{"$": "CR12", "@idtype": "FRAGMENTID"}, {"$": "84866040538", "@idtype": "SGR"}]}, "ref-volisspag": {"voliss": {"@volume": "57", "@issue": "8"}, "pagerange": {"@first": "e16", "@last": "e94"}}, "ref-authors": {"author": [{"@seq": "1", "ce:initials": "T.G.", "@_fa": "true", "ce:surname": "Brott", "ce:indexed-name": "Brott T.G."}, {"@seq": "2", "ce:initials": "J.L.", "@_fa": "true", "ce:surname": "Halperin", "ce:indexed-name": "Halperin J.L."}, {"@seq": "3", "ce:initials": "S.", "@_fa": "true", "ce:surname": "Abbara", "ce:indexed-name": "Abbara S."}, {"@seq": "4", "ce:initials": "J.M.", "@_fa": "true", "ce:surname": "Bacharach", "ce:indexed-name": "Bacharach J.M."}, {"@seq": "5", "ce:initials": "J.D.", "@_fa": "true", "ce:surname": "Barr", "ce:indexed-name": "Barr J.D."}, {"@seq": "6", "ce:initials": "R.L.", "@_fa": "true", "ce:surname": "Bush", "ce:indexed-name": "Bush R.L."}, {"@seq": "7", "ce:initials": "C.U.", "@_fa": "true", "ce:surname": "Cates", "ce:indexed-name": "Cates C.U."}, {"@seq": "8", "ce:initials": "M.A.", "@_fa": "true", "ce:surname": "Creager", "ce:indexed-name": "Creager M.A."}, {"@seq": "9", "ce:initials": "S.B.", "@_fa": "true", "ce:surname": "Fowler", "ce:indexed-name": "Fowler S.B."}, {"@seq": "10", "ce:initials": "G.", "@_fa": "true", "ce:surname": "Friday", "ce:indexed-name": "Friday G."}, {"@seq": "11", "ce:initials": "V.S.", "@_fa": "true", "ce:surname": "Hertzberg", "ce:indexed-name": "Hertzberg V.S."}, {"@seq": "12", "ce:initials": "E.B.", "@_fa": "true", "ce:surname": "McIff", "ce:indexed-name": "McIff E.B."}, {"@seq": "13", "ce:initials": "W.S.", "@_fa": "true", "ce:surname": "Moore", "ce:indexed-name": "Moore W.S."}, {"@seq": "14", "ce:initials": "P.D.", "@_fa": "true", "ce:surname": "Panagos", "ce:indexed-name": "Panagos P.D."}, {"@seq": "15", "ce:initials": "T.S.", "@_fa": "true", "ce:surname": "Riles", "ce:indexed-name": "Riles T.S."}, {"@seq": "16", "ce:initials": "R.H.", "@_fa": "true", "ce:surname": "Rosenwasser", "ce:indexed-name": "Rosenwasser R.H."}, {"@seq": "17", "ce:initials": "A.J.", "@_fa": "true", "ce:surname": "Taylor", "ce:indexed-name": "Taylor A.J."}]}, "ref-sourcetitle": "Society for Vascular Medicine, and Society for Vascular Surgery J Am Coll Cardiol"}}, {"ref-fulltext": "Mishra SM, Dykeman J, Sajobi TT, Trivedi A, Almekhlafi M, Sohn SI, Bal S, Qazi E, Calleja A, Eesa M, Goyal M, Demchuk AM, Menon BK (2014) Early reperfusion rates with IV tPA are determined by CTA clot characteristics. Am J Neuroradiol 35(12):2265\u20132272", "@id": "13", "ref-info": {"ref-publicationyear": {"@first": "2014"}, "ref-title": {"ref-titletext": "Early reperfusion rates with IV tPA are determined by CTA clot characteristics"}, "refd-itemidlist": {"itemid": [{"$": "10.3174/ajnr.A4048", "@idtype": "DOI"}, {"$": "CR13", "@idtype": "FRAGMENTID"}, {"$": "84919495106", "@idtype": "SGR"}]}, "ref-volisspag": {"voliss": {"@volume": "35", "@issue": "12"}, "pagerange": {"@first": "2265", "@last": "2272"}}, "ref-text": "COI: 1:STN:280:DC%2BC2cblslCisw%3D%3D, PID: 25059699", "ref-authors": {"author": [{"@seq": "1", "ce:initials": "S.M.", "@_fa": "true", "ce:surname": "Mishra", "ce:indexed-name": "Mishra S.M."}, {"@seq": "2", "ce:initials": "J.", "@_fa": "true", "ce:surname": "Dykeman", "ce:indexed-name": "Dykeman J."}, {"@seq": "3", "ce:initials": "T.T.", "@_fa": "true", "ce:surname": "Sajobi", "ce:indexed-name": "Sajobi T.T."}, {"@seq": "4", "ce:initials": "A.", "@_fa": "true", "ce:surname": "Trivedi", "ce:indexed-name": "Trivedi A."}, {"@seq": "5", "ce:initials": "M.", "@_fa": "true", "ce:surname": "Almekhlafi", "ce:indexed-name": "Almekhlafi M."}, {"@seq": "6", "ce:initials": "S.I.", "@_fa": "true", "ce:surname": "Sohn", "ce:indexed-name": "Sohn S.I."}, {"@seq": "7", "ce:initials": "S.", "@_fa": "true", "ce:surname": "Bal", "ce:indexed-name": "Bal S."}, {"@seq": "8", "ce:initials": "E.", "@_fa": "true", "ce:surname": "Qazi", "ce:indexed-name": "Qazi E."}, {"@seq": "9", "ce:initials": "A.", "@_fa": "true", "ce:surname": "Calleja", "ce:indexed-name": "Calleja A."}, {"@seq": "10", "ce:initials": "M.", "@_fa": "true", "ce:surname": "Eesa", "ce:indexed-name": "Eesa M."}, {"@seq": "11", "ce:initials": "M.", "@_fa": "true", "ce:surname": "Goyal", "ce:indexed-name": "Goyal M."}, {"@seq": "12", "ce:initials": "A.M.", "@_fa": "true", "ce:surname": "Demchuk", "ce:indexed-name": "Demchuk A.M."}, {"@seq": "13", "ce:initials": "B.K.", "@_fa": "true", "ce:surname": "Menon", "ce:indexed-name": "Menon B.K."}]}, "ref-sourcetitle": "Am J Neuroradiol"}}, {"ref-fulltext": "Riedel CH, Zimmermann P, Jensen-Kondering U, Stingele R, Deuschl G, Jansen O (2011) The importance of size: successful recanalization by intravenous thrombolysis in acute anterior stroke depends on thrombus length. Stroke 42(6):1775\u20131777", "@id": "14", "ref-info": {"ref-publicationyear": {"@first": "2011"}, "ref-title": {"ref-titletext": "The importance of size: successful recanalization by intravenous thrombolysis in acute anterior stroke depends on thrombus length"}, "refd-itemidlist": {"itemid": [{"$": "10.1161/STROKEAHA.110.609693", "@idtype": "DOI"}, {"$": "CR14", "@idtype": "FRAGMENTID"}, {"$": "79958282061", "@idtype": "SGR"}]}, "ref-volisspag": {"voliss": {"@volume": "42", "@issue": "6"}, "pagerange": {"@first": "1775", "@last": "1777"}}, "ref-text": "PID: 21474810", "ref-authors": {"author": [{"@seq": "1", "ce:initials": "C.H.", "@_fa": "true", "ce:surname": "Riedel", "ce:indexed-name": "Riedel C.H."}, {"@seq": "2", "ce:initials": "P.", "@_fa": "true", "ce:surname": "Zimmermann", "ce:indexed-name": "Zimmermann P."}, {"@seq": "3", "ce:initials": "U.", "@_fa": "true", "ce:surname": "Jensen-Kondering", "ce:indexed-name": "Jensen-Kondering U."}, {"@seq": "4", "ce:initials": "R.", "@_fa": "true", "ce:surname": "Stingele", "ce:indexed-name": "Stingele R."}, {"@seq": "5", "ce:initials": "G.", "@_fa": "true", "ce:surname": "Deuschl", "ce:indexed-name": "Deuschl G."}, {"@seq": "6", "ce:initials": "O.", "@_fa": "true", "ce:surname": "Jansen", "ce:indexed-name": "Jansen O."}]}, "ref-sourcetitle": "Stroke"}}, {"ref-fulltext": "Chung HJ, Lee BH, Hwang YJ, Kim SY, Lee JY, Kim YS, Hong KS, Cho YJ, Park JH (2014) Delayed-phase CT angiography is superior to arterial-phase CT angiography at localizing occlusion sites in acute stroke patients eligible for intra-arterial reperfusion therapy. J Clin Neurosci 21(4):596\u2013600", "@id": "15", "ref-info": {"ref-publicationyear": {"@first": "2014"}, "ref-title": {"ref-titletext": "Delayed-phase CT angiography is superior to arterial-phase CT angiography at localizing occlusion sites in acute stroke patients eligible for intra-arterial reperfusion therapy"}, "refd-itemidlist": {"itemid": [{"$": "10.1016/j.jocn.2013.06.021", "@idtype": "DOI"}, {"$": "CR15", "@idtype": "FRAGMENTID"}, {"$": "84896076707", "@idtype": "SGR"}]}, "ref-volisspag": {"voliss": {"@volume": "21", "@issue": "4"}, "pagerange": {"@first": "596", "@last": "600"}}, "ref-text": "PID: 24412294", "ref-authors": {"author": [{"@seq": "1", "ce:initials": "H.J.", "@_fa": "true", "ce:surname": "Chung", "ce:indexed-name": "Chung H.J."}, {"@seq": "2", "ce:initials": "B.H.", "@_fa": "true", "ce:surname": "Lee", "ce:indexed-name": "Lee B.H."}, {"@seq": "3", "ce:initials": "Y.J.", "@_fa": "true", "ce:surname": "Hwang", "ce:indexed-name": "Hwang Y.J."}, {"@seq": "4", "ce:initials": "S.Y.", "@_fa": "true", "ce:surname": "Kim", "ce:indexed-name": "Kim S.Y."}, {"@seq": "5", "ce:initials": "J.Y.", "@_fa": "true", "ce:surname": "Lee", "ce:indexed-name": "Lee J.Y."}, {"@seq": "6", "ce:initials": "Y.S.", "@_fa": "true", "ce:surname": "Kim", "ce:indexed-name": "Kim Y.S."}, {"@seq": "7", "ce:initials": "K.S.", "@_fa": "true", "ce:surname": "Hong", "ce:indexed-name": "Hong K.S."}, {"@seq": "8", "ce:initials": "Y.J.", "@_fa": "true", "ce:surname": "Cho", "ce:indexed-name": "Cho Y.J."}, {"@seq": "9", "ce:initials": "J.H.", "@_fa": "true", "ce:surname": "Park", "ce:indexed-name": "Park J.H."}]}, "ref-sourcetitle": "J Clin Neurosci"}}]}}}}, "affiliation": [{"affiliation-city": "Bangkok", "@id": "60031780", "affilname": "Thai Red Cross Agency", "@href": "https://api.elsevier.com/content/affiliation/affiliation_id/60031780", "affiliation-country": "Thailand"}, {"affiliation-city": "Bangkok", "@id": "60028190", "affilname": "Chulalongkorn University", "@href": "https://api.elsevier.com/content/affiliation/affiliation_id/60028190", "affiliation-country": "Thailand"}], "coredata": {"srctype": "j", "eid": "2-s2.0-85026895976", "dc:description": "Purpose: Flame-shaped pseudo-occlusion of the extracranial internal carotid artery (ICA) is a flow-related phenomenon that creates computed tomographic angiography (CTA) and digital subtraction angiography (DSA) findings that mimic tandem intracranial-extracranial ICA occlusion or dissection. We aim to determine the diagnostic performance of mid-cervical flame-shaped extracranial ICA sign on CTA in hyperacute ischemic stroke patients. Methods: We retrospectively included consecutive anterior circulation ischemic stroke patients presenting within 6 h of symptom onset who underwent 4D brain CTA and arterial-phase neck CTA using a 320-detector CT scanner during August 2012 to July 2015. Two blinded readers independently reviewed arterial-phase neck CTA and characterized the extracranial ICA configurations into mid-cervical flame-shaped, proximal blunt/beak-shaped, and tubular-shaped groups. 4D whole brain CTA was used as a reference standard for intracranial ICA occlusion detection. Diagnostic performance of the mid-cervical flame-shaped extracranial ICA sign and interobserver reliability were calculated. Results: Of the 81 cases, 11 had isolated intracranial ICA occlusion, and 6 had true extracranial ICA occlusion. Mid-cervical flame-shaped extracranial ICA sign was found in 45.5% (5/11) of isolated intracranial ICA occlusions but none in the true extracranial ICA occlusion group. The sensitivity, specificity, PPV, NPV, and accuracy of the mid-cervical flame-shaped extracranial ICA sign for the detection of isolated intracranial ICA occlusion were 45.5, 100, 100, 92.1, and 92.6%, respectively. Interobserver reliability was 0.90. Conclusion: The mid-cervical flame-shaped extracranial ICA sign may suggest the presence of isolated intracranial ICA occlusion and allow reliable exclusion of tandem extracranial-intracranial ICA occlusion in hyperacute ischemic stroke setting.", "pubmed-id": "28785800", "prism:coverDate": "2017-10-01", "prism:aggregationType": "Journal", "prism:url": "https://api.elsevier.com/content/abstract/scopus_id/85026895976", "dc:creator": {"author": [{"ce:given-name": "Supada", "preferred-name": {"ce:given-name": "Supada", "ce:initials": "S.", "ce:surname": "Prakkamakul", "ce:indexed-name": "Prakkamakul S."}, "@seq": "1", "ce:initials": "S.", "@_fa": "true", "affiliation": {"@id": "60031780", "@href": "https://api.elsevier.com/content/affiliation/affiliation_id/60031780"}, "ce:surname": "Prakkamakul", "@auid": "55788265500", "author-url": "https://api.elsevier.com/content/author/author_id/55788265500", "ce:indexed-name": "Prakkamakul S."}]}, "link": [{"@_fa": "true", "@rel": "self", "@href": "https://api.elsevier.com/content/abstract/scopus_id/85026895976"}, {"@_fa": "true", "@rel": "scopus", "@href": "https://www.scopus.com/inward/record.uri?partnerID=HzOxMe3b&scp=85026895976&origin=inward"}, {"@_fa": "true", "@rel": "scopus-citedby", "@href": "https://www.scopus.com/inward/citedby.uri?partnerID=HzOxMe3b&scp=85026895976&origin=inward"}], "source-id": "17309", "citedby-count": "6", "prism:volume": "59", "subtype": "ar", "dc:title": "Mid-cervical flame-shaped pseudo-occlusion: diagnostic performance of mid-cervical flame-shaped extracranial internal carotid artery sign on computed tomographic angiography in hyperacute ischemic stroke", "openaccess": "0", "prism:issn": "14321920 00283940", "publishercopyright": "\u00a9 2017, Springer-Verlag GmbH Germany.", "prism:issueIdentifier": "10", "subtypeDescription": "Article", "prism:publicationName": "Neuroradiology", "prism:pageRange": "989-996", "prism:endingPage": "996", "openaccessFlag": "false", "prism:doi": "10.1007/s00234-017-1882-3", "prism:startingPage": "989", "dc:identifier": "SCOPUS_ID:85026895976", "dc:publisher": "Springer Verlagservice@springer.de"}, "idxterms": {"mainterm": [{"$": "Adult", "@weight": "b", "@candidate": "n"}, {"$": "Aged", "@weight": "b", "@candidate": "n"}, {"$": "Angiography, Digital Subtraction", "@weight": "b", "@candidate": "n"}, {"$": "Brain Ischemia", "@weight": "b", "@candidate": "n"}, {"$": "Carotid Artery, Internal", "@weight": "b", "@candidate": "n"}, {"$": "Carotid Stenosis", "@weight": "b", "@candidate": "n"}, {"$": "Computed Tomography Angiography", "@weight": "b", "@candidate": "n"}, {"$": "Female", "@weight": "b", "@candidate": "n"}, {"$": "Humans", "@weight": "b", "@candidate": "n"}, {"$": "Male", "@weight": "b", "@candidate": "n"}, {"$": "Middle Aged", "@weight": "b", "@candidate": "n"}, {"$": "Reproducibility of Results", "@weight": "b", "@candidate": "n"}, {"$": "Retrospective Studies", "@weight": "b", "@candidate": "n"}, {"$": "Sensitivity and Specificity", "@weight": "b", "@candidate": "n"}, {"$": "Stroke", "@weight": "b", "@candidate": "n"}]}, "language": {"@xml:lang": "eng"}, "authkeywords": {"author-keyword": [{"@_fa": "true", "$": "CTA"}, {"@_fa": "true", "$": "Flame-shaped"}, {"@_fa": "true", "$": "Hyperacute"}, {"@_fa": "true", "$": "Pseudo-occlusion"}, {"@_fa": "true", "$": "Stroke"}]}, "subject-areas": {"subject-area": [{"@_fa": "true", "$": "Radiology, Nuclear Medicine and Imaging", "@code": "2741", "@abbrev": "MEDI"}, {"@_fa": "true", "$": "Neurology (clinical)", "@code": "2728", "@abbrev": "MEDI"}, {"@_fa": "true", "$": "Cardiology and Cardiovascular Medicine", "@code": "2705", "@abbrev": "MEDI"}]}, "authors": {"author": [{"ce:given-name": "Supada", "preferred-name": {"ce:given-name": "Supada", "ce:initials": "S.", "ce:surname": "Prakkamakul", "ce:indexed-name": "Prakkamakul S."}, "@seq": "1", "ce:initials": "S.", "@_fa": "true", "affiliation": {"@id": "60031780", "@href": "https://api.elsevier.com/content/affiliation/affiliation_id/60031780"}, "ce:surname": "Prakkamakul", "@auid": "55788265500", "author-url": "https://api.elsevier.com/content/author/author_id/55788265500", "ce:indexed-name": "Prakkamakul S."}, {"ce:given-name": "Nantaporn", "preferred-name": {"ce:given-name": "Nantaporn", "ce:initials": "N.", "ce:surname": "Pitakvej", "ce:indexed-name": "Pitakvej N."}, "@seq": "2", "ce:initials": "N.", "@_fa": "true", "affiliation": {"@id": "60031780", "@href": "https://api.elsevier.com/content/affiliation/affiliation_id/60031780"}, "ce:surname": "Pitakvej", "@auid": "57195310238", "author-url": "https://api.elsevier.com/content/author/author_id/57195310238", "ce:indexed-name": "Pitakvej N."}, {"ce:given-name": "Netsiri", "preferred-name": {"ce:given-name": "Netsiri", "ce:initials": "N.", "ce:surname": "Dumrongpisutikul", "ce:indexed-name": "Dumrongpisutikul N."}, "@seq": "3", "ce:initials": "N.", "@_fa": "true", "affiliation": [{"@id": "60031780", "@href": "https://api.elsevier.com/content/affiliation/affiliation_id/60031780"}, {"@id": "60028190", "@href": "https://api.elsevier.com/content/affiliation/affiliation_id/60028190"}], "ce:surname": "Dumrongpisutikul", "@auid": "55115802100", "author-url": "https://api.elsevier.com/content/author/author_id/55115802100", "ce:indexed-name": "Dumrongpisutikul N."}, {"ce:given-name": "Sukalaya", "preferred-name": {"ce:given-name": "Sukalaya", "ce:initials": "S.", "ce:surname": "Lerdlum", "ce:indexed-name": "Lerdlum S."}, "@seq": "4", "ce:initials": "S.", "@_fa": "true", "affiliation": [{"@id": "60031780", "@href": "https://api.elsevier.com/content/affiliation/affiliation_id/60031780"}, {"@id": "60028190", "@href": "https://api.elsevier.com/content/affiliation/affiliation_id/60028190"}], "ce:surname": "Lerdlum", "@auid": "6602812550", "author-url": "https://api.elsevier.com/content/author/author_id/6602812550", "ce:indexed-name": "Lerdlum S."}]}}}