{"abstracts-retrieval-response": {"item": {"ait:process-info": {"ait:status": {"@state": "update", "@type": "core", "@stage": "S300"}, "ait:date-delivered": {"@day": "20", "@timestamp": "2023-08-20T01:29:27.000027-04:00", "@year": "2023", "@month": "08"}, "ait:date-sort": {"@day": "01", "@year": "2017", "@month": "10"}}, "xocs:meta": {"xocs:funding-list": {"@pui-match": "primary", "@has-funding-info": "1", "xocs:funding-addon-generated-timestamp": "2021-06-02T13:36:28.002Z", "xocs:funding-addon-type": "http://vtw.elsevier.com/data/voc/AddOnTypes/50.7/aggregated-refined"}}, "bibrecord": {"head": {"author-group": [{"affiliation": {"country": "Thailand", "@afid": "60028190", "@country": "tha", "city": "Bangkok", "organization": [{"$": "Department of Geology"}, {"$": "Faculty of Science"}, {"$": "Chulalongkorn University"}], "affiliation-id": {"@afid": "60028190", "@dptid": "104425689"}, "@dptid": "104425689"}, "author": [{"ce:given-name": "Walter A.", "preferred-name": {"ce:given-name": "Walter A.", "ce:initials": "W.A.", "ce:surname": "Balmer", "ce:indexed-name": "Balmer W.A."}, "@seq": "1", "ce:initials": "W.A.", "@_fa": "true", "@type": "auth", "ce:surname": "Balmer", "@auid": "55512048400", "ce:indexed-name": "Balmer W.A."}, {"ce:given-name": "Chakkaphan", "preferred-name": {"ce:given-name": "Chakkaphan", "ce:initials": "C.", "ce:surname": "Sutthirat", "ce:indexed-name": "Sutthirat C."}, "@seq": "4", "ce:initials": "C.", "@_fa": "true", "@type": "auth", "ce:surname": "Sutthirat", "@auid": "6506494175", "ce:indexed-name": "Sutthirat C."}]}, {"affiliation": {"country": "Switzerland", "@afid": "100395985", "@country": "che", "city": "Basel", "organization": {"$": "Swiss Gemmological Institute (SSEF)"}, "affiliation-id": {"@afid": "100395985"}}, "author": [{"ce:given-name": "Walter A.", "preferred-name": {"ce:given-name": "Walter A.", "ce:initials": "W.A.", "ce:surname": "Balmer", "ce:indexed-name": "Balmer W.A."}, "@seq": "1", "ce:initials": "W.A.", "@_fa": "true", "@type": "auth", "ce:surname": "Balmer", "@auid": "55512048400", "ce:indexed-name": "Balmer W.A."}]}, {"affiliation": {"country": "Austria", "@afid": "60022457", "@country": "aut", "city": "Graz", "organization": [{"$": "Institute of Earth Sciences"}, {"$": "Karl-Franzens University"}], "affiliation-id": {"@afid": "60022457", "@dptid": "104147027"}, "@dptid": "104147027"}, "author": [{"ce:given-name": "Christoph A.", "preferred-name": {"ce:given-name": "Christoph A.", "ce:initials": "C.A.", "ce:surname": "Hauzenberger", "ce:indexed-name": "Hauzenberger C.A."}, "@seq": "2", "ce:initials": "C.A.", "@_fa": "true", "@type": "auth", "ce:surname": "Hauzenberger", "@auid": "6602153773", "ce:indexed-name": "Hauzenberger C.A."}, {"ce:given-name": "Harald", "preferred-name": {"ce:given-name": "Harald", "ce:initials": "H.", "ce:surname": "Fritz", "ce:indexed-name": "Fritz H."}, "@seq": "3", "ce:initials": "H.", "@_fa": "true", "@type": "auth", "ce:surname": "Fritz", "@auid": "7201474794", "ce:indexed-name": "Fritz H."}]}, {"affiliation": {"country": "Thailand", "@afid": "114593056", "@country": "tha", "city": "Bangkok", "organization": {"$": "The Gem and Jewelry Institute of Thailand (Public Organisation)"}, "affiliation-id": {"@afid": "114593056"}}, "author": [{"ce:given-name": "Chakkaphan", "preferred-name": {"ce:given-name": "Chakkaphan", "ce:initials": "C.", "ce:surname": "Sutthirat", "ce:indexed-name": "Sutthirat C."}, "@seq": "4", "ce:initials": "C.", "@_fa": "true", "@type": "auth", "ce:surname": "Sutthirat", "@auid": "6506494175", "ce:indexed-name": "Sutthirat C."}]}], "citation-title": "Marble-hosted ruby deposits of the Morogoro Region, Tanzania", "abstracts": "\u00a9 2017 Elsevier LtdThe ruby deposits of the Uluguru and Mahenge Mts, Morogoro Region, are related to marbles which represent the cover sequence of the Eastern Granulites in Tanzania. In both localities the cover sequences define a tectonic unit which is present as a nappe structure thrusted onto the gneissic basement in a north-western direction. Based on structural geological observations the ruby deposits are bound to mica-rich boudins in fold hinges where fluids interacted with the marble-host rock in zones of higher permeability. Petrographic observations revealed that the Uluguru Mts deposits occur within calcite-dominated marbles whereas deposits in the Mahenge Mts are found in dolomite-dominated marbles. The mineral assemblage describing the marble-hosted ruby deposit in the Uluguru Mts is characterised by corundum-dolomite-phlogopite \u00b1 spinel, calcite, pargasite, scapolite, plagioclase, margarite, chlorite, tourmaline whereas the assemblage corundum-calcite-plagioclase-phlogopite \u00b1 dolomite, pargasite, sapphirine, titanite, tourmaline is present in samples from the Mahenge Mts. Although slightly different in mineral assemblage it was possible to draw a similar ruby formation history for both localities. Two ruby forming events were distinguished by textural differences, which could also be modeled by thermodynamic T\u2013XCO2 calculations using non-ideal mixing models of essential minerals. A first formation of ruby appears to have taken place during the prograde path (M1) either by the breakdown of diaspore which was present in the original sedimentary precursor rock or by the breakdown of margarite to corundum and plagioclase. The conditions for M1 metamorphism was estimated at \u223c750 \u00b0C at 10 kbar, which represents granulite facies conditions. A change in fluid composition towards a CO2 dominated fluid triggered a second ruby generation to form. Subsequently, the examined units underwent a late greenschist facies overprint. In the framework of the East African Orogen we assume that the prograde ruby formation occurred at the commonly observed metamorphic event around 620 Ma. At the peak or during beginning of retrogression the fluid composition changed triggering a second ruby generation. The late stage greenschist facies overprint could have occurred at the waning stage of this metamorphic episode which is in the range of \u223c580 Ma.", "correspondence": {"affiliation": {"country": "Thailand", "postal-code": "10330", "@country": "tha", "city": "Bangkok", "organization": [{"$": "Department of Geology"}, {"$": "Faculty of Science"}, {"$": "Chulalongkorn University"}]}, "person": {"ce:given-name": "Chakkaphan", "ce:initials": "C.", "ce:surname": "Sutthirat", "ce:indexed-name": "Sutthirat C."}}, "citation-info": {"author-keywords": {"author-keyword": [{"$": "East Africa", "@xml:lang": "eng"}, {"$": "Genesis", "@xml:lang": "eng"}, {"$": "Morogoro", "@xml:lang": "eng"}, {"$": "Ruby", "@xml:lang": "eng"}, {"$": "Spinel", "@xml:lang": "eng"}, {"$": "Tanzania", "@xml:lang": "eng"}]}, "citation-type": {"@code": "ar"}, "citation-language": {"@language": "English", "@xml:lang": "eng"}, "abstract-language": {"@language": "English", "@xml:lang": "eng"}}, "source": {"sourcetitle-abbrev": "J. Afr. Earth Sci.", "website": {"ce:e-address": {"$": "http://www.sciencedirect.com/science/journal/1464343X", "@type": "email"}}, "@country": "gbr", "translated-sourcetitle": {"$": "Journal of African Earth Sciences", "@xml:lang": "eng"}, "issn": [{"$": "18791956", "@type": "electronic"}, {"$": "1464343X", "@type": "print"}], "volisspag": {"voliss": {"@volume": "134"}, "pagerange": {"@first": "626", "@last": "643"}}, "@type": "j", "publicationyear": {"@first": "2017"}, "publisher": {"publishername": "Elsevier Ltd"}, "sourcetitle": "Journal of African Earth Sciences", "@srcid": "31815", "publicationdate": {"month": "10", "year": "2017", "date-text": "October 2017", "day": "01"}}, "enhancement": {"classificationgroup": {"classifications": [{"@type": "GEOCLASS", "classification": {"classification-code": "72.15.2", "classification-description": "Non-metals"}}, {"@type": "ASJC", "classification": [{"$": "1907"}, {"$": "1904"}]}, {"@type": "SUBJABBR", "classification": "EART"}]}}}, "item-info": {"copyright": {"$": "Copyright 2017 Elsevier B.V., All rights reserved.", "@type": "Elsevier"}, "dbcollection": [{"$": "GEO"}, {"$": "GEOFCT"}, {"$": "REAXYSCAR"}, {"$": "SCOPUS"}, {"$": "Scopusbase"}], "history": {"date-created": {"@day": "16", "@timestamp": "BST 10:15:28", "@year": "2017", "@month": "08"}}, "itemidlist": {"itemid": [{"$": "617700937", "@idtype": "PUI"}, {"$": "667099437", "@idtype": "CAR-ID"}, {"$": "5211734", "@idtype": "GEO"}, {"$": "2017010041", "@idtype": "GEOFCT"}, {"$": "20171416615", "@idtype": "REAXYSCAR"}, {"$": "20170153938", "@idtype": "SCOPUS"}, {"$": "85026883420", "@idtype": "SCP"}, {"$": "85026883420", "@idtype": "SGR"}], "ce:pii": "S1464343X17303114", "ce:doi": "10.1016/j.jafrearsci.2017.07.026"}}, "tail": {"bibliography": {"@refcount": "59", "reference": [{"ref-fulltext": "Altherr, R., Okrusch, M., Bank, H., Corundum and kyanite-bearing anatexites from the Precambrian of Tanzania. Lithos 15 (1982), 191\u2013197.", "@id": "1", "ref-info": {"ref-publicationyear": {"@first": "1982"}, "ref-title": {"ref-titletext": "Corundum and kyanite-bearing anatexites from the Precambrian of Tanzania"}, "refd-itemidlist": {"itemid": [{"$": "bib1", "@idtype": "FRAGMENTID"}, {"$": "0019925497", "@idtype": "SGR"}]}, "ref-volisspag": {"voliss": {"@volume": "15"}, "pagerange": {"@first": "191", "@last": "197"}}, "ref-authors": {"author": [{"@seq": "1", "ce:initials": "R.", "@_fa": "true", "ce:surname": "Altherr", "ce:indexed-name": "Altherr R."}, {"@seq": "2", "ce:initials": "M.", "@_fa": "true", "ce:surname": "Okrusch", "ce:indexed-name": "Okrusch M."}, {"@seq": "3", "ce:initials": "H.", "@_fa": "true", "ce:surname": "Bank", "ce:indexed-name": "Bank H."}]}, "ref-sourcetitle": "Lithos"}}, {"ref-fulltext": "Appel, P., M\u00f6ller, A., Schenk, V., High-pressure granulite facies metamorphism in the Pan-African belt of eastern Tanzania: P-T-t evidence against granulite formation by continent collision. J. Metamorph. Geol. 16 (1998), 491\u2013509.", "@id": "2", "ref-info": {"ref-publicationyear": {"@first": "1998"}, "ref-title": {"ref-titletext": "High-pressure granulite facies metamorphism in the Pan-African belt of eastern Tanzania: P-T-t evidence against granulite formation by continent collision"}, "refd-itemidlist": {"itemid": [{"$": "bib2", "@idtype": "FRAGMENTID"}, {"$": "0344765491", "@idtype": "SGR"}]}, "ref-volisspag": {"voliss": {"@volume": "16"}, "pagerange": {"@first": "491", "@last": "509"}}, "ref-authors": {"author": [{"@seq": "1", "ce:initials": "P.", "@_fa": "true", "ce:surname": "Appel", "ce:indexed-name": "Appel P."}, {"@seq": "2", "ce:initials": "A.", "@_fa": "true", "ce:surname": "M\u00f6ller", "ce:indexed-name": "Moller A."}, {"@seq": "3", "ce:initials": "V.", "@_fa": "true", "ce:surname": "Schenk", "ce:indexed-name": "Schenk V."}]}, "ref-sourcetitle": "J. Metamorph. Geol."}}, {"ref-fulltext": "Baker, J., Newton, R.C., Experimentally determined activity-composition relations for Ca-rich scapolite in the system CaAl2Si2O8-NaAlSi3O8-CaCO3, at 7kbar. Am. miner. 80 (1995), 744\u2013751.", "@id": "3", "ref-info": {"ref-publicationyear": {"@first": "1995"}, "ref-title": {"ref-titletext": "Experimentally determined activity-composition relations for Ca-rich scapolite in the system CaAl2Si2O8-NaAlSi3O8-CaCO3, at 7kbar"}, "refd-itemidlist": {"itemid": [{"$": "bib3", "@idtype": "FRAGMENTID"}, {"$": "0029539307", "@idtype": "SGR"}]}, "ref-volisspag": {"voliss": {"@volume": "80"}, "pagerange": {"@first": "744", "@last": "751"}}, "ref-authors": {"author": [{"@seq": "1", "ce:initials": "J.", "@_fa": "true", "ce:surname": "Baker", "ce:indexed-name": "Baker J."}, {"@seq": "2", "ce:initials": "R.C.", "@_fa": "true", "ce:surname": "Newton", "ce:indexed-name": "Newton R.C."}]}, "ref-sourcetitle": "Am. miner."}}, {"ref-fulltext": "Balmer, W.A., Petrology, Geochemistry, and Gemmological Characterisation of Marble-hosted Ruby Deposits of the Morogoro Region, Tanzania. Unpublished Ph.D. thesis, 2011, Chulalongkorn University, Bangkok, Thailand 185p.", "@id": "4", "ref-info": {"ref-publicationyear": {"@first": "2011"}, "ref-title": {"ref-titletext": "Petrology, Geochemistry, and Gemmological Characterisation of Marble-hosted Ruby Deposits of the Morogoro Region, Tanzania"}, "refd-itemidlist": {"itemid": [{"$": "bib4", "@idtype": "FRAGMENTID"}, {"$": "85026875611", "@idtype": "SGR"}]}, "ref-text": "Unpublished Ph.D. thesis Chulalongkorn University Bangkok, Thailand 185p", "ref-authors": {"author": [{"@seq": "1", "ce:initials": "W.A.", "@_fa": "true", "ce:surname": "Balmer", "ce:indexed-name": "Balmer W.A."}]}}}, {"ref-fulltext": "Beaumont, C., Nguyen, M.H., Jamieson, R.A., Ellis, S., Crustal flow modes in large hot orogens. Law, R.D., Searle, M.P., Godin, L., (eds.) Channel Flow, Ductile Extrusion and Exhumation in Continental Collision Zones, 2006, Geological Society, London, 91\u2013145 Special Publications 268.", "@id": "5", "ref-info": {"ref-publicationyear": {"@first": "2006"}, "ref-title": {"ref-titletext": "Crustal flow modes in large hot orogens"}, "refd-itemidlist": {"itemid": [{"$": "bib5", "@idtype": "FRAGMENTID"}, {"$": "33847404335", "@idtype": "SGR"}]}, "ref-volisspag": {"pagerange": {"@first": "91", "@last": "145"}}, "ref-text": "R.D. Law M.P. Searle L. Godin Geological Society London Special Publications 268", "ref-authors": {"author": [{"@seq": "1", "ce:initials": "C.", "@_fa": "true", "ce:surname": "Beaumont", "ce:indexed-name": "Beaumont C."}, {"@seq": "2", "ce:initials": "M.H.", "@_fa": "true", "ce:surname": "Nguyen", "ce:indexed-name": "Nguyen M.H."}, {"@seq": "3", "ce:initials": "R.A.", "@_fa": "true", "ce:surname": "Jamieson", "ce:indexed-name": "Jamieson R.A."}, {"@seq": "4", "ce:initials": "S.", "@_fa": "true", "ce:surname": "Ellis", "ce:indexed-name": "Ellis S."}]}, "ref-sourcetitle": "Channel Flow, Ductile Extrusion and Exhumation in Continental Collision Zones"}}, {"ref-fulltext": "Bingen, B., Viola, G., Boyd, R., Thomas, R.J., Jacobs, J., Henderson, I.H.C., Nordgulen, \u00d8., Sandstad, J.S., Engvik, A.K., Smethurst, M., Skar, \u00d8., Solli, A., Key, R.M., Daudi, E.X., Geological evolution of North-eastern Mozambique, in the context of the Pan-African Gondwana Assembly. Abstracts Volume 23rd Colloquium of African Geology (CAG23), 2011, University of Johannisburg, South Africa, 46.", "@id": "6", "ref-info": {"ref-publicationyear": {"@first": "2011"}, "ref-title": {"ref-titletext": "Geological evolution of North-eastern Mozambique, in the context of the Pan-African Gondwana Assembly"}, "refd-itemidlist": {"itemid": [{"$": "bib6", "@idtype": "FRAGMENTID"}, {"$": "85026875092", "@idtype": "SGR"}]}, "ref-volisspag": {"pagerange": {"@first": "46"}}, "ref-text": "University of Johannisburg South Africa", "ref-authors": {"author": [{"@seq": "1", "ce:initials": "B.", "@_fa": "true", "ce:surname": "Bingen", "ce:indexed-name": "Bingen B."}, {"@seq": "2", "ce:initials": "G.", "@_fa": "true", "ce:surname": "Viola", "ce:indexed-name": "Viola G."}, {"@seq": "3", "ce:initials": "R.", "@_fa": "true", "ce:surname": "Boyd", "ce:indexed-name": "Boyd R."}, {"@seq": "4", "ce:initials": "R.J.", "@_fa": "true", "ce:surname": "Thomas", "ce:indexed-name": "Thomas R.J."}, {"@seq": "5", "ce:initials": "J.", "@_fa": "true", "ce:surname": "Jacobs", "ce:indexed-name": "Jacobs J."}, {"@seq": "6", "ce:initials": "I.H.C.", "@_fa": "true", "ce:surname": "Henderson", "ce:indexed-name": "Henderson I.H.C."}, {"@seq": "7", "ce:initials": "\u00d8.", "@_fa": "true", "ce:surname": "Nordgulen", "ce:indexed-name": "Nordgulen O."}, {"@seq": "8", "ce:initials": "J.S.", "@_fa": "true", "ce:surname": "Sandstad", "ce:indexed-name": "Sandstad J.S."}, {"@seq": "9", "ce:initials": "A.K.", "@_fa": "true", "ce:surname": "Engvik", "ce:indexed-name": "Engvik A.K."}, {"@seq": "10", "ce:initials": "M.", "@_fa": "true", "ce:surname": "Smethurst", "ce:indexed-name": "Smethurst M."}, {"@seq": "11", "ce:initials": "\u00d8.", "@_fa": "true", "ce:surname": "Skar", "ce:indexed-name": "Skar O."}, {"@seq": "12", "ce:initials": "A.", "@_fa": "true", "ce:surname": "Solli", "ce:indexed-name": "Solli A."}, {"@seq": "13", "ce:initials": "R.M.", "@_fa": "true", "ce:surname": "Key", "ce:indexed-name": "Key R.M."}, {"@seq": "14", "ce:initials": "E.X.", "@_fa": "true", "ce:surname": "Daudi", "ce:indexed-name": "Daudi E.X."}]}, "ref-sourcetitle": "Abstracts Volume 23rd Colloquium of African Geology (CAG23)"}}, {"ref-fulltext": "Bingen, B., Viola, G., Henderson, I.H.C., Belousova, E.A., Engvik, A.K., Smethurst, M., Relations between East African (740\u2013600 Ma) and Kuunga (570\u2013530 Ma) orogenies in the NE Mozambique. 23rd Colloquium of African Geology (CAG23), 2011, University of Johannesburg, Republic of South Africa Abstract Volume, 47.", "@id": "7", "ref-info": {"ref-publicationyear": {"@first": "2011"}, "ref-title": {"ref-titletext": "Relations between East African (740\u2013600 Ma) and Kuunga (570\u2013530 Ma) orogenies in the NE Mozambique"}, "refd-itemidlist": {"itemid": [{"$": "bib7", "@idtype": "FRAGMENTID"}, {"$": "84880961223", "@idtype": "SGR"}]}, "ref-text": "University of Johannesburg Republic of South Africa Abstract Volume, 47", "ref-authors": {"author": [{"@seq": "1", "ce:initials": "B.", "@_fa": "true", "ce:surname": "Bingen", "ce:indexed-name": "Bingen B."}, {"@seq": "2", "ce:initials": "G.", "@_fa": "true", "ce:surname": "Viola", "ce:indexed-name": "Viola G."}, {"@seq": "3", "ce:initials": "I.H.C.", "@_fa": "true", "ce:surname": "Henderson", "ce:indexed-name": "Henderson I.H.C."}, {"@seq": "4", "ce:initials": "E.A.", "@_fa": "true", "ce:surname": "Belousova", "ce:indexed-name": "Belousova E.A."}, {"@seq": "5", "ce:initials": "A.K.", "@_fa": "true", "ce:surname": "Engvik", "ce:indexed-name": "Engvik A.K."}, {"@seq": "6", "ce:initials": "M.", "@_fa": "true", "ce:surname": "Smethurst", "ce:indexed-name": "Smethurst M."}]}, "ref-sourcetitle": "23rd Colloquium of African Geology (CAG23)"}}, {"ref-fulltext": "Birch, R.L., Stephenson, E.A., Quarter Degree Sheets 251 Geological Maps of Tanzania. 1962, Photogeological Devision. Overseas Geological Surveys, London.", "@id": "8", "ref-info": {"ref-publicationyear": {"@first": "1962"}, "ref-title": {"ref-titletext": "Quarter Degree Sheets 251 Geological Maps of Tanzania"}, "refd-itemidlist": {"itemid": [{"$": "bib8", "@idtype": "FRAGMENTID"}, {"$": "85026853413", "@idtype": "SGR"}]}, "ref-text": "Photogeological Devision. Overseas Geological Surveys London", "ref-authors": {"author": [{"@seq": "1", "ce:initials": "R.L.", "@_fa": "true", "ce:surname": "Birch", "ce:indexed-name": "Birch R.L."}, {"@seq": "2", "ce:initials": "E.A.", "@_fa": "true", "ce:surname": "Stephenson", "ce:indexed-name": "Stephenson E.A."}]}}}, {"ref-fulltext": "Boniface, N., Schenk, V., Neoproterozoic eclogites in the paleoproterozoic Ubendian Belt of Tanzania: evidence for a Pan-African suture between the Bangweulu Block and the Tanzania Craton. Precambrian Res. 208\u2013211 (2012), 72\u201389.", "@id": "9", "ref-info": {"ref-publicationyear": {"@first": "2012"}, "ref-title": {"ref-titletext": "Neoproterozoic eclogites in the paleoproterozoic Ubendian Belt of Tanzania: evidence for a Pan-African suture between the Bangweulu Block and the Tanzania Craton"}, "refd-itemidlist": {"itemid": [{"$": "bib9", "@idtype": "FRAGMENTID"}, {"$": "84860345031", "@idtype": "SGR"}]}, "ref-volisspag": {"voliss": {"@volume": "208-211"}, "pagerange": {"@first": "72", "@last": "89"}}, "ref-authors": {"author": [{"@seq": "1", "ce:initials": "N.", "@_fa": "true", "ce:surname": "Boniface", "ce:indexed-name": "Boniface N."}, {"@seq": "2", "ce:initials": "V.", "@_fa": "true", "ce:surname": "Schenk", "ce:indexed-name": "Schenk V."}]}, "ref-sourcetitle": "Precambrian Res."}}, {"ref-fulltext": "Coolen, J.J.M.M.M., Chemical petrology of the Furua granulite complex, southern Tanzania. GUA papers of Geology. Amst. Ser., 1(13), 1980, 258.", "@id": "10", "ref-info": {"ref-publicationyear": {"@first": "1980"}, "ref-title": {"ref-titletext": "Chemical petrology of the Furua granulite complex, southern Tanzania. GUA papers of Geology"}, "refd-itemidlist": {"itemid": [{"$": "bib10", "@idtype": "FRAGMENTID"}, {"$": "0001030590", "@idtype": "SGR"}]}, "ref-volisspag": {"voliss": {"@volume": "1", "@issue": "13"}, "pagerange": {"@first": "258"}}, "ref-authors": {"author": [{"@seq": "1", "ce:initials": "J.J.M.M.M.", "@_fa": "true", "ce:surname": "Coolen", "ce:indexed-name": "Coolen J.J.M.M.M."}]}, "ref-sourcetitle": "Amst. Ser."}}, {"ref-fulltext": "Connolly, J.A.D., Mulitvariable phase diagrams: an algorithm base on generalized thermodynamics. Am. J. Sci. 290 (1990), 660\u2013718.", "@id": "11", "ref-info": {"ref-publicationyear": {"@first": "1990"}, "ref-title": {"ref-titletext": "Mulitvariable phase diagrams: an algorithm base on generalized thermodynamics"}, "refd-itemidlist": {"itemid": [{"$": "bib11", "@idtype": "FRAGMENTID"}, {"$": "0025635474", "@idtype": "SGR"}]}, "ref-volisspag": {"voliss": {"@volume": "290"}, "pagerange": {"@first": "660", "@last": "718"}}, "ref-authors": {"author": [{"@seq": "1", "ce:initials": "J.A.D.", "@_fa": "true", "ce:surname": "Connolly", "ce:indexed-name": "Connolly J.A.D."}]}, "ref-sourcetitle": "Am. J. Sci."}}, {"ref-fulltext": "Connolly, J.A.D., Petrini, K., An automated strategy for calculation of phase diagram sections and retrieval of rock properties as a function of physical conditions. J. Metamorph. Petrol. 20 (2002), 697\u2013708.", "@id": "12", "ref-info": {"ref-publicationyear": {"@first": "2002"}, "ref-title": {"ref-titletext": "An automated strategy for calculation of phase diagram sections and retrieval of rock properties as a function of physical conditions"}, "refd-itemidlist": {"itemid": [{"$": "bib12", "@idtype": "FRAGMENTID"}, {"$": "0036737142", "@idtype": "SGR"}]}, "ref-volisspag": {"voliss": {"@volume": "20"}, "pagerange": {"@first": "697", "@last": "708"}}, "ref-authors": {"author": [{"@seq": "1", "ce:initials": "J.A.D.", "@_fa": "true", "ce:surname": "Connolly", "ce:indexed-name": "Connolly J.A.D."}, {"@seq": "2", "ce:initials": "K.", "@_fa": "true", "ce:surname": "Petrini", "ce:indexed-name": "Petrini K."}]}, "ref-sourcetitle": "J. Metamorph. Petrol."}}, {"ref-fulltext": "Collins, A.S., Pisarevsky, S.A., Amalgamating eastern Gondwana: the evolution of the Circum-Indian Orogens. Earth-Sci. Rev. 71 (2005), 229\u2013270.", "@id": "13", "ref-info": {"ref-publicationyear": {"@first": "2005"}, "ref-title": {"ref-titletext": "Amalgamating eastern Gondwana: the evolution of the Circum-Indian Orogens"}, "refd-itemidlist": {"itemid": [{"$": "bib13", "@idtype": "FRAGMENTID"}, {"$": "21744448236", "@idtype": "SGR"}]}, "ref-volisspag": {"voliss": {"@volume": "71"}, "pagerange": {"@first": "229", "@last": "270"}}, "ref-authors": {"author": [{"@seq": "1", "ce:initials": "A.S.", "@_fa": "true", "ce:surname": "Collins", "ce:indexed-name": "Collins A.S."}, {"@seq": "2", "ce:initials": "S.A.", "@_fa": "true", "ce:surname": "Pisarevsky", "ce:indexed-name": "Pisarevsky S.A."}]}, "ref-sourcetitle": "Earth-Sci. Rev."}}, {"ref-fulltext": "Dachs, E., PET: petrological elementary tools for matematica. Comput. Geosci. 24:3 (1998), 219\u2013235.", "@id": "14", "ref-info": {"ref-publicationyear": {"@first": "1998"}, "ref-title": {"ref-titletext": "PET: petrological elementary tools for matematica"}, "refd-itemidlist": {"itemid": [{"$": "bib14", "@idtype": "FRAGMENTID"}, {"$": "0031687179", "@idtype": "SGR"}]}, "ref-volisspag": {"voliss": {"@volume": "24", "@issue": "3"}, "pagerange": {"@first": "219", "@last": "235"}}, "ref-authors": {"author": [{"@seq": "1", "ce:initials": "E.", "@_fa": "true", "ce:surname": "Dachs", "ce:indexed-name": "Dachs E."}]}, "ref-sourcetitle": "Comput. Geosci."}}, {"ref-fulltext": "Dirlam, D.M., Misiorowski, E.B., Tozer, R., Stark, K.B., Bassett, A.M., Gem wealth of Tanzania. Gems Gemol. 28:2 (1992), 80\u2013134.", "@id": "15", "ref-info": {"ref-publicationyear": {"@first": "1992"}, "ref-title": {"ref-titletext": "Gem wealth of Tanzania"}, "refd-itemidlist": {"itemid": [{"$": "bib15", "@idtype": "FRAGMENTID"}, {"$": "52849106798", "@idtype": "SGR"}]}, "ref-volisspag": {"voliss": {"@volume": "28", "@issue": "2"}, "pagerange": {"@first": "80", "@last": "134"}}, "ref-authors": {"author": [{"@seq": "1", "ce:initials": "D.M.", "@_fa": "true", "ce:surname": "Dirlam", "ce:indexed-name": "Dirlam D.M."}, {"@seq": "2", "ce:initials": "E.B.", "@_fa": "true", "ce:surname": "Misiorowski", "ce:indexed-name": "Misiorowski E.B."}, {"@seq": "3", "ce:initials": "R.", "@_fa": "true", "ce:surname": "Tozer", "ce:indexed-name": "Tozer R."}, {"@seq": "4", "ce:initials": "K.B.", "@_fa": "true", "ce:surname": "Stark", "ce:indexed-name": "Stark K.B."}, {"@seq": "5", "ce:initials": "A.M.", "@_fa": "true", "ce:surname": "Bassett", "ce:indexed-name": "Bassett A.M."}]}, "ref-sourcetitle": "Gems Gemol."}}, {"ref-fulltext": "Fritz, H., Tenczer, V., Hauzenberger, C.A., Wallbrecher, E., Hoinkes, G., Muhongo, S., Mogessie, A., Central Tanzanian tectonic map: a step forward to decipher Proterozoic structural events in the East African Orogen. Tectonics, 24, 2005, TC6013 http://dx.doi.org/10.1029/2005TC001796.", "@id": "16", "ref-info": {"ref-publicationyear": {"@first": "2005"}, "ref-website": {"ce:e-address": {"$": "http://dx.doi.org/10.1029/2005TC001796", "@type": "email"}}, "ref-title": {"ref-titletext": "Central Tanzanian tectonic map: a step forward to decipher Proterozoic structural events in the East African Orogen"}, "refd-itemidlist": {"itemid": [{"$": "bib16", "@idtype": "FRAGMENTID"}, {"$": "33144483527", "@idtype": "SGR"}]}, "ref-volisspag": {"voliss": {"@volume": "24"}, "pagerange": {"@first": "TC6013"}}, "ref-authors": {"author": [{"@seq": "1", "ce:initials": "H.", "@_fa": "true", "ce:surname": "Fritz", "ce:indexed-name": "Fritz H."}, {"@seq": "2", "ce:initials": "V.", "@_fa": "true", "ce:surname": "Tenczer", "ce:indexed-name": "Tenczer V."}, {"@seq": "3", "ce:initials": "C.A.", "@_fa": "true", "ce:surname": "Hauzenberger", "ce:indexed-name": "Hauzenberger C.A."}, {"@seq": "4", "ce:initials": "E.", "@_fa": "true", "ce:surname": "Wallbrecher", "ce:indexed-name": "Wallbrecher E."}, {"@seq": "5", "ce:initials": "G.", "@_fa": "true", "ce:surname": "Hoinkes", "ce:indexed-name": "Hoinkes G."}, {"@seq": "6", "ce:initials": "S.", "@_fa": "true", "ce:surname": "Muhongo", "ce:indexed-name": "Muhongo S."}, {"@seq": "7", "ce:initials": "A.", "@_fa": "true", "ce:surname": "Mogessie", "ce:indexed-name": "Mogessie A."}]}, "ref-sourcetitle": "Tectonics"}}, {"ref-fulltext": "Fritz, H., Tenczer, V., Hauzenberger, C.A., Wallbrecher, E., Muhongo, S., Hot granulite nappes -Tectonic styles and thermal evolution of the Proterozoic granulite belts in East Africa. Tectonophysics 477 (2009), 160\u2013173.", "@id": "17", "ref-info": {"ref-publicationyear": {"@first": "2009"}, "ref-title": {"ref-titletext": "Hot granulite nappes -Tectonic styles and thermal evolution of the Proterozoic granulite belts in East Africa"}, "refd-itemidlist": {"itemid": [{"$": "bib17", "@idtype": "FRAGMENTID"}, {"$": "70350346457", "@idtype": "SGR"}]}, "ref-volisspag": {"voliss": {"@volume": "477"}, "pagerange": {"@first": "160", "@last": "173"}}, "ref-authors": {"author": [{"@seq": "1", "ce:initials": "H.", "@_fa": "true", "ce:surname": "Fritz", "ce:indexed-name": "Fritz H."}, {"@seq": "2", "ce:initials": "V.", "@_fa": "true", "ce:surname": "Tenczer", "ce:indexed-name": "Tenczer V."}, {"@seq": "3", "ce:initials": "C.A.", "@_fa": "true", "ce:surname": "Hauzenberger", "ce:indexed-name": "Hauzenberger C.A."}, {"@seq": "4", "ce:initials": "E.", "@_fa": "true", "ce:surname": "Wallbrecher", "ce:indexed-name": "Wallbrecher E."}, {"@seq": "5", "ce:initials": "S.", "@_fa": "true", "ce:surname": "Muhongo", "ce:indexed-name": "Muhongo S."}]}, "ref-sourcetitle": "Tectonophysics"}}, {"ref-fulltext": "Fritz, H., Abdelsalam, M., Ali, K.A., Bingen, B., Collins, A.S., Fowler, A.R., Ghebreab, W., Hauzenberger, C.A., Johnson, P.R., Kusky, T.M., Macey, P., Muhongo, S., Stern, R.J., Viola, G., Orogen styles in the East African Orogen: a review of the Neoproterozoic to Cambrian tectonic evolution. J. Afr. Earth Sci. 86 (2013), 65\u2013106.", "@id": "18", "ref-info": {"ref-publicationyear": {"@first": "2013"}, "ref-title": {"ref-titletext": "Orogen styles in the East African Orogen: a review of the Neoproterozoic to Cambrian tectonic evolution"}, "refd-itemidlist": {"itemid": [{"$": "bib18", "@idtype": "FRAGMENTID"}, {"$": "84880950838", "@idtype": "SGR"}]}, "ref-volisspag": {"voliss": {"@volume": "86"}, "pagerange": {"@first": "65", "@last": "106"}}, "ref-authors": {"author": [{"@seq": "1", "ce:initials": "H.", "@_fa": "true", "ce:surname": "Fritz", "ce:indexed-name": "Fritz H."}, {"@seq": "2", "ce:initials": "M.", "@_fa": "true", "ce:surname": "Abdelsalam", "ce:indexed-name": "Abdelsalam M."}, {"@seq": "3", "ce:initials": "K.A.", "@_fa": "true", "ce:surname": "Ali", "ce:indexed-name": "Ali K.A."}, {"@seq": "4", "ce:initials": "B.", "@_fa": "true", "ce:surname": "Bingen", "ce:indexed-name": "Bingen B."}, {"@seq": "5", "ce:initials": "A.S.", "@_fa": "true", "ce:surname": "Collins", "ce:indexed-name": "Collins A.S."}, {"@seq": "6", "ce:initials": "A.R.", "@_fa": "true", "ce:surname": "Fowler", "ce:indexed-name": "Fowler A.R."}, {"@seq": "7", "ce:initials": "W.", "@_fa": "true", "ce:surname": "Ghebreab", "ce:indexed-name": "Ghebreab W."}, {"@seq": "8", "ce:initials": "C.A.", "@_fa": "true", "ce:surname": "Hauzenberger", "ce:indexed-name": "Hauzenberger C.A."}, {"@seq": "9", "ce:initials": "P.R.", "@_fa": "true", "ce:surname": "Johnson", "ce:indexed-name": "Johnson P.R."}, {"@seq": "10", "ce:initials": "T.M.", "@_fa": "true", "ce:surname": "Kusky", "ce:indexed-name": "Kusky T.M."}, {"@seq": "11", "ce:initials": "P.", "@_fa": "true", "ce:surname": "Macey", "ce:indexed-name": "Macey P."}, {"@seq": "12", "ce:initials": "S.", "@_fa": "true", "ce:surname": "Muhongo", "ce:indexed-name": "Muhongo S."}, {"@seq": "13", "ce:initials": "R.J.", "@_fa": "true", "ce:surname": "Stern", "ce:indexed-name": "Stern R.J."}, {"@seq": "14", "ce:initials": "G.", "@_fa": "true", "ce:surname": "Viola", "ce:indexed-name": "Viola G."}]}, "ref-sourcetitle": "J. Afr. Earth Sci."}}, {"ref-fulltext": "Garnier, V., Giuliani, G., Ohnenstetter, D., Fallick, A.E., Dubessy, J., Banks, D., Hoang Quang Vinh, Lhome, Th., Maluski, H., P\u00eacher, A., Kausar, A.B., Pham Vam Long, Trong Phan Trinh, Schwarz, D., Mable-hosted ruby deposits from Central and Southeast Asia: towards a new genetic model. Ore Geol. Rev. 34 (2008), 169\u2013191.", "@id": "19", "ref-info": {"ref-publicationyear": {"@first": "2008"}, "ref-title": {"ref-titletext": "Mable-hosted ruby deposits from Central and Southeast Asia: towards a new genetic model"}, "refd-itemidlist": {"itemid": [{"$": "bib19", "@idtype": "FRAGMENTID"}, {"$": "74649084856", "@idtype": "SGR"}]}, "ref-volisspag": {"voliss": {"@volume": "34"}, "pagerange": {"@first": "169", "@last": "191"}}, "ref-authors": {"author": [{"@seq": "1", "ce:initials": "V.", "@_fa": "true", "ce:surname": "Garnier", "ce:indexed-name": "Garnier V."}, {"@seq": "2", "ce:initials": "G.", "@_fa": "true", "ce:surname": "Giuliani", "ce:indexed-name": "Giuliani G."}, {"@seq": "3", "ce:initials": "D.", "@_fa": "true", "ce:surname": "Ohnenstetter", "ce:indexed-name": "Ohnenstetter D."}, {"@seq": "4", "ce:initials": "A.E.", "@_fa": "true", "ce:surname": "Fallick", "ce:indexed-name": "Fallick A.E."}, {"@seq": "5", "ce:initials": "J.", "@_fa": "true", "ce:surname": "Dubessy", "ce:indexed-name": "Dubessy J."}, {"@seq": "6", "ce:initials": "D.", "@_fa": "true", "ce:surname": "Banks", "ce:indexed-name": "Banks D."}, {"ce:given-name": "Hoang", "@seq": "7", "ce:initials": "H.", "@_fa": "true", "ce:surname": "Quang Vinh", "ce:indexed-name": "Quang Vinh H."}, {"ce:given-name": "Th.", "@seq": "8", "ce:initials": "T.", "@_fa": "true", "ce:surname": "Lhome", "ce:indexed-name": "Lhome T."}, {"@seq": "9", "ce:initials": "H.", "@_fa": "true", "ce:surname": "Maluski", "ce:indexed-name": "Maluski H."}, {"@seq": "10", "ce:initials": "A.", "@_fa": "true", "ce:surname": "P\u00eacher", "ce:indexed-name": "Pecher A."}, {"@seq": "11", "ce:initials": "A.B.", "@_fa": "true", "ce:surname": "Kausar", "ce:indexed-name": "Kausar A.B."}, {"ce:given-name": "Pham", "@seq": "12", "ce:initials": "P.", "@_fa": "true", "ce:surname": "Vam Long", "ce:indexed-name": "Vam Long P."}, {"ce:given-name": "Trong", "@seq": "13", "ce:initials": "T.", "@_fa": "true", "ce:surname": "Phan Trinh", "ce:indexed-name": "Phan Trinh T."}, {"@seq": "14", "ce:initials": "D.", "@_fa": "true", "ce:surname": "Schwarz", "ce:indexed-name": "Schwarz D."}]}, "ref-sourcetitle": "Ore Geol. Rev."}}, {"ref-fulltext": "Giuliani, G., Ohnenstetter, D., Fallick, A.E., et al. The geology and genesis of gem corundum deposits. In: Mineralogical Association of Canada. Short. Course 44 (2014), 29\u2013112.", "@id": "20", "ref-info": {"ref-publicationyear": {"@first": "2014"}, "ref-title": {"ref-titletext": "The geology and genesis of gem corundum deposits. In: Mineralogical Association of Canada"}, "refd-itemidlist": {"itemid": [{"$": "bib20", "@idtype": "FRAGMENTID"}, {"$": "58049135609", "@idtype": "SGR"}]}, "ref-volisspag": {"voliss": {"@volume": "44"}, "pagerange": {"@first": "29", "@last": "112"}}, "ref-authors": {"author": [{"@seq": "1", "ce:initials": "G.", "@_fa": "true", "ce:surname": "Giuliani", "ce:indexed-name": "Giuliani G."}, {"@seq": "2", "ce:initials": "D.", "@_fa": "true", "ce:surname": "Ohnenstetter", "ce:indexed-name": "Ohnenstetter D."}, {"@seq": "3", "ce:initials": "A.E.", "@_fa": "true", "ce:surname": "Fallick", "ce:indexed-name": "Fallick A.E."}], "et-al": null}, "ref-sourcetitle": "Short. Course"}}, {"ref-fulltext": "Guo, J.F., O'Reilly, S.Y., Griffin, W.L., Corundum from basaltic terrains: a mineral inclusion approach to the enigma. Contrib. Mineral. Petrol. 122 (1996), 368\u2013386.", "@id": "21", "ref-info": {"ref-publicationyear": {"@first": "1996"}, "ref-title": {"ref-titletext": "Corundum from basaltic terrains: a mineral inclusion approach to the enigma"}, "refd-itemidlist": {"itemid": [{"$": "bib21", "@idtype": "FRAGMENTID"}, {"$": "0000329462", "@idtype": "SGR"}]}, "ref-volisspag": {"voliss": {"@volume": "122"}, "pagerange": {"@first": "368", "@last": "386"}}, "ref-authors": {"author": [{"@seq": "1", "ce:initials": "J.F.", "@_fa": "true", "ce:surname": "Guo", "ce:indexed-name": "Guo J.F."}, {"@seq": "2", "ce:initials": "S.Y.", "@_fa": "true", "ce:surname": "O'Reilly", "ce:indexed-name": "O'Reilly S.Y."}, {"@seq": "3", "ce:initials": "W.L.", "@_fa": "true", "ce:surname": "Griffin", "ce:indexed-name": "Griffin W.L."}]}, "ref-sourcetitle": "Contrib. Mineral. Petrol."}}, {"ref-fulltext": "H\u00e4nni, H.A., Schmetzer, K., New rubies from the Morogoro area, Tanzania. Gems Gemol. 27:3 (1991), 156\u2013167.", "@id": "22", "ref-info": {"ref-publicationyear": {"@first": "1991"}, "ref-title": {"ref-titletext": "New rubies from the Morogoro area, Tanzania"}, "refd-itemidlist": {"itemid": [{"$": "bib22", "@idtype": "FRAGMENTID"}, {"$": "33947602997", "@idtype": "SGR"}]}, "ref-volisspag": {"voliss": {"@volume": "27", "@issue": "3"}, "pagerange": {"@first": "156", "@last": "167"}}, "ref-authors": {"author": [{"@seq": "1", "ce:initials": "H.A.", "@_fa": "true", "ce:surname": "H\u00e4nni", "ce:indexed-name": "Hanni H.A."}, {"@seq": "2", "ce:initials": "K.", "@_fa": "true", "ce:surname": "Schmetzer", "ce:indexed-name": "Schmetzer K."}]}, "ref-sourcetitle": "Gems Gemol."}}, {"ref-fulltext": "Hauzenberger, C.A., Sommer, H., Fritz, H., Bauernhofer, A., Kroener, A., Hoinkes, G., Wallbrecher, E., Thoeni, M., SHRIMP U-Pb zircon and Sm-Nd garnet ages from the granulite-facies basement of SE Kenya: evidence for Neoproterozoic polycyclic assembly of the Mozambique Belt. J. Geol. Soc. Lond. 164 (2007), 189\u2013201.", "@id": "23", "ref-info": {"ref-publicationyear": {"@first": "2007"}, "ref-title": {"ref-titletext": "SHRIMP U-Pb zircon and Sm-Nd garnet ages from the granulite-facies basement of SE Kenya: evidence for Neoproterozoic polycyclic assembly of the Mozambique Belt"}, "refd-itemidlist": {"itemid": [{"$": "bib23", "@idtype": "FRAGMENTID"}, {"$": "33846198307", "@idtype": "SGR"}]}, "ref-volisspag": {"voliss": {"@volume": "164"}, "pagerange": {"@first": "189", "@last": "201"}}, "ref-authors": {"author": [{"@seq": "1", "ce:initials": "C.A.", "@_fa": "true", "ce:surname": "Hauzenberger", "ce:indexed-name": "Hauzenberger C.A."}, {"@seq": "2", "ce:initials": "H.", "@_fa": "true", "ce:surname": "Sommer", "ce:indexed-name": "Sommer H."}, {"@seq": "3", "ce:initials": "H.", "@_fa": "true", "ce:surname": "Fritz", "ce:indexed-name": "Fritz H."}, {"@seq": "4", "ce:initials": "A.", "@_fa": "true", "ce:surname": "Bauernhofer", "ce:indexed-name": "Bauernhofer A."}, {"@seq": "5", "ce:initials": "A.", "@_fa": "true", "ce:surname": "Kroener", "ce:indexed-name": "Kroener A."}, {"@seq": "6", "ce:initials": "G.", "@_fa": "true", "ce:surname": "Hoinkes", "ce:indexed-name": "Hoinkes G."}, {"@seq": "7", "ce:initials": "E.", "@_fa": "true", "ce:surname": "Wallbrecher", "ce:indexed-name": "Wallbrecher E."}, {"@seq": "8", "ce:initials": "M.", "@_fa": "true", "ce:surname": "Thoeni", "ce:indexed-name": "Thoeni M."}]}, "ref-sourcetitle": "J. Geol. Soc. Lond."}}, {"ref-fulltext": "Hauzenberger, C.A., Tenczer, V., Bauernhofer, A., Fritz, H., Kl\u00f6tzli, U., Kosler, J., Wallbrecher, E., Muhongo, S., Termination of the Southern Irumide Belt in Tanzania: zircon U/Pb geochronology. Precambrian Res. 255 (2014), 144\u2013162.", "@id": "24", "ref-info": {"ref-publicationyear": {"@first": "2014"}, "ref-title": {"ref-titletext": "Termination of the Southern Irumide Belt in Tanzania: zircon U/Pb geochronology"}, "refd-itemidlist": {"itemid": [{"$": "bib24", "@idtype": "FRAGMENTID"}, {"$": "84907980502", "@idtype": "SGR"}]}, "ref-volisspag": {"voliss": {"@volume": "255"}, "pagerange": {"@first": "144", "@last": "162"}}, "ref-authors": {"author": [{"@seq": "1", "ce:initials": "C.A.", "@_fa": "true", "ce:surname": "Hauzenberger", "ce:indexed-name": "Hauzenberger C.A."}, {"@seq": "2", "ce:initials": "V.", "@_fa": "true", "ce:surname": "Tenczer", "ce:indexed-name": "Tenczer V."}, {"@seq": "3", "ce:initials": "A.", "@_fa": "true", "ce:surname": "Bauernhofer", "ce:indexed-name": "Bauernhofer A."}, {"@seq": "4", "ce:initials": "H.", "@_fa": "true", "ce:surname": "Fritz", "ce:indexed-name": "Fritz H."}, {"@seq": "5", "ce:initials": "U.", "@_fa": "true", "ce:surname": "Kl\u00f6tzli", "ce:indexed-name": "Klotzli U."}, {"@seq": "6", "ce:initials": "J.", "@_fa": "true", "ce:surname": "Kosler", "ce:indexed-name": "Kosler J."}, {"@seq": "7", "ce:initials": "E.", "@_fa": "true", "ce:surname": "Wallbrecher", "ce:indexed-name": "Wallbrecher E."}, {"@seq": "8", "ce:initials": "S.", "@_fa": "true", "ce:surname": "Muhongo", "ce:indexed-name": "Muhongo S."}]}, "ref-sourcetitle": "Precambrian Res."}}, {"ref-fulltext": "Holland, T.J.B., Powell, R., An internally consistent thermodynamic data set for phases of petrological interest. J. Metamorph. Geol. 16:3 (1998), 309\u2013343 http://dx.doi.org/10.1111/j.1525-1314.1998.00140.x.", "@id": "25", "ref-info": {"ref-publicationyear": {"@first": "1998"}, "ref-website": {"ce:e-address": {"$": "http://dx.doi.org/10.1111/j.1525-1314.1998.00140.x", "@type": "email"}}, "ref-title": {"ref-titletext": "An internally consistent thermodynamic data set for phases of petrological interest"}, "refd-itemidlist": {"itemid": [{"$": "bib25", "@idtype": "FRAGMENTID"}, {"$": "0031839218", "@idtype": "SGR"}]}, "ref-volisspag": {"voliss": {"@volume": "16", "@issue": "3"}, "pagerange": {"@first": "309", "@last": "343"}}, "ref-authors": {"author": [{"@seq": "1", "ce:initials": "T.J.B.", "@_fa": "true", "ce:surname": "Holland", "ce:indexed-name": "Holland T.J.B."}, {"@seq": "2", "ce:initials": "R.", "@_fa": "true", "ce:surname": "Powell", "ce:indexed-name": "Powell R."}]}, "ref-sourcetitle": "J. Metamorph. Geol."}}, {"ref-fulltext": "Hunstiger, C., Darstellung und Vergleich prim\u00e4rer Rubinvorkommen in metamorphen Muttergesteinen \u2013 petrographie und Phasenpetrologie \u2013 Teil III. Z. Dtsch. Gemmol. Ges. 39:2/3 (1990), 121\u2013125.", "@id": "26", "ref-info": {"ref-publicationyear": {"@first": "1990"}, "ref-title": {"ref-titletext": "Darstellung und Vergleich prim\u00e4rer Rubinvorkommen in metamorphen Muttergesteinen \u2013 petrographie und Phasenpetrologie \u2013 Teil III"}, "refd-itemidlist": {"itemid": [{"$": "bib26", "@idtype": "FRAGMENTID"}, {"$": "54749145372", "@idtype": "SGR"}]}, "ref-volisspag": {"voliss": {"@volume": "39", "@issue": "2-3"}, "pagerange": {"@first": "121", "@last": "125"}}, "ref-authors": {"author": [{"@seq": "1", "ce:initials": "C.", "@_fa": "true", "ce:surname": "Hunstiger", "ce:indexed-name": "Hunstiger C."}]}, "ref-sourcetitle": "Z. Dtsch. Gemmol. Ges."}}, {"ref-fulltext": "Hutchinson, M.T., Nixon, P.H., Harley, S.L., Corundum inclusions in diamonds \u2013 discriminatory criteria and a corundum composition dataset. Lithos 77 (2004), 273\u2013286.", "@id": "27", "ref-info": {"ref-publicationyear": {"@first": "2004"}, "ref-title": {"ref-titletext": "Corundum inclusions in diamonds \u2013 discriminatory criteria and a corundum composition dataset"}, "refd-itemidlist": {"itemid": [{"$": "bib27", "@idtype": "FRAGMENTID"}, {"$": "17744378161", "@idtype": "SGR"}]}, "ref-volisspag": {"voliss": {"@volume": "77"}, "pagerange": {"@first": "273", "@last": "286"}}, "ref-authors": {"author": [{"@seq": "1", "ce:initials": "M.T.", "@_fa": "true", "ce:surname": "Hutchinson", "ce:indexed-name": "Hutchinson M.T."}, {"@seq": "2", "ce:initials": "P.H.", "@_fa": "true", "ce:surname": "Nixon", "ce:indexed-name": "Nixon P.H."}, {"@seq": "3", "ce:initials": "S.L.", "@_fa": "true", "ce:surname": "Harley", "ce:indexed-name": "Harley S.L."}]}, "ref-sourcetitle": "Lithos"}}, {"ref-fulltext": "Jobbins, E.A., Berrang\u00e9, J.P., The Pailin ruby and sapphire gem field. J. Gemmol. 17:8 (1981), 555\u2013567.", "@id": "28", "ref-info": {"ref-publicationyear": {"@first": "1981"}, "ref-title": {"ref-titletext": "The Pailin ruby and sapphire gem field"}, "refd-itemidlist": {"itemid": [{"$": "bib28", "@idtype": "FRAGMENTID"}, {"$": "0019679772", "@idtype": "SGR"}]}, "ref-volisspag": {"voliss": {"@volume": "17", "@issue": "8"}, "pagerange": {"@first": "555", "@last": "567"}}, "ref-authors": {"author": [{"@seq": "1", "ce:initials": "E.A.", "@_fa": "true", "ce:surname": "Jobbins", "ce:indexed-name": "Jobbins E.A."}, {"@seq": "2", "ce:initials": "J.P.", "@_fa": "true", "ce:surname": "Berrang\u00e9", "ce:indexed-name": "Berrange J.P."}]}, "ref-sourcetitle": "J. Gemmol."}}, {"ref-fulltext": "Keller, P.C., Gemstones of East Africa. 1992, Geoscience Press Inc., Phoenix, Arizona 160p.", "@id": "29", "ref-info": {"ref-publicationyear": {"@first": "1992"}, "ref-title": {"ref-titletext": "Gemstones of East Africa"}, "refd-itemidlist": {"itemid": [{"$": "bib29", "@idtype": "FRAGMENTID"}, {"$": "0343619281", "@idtype": "SGR"}]}, "ref-text": "Geoscience Press Inc. Phoenix, Arizona 160p", "ref-authors": {"author": [{"@seq": "1", "ce:initials": "P.C.", "@_fa": "true", "ce:surname": "Keller", "ce:indexed-name": "Keller P.C."}]}}}, {"ref-fulltext": "Kr\u00f6ner, A., Muhongo, S., Hegner, E., Wingate, M.T.D., Single zircon geochronology and Nd isotopic systematics of Proterozoic high grade rocks from the Mozambique belt of southern Tanzania (Masasi area): implications for Rodinia and Gondwana assembly. J. Geol. Soc. Lond. 160 (2003), 745\u2013757.", "@id": "30", "ref-info": {"ref-publicationyear": {"@first": "2003"}, "ref-title": {"ref-titletext": "Single zircon geochronology and Nd isotopic systematics of Proterozoic high grade rocks from the Mozambique belt of southern Tanzania (Masasi area): implications for Rodinia and Gondwana assembly"}, "refd-itemidlist": {"itemid": [{"$": "bib31", "@idtype": "FRAGMENTID"}, {"$": "4544317094", "@idtype": "SGR"}]}, "ref-volisspag": {"voliss": {"@volume": "160"}, "pagerange": {"@first": "745", "@last": "757"}}, "ref-authors": {"author": [{"@seq": "1", "ce:initials": "A.", "@_fa": "true", "ce:surname": "Kr\u00f6ner", "ce:indexed-name": "Kroner A."}, {"@seq": "2", "ce:initials": "S.", "@_fa": "true", "ce:surname": "Muhongo", "ce:indexed-name": "Muhongo S."}, {"@seq": "3", "ce:initials": "E.", "@_fa": "true", "ce:surname": "Hegner", "ce:indexed-name": "Hegner E."}, {"@seq": "4", "ce:initials": "M.T.D.", "@_fa": "true", "ce:surname": "Wingate", "ce:indexed-name": "Wingate M.T.D."}]}, "ref-sourcetitle": "J. Geol. Soc. Lond."}}, {"ref-fulltext": "Levinson, A.A., Cook, F.A., Gem Corundum in alkali basalt: origin and occurrence. Gems Gemmol. 30:4 (1994), 253\u2013262.", "@id": "31", "ref-info": {"ref-publicationyear": {"@first": "1994"}, "ref-title": {"ref-titletext": "Gem Corundum in alkali basalt: origin and occurrence"}, "refd-itemidlist": {"itemid": [{"$": "bib32", "@idtype": "FRAGMENTID"}, {"$": "0000970865", "@idtype": "SGR"}]}, "ref-volisspag": {"voliss": {"@volume": "30", "@issue": "4"}, "pagerange": {"@first": "253", "@last": "262"}}, "ref-authors": {"author": [{"@seq": "1", "ce:initials": "A.A.", "@_fa": "true", "ce:surname": "Levinson", "ce:indexed-name": "Levinson A.A."}, {"@seq": "2", "ce:initials": "F.A.", "@_fa": "true", "ce:surname": "Cook", "ce:indexed-name": "Cook F.A."}]}, "ref-sourcetitle": "Gems Gemmol."}}, {"ref-fulltext": "Malisa, E., Muhongo, S., Tectonic setting of gemstone mineralization in the Proterozoic metamorphic terrain of the Mozambique Belt in Tanzania. Precambrian Res. 46 (1990), 167\u2013176.", "@id": "32", "ref-info": {"ref-publicationyear": {"@first": "1990"}, "ref-title": {"ref-titletext": "Tectonic setting of gemstone mineralization in the Proterozoic metamorphic terrain of the Mozambique Belt in Tanzania"}, "refd-itemidlist": {"itemid": [{"$": "bib33", "@idtype": "FRAGMENTID"}, {"$": "0025257805", "@idtype": "SGR"}]}, "ref-volisspag": {"voliss": {"@volume": "46"}, "pagerange": {"@first": "167", "@last": "176"}}, "ref-authors": {"author": [{"@seq": "1", "ce:initials": "E.", "@_fa": "true", "ce:surname": "Malisa", "ce:indexed-name": "Malisa E."}, {"@seq": "2", "ce:initials": "S.", "@_fa": "true", "ce:surname": "Muhongo", "ce:indexed-name": "Muhongo S."}]}, "ref-sourcetitle": "Precambrian Res."}}, {"ref-fulltext": "Meert, J.G., Van der Voo, R., Ayub, S., Paleomagnetic investigation of the neoproterozoic Gagwe lavas and Mbozi complex, Tanzania and the assembly of Gondwana. Precambrian Res. 74 (1995), 225\u2013244.", "@id": "33", "ref-info": {"ref-publicationyear": {"@first": "1995"}, "ref-title": {"ref-titletext": "Paleomagnetic investigation of the neoproterozoic Gagwe lavas and Mbozi complex, Tanzania and the assembly of Gondwana"}, "refd-itemidlist": {"itemid": [{"$": "bib34", "@idtype": "FRAGMENTID"}, {"$": "0029527580", "@idtype": "SGR"}]}, "ref-volisspag": {"voliss": {"@volume": "74"}, "pagerange": {"@first": "225", "@last": "244"}}, "ref-authors": {"author": [{"@seq": "1", "ce:initials": "J.G.", "@_fa": "true", "ce:surname": "Meert", "ce:indexed-name": "Meert J.G."}, {"@seq": "2", "ce:initials": "R.", "@_fa": "true", "ce:surname": "Van der Voo", "ce:indexed-name": "Van der Voo R."}, {"@seq": "3", "ce:initials": "S.", "@_fa": "true", "ce:surname": "Ayub", "ce:indexed-name": "Ayub S."}]}, "ref-sourcetitle": "Precambrian Res."}}, {"ref-fulltext": "Meert, J.G., A synopsis of events related to the assembly of eastern Gondwana. Tectonophysics 362 (2003), 1\u201340.", "@id": "34", "ref-info": {"ref-publicationyear": {"@first": "2003"}, "ref-title": {"ref-titletext": "A synopsis of events related to the assembly of eastern Gondwana"}, "refd-itemidlist": {"itemid": [{"$": "bib35", "@idtype": "FRAGMENTID"}, {"$": "0037421620", "@idtype": "SGR"}]}, "ref-volisspag": {"voliss": {"@volume": "362"}, "pagerange": {"@first": "1", "@last": "40"}}, "ref-authors": {"author": [{"@seq": "1", "ce:initials": "J.G.", "@_fa": "true", "ce:surname": "Meert", "ce:indexed-name": "Meert J.G."}]}, "ref-sourcetitle": "Tectonophysics"}}, {"ref-fulltext": "Melezhik, V.A., Bingen, B., Fallick, A.E., Gorokhov, I.M., Kuznetsov, A.B., Sandstad, J.S., Solli, A., Bjerkgard, T., Henderson, I., Boyda, R., Jamal, D., Monize, A., Isotope chemostratigraphy of marbles in northeastern Mozambique: apparent depositional ages and tectonostratigraphic implications. Precambrian Res. 162 (2008), 540\u2013558.", "@id": "35", "ref-info": {"ref-publicationyear": {"@first": "2008"}, "ref-title": {"ref-titletext": "Isotope chemostratigraphy of marbles in northeastern Mozambique: apparent depositional ages and tectonostratigraphic implications"}, "refd-itemidlist": {"itemid": [{"$": "bib36", "@idtype": "FRAGMENTID"}, {"$": "41249087116", "@idtype": "SGR"}]}, "ref-volisspag": {"voliss": {"@volume": "162"}, "pagerange": {"@first": "540", "@last": "558"}}, "ref-authors": {"author": [{"@seq": "1", "ce:initials": "V.A.", "@_fa": "true", "ce:surname": "Melezhik", "ce:indexed-name": "Melezhik V.A."}, {"@seq": "2", "ce:initials": "B.", "@_fa": "true", "ce:surname": "Bingen", "ce:indexed-name": "Bingen B."}, {"@seq": "3", "ce:initials": "A.E.", "@_fa": "true", "ce:surname": "Fallick", "ce:indexed-name": "Fallick A.E."}, {"@seq": "4", "ce:initials": "I.M.", "@_fa": "true", "ce:surname": "Gorokhov", "ce:indexed-name": "Gorokhov I.M."}, {"@seq": "5", "ce:initials": "A.B.", "@_fa": "true", "ce:surname": "Kuznetsov", "ce:indexed-name": "Kuznetsov A.B."}, {"@seq": "6", "ce:initials": "J.S.", "@_fa": "true", "ce:surname": "Sandstad", "ce:indexed-name": "Sandstad J.S."}, {"@seq": "7", "ce:initials": "A.", "@_fa": "true", "ce:surname": "Solli", "ce:indexed-name": "Solli A."}, {"@seq": "8", "ce:initials": "T.", "@_fa": "true", "ce:surname": "Bjerkgard", "ce:indexed-name": "Bjerkgard T."}, {"@seq": "9", "ce:initials": "I.", "@_fa": "true", "ce:surname": "Henderson", "ce:indexed-name": "Henderson I."}, {"@seq": "10", "ce:initials": "R.", "@_fa": "true", "ce:surname": "Boyda", "ce:indexed-name": "Boyda R."}, {"@seq": "11", "ce:initials": "D.", "@_fa": "true", "ce:surname": "Jamal", "ce:indexed-name": "Jamal D."}, {"@seq": "12", "ce:initials": "A.", "@_fa": "true", "ce:surname": "Monize", "ce:indexed-name": "Monize A."}]}, "ref-sourcetitle": "Precambrian Res."}}, {"ref-fulltext": "Mercier, A., Debat, P., Saul, J.M., Exotic origin of the ruby deposits of the Mangari area in SE Kenya. Ore Geol. Rev. 14 (1999), 83\u2013104.", "@id": "36", "ref-info": {"ref-publicationyear": {"@first": "1999"}, "ref-title": {"ref-titletext": "Exotic origin of the ruby deposits of the Mangari area in SE Kenya"}, "refd-itemidlist": {"itemid": [{"$": "bib37", "@idtype": "FRAGMENTID"}, {"$": "0033063973", "@idtype": "SGR"}]}, "ref-volisspag": {"voliss": {"@volume": "14"}, "pagerange": {"@first": "83", "@last": "104"}}, "ref-authors": {"author": [{"@seq": "1", "ce:initials": "A.", "@_fa": "true", "ce:surname": "Mercier", "ce:indexed-name": "Mercier A."}, {"@seq": "2", "ce:initials": "P.", "@_fa": "true", "ce:surname": "Debat", "ce:indexed-name": "Debat P."}, {"@seq": "3", "ce:initials": "J.M.", "@_fa": "true", "ce:surname": "Saul", "ce:indexed-name": "Saul J.M."}]}, "ref-sourcetitle": "Ore Geol. Rev."}}, {"ref-fulltext": "Msolo, A.P.B., Geology of Matombo Ruby Prospect, Morogoro Region, Eastern Tanzania. Unpublished M.Sc. thesis, 1992, University of Dar es Salaam, Tanzania 94p.", "@id": "37", "ref-info": {"ref-publicationyear": {"@first": "1992"}, "ref-title": {"ref-titletext": "Geology of Matombo Ruby Prospect, Morogoro Region, Eastern Tanzania"}, "refd-itemidlist": {"itemid": [{"$": "bib38", "@idtype": "FRAGMENTID"}, {"$": "85026871249", "@idtype": "SGR"}]}, "ref-text": "Unpublished M.Sc. thesis University of Dar es Salaam Tanzania 94p", "ref-authors": {"author": [{"@seq": "1", "ce:initials": "A.P.B.", "@_fa": "true", "ce:surname": "Msolo", "ce:indexed-name": "Msolo A.P.B."}]}}}, {"ref-fulltext": "M\u00f6ller, A., Mezger, K., Schenk, V., U-Pb dating of metamorphic minerals: Pan-African metamorphism and prolonged slow cooling of high-pressure granulites in Tanzania, East Africa. Precambrian Res. 104 (2000), 123\u2013147.", "@id": "38", "ref-info": {"ref-publicationyear": {"@first": "2000"}, "ref-title": {"ref-titletext": "U-Pb dating of metamorphic minerals: Pan-African metamorphism and prolonged slow cooling of high-pressure granulites in Tanzania, East Africa"}, "refd-itemidlist": {"itemid": [{"$": "bib39", "@idtype": "FRAGMENTID"}, {"$": "0034325302", "@idtype": "SGR"}]}, "ref-volisspag": {"voliss": {"@volume": "104"}, "pagerange": {"@first": "123", "@last": "147"}}, "ref-authors": {"author": [{"@seq": "1", "ce:initials": "A.", "@_fa": "true", "ce:surname": "M\u00f6ller", "ce:indexed-name": "Moller A."}, {"@seq": "2", "ce:initials": "K.", "@_fa": "true", "ce:surname": "Mezger", "ce:indexed-name": "Mezger K."}, {"@seq": "3", "ce:initials": "V.", "@_fa": "true", "ce:surname": "Schenk", "ce:indexed-name": "Schenk V."}]}, "ref-sourcetitle": "Precambrian Res."}}, {"ref-fulltext": "Muhongo, S., Errera, M., Gemmological characteristics of rubies in Eastern Uluguru Mountains, Tanzania: a reconnaissance study. Museum Royale Afrique de Centre, Tervuren (Belgium). 1993, D\u00e9partment de G\u00e9ologie et des Minereaux, 201\u2013206 Rapport annuel 1991-1992.", "@id": "39", "ref-info": {"ref-publicationyear": {"@first": "1993"}, "ref-title": {"ref-titletext": "Gemmological characteristics of rubies in Eastern Uluguru Mountains, Tanzania: a reconnaissance study. Museum Royale Afrique de Centre, Tervuren (Belgium)"}, "refd-itemidlist": {"itemid": [{"$": "bib40", "@idtype": "FRAGMENTID"}, {"$": "85026872557", "@idtype": "SGR"}]}, "ref-volisspag": {"pagerange": {"@first": "201", "@last": "206"}}, "ref-text": "D\u00e9partment de G\u00e9ologie et des Minereaux Rapport annuel 1991-1992", "ref-authors": {"author": [{"@seq": "1", "ce:initials": "S.", "@_fa": "true", "ce:surname": "Muhongo", "ce:indexed-name": "Muhongo S."}, {"@seq": "2", "ce:initials": "M.", "@_fa": "true", "ce:surname": "Errera", "ce:indexed-name": "Errera M."}]}}}, {"ref-fulltext": "Nguyen Ngoc Khoi, Hauzenberger, Ch.A., Duong Anh Tuan, H\u00e4ger, T., Nguyen Van Nam, Nguyen Thuy Duong, Mineralogy and petrology of gneiss hosted corundum deposits from the Day Nui Con Voi metamorphic range, Ailao Shan-Red river shear zone (North Vietnam). Neues Jahrb. f\u00fcr Mineral. Abh. 193:2 (2016), 161\u2013181.", "@id": "40", "ref-info": {"ref-publicationyear": {"@first": "2016"}, "ref-title": {"ref-titletext": "Mineralogy and petrology of gneiss hosted corundum deposits from the Day Nui Con Voi metamorphic range, Ailao Shan-Red river shear zone (North Vietnam)"}, "refd-itemidlist": {"itemid": [{"$": "bib41", "@idtype": "FRAGMENTID"}, {"$": "84962911710", "@idtype": "SGR"}]}, "ref-volisspag": {"voliss": {"@volume": "193", "@issue": "2"}, "pagerange": {"@first": "161", "@last": "181"}}, "ref-authors": {"author": [{"ce:given-name": "Nguyen", "@seq": "1", "ce:initials": "N.", "@_fa": "true", "ce:surname": "Ngoc Khoi", "ce:indexed-name": "Ngoc Khoi N."}, {"ce:given-name": "Ch.A.", "@seq": "2", "ce:initials": "C.A.", "@_fa": "true", "ce:surname": "Hauzenberger", "ce:indexed-name": "Hauzenberger C.A."}, {"ce:given-name": "Duong", "@seq": "3", "ce:initials": "D.", "@_fa": "true", "ce:surname": "Anh Tuan", "ce:indexed-name": "Anh Tuan D."}, {"@seq": "4", "ce:initials": "T.", "@_fa": "true", "ce:surname": "H\u00e4ger", "ce:indexed-name": "Hager T."}, {"ce:given-name": "Nguyen", "@seq": "5", "ce:initials": "N.", "@_fa": "true", "ce:surname": "Van Nam", "ce:indexed-name": "Van Nam N."}, {"ce:given-name": "Nguyen", "@seq": "6", "ce:initials": "N.", "@_fa": "true", "ce:surname": "Thuy Duong", "ce:indexed-name": "Thuy Duong N."}]}, "ref-sourcetitle": "Neues Jahrb. f\u00fcr Mineral. Abh."}}, {"ref-fulltext": "Ramsey, J.G., Huber, M.I., Folds and Fractures The Techniques of Modern Structural Geology, vol. 2, 1987, Academic Press Limited, London, 309\u2013700.", "@id": "41", "ref-info": {"ref-publicationyear": {"@first": "1987"}, "refd-itemidlist": {"itemid": [{"$": "bib42", "@idtype": "FRAGMENTID"}, {"$": "0000403167", "@idtype": "SGR"}]}, "ref-volisspag": {"voliss": {"@volume": "2"}, "pagerange": {"@first": "309", "@last": "700"}}, "ref-text": "Folds and Fractures Academic Press Limited London", "ref-authors": {"author": [{"@seq": "1", "ce:initials": "J.G.", "@_fa": "true", "ce:surname": "Ramsey", "ce:indexed-name": "Ramsey J.G."}, {"@seq": "2", "ce:initials": "M.I.", "@_fa": "true", "ce:surname": "Huber", "ce:indexed-name": "Huber M.I."}]}, "ref-sourcetitle": "The Techniques of Modern Structural Geology"}}, {"ref-fulltext": "Rakotondarazafy, A.F.M., Giuliani, G., Ohnenstetter, D., Fallick, A.E., Rakotosamizanany, S., Andriamamonjy, A., Ralantoarison, Th., Razanatseheno, M., Offant, Y., Garnier, V., Maluski, H., Dunaigre, Ch., Schwarz, D., Ratrimo, V., Gem corundum deposits of Madgascar: a review. Ore Geol. Rev., 2008, 34 http://dx.doi.org/10.1016/j.oregeorev.2007.005.001.", "@id": "42", "ref-info": {"ref-publicationyear": {"@first": "2008"}, "ref-website": {"ce:e-address": {"$": "http://dx.doi.org/10.1016/j.oregeorev.2007.005.001", "@type": "email"}}, "ref-title": {"ref-titletext": "Gem corundum deposits of Madgascar: a review"}, "refd-itemidlist": {"itemid": [{"$": "bib43", "@idtype": "FRAGMENTID"}, {"$": "70349565200", "@idtype": "SGR"}]}, "ref-volisspag": {"pagerange": {"@first": "34"}}, "ref-authors": {"author": [{"@seq": "1", "ce:initials": "A.F.M.", "@_fa": "true", "ce:surname": "Rakotondarazafy", "ce:indexed-name": "Rakotondarazafy A.F.M."}, {"@seq": "2", "ce:initials": "G.", "@_fa": "true", "ce:surname": "Giuliani", "ce:indexed-name": "Giuliani G."}, {"@seq": "3", "ce:initials": "D.", "@_fa": "true", "ce:surname": "Ohnenstetter", "ce:indexed-name": "Ohnenstetter D."}, {"@seq": "4", "ce:initials": "A.E.", "@_fa": "true", "ce:surname": "Fallick", "ce:indexed-name": "Fallick A.E."}, {"@seq": "5", "ce:initials": "S.", "@_fa": "true", "ce:surname": "Rakotosamizanany", "ce:indexed-name": "Rakotosamizanany S."}, {"@seq": "6", "ce:initials": "A.", "@_fa": "true", "ce:surname": "Andriamamonjy", "ce:indexed-name": "Andriamamonjy A."}, {"ce:given-name": "Th.", "@seq": "7", "ce:initials": "T.", "@_fa": "true", "ce:surname": "Ralantoarison", "ce:indexed-name": "Ralantoarison T."}, {"@seq": "8", "ce:initials": "M.", "@_fa": "true", "ce:surname": "Razanatseheno", "ce:indexed-name": "Razanatseheno M."}, {"@seq": "9", "ce:initials": "Y.", "@_fa": "true", "ce:surname": "Offant", "ce:indexed-name": "Offant Y."}, {"@seq": "10", "ce:initials": "V.", "@_fa": "true", "ce:surname": "Garnier", "ce:indexed-name": "Garnier V."}, {"@seq": "11", "ce:initials": "H.", "@_fa": "true", "ce:surname": "Maluski", "ce:indexed-name": "Maluski H."}, {"ce:given-name": "Ch.", "@seq": "12", "ce:initials": "C.", "@_fa": "true", "ce:surname": "Dunaigre", "ce:indexed-name": "Dunaigre C."}, {"@seq": "13", "ce:initials": "D.", "@_fa": "true", "ce:surname": "Schwarz", "ce:indexed-name": "Schwarz D."}, {"@seq": "14", "ce:initials": "V.", "@_fa": "true", "ce:surname": "Ratrimo", "ce:indexed-name": "Ratrimo V."}]}, "ref-sourcetitle": "Ore Geol. Rev."}}, {"ref-fulltext": "Rossovskiy, L.N., Konovaisko, S.I., Ananjev, S.A., Conditions of ruby formation in marbles. Geol. Rudn. Mestorozhdeniy 24 (1982), 57\u201366 (in Russian).", "@id": "43", "ref-info": {"ref-publicationyear": {"@first": "1982"}, "ref-title": {"ref-titletext": "Conditions of ruby formation in marbles"}, "refd-itemidlist": {"itemid": [{"$": "bib44", "@idtype": "FRAGMENTID"}, {"$": "0019912233", "@idtype": "SGR"}]}, "ref-volisspag": {"voliss": {"@volume": "24"}, "pagerange": {"@first": "57", "@last": "66"}}, "ref-text": "(in Russian)", "ref-authors": {"author": [{"@seq": "1", "ce:initials": "L.N.", "@_fa": "true", "ce:surname": "Rossovskiy", "ce:indexed-name": "Rossovskiy L.N."}, {"@seq": "2", "ce:initials": "S.I.", "@_fa": "true", "ce:surname": "Konovaisko", "ce:indexed-name": "Konovaisko S.I."}, {"@seq": "3", "ce:initials": "S.A.", "@_fa": "true", "ce:surname": "Ananjev", "ce:indexed-name": "Ananjev S.A."}]}, "ref-sourcetitle": "Geol. Rudn. Mestorozhdeniy"}}, {"ref-fulltext": "Rossetti, F., Cozzupoli, D., Phillips, D., Compressional reworking of the East African Orogen in the Uluguru Mountains of eastern Tanzania at c. 550 Ma: implications for the final assembly of Gondwana. Terra Nova 20 (2008), 59\u201367.", "@id": "44", "ref-info": {"ref-publicationyear": {"@first": "2008"}, "ref-title": {"ref-titletext": "Compressional reworking of the East African Orogen in the Uluguru Mountains of eastern Tanzania at c. 550 Ma: implications for the final assembly of Gondwana"}, "refd-itemidlist": {"itemid": [{"$": "bib45", "@idtype": "FRAGMENTID"}, {"$": "38649084723", "@idtype": "SGR"}]}, "ref-volisspag": {"voliss": {"@volume": "20"}, "pagerange": {"@first": "59", "@last": "67"}}, "ref-authors": {"author": [{"@seq": "1", "ce:initials": "F.", "@_fa": "true", "ce:surname": "Rossetti", "ce:indexed-name": "Rossetti F."}, {"@seq": "2", "ce:initials": "D.", "@_fa": "true", "ce:surname": "Cozzupoli", "ce:indexed-name": "Cozzupoli D."}, {"@seq": "3", "ce:initials": "D.", "@_fa": "true", "ce:surname": "Phillips", "ce:indexed-name": "Phillips D."}]}, "ref-sourcetitle": "Terra Nova"}}, {"ref-fulltext": "Sampson, D.N., Wright, A.E., Quarter Degree Sheets 201 Geological Maps of Tanzania. Photogeological Devision. 1959, Overseas Geological Surveys, London.", "@id": "45", "ref-info": {"ref-publicationyear": {"@first": "1959"}, "ref-title": {"ref-titletext": "Quarter Degree Sheets 201 Geological Maps of Tanzania. Photogeological Devision"}, "refd-itemidlist": {"itemid": [{"$": "bib46", "@idtype": "FRAGMENTID"}, {"$": "85026864972", "@idtype": "SGR"}]}, "ref-text": "Overseas Geological Surveys London", "ref-authors": {"author": [{"@seq": "1", "ce:initials": "D.N.", "@_fa": "true", "ce:surname": "Sampson", "ce:indexed-name": "Sampson D.N."}, {"@seq": "2", "ce:initials": "A.E.", "@_fa": "true", "ce:surname": "Wright", "ce:indexed-name": "Wright A.E."}]}}}, {"ref-fulltext": "Sampson, D.N., Wright, A.E., Quarter Degree Sheets 183 Geological Maps of Tanzania. Photogeological Devision. 1961, Overseas Geological Surveys, London.", "@id": "46", "ref-info": {"ref-publicationyear": {"@first": "1961"}, "ref-title": {"ref-titletext": "Quarter Degree Sheets 183 Geological Maps of Tanzania. Photogeological Devision"}, "refd-itemidlist": {"itemid": [{"$": "bib47", "@idtype": "FRAGMENTID"}, {"$": "85026864972", "@idtype": "SGR"}]}, "ref-text": "Overseas Geological Surveys London", "ref-authors": {"author": [{"@seq": "1", "ce:initials": "D.N.", "@_fa": "true", "ce:surname": "Sampson", "ce:indexed-name": "Sampson D.N."}, {"@seq": "2", "ce:initials": "A.E.", "@_fa": "true", "ce:surname": "Wright", "ce:indexed-name": "Wright A.E."}]}}}, {"ref-fulltext": "Sampson, D.N., Wright, A.E., The geology of the Uluguru Mountains. Bull. Geol. Surv. Tanzan., 37, 1964 69p.", "@id": "47", "ref-info": {"ref-publicationyear": {"@first": "1964"}, "ref-title": {"ref-titletext": "The geology of the Uluguru Mountains"}, "refd-itemidlist": {"itemid": [{"$": "bib48", "@idtype": "FRAGMENTID"}, {"$": "0002823966", "@idtype": "SGR"}]}, "ref-volisspag": {"voliss": {"@volume": "37"}}, "ref-text": "69p", "ref-authors": {"author": [{"@seq": "1", "ce:initials": "D.N.", "@_fa": "true", "ce:surname": "Sampson", "ce:indexed-name": "Sampson D.N."}, {"@seq": "2", "ce:initials": "A.E.", "@_fa": "true", "ce:surname": "Wright", "ce:indexed-name": "Wright A.E."}]}, "ref-sourcetitle": "Bull. Geol. Surv. Tanzan."}}, {"ref-fulltext": "Schl\u00fcter, T., Geology of East Africa. 1997, Gebr\u00fcder Borntraeger, Berlin 484p.", "@id": "48", "ref-info": {"ref-publicationyear": {"@first": "1997"}, "ref-title": {"ref-titletext": "Geology of East Africa"}, "refd-itemidlist": {"itemid": [{"$": "bib49", "@idtype": "FRAGMENTID"}, {"$": "0004283770", "@idtype": "SGR"}]}, "ref-text": "Gebr\u00fcder Borntraeger Berlin 484p", "ref-authors": {"author": [{"@seq": "1", "ce:initials": "T.", "@_fa": "true", "ce:surname": "Schl\u00fcter", "ce:indexed-name": "Schluter T."}]}}}, {"ref-fulltext": "Schwarz, D., Pardieu, V., Saul, J.M., Schmetzer, K., Laurs, B.M., Giuliani, G., Klemm, L., Malsy, A.-K., Erel, E., Hauzenberger, Ch., Du Toit, G., Fallick, A.E., Ohnenstetter, D., Rubies and sapphires from Winza, Central Tanzania. Gems Gemol. 44:4 (2008), 322\u2013347.", "@id": "49", "ref-info": {"ref-publicationyear": {"@first": "2008"}, "ref-title": {"ref-titletext": "Rubies and sapphires from Winza, Central Tanzania"}, "refd-itemidlist": {"itemid": [{"$": "bib50", "@idtype": "FRAGMENTID"}, {"$": "67649566529", "@idtype": "SGR"}]}, "ref-volisspag": {"voliss": {"@volume": "44", "@issue": "4"}, "pagerange": {"@first": "322", "@last": "347"}}, "ref-authors": {"author": [{"@seq": "1", "ce:initials": "D.", "@_fa": "true", "ce:surname": "Schwarz", "ce:indexed-name": "Schwarz D."}, {"@seq": "2", "ce:initials": "V.", "@_fa": "true", "ce:surname": "Pardieu", "ce:indexed-name": "Pardieu V."}, {"@seq": "3", "ce:initials": "J.M.", "@_fa": "true", "ce:surname": "Saul", "ce:indexed-name": "Saul J.M."}, {"@seq": "4", "ce:initials": "K.", "@_fa": "true", "ce:surname": "Schmetzer", "ce:indexed-name": "Schmetzer K."}, {"@seq": "5", "ce:initials": "B.M.", "@_fa": "true", "ce:surname": "Laurs", "ce:indexed-name": "Laurs B.M."}, {"@seq": "6", "ce:initials": "G.", "@_fa": "true", "ce:surname": "Giuliani", "ce:indexed-name": "Giuliani G."}, {"@seq": "7", "ce:initials": "L.", "@_fa": "true", "ce:surname": "Klemm", "ce:indexed-name": "Klemm L."}, {"@seq": "8", "ce:initials": "A.-K.", "@_fa": "true", "ce:surname": "Malsy", "ce:indexed-name": "Malsy A.-K."}, {"@seq": "9", "ce:initials": "E.", "@_fa": "true", "ce:surname": "Erel", "ce:indexed-name": "Erel E."}, {"ce:given-name": "Ch.", "@seq": "10", "ce:initials": "C.", "@_fa": "true", "ce:surname": "Hauzenberger", "ce:indexed-name": "Hauzenberger C."}, {"@seq": "11", "ce:initials": "G.", "@_fa": "true", "ce:surname": "Du Toit", "ce:indexed-name": "Du Toit G."}, {"@seq": "12", "ce:initials": "A.E.", "@_fa": "true", "ce:surname": "Fallick", "ce:indexed-name": "Fallick A.E."}, {"@seq": "13", "ce:initials": "D.", "@_fa": "true", "ce:surname": "Ohnenstetter", "ce:indexed-name": "Ohnenstetter D."}]}, "ref-sourcetitle": "Gems Gemol."}}, {"ref-fulltext": "Solesbury, F.W., Gem corundum pegmatites in NE Tanganyika. Econ. Geol. 62 (1967), 983\u2013991.", "@id": "50", "ref-info": {"ref-publicationyear": {"@first": "1967"}, "ref-title": {"ref-titletext": "Gem corundum pegmatites in NE Tanganyika"}, "refd-itemidlist": {"itemid": [{"$": "bib51", "@idtype": "FRAGMENTID"}, {"$": "0043122679", "@idtype": "SGR"}]}, "ref-volisspag": {"voliss": {"@volume": "62"}, "pagerange": {"@first": "983", "@last": "991"}}, "ref-authors": {"author": [{"@seq": "1", "ce:initials": "F.W.", "@_fa": "true", "ce:surname": "Solesbury", "ce:indexed-name": "Solesbury F.W."}]}, "ref-sourcetitle": "Econ. Geol."}}, {"ref-fulltext": "Sommer, H., Kr\u00f6ner, A., Hauzenberger, C.A., Muhongo, S., Wingate, M.T.D., Metamorphic petrology and zircon geochronology of high-grade rocks from the central Mozambique Belt of Tanzania: crustal recycling of Archean and Palaeoproterozoic materials during the Pan-African Orogeny. J. Metamorph. Geol. 21 (2003), 915\u2013934.", "@id": "51", "ref-info": {"ref-publicationyear": {"@first": "2003"}, "ref-title": {"ref-titletext": "Metamorphic petrology and zircon geochronology of high-grade rocks from the central Mozambique Belt of Tanzania: crustal recycling of Archean and Palaeoproterozoic materials during the Pan-African Orogeny"}, "refd-itemidlist": {"itemid": [{"$": "bib52", "@idtype": "FRAGMENTID"}, {"$": "0346334758", "@idtype": "SGR"}]}, "ref-volisspag": {"voliss": {"@volume": "21"}, "pagerange": {"@first": "915", "@last": "934"}}, "ref-authors": {"author": [{"@seq": "1", "ce:initials": "H.", "@_fa": "true", "ce:surname": "Sommer", "ce:indexed-name": "Sommer H."}, {"@seq": "2", "ce:initials": "A.", "@_fa": "true", "ce:surname": "Kr\u00f6ner", "ce:indexed-name": "Kroner A."}, {"@seq": "3", "ce:initials": "C.A.", "@_fa": "true", "ce:surname": "Hauzenberger", "ce:indexed-name": "Hauzenberger C.A."}, {"@seq": "4", "ce:initials": "S.", "@_fa": "true", "ce:surname": "Muhongo", "ce:indexed-name": "Muhongo S."}, {"@seq": "5", "ce:initials": "M.T.D.", "@_fa": "true", "ce:surname": "Wingate", "ce:indexed-name": "Wingate M.T.D."}]}, "ref-sourcetitle": "J. Metamorph. Geol."}}, {"ref-fulltext": "Stern, R.J., Arc assembly and continental collision in the Neoproterozoic East African Orogen \u2013 implications for the consolidation of Gondwanaland. Annu. Rev. Earth Planet. Sci. 22 (1994), 319\u2013351.", "@id": "52", "ref-info": {"ref-publicationyear": {"@first": "1994"}, "ref-title": {"ref-titletext": "Arc assembly and continental collision in the Neoproterozoic East African Orogen \u2013 implications for the consolidation of Gondwanaland"}, "refd-itemidlist": {"itemid": [{"$": "bib53", "@idtype": "FRAGMENTID"}, {"$": "0028558050", "@idtype": "SGR"}]}, "ref-volisspag": {"voliss": {"@volume": "22"}, "pagerange": {"@first": "319", "@last": "351"}}, "ref-authors": {"author": [{"@seq": "1", "ce:initials": "R.J.", "@_fa": "true", "ce:surname": "Stern", "ce:indexed-name": "Stern R.J."}]}, "ref-sourcetitle": "Annu. Rev. Earth Planet. Sci."}}, {"ref-fulltext": "Sutherland, F.L., Hoskin, P.W.O., Fanning, M.C., Coenraads, R.R., Models of corundum origin from alkali basaltic terrains; a reappraisal. Contrib. Mineral. Petrol. 133:4 (1998), 356\u2013372.", "@id": "53", "ref-info": {"ref-publicationyear": {"@first": "1998"}, "ref-title": {"ref-titletext": "Models of corundum origin from alkali basaltic terrains; a reappraisal"}, "refd-itemidlist": {"itemid": [{"$": "bib54", "@idtype": "FRAGMENTID"}, {"$": "0001015064", "@idtype": "SGR"}]}, "ref-volisspag": {"voliss": {"@volume": "133", "@issue": "4"}, "pagerange": {"@first": "356", "@last": "372"}}, "ref-authors": {"author": [{"@seq": "1", "ce:initials": "F.L.", "@_fa": "true", "ce:surname": "Sutherland", "ce:indexed-name": "Sutherland F.L."}, {"@seq": "2", "ce:initials": "P.W.O.", "@_fa": "true", "ce:surname": "Hoskin", "ce:indexed-name": "Hoskin P.W.O."}, {"@seq": "3", "ce:initials": "M.C.", "@_fa": "true", "ce:surname": "Fanning", "ce:indexed-name": "Fanning M.C."}, {"@seq": "4", "ce:initials": "R.R.", "@_fa": "true", "ce:surname": "Coenraads", "ce:indexed-name": "Coenraads R.R."}]}, "ref-sourcetitle": "Contrib. Mineral. Petrol."}}, {"ref-fulltext": "Sutherland, F.L., Bosshart, G., Fanning, M.C., Hoskin, P.W.O., Coenraads, R.R., Sapphire crystallization, age and origin, Ban Huai Sai, Laos: age based on zircon inclusions. J. Asian Earth Sci. 20:7 (2002), 841\u2013849.", "@id": "54", "ref-info": {"ref-publicationyear": {"@first": "2002"}, "ref-title": {"ref-titletext": "Sapphire crystallization, age and origin, Ban Huai Sai, Laos: age based on zircon inclusions"}, "refd-itemidlist": {"itemid": [{"$": "bib56", "@idtype": "FRAGMENTID"}, {"$": "0036801690", "@idtype": "SGR"}]}, "ref-volisspag": {"voliss": {"@volume": "20", "@issue": "7"}, "pagerange": {"@first": "841", "@last": "849"}}, "ref-authors": {"author": [{"@seq": "1", "ce:initials": "F.L.", "@_fa": "true", "ce:surname": "Sutherland", "ce:indexed-name": "Sutherland F.L."}, {"@seq": "2", "ce:initials": "G.", "@_fa": "true", "ce:surname": "Bosshart", "ce:indexed-name": "Bosshart G."}, {"@seq": "3", "ce:initials": "M.C.", "@_fa": "true", "ce:surname": "Fanning", "ce:indexed-name": "Fanning M.C."}, {"@seq": "4", "ce:initials": "P.W.O.", "@_fa": "true", "ce:surname": "Hoskin", "ce:indexed-name": "Hoskin P.W.O."}, {"@seq": "5", "ce:initials": "R.R.", "@_fa": "true", "ce:surname": "Coenraads", "ce:indexed-name": "Coenraads R.R."}]}, "ref-sourcetitle": "J. Asian Earth Sci."}}, {"ref-fulltext": "Sutthirat, C., Saminpanya, S., Droop, G.T.R., Henderson, C.M.B., Manning, D.A.C., Clinopyroxene-corundum assemblage from alkali basalt and alluvium, eastern Thailand: constraints on the origin of Thai rubies. Mineral. Mag. 65:2 (2001), 277\u2013295.", "@id": "55", "ref-info": {"ref-publicationyear": {"@first": "2001"}, "ref-title": {"ref-titletext": "Clinopyroxene-corundum assemblage from alkali basalt and alluvium, eastern Thailand: constraints on the origin of Thai rubies"}, "refd-itemidlist": {"itemid": [{"$": "bib57", "@idtype": "FRAGMENTID"}, {"$": "0035301426", "@idtype": "SGR"}]}, "ref-volisspag": {"voliss": {"@volume": "65", "@issue": "2"}, "pagerange": {"@first": "277", "@last": "295"}}, "ref-authors": {"author": [{"@seq": "1", "ce:initials": "C.", "@_fa": "true", "ce:surname": "Sutthirat", "ce:indexed-name": "Sutthirat C."}, {"@seq": "2", "ce:initials": "S.", "@_fa": "true", "ce:surname": "Saminpanya", "ce:indexed-name": "Saminpanya S."}, {"@seq": "3", "ce:initials": "G.T.R.", "@_fa": "true", "ce:surname": "Droop", "ce:indexed-name": "Droop G.T.R."}, {"@seq": "4", "ce:initials": "C.M.B.", "@_fa": "true", "ce:surname": "Henderson", "ce:indexed-name": "Henderson C.M.B."}, {"@seq": "5", "ce:initials": "D.A.C.", "@_fa": "true", "ce:surname": "Manning", "ce:indexed-name": "Manning D.A.C."}]}, "ref-sourcetitle": "Mineral. Mag."}}, {"ref-fulltext": "Tenczer, V., Hauzenberger, C.A., Fritz, H., Whitehouse, M.J., Mogessie, A., Wallbrecher, E., Muhongo, S., Hoinkes, G., Anorthosites in the Eastern Granulites of Tanzania\u2014New SIMS zircon U\u2013Pb age data, petrography and geochemistry. Precambrian Res. 148:1\u20132 (2006), 85\u2013114.", "@id": "56", "ref-info": {"ref-publicationyear": {"@first": "2006"}, "ref-title": {"ref-titletext": "Anorthosites in the Eastern Granulites of Tanzania\u2014New SIMS zircon U\u2013Pb age data, petrography and geochemistry"}, "refd-itemidlist": {"itemid": [{"$": "bib58", "@idtype": "FRAGMENTID"}, {"$": "33745263259", "@idtype": "SGR"}]}, "ref-volisspag": {"voliss": {"@volume": "148", "@issue": "1-2"}, "pagerange": {"@first": "85", "@last": "114"}}, "ref-authors": {"author": [{"@seq": "1", "ce:initials": "V.", "@_fa": "true", "ce:surname": "Tenczer", "ce:indexed-name": "Tenczer V."}, {"@seq": "2", "ce:initials": "C.A.", "@_fa": "true", "ce:surname": "Hauzenberger", "ce:indexed-name": "Hauzenberger C.A."}, {"@seq": "3", "ce:initials": "H.", "@_fa": "true", "ce:surname": "Fritz", "ce:indexed-name": "Fritz H."}, {"@seq": "4", "ce:initials": "M.J.", "@_fa": "true", "ce:surname": "Whitehouse", "ce:indexed-name": "Whitehouse M.J."}, {"@seq": "5", "ce:initials": "A.", "@_fa": "true", "ce:surname": "Mogessie", "ce:indexed-name": "Mogessie A."}, {"@seq": "6", "ce:initials": "E.", "@_fa": "true", "ce:surname": "Wallbrecher", "ce:indexed-name": "Wallbrecher E."}, {"@seq": "7", "ce:initials": "S.", "@_fa": "true", "ce:surname": "Muhongo", "ce:indexed-name": "Muhongo S."}, {"@seq": "8", "ce:initials": "G.", "@_fa": "true", "ce:surname": "Hoinkes", "ce:indexed-name": "Hoinkes G."}]}, "ref-sourcetitle": "Precambrian Res."}}, {"ref-fulltext": "Tenczer, V., Hauzenberger, Ch., Fritz, H., Hoinkes, G., Muhongo, S., Kl\u00f6tzli, U., Crustal age domains and metamorphic reworking of the deep crust in Northern-Central Tanzania: a U/Pb zircon and monazite age study. Mineral. Petrol. 107:5 (2012), 679\u2013707 http://dx.doi.org/10.1007/s00710-012-0210-1.", "@id": "57", "ref-info": {"ref-publicationyear": {"@first": "2012"}, "ref-website": {"ce:e-address": {"$": "http://dx.doi.org/10.1007/s00710-012-0210-1", "@type": "email"}}, "ref-title": {"ref-titletext": "Crustal age domains and metamorphic reworking of the deep crust in Northern-Central Tanzania: a U/Pb zircon and monazite age study"}, "refd-itemidlist": {"itemid": [{"$": "bib59", "@idtype": "FRAGMENTID"}, {"$": "84884821630", "@idtype": "SGR"}]}, "ref-volisspag": {"voliss": {"@volume": "107", "@issue": "5"}, "pagerange": {"@first": "679", "@last": "707"}}, "ref-authors": {"author": [{"@seq": "1", "ce:initials": "V.", "@_fa": "true", "ce:surname": "Tenczer", "ce:indexed-name": "Tenczer V."}, {"ce:given-name": "Ch.", "@seq": "2", "ce:initials": "C.", "@_fa": "true", "ce:surname": "Hauzenberger", "ce:indexed-name": "Hauzenberger C."}, {"@seq": "3", "ce:initials": "H.", "@_fa": "true", "ce:surname": "Fritz", "ce:indexed-name": "Fritz H."}, {"@seq": "4", "ce:initials": "G.", "@_fa": "true", "ce:surname": "Hoinkes", "ce:indexed-name": "Hoinkes G."}, {"@seq": "5", "ce:initials": "S.", "@_fa": "true", "ce:surname": "Muhongo", "ce:indexed-name": "Muhongo S."}, {"@seq": "6", "ce:initials": "U.", "@_fa": "true", "ce:surname": "Kl\u00f6tzli", "ce:indexed-name": "Klotzli U."}]}, "ref-sourcetitle": "Mineral. Petrol."}}, {"ref-fulltext": "Viola, G., Henderson, I.H.C., Bingen, B., Thomas, R.J., Smethurst, M.A., de Azavedo, S., Growth and collapse of a deeply eroded orogeny: insights from structural, geophysical, and geochronological constraints on the Pan-African evolution of NE Mozambique. Tectonics, 27, 2008, TC5009 http://dx.doi.org/10.1029/2008TC002284.", "@id": "58", "ref-info": {"ref-publicationyear": {"@first": "2008"}, "ref-website": {"ce:e-address": {"$": "http://dx.doi.org/10.1029/2008TC002284", "@type": "email"}}, "ref-title": {"ref-titletext": "Growth and collapse of a deeply eroded orogeny: insights from structural, geophysical, and geochronological constraints on the Pan-African evolution of NE Mozambique"}, "refd-itemidlist": {"itemid": [{"$": "bib60", "@idtype": "FRAGMENTID"}, {"$": "58149523855", "@idtype": "SGR"}]}, "ref-volisspag": {"voliss": {"@volume": "27"}, "pagerange": {"@first": "TC5009"}}, "ref-authors": {"author": [{"@seq": "1", "ce:initials": "G.", "@_fa": "true", "ce:surname": "Viola", "ce:indexed-name": "Viola G."}, {"@seq": "2", "ce:initials": "I.H.C.", "@_fa": "true", "ce:surname": "Henderson", "ce:indexed-name": "Henderson I.H.C."}, {"@seq": "3", "ce:initials": "B.", "@_fa": "true", "ce:surname": "Bingen", "ce:indexed-name": "Bingen B."}, {"@seq": "4", "ce:initials": "R.J.", "@_fa": "true", "ce:surname": "Thomas", "ce:indexed-name": "Thomas R.J."}, {"@seq": "5", "ce:initials": "M.A.", "@_fa": "true", "ce:surname": "Smethurst", "ce:indexed-name": "Smethurst M.A."}, {"@seq": "6", "ce:initials": "S.", "@_fa": "true", "ce:surname": "de Azavedo", "ce:indexed-name": "de Azavedo S."}]}, "ref-sourcetitle": "Tectonics"}}, {"ref-fulltext": "Whitney, D.L., Evans, B.W., Abbreviations for names of rock-forming minerals. Am. miner. 95 (2010), 185\u2013187 http://dx.doi.org/10.2138/am.2010.3371_185.", "@id": "59", "ref-info": {"ref-publicationyear": {"@first": "2010"}, "ref-website": {"ce:e-address": {"$": "http://dx.doi.org/10.2138/am.2010.3371_185", "@type": "email"}}, "ref-title": {"ref-titletext": "Abbreviations for names of rock-forming minerals"}, "refd-itemidlist": {"itemid": [{"$": "bib61", "@idtype": "FRAGMENTID"}, {"$": "77249112921", "@idtype": "SGR"}]}, "ref-volisspag": {"voliss": {"@volume": "95"}, "pagerange": {"@first": "185", "@last": "187"}}, "ref-authors": {"author": [{"@seq": "1", "ce:initials": "D.L.", "@_fa": "true", "ce:surname": "Whitney", "ce:indexed-name": "Whitney D.L."}, {"@seq": "2", "ce:initials": "B.W.", "@_fa": "true", "ce:surname": "Evans", "ce:indexed-name": "Evans B.W."}]}, "ref-sourcetitle": "Am. miner."}}]}}}}, "affiliation": [{"affiliation-city": "Bangkok", "@id": "60028190", "affilname": "Chulalongkorn University", "@href": "https://api.elsevier.com/content/affiliation/affiliation_id/60028190", "affiliation-country": "Thailand"}, {"affiliation-city": "Graz", "@id": "60022457", "affilname": "Universit\u00e4t Graz", "@href": "https://api.elsevier.com/content/affiliation/affiliation_id/60022457", "affiliation-country": "Austria"}, {"affiliation-city": "Bangkok", "@id": "114593056", "affilname": "The Gem and Jewelry Institute of Thailand (Public Organization)", "@href": "https://api.elsevier.com/content/affiliation/affiliation_id/114593056", "affiliation-country": "Thailand"}, {"affiliation-city": "Basel", "@id": "100395985", "affilname": "SSEF Swiss Gemmological Institute", "@href": "https://api.elsevier.com/content/affiliation/affiliation_id/100395985", "affiliation-country": "Switzerland"}], "coredata": {"srctype": "j", "eid": "2-s2.0-85026883420", "dc:description": "The ruby deposits of the Uluguru and Mahenge Mts, Morogoro Region, are related to marbles which represent the cover sequence of the Eastern Granulites in Tanzania. In both localities the cover sequences define a tectonic unit which is present as a nappe structure thrusted onto the gneissic basement in a north-western direction. Based on structural geological observations the ruby deposits are bound to mica-rich boudins in fold hinges where fluids interacted with the marble-host rock in zones of higher permeability. Petrographic observations revealed that the Uluguru Mts deposits occur within calcite-dominated marbles whereas deposits in the Mahenge Mts are found in dolomite-dominated marbles. The mineral assemblage describing the marble-hosted ruby deposit in the Uluguru Mts is characterised by corundum-dolomite-phlogopite \u00b1 spinel, calcite, pargasite, scapolite, plagioclase, margarite, chlorite, tourmaline whereas the assemblage corundum-calcite-plagioclase-phlogopite \u00b1 dolomite, pargasite, sapphirine, titanite, tourmaline is present in samples from the Mahenge Mts. Although slightly different in mineral assemblage it was possible to draw a similar ruby formation history for both localities. Two ruby forming events were distinguished by textural differences, which could also be modeled by thermodynamic T\u2013XCO2 calculations using non-ideal mixing models of essential minerals. A first formation of ruby appears to have taken place during the prograde path (M1) either by the breakdown of diaspore which was present in the original sedimentary precursor rock or by the breakdown of margarite to corundum and plagioclase. The conditions for M1 metamorphism was estimated at \u223c750 \u00b0C at 10 kbar, which represents granulite facies conditions. A change in fluid composition towards a CO2 dominated fluid triggered a second ruby generation to form. Subsequently, the examined units underwent a late greenschist facies overprint. In the framework of the East African Orogen we assume that the prograde ruby formation occurred at the commonly observed metamorphic event around 620 Ma. At the peak or during beginning of retrogression the fluid composition changed triggering a second ruby generation. The late stage greenschist facies overprint could have occurred at the waning stage of this metamorphic episode which is in the range of \u223c580 Ma.", "prism:coverDate": "2017-10-01", "prism:aggregationType": "Journal", "prism:url": "https://api.elsevier.com/content/abstract/scopus_id/85026883420", "dc:creator": {"author": [{"ce:given-name": "Walter A.", "preferred-name": {"ce:given-name": "Walter A.", "ce:initials": "W.A.", "ce:surname": "Balmer", "ce:indexed-name": "Balmer W.A."}, "@seq": "1", "ce:initials": "W.A.", "@_fa": "true", "affiliation": [{"@id": "60028190", "@href": "https://api.elsevier.com/content/affiliation/affiliation_id/60028190"}, {"@id": "100395985", "@href": "https://api.elsevier.com/content/affiliation/affiliation_id/100395985"}], "ce:surname": "Balmer", "@auid": "55512048400", "author-url": "https://api.elsevier.com/content/author/author_id/55512048400", "ce:indexed-name": "Balmer W.A."}]}, "link": [{"@_fa": "true", "@rel": "self", "@href": "https://api.elsevier.com/content/abstract/scopus_id/85026883420"}, {"@_fa": "true", "@rel": "scopus", "@href": "https://www.scopus.com/inward/record.uri?partnerID=HzOxMe3b&scp=85026883420&origin=inward"}, {"@_fa": "true", "@rel": "scopus-citedby", "@href": "https://www.scopus.com/inward/citedby.uri?partnerID=HzOxMe3b&scp=85026883420&origin=inward"}], "source-id": "31815", "pii": "S1464343X17303114", "citedby-count": "17", "prism:volume": "134", "subtype": "ar", "dc:title": "Marble-hosted ruby deposits of the Morogoro Region, Tanzania", "openaccess": "0", "prism:issn": "18791956 1464343X", "publishercopyright": "\u00a9 2017 Elsevier Ltd", "subtypeDescription": "Article", "prism:publicationName": "Journal of African Earth Sciences", "prism:pageRange": "626-643", "prism:endingPage": "643", "openaccessFlag": "false", "prism:doi": "10.1016/j.jafrearsci.2017.07.026", "prism:startingPage": "626", "dc:identifier": "SCOPUS_ID:85026883420", "dc:publisher": "Elsevier Ltd"}, "idxterms": null, "language": {"@xml:lang": "eng"}, "authkeywords": {"author-keyword": [{"@_fa": "true", "$": "East Africa"}, {"@_fa": "true", "$": "Genesis"}, {"@_fa": "true", "$": "Morogoro"}, {"@_fa": "true", "$": "Ruby"}, {"@_fa": "true", "$": "Spinel"}, {"@_fa": "true", "$": "Tanzania"}]}, "subject-areas": {"subject-area": [{"@_fa": "true", "$": "Geology", "@code": "1907", "@abbrev": "EART"}, {"@_fa": "true", "$": "Earth-Surface Processes", "@code": "1904", "@abbrev": "EART"}]}, "authors": {"author": [{"ce:given-name": "Walter A.", "preferred-name": {"ce:given-name": "Walter A.", "ce:initials": "W.A.", "ce:surname": "Balmer", "ce:indexed-name": "Balmer W.A."}, "@seq": "1", "ce:initials": "W.A.", "@_fa": "true", "affiliation": [{"@id": "60028190", "@href": "https://api.elsevier.com/content/affiliation/affiliation_id/60028190"}, {"@id": "100395985", "@href": "https://api.elsevier.com/content/affiliation/affiliation_id/100395985"}], "ce:surname": "Balmer", "@auid": "55512048400", "author-url": "https://api.elsevier.com/content/author/author_id/55512048400", "ce:indexed-name": "Balmer W.A."}, {"ce:given-name": "Christoph A.", "preferred-name": {"ce:given-name": "Christoph A.", "ce:initials": "C.A.", "ce:surname": "Hauzenberger", "ce:indexed-name": "Hauzenberger C.A."}, "@seq": "2", "ce:initials": "C.A.", "@_fa": "true", "affiliation": {"@id": "60022457", "@href": "https://api.elsevier.com/content/affiliation/affiliation_id/60022457"}, "ce:surname": "Hauzenberger", "@auid": "6602153773", "author-url": "https://api.elsevier.com/content/author/author_id/6602153773", "ce:indexed-name": "Hauzenberger C.A."}, {"ce:given-name": "Harald", "preferred-name": {"ce:given-name": "Harald", "ce:initials": "H.", "ce:surname": "Fritz", "ce:indexed-name": "Fritz H."}, "@seq": "3", "ce:initials": "H.", "@_fa": "true", "affiliation": {"@id": "60022457", "@href": "https://api.elsevier.com/content/affiliation/affiliation_id/60022457"}, "ce:surname": "Fritz", "@auid": "7201474794", "author-url": "https://api.elsevier.com/content/author/author_id/7201474794", "ce:indexed-name": "Fritz H."}, {"ce:given-name": "Chakkaphan", "preferred-name": {"ce:given-name": "Chakkaphan", "ce:initials": "C.", "ce:surname": "Sutthirat", "ce:indexed-name": "Sutthirat C."}, "@seq": "4", "ce:initials": "C.", "@_fa": "true", "affiliation": [{"@id": "60028190", "@href": "https://api.elsevier.com/content/affiliation/affiliation_id/60028190"}, {"@id": "114593056", "@href": "https://api.elsevier.com/content/affiliation/affiliation_id/114593056"}], "ce:surname": "Sutthirat", "@auid": "6506494175", "author-url": "https://api.elsevier.com/content/author/author_id/6506494175", "ce:indexed-name": "Sutthirat C."}]}}}