{"abstracts-retrieval-response": {"item": {"ait:process-info": {"ait:status": {"@state": "update", "@type": "core", "@stage": "S300"}, "ait:date-delivered": {"@day": "23", "@timestamp": "2024-01-23T17:54:59.000059-05:00", "@year": "2024", "@month": "01"}, "ait:date-sort": {"@day": "01", "@year": "2017", "@month": "10"}}, "xocs:meta": {"xocs:funding-list": {"@pui-match": "primary", "@has-funding-info": "1", "xocs:funding-addon-generated-timestamp": "2021-05-23T12:45:29.662Z", "xocs:funding-addon-type": "http://vtw.elsevier.com/data/voc/AddOnTypes/50.7/aggregated-refined"}}, "bibrecord": {"head": {"author-group": [{"affiliation": {"country": "United States", "@afid": "60008308", "@date-locked": "2024-01-23T14:25:24.626", "@country": "usa", "city": "Honolulu", "organization": [{"$": "Department of Internal Medicine"}, {"$": "University of Hawaii"}], "affiliation-id": [{"@afid": "60008308", "@dptid": "112371607"}, {"@afid": "60013791"}], "state": "HI", "@dptid": "112371607"}, "author": [{"ce:given-name": "Veeravich", "preferred-name": {"ce:given-name": "Veeravich", "ce:initials": "V.", "ce:surname": "Jaruvongvanich", "ce:indexed-name": "Jaruvongvanich V."}, "@seq": "1", "ce:initials": "V.", "@_fa": "true", "@type": "auth", "ce:surname": "Jaruvongvanich", "@auid": "56589905600", "ce:indexed-name": "Jaruvongvanich V."}]}, {"affiliation": {"country": "Thailand", "@afid": "60022183", "@country": "tha", "city": "Bangkok", "organization": [{"$": "Department of Medicine"}, {"$": "King Chulalongkorn Memorial Hospital"}], "affiliation-id": {"@afid": "60022183", "@dptid": "100291259"}, "@dptid": "100291259"}, "author": [{"ce:given-name": "Veeravich", "preferred-name": {"ce:given-name": "Veeravich", "ce:initials": "V.", "ce:surname": "Jaruvongvanich", "ce:indexed-name": "Jaruvongvanich V."}, "@seq": "1", "ce:initials": "V.", "@_fa": "true", "@type": "auth", "ce:surname": "Jaruvongvanich", "@auid": "56589905600", "ce:indexed-name": "Jaruvongvanich V."}, {"ce:given-name": "Narut", "preferred-name": {"ce:given-name": "Narut", "ce:initials": "N.", "ce:surname": "Prasitlumkum", "ce:indexed-name": "Prasitlumkum N."}, "@seq": "2", "ce:initials": "N.", "@_fa": "true", "@type": "auth", "ce:surname": "Prasitlumkum", "@auid": "57195292360", "ce:indexed-name": "Prasitlumkum N."}, {"ce:given-name": "Buravej", "preferred-name": {"ce:given-name": "Buravej", "ce:initials": "B.", "ce:surname": "Assavapongpaiboon", "ce:indexed-name": "Assavapongpaiboon B."}, "@seq": "3", "ce:initials": "B.", "@_fa": "true", "@type": "auth", "ce:surname": "Assavapongpaiboon", "@auid": "57194153037", "ce:indexed-name": "Assavapongpaiboon B."}, {"ce:given-name": "Sakolwan", "preferred-name": {"ce:given-name": "Sakolwan", "ce:initials": "S.", "ce:surname": "Suchartlikitwong", "ce:indexed-name": "Suchartlikitwong S."}, "@seq": "4", "ce:initials": "S.", "@_fa": "true", "@type": "auth", "ce:surname": "Suchartlikitwong", "@auid": "56659509400", "ce:indexed-name": "Suchartlikitwong S."}]}, {"affiliation": {"country": "United States", "@afid": "106449082", "@country": "usa", "city": "Lubbock", "organization": [{"$": "Department of Internal Medicine"}, {"$": "Texas Tech Medical Center"}], "affiliation-id": {"@afid": "106449082", "@dptid": "117457618"}, "state": "TX", "@dptid": "117457618"}, "author": [{"ce:given-name": "Sakolwan", "preferred-name": {"ce:given-name": "Sakolwan", "ce:initials": "S.", "ce:surname": "Suchartlikitwong", "ce:indexed-name": "Suchartlikitwong S."}, "@seq": "4", "ce:initials": "S.", "@_fa": "true", "@type": "auth", "ce:surname": "Suchartlikitwong", "@auid": "56659509400", "ce:indexed-name": "Suchartlikitwong S."}]}, {"affiliation": {"country": "United States", "postal-code": "13326", "@afid": "60011605", "@country": "usa", "city": "Cooperstown", "organization": [{"$": "Department of Internal Medicine"}, {"$": "Bassett Medical Center and Columbia University College of Physicians and Surgeons"}], "affiliation-id": [{"@afid": "60011605", "@dptid": "103621441"}, {"@afid": "60002688"}], "state": "NY", "@dptid": "103621441"}, "author": [{"ce:given-name": "Anawin", "preferred-name": {"ce:given-name": "Anawin", "ce:initials": "A.", "ce:surname": "Sanguankeo", "ce:indexed-name": "Sanguankeo A."}, "@seq": "5", "ce:initials": "A.", "@_fa": "true", "@type": "auth", "ce:surname": "Sanguankeo", "@auid": "55229310700", "ce:indexed-name": "Sanguankeo A."}, {"ce:given-name": "Sikarin", "preferred-name": {"ce:given-name": "Sikarin", "ce:initials": "S.", "ce:surname": "Upala", "ce:indexed-name": "Upala S."}, "@seq": "6", "ce:initials": "S.", "@_fa": "true", "@type": "auth", "ce:surname": "Upala", "@auid": "36109357800", "ce:indexed-name": "Upala S."}]}, {"affiliation": {"country": "Thailand", "@afid": "60011189", "@country": "tha", "city": "Bangkok", "organization": [{"$": "Department of Preventive and Social Medicine"}, {"$": "Faculty of Medicine Siriraj Hospital"}, {"$": "Mahidol University"}], "affiliation-id": [{"@afid": "60011189", "@dptid": "103601826"}, {"@afid": "60012718"}], "@dptid": "103601826"}, "author": [{"ce:given-name": "Anawin", "preferred-name": {"ce:given-name": "Anawin", "ce:initials": "A.", "ce:surname": "Sanguankeo", "ce:indexed-name": "Sanguankeo A."}, "@seq": "5", "ce:initials": "A.", "@_fa": "true", "@type": "auth", "ce:surname": "Sanguankeo", "@auid": "55229310700", "ce:indexed-name": "Sanguankeo A."}, {"ce:given-name": "Sikarin", "preferred-name": {"ce:given-name": "Sikarin", "ce:initials": "S.", "ce:surname": "Upala", "ce:indexed-name": "Upala S."}, "@seq": "6", "ce:initials": "S.", "@_fa": "true", "@type": "auth", "ce:surname": "Upala", "@auid": "36109357800", "ce:indexed-name": "Upala S."}]}], "citation-title": "Risk factors for delayed colonic post-polypectomy bleeding: a systematic review and meta-analysis", "abstracts": "\u00a9 2017, Springer-Verlag GmbH Germany.Purpose: Delayed post-polypectomy bleeding (PPB) is an infrequent but serious adverse event after colonoscopic polypectomy. Several studies have tried to identify risk factors for delayed PPB, with inconsistent results. This meta-analysis aims to identify significant risk factors for delayed PPB. Methods: MEDLINE and EMBASE databases were searched through January 2016 for studies that investigated the risk factors for delayed PPB. Pooled odds ratio (OR) for categorical variables and mean differences (MD) for continuous variables and 95% confidence interval (CI) were calculated using a random-effect model, generic inverse variance method. The between-study heterogeneity of effect size was quantified using the Q statistic and I2. Results: Twelve articles involving 14,313 patients were included. The pooled delayed PPB rate was 1.5% (95%CI, 0.7\u20133.4%), I2 = 96%. Cardiovascular disease (OR = 1.55), hypertension (OR = 1.53), polyp size > 10 mm (OR = 3.41), and polyps located in the right colon (OR = 1.60) were identified as significant risk factors for delayed PPB, whereas age, sex, alcohol use, smoking, diabetes, cerebrovascular disease, pedunculated morphology, and carcinoma histology were not. Conclusions: Cardiovascular disease, hypertension, polyp size, and polyp location were associated with delayed PPB. More caution is needed when removing polyps in patients with these risk factors. Future studies are warranted to determine appropriate preventive hemostatic measures in these patients.", "correspondence": {"affiliation": {"country": "United States", "postal-code": "13326", "@country": "usa", "city": "Cooperstown", "organization": [{"$": "Department of Internal Medicine"}, {"$": "Bassett Medical Center and Columbia University College of Physicians and Surgeons"}], "state": "NY"}, "person": {"ce:given-name": "Sikarin", "ce:initials": "S.", "ce:surname": "Upala", "ce:indexed-name": "Upala S."}}, "citation-info": {"author-keywords": {"author-keyword": [{"$": "Bleeding", "@xml:lang": "eng"}, {"$": "Colonoscopy", "@xml:lang": "eng"}, {"$": "Meta-analysis", "@xml:lang": "eng"}, {"$": "Polypectomy", "@xml:lang": "eng"}, {"$": "Risk factors", "@xml:lang": "eng"}]}, "citation-type": {"@code": "ar"}, "citation-language": {"@language": "English", "@xml:lang": "eng"}, "abstract-language": {"@language": "English", "@xml:lang": "eng"}}, "source": {"website": {"ce:e-address": {"$": "link.springer.de/link/service/journals/00384/index.htm", "@type": "email"}}, "translated-sourcetitle": {"$": "International Journal of Colorectal Disease", "@xml:lang": "eng"}, "volisspag": {"voliss": {"@volume": "32", "@issue": "10"}, "pagerange": {"@first": "1399", "@last": "1406"}}, "@type": "j", "sourcetitle": "International Journal of Colorectal Disease", "publicationdate": {"month": "10", "year": "2017", "date-text": {"@xfab-added": "true", "$": "1 October 2017"}, "day": "01"}, "codencode": "IJCDE", "sourcetitle-abbrev": "Int. J. Colorectal Dis.", "@country": "deu", "issn": [{"$": "14321262", "@type": "electronic"}, {"$": "01791958", "@type": "print"}], "publicationyear": {"@first": "2017"}, "publisher": {"publishername": "Springer Verlag", "ce:e-address": {"$": "service@springer.de", "@type": "email"}}, "@srcid": "21615"}, "enhancement": {"classificationgroup": {"classifications": [{"@type": "EMCLASS", "classification": [{"classification-code": "48", "classification-description": "Gastroenterology"}, {"classification-code": "9", "classification-description": "Surgery"}]}, {"@type": "ASJC", "classification": "2715"}, {"@type": "SUBJABBR", "classification": "MEDI"}]}}}, "item-info": {"copyright": {"$": "Copyright 2018 Elsevier B.V., All rights reserved.", "@type": "Elsevier"}, "external-source": "MEDLINE", "dbcollection": [{"$": "EMBASE"}, {"$": "MEDL"}, {"$": "REAXYSCAR"}, {"$": "RMC"}, {"$": "SCOPUS"}, {"$": "Scopusbase"}], "history": {"date-created": {"@day": "20", "@timestamp": "BST 13:18:39", "@year": "2018", "@month": "07"}}, "itemidlist": {"itemid": [{"$": "617683331", "@idtype": "PUI"}, {"$": "667079725", "@idtype": "CAR-ID"}, {"$": "20170564851", "@idtype": "EMBASE"}, {"$": "28779355", "@idtype": "MEDL"}, {"$": "20171405329", "@idtype": "REAXYSCAR"}, {"$": "2017226298", "@idtype": "RMC"}, {"$": "20170140122", "@idtype": "SCOPUS"}, {"$": "85026845053", "@idtype": "SCP"}, {"$": "85026845053", "@idtype": "SGR"}, {"$": "623086909", "@idtype": "PUIsecondary"}], "ce:doi": "10.1007/s00384-017-2870-0"}}, "tail": {"bibliography": {"@refcount": "34", "reference": [{"ref-fulltext": "Winawer SJ, Zauber AG, Ho MN, O'Brien MJ, Gottlieb LS, Sternberg SS, Waye JD, Schapiro M, Bond JH, Panish JF et al (1993) Prevention of colorectal cancer by colonoscopic polypectomy. The National Polyp Study Workgroup. N Engl J Med 329(27):1977\u20131981. doi:10.1056/nejm199312303292701", "@id": "1", "ref-info": {"ref-publicationyear": {"@first": "1993"}, "ref-title": {"ref-titletext": "Prevention of colorectal cancer by colonoscopic polypectomy. The National Polyp Study Workgroup"}, "refd-itemidlist": {"itemid": [{"$": "10.1056/NEJM199312303292701", "@idtype": "DOI"}, {"$": "CR1", "@idtype": "FRAGMENTID"}, {"$": "0027731797", "@idtype": "SGR"}]}, "ref-volisspag": {"voliss": {"@volume": "329", "@issue": "27"}, "pagerange": {"@first": "1977", "@last": "1981"}}, "ref-text": "COI: 1:STN:280:DyaK2c%2Fmslamug%3D%3D, PID: 8247072", "ref-authors": {"author": [{"@seq": "1", "ce:initials": "S.J.", "@_fa": "true", "ce:surname": "Winawer", "ce:indexed-name": "Winawer S.J."}, {"@seq": "2", "ce:initials": "A.G.", "@_fa": "true", "ce:surname": "Zauber", "ce:indexed-name": "Zauber A.G."}, {"@seq": "3", "ce:initials": "M.N.", "@_fa": "true", "ce:surname": "Ho", "ce:indexed-name": "Ho M.N."}, {"@seq": "4", "ce:initials": "M.J.", "@_fa": "true", "ce:surname": "O'Brien", "ce:indexed-name": "O'Brien M.J."}, {"@seq": "5", "ce:initials": "L.S.", "@_fa": "true", "ce:surname": "Gottlieb", "ce:indexed-name": "Gottlieb L.S."}, {"@seq": "6", "ce:initials": "S.S.", "@_fa": "true", "ce:surname": "Sternberg", "ce:indexed-name": "Sternberg S.S."}, {"@seq": "7", "ce:initials": "J.D.", "@_fa": "true", "ce:surname": "Waye", "ce:indexed-name": "Waye J.D."}, {"@seq": "8", "ce:initials": "M.", "@_fa": "true", "ce:surname": "Schapiro", "ce:indexed-name": "Schapiro M."}, {"@seq": "9", "ce:initials": "J.H.", "@_fa": "true", "ce:surname": "Bond", "ce:indexed-name": "Bond J.H."}, {"@seq": "10", "ce:initials": "J.F.", "@_fa": "true", "ce:surname": "Panish", "ce:indexed-name": "Panish J.F."}], "et-al": null}, "ref-sourcetitle": "N Engl J Med"}}, {"ref-fulltext": "Webb WA, McDaniel L, Jones L (1985) Experience with 1000 colonoscopic polypectomies. Ann Surg 201(5):626\u2013632", "@id": "2", "ref-info": {"ref-publicationyear": {"@first": "1985"}, "ref-title": {"ref-titletext": "Experience with 1000 colonoscopic polypectomies"}, "refd-itemidlist": {"itemid": [{"$": "10.1097/00000658-198505000-00012", "@idtype": "DOI"}, {"$": "CR2", "@idtype": "FRAGMENTID"}, {"$": "0021884422", "@idtype": "SGR"}]}, "ref-volisspag": {"voliss": {"@volume": "201", "@issue": "5"}, "pagerange": {"@first": "626", "@last": "632"}}, "ref-text": "COI: 1:STN:280:DyaL2M7pvVSqtw%3D%3D, PID: 3873221", "ref-authors": {"author": [{"@seq": "1", "ce:initials": "W.A.", "@_fa": "true", "ce:surname": "Webb", "ce:indexed-name": "Webb W.A."}, {"@seq": "2", "ce:initials": "L.", "@_fa": "true", "ce:surname": "McDaniel", "ce:indexed-name": "McDaniel L."}, {"@seq": "3", "ce:initials": "L.", "@_fa": "true", "ce:surname": "Jones", "ce:indexed-name": "Jones L."}]}, "ref-sourcetitle": "Ann Surg"}}, {"ref-fulltext": "Rutter MD, Nickerson C, Rees CJ, Patnick J, Blanks RG (2014) Risk factors for adverse events related to polypectomy in the English Bowel Cancer Screening Programme. Endoscopy 46(2):90\u201397. doi:10.1055/s-0033-1344987", "@id": "3", "ref-info": {"ref-publicationyear": {"@first": "2014"}, "ref-title": {"ref-titletext": "Risk factors for adverse events related to polypectomy in the English Bowel Cancer Screening Programme"}, "refd-itemidlist": {"itemid": [{"$": "10.1055/s-0033-1344987", "@idtype": "DOI"}, {"$": "CR3", "@idtype": "FRAGMENTID"}, {"$": "84893568880", "@idtype": "SGR"}]}, "ref-volisspag": {"voliss": {"@volume": "46", "@issue": "2"}, "pagerange": {"@first": "90", "@last": "97"}}, "ref-text": "PID: 24477363", "ref-authors": {"author": [{"@seq": "1", "ce:initials": "M.D.", "@_fa": "true", "ce:surname": "Rutter", "ce:indexed-name": "Rutter M.D."}, {"@seq": "2", "ce:initials": "C.", "@_fa": "true", "ce:surname": "Nickerson", "ce:indexed-name": "Nickerson C."}, {"@seq": "3", "ce:initials": "C.J.", "@_fa": "true", "ce:surname": "Rees", "ce:indexed-name": "Rees C.J."}, {"@seq": "4", "ce:initials": "J.", "@_fa": "true", "ce:surname": "Patnick", "ce:indexed-name": "Patnick J."}, {"@seq": "5", "ce:initials": "R.G.", "@_fa": "true", "ce:surname": "Blanks", "ce:indexed-name": "Blanks R.G."}]}, "ref-sourcetitle": "Endoscopy"}}, {"ref-fulltext": "Rosen L, Bub DS, Reed JF 3rd, Nastasee SA (1993) Hemorrhage following colonoscopic polypectomy. Dis Colon rectum 36(12):1126\u20131131", "@id": "4", "ref-info": {"ref-publicationyear": {"@first": "1993"}, "ref-title": {"ref-titletext": "Hemorrhage following colonoscopic polypectomy"}, "refd-itemidlist": {"itemid": [{"$": "CR4", "@idtype": "FRAGMENTID"}, {"$": "0027378292", "@idtype": "SGR"}]}, "ref-volisspag": {"voliss": {"@volume": "36", "@issue": "12"}, "pagerange": {"@first": "1126", "@last": "1131"}}, "ref-authors": {"author": [{"@seq": "1", "ce:initials": "L.", "@_fa": "true", "ce:surname": "Rosen", "ce:indexed-name": "Rosen L."}, {"@seq": "2", "ce:initials": "D.S.", "@_fa": "true", "ce:surname": "Bub", "ce:indexed-name": "Bub D.S."}, {"@seq": "3", "ce:initials": "J.F.", "@_fa": "true", "ce:surname": "Reed", "ce:suffix": "3rd", "ce:indexed-name": "Reed J.F."}, {"@seq": "4", "ce:initials": "S.A.", "@_fa": "true", "ce:surname": "Nastasee", "ce:indexed-name": "Nastasee S.A."}]}, "ref-sourcetitle": "Dis Colon rectum"}}, {"ref-fulltext": "Kapetanos D, Beltsis A, Chatzimavroudis G, Katsinelos P (2012) Postpolypectomy bleeding: incidence, risk factors, prevention, and management. Surg Laparosc Endosc Percutan Tech 22(2):102\u2013107. doi:10.1097/SLE.0b013e318247c02e", "@id": "5", "ref-info": {"ref-publicationyear": {"@first": "2012"}, "ref-title": {"ref-titletext": "Postpolypectomy bleeding: incidence, risk factors, prevention, and management"}, "refd-itemidlist": {"itemid": [{"$": "10.1097/SLE.0b013e318247c02e", "@idtype": "DOI"}, {"$": "CR5", "@idtype": "FRAGMENTID"}, {"$": "84859652017", "@idtype": "SGR"}]}, "ref-volisspag": {"voliss": {"@volume": "22", "@issue": "2"}, "pagerange": {"@first": "102", "@last": "107"}}, "ref-text": "PID: 22487620", "ref-authors": {"author": [{"@seq": "1", "ce:initials": "D.", "@_fa": "true", "ce:surname": "Kapetanos", "ce:indexed-name": "Kapetanos D."}, {"@seq": "2", "ce:initials": "A.", "@_fa": "true", "ce:surname": "Beltsis", "ce:indexed-name": "Beltsis A."}, {"@seq": "3", "ce:initials": "G.", "@_fa": "true", "ce:surname": "Chatzimavroudis", "ce:indexed-name": "Chatzimavroudis G."}, {"@seq": "4", "ce:initials": "P.", "@_fa": "true", "ce:surname": "Katsinelos", "ce:indexed-name": "Katsinelos P."}]}, "ref-sourcetitle": "Surg Laparosc Endosc Percutan Tech"}}, {"ref-fulltext": "Bae GH, Jung JT, Kwon JG, Kim EY, Park JH, Seo JH, Kim JY (2012) Risk factors of delayed bleeding after colonoscopic polypectomy: case-control study. The Korean journal of gastroenterology = Taehan Sohwagi Hakhoe chi 59(6):423\u2013427", "@id": "6", "ref-info": {"ref-publicationyear": {"@first": "2012"}, "ref-title": {"ref-titletext": "Risk factors of delayed bleeding after colonoscopic polypectomy: case-control study"}, "refd-itemidlist": {"itemid": [{"$": "10.4166/kjg.2012.59.6.423", "@idtype": "DOI"}, {"$": "CR6", "@idtype": "FRAGMENTID"}, {"$": "84867889998", "@idtype": "SGR"}]}, "ref-volisspag": {"voliss": {"@volume": "59", "@issue": "6"}, "pagerange": {"@first": "423", "@last": "427"}}, "ref-text": "PID: 22735875", "ref-authors": {"author": [{"@seq": "1", "ce:initials": "G.H.", "@_fa": "true", "ce:surname": "Bae", "ce:indexed-name": "Bae G.H."}, {"@seq": "2", "ce:initials": "J.T.", "@_fa": "true", "ce:surname": "Jung", "ce:indexed-name": "Jung J.T."}, {"@seq": "3", "ce:initials": "J.G.", "@_fa": "true", "ce:surname": "Kwon", "ce:indexed-name": "Kwon J.G."}, {"@seq": "4", "ce:initials": "E.Y.", "@_fa": "true", "ce:surname": "Kim", "ce:indexed-name": "Kim E.Y."}, {"@seq": "5", "ce:initials": "J.H.", "@_fa": "true", "ce:surname": "Park", "ce:indexed-name": "Park J.H."}, {"@seq": "6", "ce:initials": "J.H.", "@_fa": "true", "ce:surname": "Seo", "ce:indexed-name": "Seo J.H."}, {"@seq": "7", "ce:initials": "J.Y.", "@_fa": "true", "ce:surname": "Kim", "ce:indexed-name": "Kim J.Y."}]}, "ref-sourcetitle": "The Korean journal of gastroenterology = Taehan Sohwagi Hakhoe chi"}}, {"ref-fulltext": "Buddingh KT, Herngreen T, Haringsma J, van der Zwet WC, Vleggaar FP, Breumelhof R, Ter Borg F (2011) Location in the right hemi-colon is an independent risk factor for delayed post-polypectomy hemorrhage: a multi-center case-control study. Am J Gastroenterol 106(6):1119\u20131124. doi:10.1038/ajg.2010.507", "@id": "7", "ref-info": {"ref-publicationyear": {"@first": "2011"}, "ref-title": {"ref-titletext": "Location in the right hemi-colon is an independent risk factor for delayed post-polypectomy hemorrhage: a multi-center case-control study"}, "refd-itemidlist": {"itemid": [{"$": "10.1038/ajg.2010.507", "@idtype": "DOI"}, {"$": "CR7", "@idtype": "FRAGMENTID"}, {"$": "79958000191", "@idtype": "SGR"}]}, "ref-volisspag": {"voliss": {"@volume": "106", "@issue": "6"}, "pagerange": {"@first": "1119", "@last": "1124"}}, "ref-text": "PID: 21266961", "ref-authors": {"author": [{"@seq": "1", "ce:initials": "K.T.", "@_fa": "true", "ce:surname": "Buddingh", "ce:indexed-name": "Buddingh K.T."}, {"@seq": "2", "ce:initials": "T.", "@_fa": "true", "ce:surname": "Herngreen", "ce:indexed-name": "Herngreen T."}, {"@seq": "3", "ce:initials": "J.", "@_fa": "true", "ce:surname": "Haringsma", "ce:indexed-name": "Haringsma J."}, {"@seq": "4", "ce:initials": "W.C.", "@_fa": "true", "ce:surname": "van der Zwet", "ce:indexed-name": "van der Zwet W.C."}, {"@seq": "5", "ce:initials": "F.P.", "@_fa": "true", "ce:surname": "Vleggaar", "ce:indexed-name": "Vleggaar F.P."}, {"@seq": "6", "ce:initials": "R.", "@_fa": "true", "ce:surname": "Breumelhof", "ce:indexed-name": "Breumelhof R."}, {"@seq": "7", "ce:initials": "F.", "@_fa": "true", "ce:surname": "Ter Borg", "ce:indexed-name": "Ter Borg F."}]}, "ref-sourcetitle": "Am J Gastroenterol"}}, {"ref-fulltext": "Choung BS, Kim SH, Ahn DS, Kwon DH, Koh KH, Sohn JY, Park WS, Kim IH, Lee SO, Lee ST, Kim SW (2014) Incidence and risk factors of delayed postpolypectomy bleeding: a retrospective cohort study. J Clin Gastroenterol 48(9):784\u2013789. doi:10.1097/mcg.0000000000000027", "@id": "8", "ref-info": {"ref-publicationyear": {"@first": "2014"}, "ref-title": {"ref-titletext": "Incidence and risk factors of delayed postpolypectomy bleeding: a retrospective cohort study"}, "refd-itemidlist": {"itemid": [{"$": "10.1097/MCG.0000000000000027", "@idtype": "DOI"}, {"$": "CR8", "@idtype": "FRAGMENTID"}, {"$": "84922461793", "@idtype": "SGR"}]}, "ref-volisspag": {"voliss": {"@volume": "48", "@issue": "9"}, "pagerange": {"@first": "784", "@last": "789"}}, "ref-text": "PID: 24231934", "ref-authors": {"author": [{"@seq": "1", "ce:initials": "B.S.", "@_fa": "true", "ce:surname": "Choung", "ce:indexed-name": "Choung B.S."}, {"@seq": "2", "ce:initials": "S.H.", "@_fa": "true", "ce:surname": "Kim", "ce:indexed-name": "Kim S.H."}, {"@seq": "3", "ce:initials": "D.S.", "@_fa": "true", "ce:surname": "Ahn", "ce:indexed-name": "Ahn D.S."}, {"@seq": "4", "ce:initials": "D.H.", "@_fa": "true", "ce:surname": "Kwon", "ce:indexed-name": "Kwon D.H."}, {"@seq": "5", "ce:initials": "K.H.", "@_fa": "true", "ce:surname": "Koh", "ce:indexed-name": "Koh K.H."}, {"@seq": "6", "ce:initials": "J.Y.", "@_fa": "true", "ce:surname": "Sohn", "ce:indexed-name": "Sohn J.Y."}, {"@seq": "7", "ce:initials": "W.S.", "@_fa": "true", "ce:surname": "Park", "ce:indexed-name": "Park W.S."}, {"@seq": "8", "ce:initials": "I.H.", "@_fa": "true", "ce:surname": "Kim", "ce:indexed-name": "Kim I.H."}, {"@seq": "9", "ce:initials": "S.O.", "@_fa": "true", "ce:surname": "Lee", "ce:indexed-name": "Lee S.O."}, {"@seq": "10", "ce:initials": "S.T.", "@_fa": "true", "ce:surname": "Lee", "ce:indexed-name": "Lee S.T."}, {"@seq": "11", "ce:initials": "S.W.", "@_fa": "true", "ce:surname": "Kim", "ce:indexed-name": "Kim S.W."}]}, "ref-sourcetitle": "J Clin Gastroenterol"}}, {"ref-fulltext": "Gimeno-Garcia AZ, de Ganzo ZA, Sosa AJ, Perez DN, Quintero E (2012) Incidence and predictors of postpolypectomy bleeding in colorectal polyps larger than 10 mm. Eur J Gastroenterol Hepatol 24(5):520\u2013526. doi:10.1097/MEG.0b013e328350fcdc", "@id": "9", "ref-info": {"ref-publicationyear": {"@first": "2012"}, "ref-title": {"ref-titletext": "Incidence and predictors of postpolypectomy bleeding in colorectal polyps larger than 10 mm"}, "refd-itemidlist": {"itemid": [{"$": "10.1097/MEG.0b013e328350fcdc", "@idtype": "DOI"}, {"$": "CR9", "@idtype": "FRAGMENTID"}, {"$": "84859341584", "@idtype": "SGR"}]}, "ref-volisspag": {"voliss": {"@volume": "24", "@issue": "5"}, "pagerange": {"@first": "520", "@last": "526"}}, "ref-text": "PID: 22465971", "ref-authors": {"author": [{"@seq": "1", "ce:initials": "A.Z.", "@_fa": "true", "ce:surname": "Gimeno-Garcia", "ce:indexed-name": "Gimeno-Garcia A.Z."}, {"@seq": "2", "ce:initials": "Z.A.", "@_fa": "true", "ce:surname": "de Ganzo", "ce:indexed-name": "de Ganzo Z.A."}, {"@seq": "3", "ce:initials": "A.J.", "@_fa": "true", "ce:surname": "Sosa", "ce:indexed-name": "Sosa A.J."}, {"@seq": "4", "ce:initials": "D.N.", "@_fa": "true", "ce:surname": "Perez", "ce:indexed-name": "Perez D.N."}, {"@seq": "5", "ce:initials": "E.", "@_fa": "true", "ce:surname": "Quintero", "ce:indexed-name": "Quintero E."}]}, "ref-sourcetitle": "Eur J Gastroenterol Hepatol"}}, {"ref-fulltext": "Kim JH, Lee HJ, Ahn JW, Cheung DY, Kim JI, Park SH, Kim JK (2013) Risk factors for delayed post-polypectomy hemorrhage: a case-control study. J Gastroenterol Hepatol 28(4):645\u2013649. doi:10.1111/jgh.12132", "@id": "10", "ref-info": {"ref-publicationyear": {"@first": "2013"}, "ref-title": {"ref-titletext": "Risk factors for delayed post-polypectomy hemorrhage: a case-control study"}, "refd-itemidlist": {"itemid": [{"$": "10.1111/jgh.12132", "@idtype": "DOI"}, {"$": "CR10", "@idtype": "FRAGMENTID"}, {"$": "84875598567", "@idtype": "SGR"}]}, "ref-volisspag": {"voliss": {"@volume": "28", "@issue": "4"}, "pagerange": {"@first": "645", "@last": "649"}}, "ref-text": "PID: 23369027", "ref-authors": {"author": [{"@seq": "1", "ce:initials": "J.H.", "@_fa": "true", "ce:surname": "Kim", "ce:indexed-name": "Kim J.H."}, {"@seq": "2", "ce:initials": "H.J.", "@_fa": "true", "ce:surname": "Lee", "ce:indexed-name": "Lee H.J."}, {"@seq": "3", "ce:initials": "J.W.", "@_fa": "true", "ce:surname": "Ahn", "ce:indexed-name": "Ahn J.W."}, {"@seq": "4", "ce:initials": "D.Y.", "@_fa": "true", "ce:surname": "Cheung", "ce:indexed-name": "Cheung D.Y."}, {"@seq": "5", "ce:initials": "J.I.", "@_fa": "true", "ce:surname": "Kim", "ce:indexed-name": "Kim J.I."}, {"@seq": "6", "ce:initials": "S.H.", "@_fa": "true", "ce:surname": "Park", "ce:indexed-name": "Park S.H."}, {"@seq": "7", "ce:initials": "J.K.", "@_fa": "true", "ce:surname": "Kim", "ce:indexed-name": "Kim J.K."}]}, "ref-sourcetitle": "J Gastroenterol Hepatol"}}, {"ref-fulltext": "Kwon MJ, Kim YS, Bae SI, Park YI, Lee KJ, Min JH, Jo SY, Kim MY, Jung HJ, Jeong SY, Yoon WJ, Kim JN, Moon JS (2015) Risk factors for delayed post-polypectomy bleeding. Intestinal research 13(2):160\u2013165. doi:10.5217/ir.2015.13.2.160", "@id": "11", "ref-info": {"ref-publicationyear": {"@first": "2015"}, "ref-title": {"ref-titletext": "Risk factors for delayed post-polypectomy bleeding"}, "refd-itemidlist": {"itemid": [{"$": "10.5217/ir.2015.13.2.160", "@idtype": "DOI"}, {"$": "CR11", "@idtype": "FRAGMENTID"}, {"$": "84989889101", "@idtype": "SGR"}]}, "ref-volisspag": {"voliss": {"@volume": "13", "@issue": "2"}, "pagerange": {"@first": "160", "@last": "165"}}, "ref-text": "PID: 25932001", "ref-authors": {"author": [{"@seq": "1", "ce:initials": "M.J.", "@_fa": "true", "ce:surname": "Kwon", "ce:indexed-name": "Kwon M.J."}, {"@seq": "2", "ce:initials": "Y.S.", "@_fa": "true", "ce:surname": "Kim", "ce:indexed-name": "Kim Y.S."}, {"@seq": "3", "ce:initials": "S.I.", "@_fa": "true", "ce:surname": "Bae", "ce:indexed-name": "Bae S.I."}, {"@seq": "4", "ce:initials": "Y.I.", "@_fa": "true", "ce:surname": "Park", "ce:indexed-name": "Park Y.I."}, {"@seq": "5", "ce:initials": "K.J.", "@_fa": "true", "ce:surname": "Lee", "ce:indexed-name": "Lee K.J."}, {"@seq": "6", "ce:initials": "J.H.", "@_fa": "true", "ce:surname": "Min", "ce:indexed-name": "Min J.H."}, {"@seq": "7", "ce:initials": "S.Y.", "@_fa": "true", "ce:surname": "Jo", "ce:indexed-name": "Jo S.Y."}, {"@seq": "8", "ce:initials": "M.Y.", "@_fa": "true", "ce:surname": "Kim", "ce:indexed-name": "Kim M.Y."}, {"@seq": "9", "ce:initials": "H.J.", "@_fa": "true", "ce:surname": "Jung", "ce:indexed-name": "Jung H.J."}, {"@seq": "10", "ce:initials": "S.Y.", "@_fa": "true", "ce:surname": "Jeong", "ce:indexed-name": "Jeong S.Y."}, {"@seq": "11", "ce:initials": "W.J.", "@_fa": "true", "ce:surname": "Yoon", "ce:indexed-name": "Yoon W.J."}, {"@seq": "12", "ce:initials": "J.N.", "@_fa": "true", "ce:surname": "Kim", "ce:indexed-name": "Kim J.N."}, {"@seq": "13", "ce:initials": "J.S.", "@_fa": "true", "ce:surname": "Moon", "ce:indexed-name": "Moon J.S."}]}, "ref-sourcetitle": "Intestinal research"}}, {"ref-fulltext": "H. S. Lee, J. J. Park, S. U. Kim, J. E. Lee, G. L. Leem, Y. Kim, B. K. Kim, J. Y. Park, Y. Kim do, S. H. Ahn, K. H. Han (2016) Incidence and risk factors of delayed postpolypectomy bleeding in patients with chronic liver disease. Scand J Gastroenterol 51 (5):618\u2013624. doi:10.3109/00365521.2015.1121513", "@id": "12", "ref-info": {"ref-publicationyear": {"@first": "2016"}, "ref-title": {"ref-titletext": "Incidence and risk factors of delayed postpolypectomy bleeding in patients with chronic liver disease"}, "refd-itemidlist": {"itemid": [{"$": "10.3109/00365521.2015.1121513", "@idtype": "DOI"}, {"$": "CR12", "@idtype": "FRAGMENTID"}, {"$": "84956745810", "@idtype": "SGR"}]}, "ref-volisspag": {"voliss": {"@volume": "51", "@issue": "5"}, "pagerange": {"@first": "618", "@last": "624"}}, "ref-authors": {"author": [{"@seq": "1", "ce:initials": "H.S.", "@_fa": "true", "ce:surname": "Lee", "ce:indexed-name": "Lee H.S."}, {"@seq": "2", "ce:initials": "J.J.", "@_fa": "true", "ce:surname": "Park", "ce:indexed-name": "Park J.J."}, {"@seq": "3", "ce:initials": "S.U.", "@_fa": "true", "ce:surname": "Kim", "ce:indexed-name": "Kim S.U."}, {"@seq": "4", "ce:initials": "J.E.", "@_fa": "true", "ce:surname": "Lee", "ce:indexed-name": "Lee J.E."}, {"@seq": "5", "ce:initials": "G.L.", "@_fa": "true", "ce:surname": "Leem", "ce:indexed-name": "Leem G.L."}, {"@seq": "6", "ce:initials": "Y.", "@_fa": "true", "ce:surname": "Kim", "ce:indexed-name": "Kim Y."}, {"@seq": "7", "ce:initials": "B.K.", "@_fa": "true", "ce:surname": "Kim", "ce:indexed-name": "Kim B.K."}, {"@seq": "8", "ce:initials": "J.Y.", "@_fa": "true", "ce:surname": "Park", "ce:indexed-name": "Park J.Y."}, {"@seq": "9", "ce:initials": "Y.", "@_fa": "true", "ce:surname": "Kim do", "ce:indexed-name": "Kim do Y."}, {"@seq": "10", "ce:initials": "S.H.", "@_fa": "true", "ce:surname": "Ahn", "ce:indexed-name": "Ahn S.H."}, {"@seq": "11", "ce:initials": "K.H.", "@_fa": "true", "ce:surname": "Han", "ce:indexed-name": "Han K.H."}]}, "ref-sourcetitle": "Scand J Gastroenterol"}}, {"ref-fulltext": "Moon HS, Park SW, Kim DH, Kang SH, Sung JK, Jeong HY (2014) Only the size of resected polyps is an independent risk factor for delayed postpolypectomy hemorrhage: a 10-year single-center case-control study. Annals of coloproctology 30(4):182\u2013185. doi:10.3393/ac.2014.30.4.182", "@id": "13", "ref-info": {"ref-publicationyear": {"@first": "2014"}, "ref-title": {"ref-titletext": "Only the size of resected polyps is an independent risk factor for delayed postpolypectomy hemorrhage: a 10-year single-center case-control study"}, "refd-itemidlist": {"itemid": [{"$": "10.3393/ac.2014.30.4.182", "@idtype": "DOI"}, {"$": "CR13", "@idtype": "FRAGMENTID"}, {"$": "84907063499", "@idtype": "SGR"}]}, "ref-volisspag": {"voliss": {"@volume": "30", "@issue": "4"}, "pagerange": {"@first": "182", "@last": "185"}}, "ref-text": "PID: 25210687", "ref-authors": {"author": [{"@seq": "1", "ce:initials": "H.S.", "@_fa": "true", "ce:surname": "Moon", "ce:indexed-name": "Moon H.S."}, {"@seq": "2", "ce:initials": "S.W.", "@_fa": "true", "ce:surname": "Park", "ce:indexed-name": "Park S.W."}, {"@seq": "3", "ce:initials": "D.H.", "@_fa": "true", "ce:surname": "Kim", "ce:indexed-name": "Kim D.H."}, {"@seq": "4", "ce:initials": "S.H.", "@_fa": "true", "ce:surname": "Kang", "ce:indexed-name": "Kang S.H."}, {"@seq": "5", "ce:initials": "J.K.", "@_fa": "true", "ce:surname": "Sung", "ce:indexed-name": "Sung J.K."}, {"@seq": "6", "ce:initials": "H.Y.", "@_fa": "true", "ce:surname": "Jeong", "ce:indexed-name": "Jeong H.Y."}]}, "ref-sourcetitle": "Annals of coloproctology"}}, {"ref-fulltext": "Sawhney MS, Salfiti N, Nelson DB, Lederle FA, Bond JH (2008) Risk factors for severe delayed postpolypectomy bleeding. Endoscopy 40(2):115\u2013119. doi:10.1055/s-2007-966959", "@id": "14", "ref-info": {"ref-publicationyear": {"@first": "2008"}, "ref-title": {"ref-titletext": "Risk factors for severe delayed postpolypectomy bleeding"}, "refd-itemidlist": {"itemid": [{"$": "10.1055/s-2007-966959", "@idtype": "DOI"}, {"$": "CR14", "@idtype": "FRAGMENTID"}, {"$": "39749085260", "@idtype": "SGR"}]}, "ref-volisspag": {"voliss": {"@volume": "40", "@issue": "2"}, "pagerange": {"@first": "115", "@last": "119"}}, "ref-text": "COI: 1:STN:280:DC%2BD1c%2FpsFynsw%3D%3D, PID: 18253906", "ref-authors": {"author": [{"@seq": "1", "ce:initials": "M.S.", "@_fa": "true", "ce:surname": "Sawhney", "ce:indexed-name": "Sawhney M.S."}, {"@seq": "2", "ce:initials": "N.", "@_fa": "true", "ce:surname": "Salfiti", "ce:indexed-name": "Salfiti N."}, {"@seq": "3", "ce:initials": "D.B.", "@_fa": "true", "ce:surname": "Nelson", "ce:indexed-name": "Nelson D.B."}, {"@seq": "4", "ce:initials": "F.A.", "@_fa": "true", "ce:surname": "Lederle", "ce:indexed-name": "Lederle F.A."}, {"@seq": "5", "ce:initials": "J.H.", "@_fa": "true", "ce:surname": "Bond", "ce:indexed-name": "Bond J.H."}]}, "ref-sourcetitle": "Endoscopy"}}, {"ref-fulltext": "Watabe H, Yamaji Y, Okamoto M, Kondo S, Ohta M, Ikenoue T, Kato J, Togo G, Matsumura M, Yoshida H, Kawabe T, Omata M (2006) Risk assessment for delayed hemorrhagic complication of colonic polypectomy: polyp-related factors and patient-related factors. Gastrointest Endosc 64(1):73\u201378. doi:10.1016/j.gie.2006.02.054", "@id": "15", "ref-info": {"ref-publicationyear": {"@first": "2006"}, "ref-title": {"ref-titletext": "Risk assessment for delayed hemorrhagic complication of colonic polypectomy: polyp-related factors and patient-related factors"}, "refd-itemidlist": {"itemid": [{"$": "10.1016/j.gie.2006.02.054", "@idtype": "DOI"}, {"$": "CR15", "@idtype": "FRAGMENTID"}, {"$": "33745264286", "@idtype": "SGR"}]}, "ref-volisspag": {"voliss": {"@volume": "64", "@issue": "1"}, "pagerange": {"@first": "73", "@last": "78"}}, "ref-text": "PID: 16813806", "ref-authors": {"author": [{"@seq": "1", "ce:initials": "H.", "@_fa": "true", "ce:surname": "Watabe", "ce:indexed-name": "Watabe H."}, {"@seq": "2", "ce:initials": "Y.", "@_fa": "true", "ce:surname": "Yamaji", "ce:indexed-name": "Yamaji Y."}, {"@seq": "3", "ce:initials": "M.", "@_fa": "true", "ce:surname": "Okamoto", "ce:indexed-name": "Okamoto M."}, {"@seq": "4", "ce:initials": "S.", "@_fa": "true", "ce:surname": "Kondo", "ce:indexed-name": "Kondo S."}, {"@seq": "5", "ce:initials": "M.", "@_fa": "true", "ce:surname": "Ohta", "ce:indexed-name": "Ohta M."}, {"@seq": "6", "ce:initials": "T.", "@_fa": "true", "ce:surname": "Ikenoue", "ce:indexed-name": "Ikenoue T."}, {"@seq": "7", "ce:initials": "J.", "@_fa": "true", "ce:surname": "Kato", "ce:indexed-name": "Kato J."}, {"@seq": "8", "ce:initials": "G.", "@_fa": "true", "ce:surname": "Togo", "ce:indexed-name": "Togo G."}, {"@seq": "9", "ce:initials": "M.", "@_fa": "true", "ce:surname": "Matsumura", "ce:indexed-name": "Matsumura M."}, {"@seq": "10", "ce:initials": "H.", "@_fa": "true", "ce:surname": "Yoshida", "ce:indexed-name": "Yoshida H."}, {"@seq": "11", "ce:initials": "T.", "@_fa": "true", "ce:surname": "Kawabe", "ce:indexed-name": "Kawabe T."}, {"@seq": "12", "ce:initials": "M.", "@_fa": "true", "ce:surname": "Omata", "ce:indexed-name": "Omata M."}]}, "ref-sourcetitle": "Gastrointest Endosc"}}, {"ref-fulltext": "Zhang Q, An S, Chen Z, Fu FH, Jiang B, Zhi F, Bai Y, Gong W (2014) Assessment of risk factors for delayed colonic post-polypectomy hemorrhage: a study of 15553 polypectomies from 2005 to 2013. PLoS One 9(10):e108290. doi:10.1371/journal.pone.0108290", "@id": "16", "ref-info": {"ref-publicationyear": {"@first": "2014"}, "ref-title": {"ref-titletext": "Assessment of risk factors for delayed colonic post-polypectomy hemorrhage: a study of 15553 polypectomies from 2005 to 2013"}, "refd-itemidlist": {"itemid": [{"$": "10.1371/journal.pone.0108290", "@idtype": "DOI"}, {"$": "CR16", "@idtype": "FRAGMENTID"}, {"$": "e108290", "@idtype": "ARTNUM"}, {"$": "84907486819", "@idtype": "SGR"}]}, "ref-volisspag": {"voliss": {"@volume": "9", "@issue": "10"}}, "ref-text": "PID: 25271734", "ref-authors": {"author": [{"@seq": "1", "ce:initials": "Q.", "@_fa": "true", "ce:surname": "Zhang", "ce:indexed-name": "Zhang Q."}, {"@seq": "2", "ce:initials": "S.", "@_fa": "true", "ce:surname": "An", "ce:indexed-name": "An S."}, {"@seq": "3", "ce:initials": "Z.", "@_fa": "true", "ce:surname": "Chen", "ce:indexed-name": "Chen Z."}, {"@seq": "4", "ce:initials": "F.H.", "@_fa": "true", "ce:surname": "Fu", "ce:indexed-name": "Fu F.H."}, {"@seq": "5", "ce:initials": "B.", "@_fa": "true", "ce:surname": "Jiang", "ce:indexed-name": "Jiang B."}, {"@seq": "6", "ce:initials": "F.", "@_fa": "true", "ce:surname": "Zhi", "ce:indexed-name": "Zhi F."}, {"@seq": "7", "ce:initials": "Y.", "@_fa": "true", "ce:surname": "Bai", "ce:indexed-name": "Bai Y."}, {"@seq": "8", "ce:initials": "W.", "@_fa": "true", "ce:surname": "Gong", "ce:indexed-name": "Gong W."}]}, "ref-sourcetitle": "PLoS One"}}, {"ref-fulltext": "DiPrima RE, Barkin JS, Blinder M, Goldberg RI, Phillips RS (1988) Age as a risk factor in colonoscopy: fact versus fiction. Am J Gastroenterol 83(2):123\u2013125", "@id": "17", "ref-info": {"ref-publicationyear": {"@first": "1988"}, "ref-title": {"ref-titletext": "Age as a risk factor in colonoscopy: fact versus fiction"}, "refd-itemidlist": {"itemid": [{"$": "CR17", "@idtype": "FRAGMENTID"}, {"$": "0023831654", "@idtype": "SGR"}]}, "ref-volisspag": {"voliss": {"@volume": "83", "@issue": "2"}, "pagerange": {"@first": "123", "@last": "125"}}, "ref-text": "COI: 1:STN:280:DyaL1c7jtV2ntg%3D%3D, PID: 3341334", "ref-authors": {"author": [{"@seq": "1", "ce:initials": "R.E.", "@_fa": "true", "ce:surname": "DiPrima", "ce:indexed-name": "DiPrima R.E."}, {"@seq": "2", "ce:initials": "J.S.", "@_fa": "true", "ce:surname": "Barkin", "ce:indexed-name": "Barkin J.S."}, {"@seq": "3", "ce:initials": "M.", "@_fa": "true", "ce:surname": "Blinder", "ce:indexed-name": "Blinder M."}, {"@seq": "4", "ce:initials": "R.I.", "@_fa": "true", "ce:surname": "Goldberg", "ce:indexed-name": "Goldberg R.I."}, {"@seq": "5", "ce:initials": "R.S.", "@_fa": "true", "ce:surname": "Phillips", "ce:indexed-name": "Phillips R.S."}]}, "ref-sourcetitle": "Am J Gastroenterol"}}, {"ref-fulltext": "Hui AJ, Wong RM, Ching JY, Hung LC, Chung SC, Sung JJ (2004) Risk of colonoscopic polypectomy bleeding with anticoagulants and antiplatelet agents: analysis of 1657 cases. Gastrointest Endosc 59(1):44\u201348", "@id": "18", "ref-info": {"ref-publicationyear": {"@first": "2004"}, "ref-title": {"ref-titletext": "Risk of colonoscopic polypectomy bleeding with anticoagulants and antiplatelet agents: analysis of 1657 cases"}, "refd-itemidlist": {"itemid": [{"$": "10.1016/S0016-5107(03)02307-1", "@idtype": "DOI"}, {"$": "CR18", "@idtype": "FRAGMENTID"}, {"$": "0345742767", "@idtype": "SGR"}]}, "ref-volisspag": {"voliss": {"@volume": "59", "@issue": "1"}, "pagerange": {"@first": "44", "@last": "48"}}, "ref-text": "PID: 14722546", "ref-authors": {"author": [{"@seq": "1", "ce:initials": "A.J.", "@_fa": "true", "ce:surname": "Hui", "ce:indexed-name": "Hui A.J."}, {"@seq": "2", "ce:initials": "R.M.", "@_fa": "true", "ce:surname": "Wong", "ce:indexed-name": "Wong R.M."}, {"@seq": "3", "ce:initials": "J.Y.", "@_fa": "true", "ce:surname": "Ching", "ce:indexed-name": "Ching J.Y."}, {"@seq": "4", "ce:initials": "L.C.", "@_fa": "true", "ce:surname": "Hung", "ce:indexed-name": "Hung L.C."}, {"@seq": "5", "ce:initials": "S.C.", "@_fa": "true", "ce:surname": "Chung", "ce:indexed-name": "Chung S.C."}, {"@seq": "6", "ce:initials": "J.J.", "@_fa": "true", "ce:surname": "Sung", "ce:indexed-name": "Sung J.J."}]}, "ref-sourcetitle": "Gastrointest Endosc"}}, {"ref-fulltext": "Stang A (2010) Critical evaluation of the Newcastle-Ottawa scale for the assessment of the quality of nonrandomized studies in meta-analyses. Eur J Epidemiol 25(9):603\u2013605. doi:10.1007/s10654-010-9491-z", "@id": "19", "ref-info": {"ref-publicationyear": {"@first": "2010"}, "ref-title": {"ref-titletext": "Critical evaluation of the Newcastle-Ottawa scale for the assessment of the quality of nonrandomized studies in meta-analyses"}, "refd-itemidlist": {"itemid": [{"$": "10.1007/s10654-010-9491-z", "@idtype": "DOI"}, {"$": "CR19", "@idtype": "FRAGMENTID"}, {"$": "77957661914", "@idtype": "SGR"}]}, "ref-volisspag": {"voliss": {"@volume": "25", "@issue": "9"}, "pagerange": {"@first": "603", "@last": "605"}}, "ref-text": "PID: 20652370", "ref-authors": {"author": [{"@seq": "1", "ce:initials": "A.", "@_fa": "true", "ce:surname": "Stang", "ce:indexed-name": "Stang A."}]}, "ref-sourcetitle": "Eur J Epidemiol"}}, {"ref-fulltext": "Higgins JP, Thompson SG, Deeks JJ, Altman DG (2003) Measuring inconsistency in meta-analyses. BMJ 327(7414):557\u2013560. doi:10.1136/bmj.327.7414.557", "@id": "20", "ref-info": {"ref-publicationyear": {"@first": "2003"}, "ref-title": {"ref-titletext": "Measuring inconsistency in meta-analyses"}, "refd-itemidlist": {"itemid": [{"$": "10.1136/bmj.327.7414.557", "@idtype": "DOI"}, {"$": "CR20", "@idtype": "FRAGMENTID"}, {"$": "0041876133", "@idtype": "SGR"}]}, "ref-volisspag": {"voliss": {"@volume": "327", "@issue": "7414"}, "pagerange": {"@first": "557", "@last": "560"}}, "ref-text": "PID: 12958120", "ref-authors": {"author": [{"@seq": "1", "ce:initials": "J.P.", "@_fa": "true", "ce:surname": "Higgins", "ce:indexed-name": "Higgins J.P."}, {"@seq": "2", "ce:initials": "S.G.", "@_fa": "true", "ce:surname": "Thompson", "ce:indexed-name": "Thompson S.G."}, {"@seq": "3", "ce:initials": "J.J.", "@_fa": "true", "ce:surname": "Deeks", "ce:indexed-name": "Deeks J.J."}, {"@seq": "4", "ce:initials": "D.G.", "@_fa": "true", "ce:surname": "Altman", "ce:indexed-name": "Altman D.G."}]}, "ref-sourcetitle": "BMJ"}}, {"ref-fulltext": "Sterne JA, Egger M (2001) Funnel plots for detecting bias in meta-analysis: guidelines on choice of axis. J Clin Epidemiol 54(10):1046\u20131055", "@id": "21", "ref-info": {"ref-publicationyear": {"@first": "2001"}, "ref-title": {"ref-titletext": "Funnel plots for detecting bias in meta-analysis: guidelines on choice of axis"}, "refd-itemidlist": {"itemid": [{"$": "10.1016/S0895-4356(01)00377-8", "@idtype": "DOI"}, {"$": "CR21", "@idtype": "FRAGMENTID"}, {"$": "0034823867", "@idtype": "SGR"}]}, "ref-volisspag": {"voliss": {"@volume": "54", "@issue": "10"}, "pagerange": {"@first": "1046", "@last": "1055"}}, "ref-text": "COI: 1:STN:280:DC%2BD3MrivFWisA%3D%3D, PID: 11576817", "ref-authors": {"author": [{"@seq": "1", "ce:initials": "J.A.", "@_fa": "true", "ce:surname": "Sterne", "ce:indexed-name": "Sterne J.A."}, {"@seq": "2", "ce:initials": "M.", "@_fa": "true", "ce:surname": "Egger", "ce:indexed-name": "Egger M."}]}, "ref-sourcetitle": "J Clin Epidemiol"}}, {"ref-fulltext": "Egger M, Davey Smith G, Schneider M, Minder C (1997) Bias in meta-analysis detected by a simple, graphical test. BMJ 315(7109):629\u2013634", "@id": "22", "ref-info": {"ref-publicationyear": {"@first": "1997"}, "ref-title": {"ref-titletext": "Bias in meta-analysis detected by a simple, graphical test"}, "refd-itemidlist": {"itemid": [{"$": "10.1136/bmj.315.7109.629", "@idtype": "DOI"}, {"$": "CR22", "@idtype": "FRAGMENTID"}, {"$": "0030922816", "@idtype": "SGR"}]}, "ref-volisspag": {"voliss": {"@volume": "315", "@issue": "7109"}, "pagerange": {"@first": "629", "@last": "634"}}, "ref-text": "COI: 1:STN:280:DyaK2svls1KjtA%3D%3D, PID: 9310563", "ref-authors": {"author": [{"@seq": "1", "ce:initials": "M.", "@_fa": "true", "ce:surname": "Egger", "ce:indexed-name": "Egger M."}, {"@seq": "2", "ce:initials": "G.", "@_fa": "true", "ce:surname": "Davey Smith", "ce:indexed-name": "Davey Smith G."}, {"@seq": "3", "ce:initials": "M.", "@_fa": "true", "ce:surname": "Schneider", "ce:indexed-name": "Schneider M."}, {"@seq": "4", "ce:initials": "C.", "@_fa": "true", "ce:surname": "Minder", "ce:indexed-name": "Minder C."}]}, "ref-sourcetitle": "BMJ"}}, {"ref-fulltext": "Duval S, Tweedie R (2000) Trim and fill: a simple funnel-plot-based method of testing and adjusting for publication bias in meta-analysis. Biometrics 56(2):455\u2013463", "@id": "23", "ref-info": {"ref-publicationyear": {"@first": "2000"}, "ref-title": {"ref-titletext": "Trim and fill: a simple funnel-plot-based method of testing and adjusting for publication bias in meta-analysis"}, "refd-itemidlist": {"itemid": [{"$": "10.1111/j.0006-341X.2000.00455.x", "@idtype": "DOI"}, {"$": "CR23", "@idtype": "FRAGMENTID"}, {"$": "0033934949", "@idtype": "SGR"}]}, "ref-volisspag": {"voliss": {"@volume": "56", "@issue": "2"}, "pagerange": {"@first": "455", "@last": "463"}}, "ref-text": "COI: 1:STN:280:DC%2BD3cvotVylsA%3D%3D, PID: 10877304", "ref-authors": {"author": [{"@seq": "1", "ce:initials": "S.", "@_fa": "true", "ce:surname": "Duval", "ce:indexed-name": "Duval S."}, {"@seq": "2", "ce:initials": "R.", "@_fa": "true", "ce:surname": "Tweedie", "ce:indexed-name": "Tweedie R."}]}, "ref-sourcetitle": "Biometrics"}}, {"ref-fulltext": "Wu XR, Church JM, Jarrar A, Liang J, Kalady MF (2013) Risk factors for delayed postpolypectomy bleeding: how to minimize your patients\u2019 risk. Int J Color Dis 28(8):1127\u20131134. doi:10.1007/s00384-013-1661-5", "@id": "24", "ref-info": {"ref-publicationyear": {"@first": "2013"}, "ref-title": {"ref-titletext": "Risk factors for delayed postpolypectomy bleeding: how to minimize your patients\u2019 risk"}, "refd-itemidlist": {"itemid": [{"$": "10.1007/s00384-013-1661-5", "@idtype": "DOI"}, {"$": "CR24", "@idtype": "FRAGMENTID"}, {"$": "84883558974", "@idtype": "SGR"}]}, "ref-volisspag": {"voliss": {"@volume": "28", "@issue": "8"}, "pagerange": {"@first": "1127", "@last": "1134"}}, "ref-authors": {"author": [{"@seq": "1", "ce:initials": "X.R.", "@_fa": "true", "ce:surname": "Wu", "ce:indexed-name": "Wu X.R."}, {"@seq": "2", "ce:initials": "J.M.", "@_fa": "true", "ce:surname": "Church", "ce:indexed-name": "Church J.M."}, {"@seq": "3", "ce:initials": "A.", "@_fa": "true", "ce:surname": "Jarrar", "ce:indexed-name": "Jarrar A."}, {"@seq": "4", "ce:initials": "J.", "@_fa": "true", "ce:surname": "Liang", "ce:indexed-name": "Liang J."}, {"@seq": "5", "ce:initials": "M.F.", "@_fa": "true", "ce:surname": "Kalady", "ce:indexed-name": "Kalady M.F."}]}, "ref-sourcetitle": "Int J Color Dis"}}, {"ref-fulltext": "Rathgaber SW, Wick TM (2006) Colonoscopy completion and complication rates in a community gastroenterology practice. Gastrointest Endosc 64(4):556\u2013562. doi:10.1016/j.gie.2006.03.014", "@id": "25", "ref-info": {"ref-publicationyear": {"@first": "2006"}, "ref-title": {"ref-titletext": "Colonoscopy completion and complication rates in a community gastroenterology practice"}, "refd-itemidlist": {"itemid": [{"$": "10.1016/j.gie.2006.03.014", "@idtype": "DOI"}, {"$": "CR25", "@idtype": "FRAGMENTID"}, {"$": "33748693692", "@idtype": "SGR"}]}, "ref-volisspag": {"voliss": {"@volume": "64", "@issue": "4"}, "pagerange": {"@first": "556", "@last": "562"}}, "ref-text": "PID: 16996349", "ref-authors": {"author": [{"@seq": "1", "ce:initials": "S.W.", "@_fa": "true", "ce:surname": "Rathgaber", "ce:indexed-name": "Rathgaber S.W."}, {"@seq": "2", "ce:initials": "T.M.", "@_fa": "true", "ce:surname": "Wick", "ce:indexed-name": "Wick T.M."}]}, "ref-sourcetitle": "Gastrointest Endosc"}}, {"ref-fulltext": "Yousfi M, Gostout CJ, Baron TH, Hernandez JL, Keate R, Fleischer DE, Sorbi D (2004) Postpolypectomy lower gastrointestinal bleeding: potential role of aspirin. Am J Gastroenterol 99(9):1785\u20131789. doi:10.1111/j.1572-0241.2004.30368.x", "@id": "26", "ref-info": {"ref-publicationyear": {"@first": "2004"}, "ref-title": {"ref-titletext": "Postpolypectomy lower gastrointestinal bleeding: potential role of aspirin"}, "refd-itemidlist": {"itemid": [{"$": "10.1111/j.1572-0241.2004.30368.x", "@idtype": "DOI"}, {"$": "CR26", "@idtype": "FRAGMENTID"}, {"$": "4544291105", "@idtype": "SGR"}]}, "ref-volisspag": {"voliss": {"@volume": "99", "@issue": "9"}, "pagerange": {"@first": "1785", "@last": "1789"}}, "ref-text": "PID: 15330919", "ref-authors": {"author": [{"@seq": "1", "ce:initials": "M.", "@_fa": "true", "ce:surname": "Yousfi", "ce:indexed-name": "Yousfi M."}, {"@seq": "2", "ce:initials": "C.J.", "@_fa": "true", "ce:surname": "Gostout", "ce:indexed-name": "Gostout C.J."}, {"@seq": "3", "ce:initials": "T.H.", "@_fa": "true", "ce:surname": "Baron", "ce:indexed-name": "Baron T.H."}, {"@seq": "4", "ce:initials": "J.L.", "@_fa": "true", "ce:surname": "Hernandez", "ce:indexed-name": "Hernandez J.L."}, {"@seq": "5", "ce:initials": "R.", "@_fa": "true", "ce:surname": "Keate", "ce:indexed-name": "Keate R."}, {"@seq": "6", "ce:initials": "D.E.", "@_fa": "true", "ce:surname": "Fleischer", "ce:indexed-name": "Fleischer D.E."}, {"@seq": "7", "ce:initials": "D.", "@_fa": "true", "ce:surname": "Sorbi", "ce:indexed-name": "Sorbi D."}]}, "ref-sourcetitle": "Am J Gastroenterol"}}, {"ref-fulltext": "Dharmashankar K, Widlansky ME (2010) Vascular endothelial function and hypertension: insights and directions. Curr Hypertens Rep 12(6):448\u2013455. doi:10.1007/s11906-010-0150-2", "@id": "27", "ref-info": {"ref-publicationyear": {"@first": "2010"}, "ref-title": {"ref-titletext": "Vascular endothelial function and hypertension: insights and directions"}, "refd-itemidlist": {"itemid": [{"$": "10.1007/s11906-010-0150-2", "@idtype": "DOI"}, {"$": "CR27", "@idtype": "FRAGMENTID"}, {"$": "78649905840", "@idtype": "SGR"}]}, "ref-volisspag": {"voliss": {"@volume": "12", "@issue": "6"}, "pagerange": {"@first": "448", "@last": "455"}}, "ref-text": "PID: 20857237", "ref-authors": {"author": [{"@seq": "1", "ce:initials": "K.", "@_fa": "true", "ce:surname": "Dharmashankar", "ce:indexed-name": "Dharmashankar K."}, {"@seq": "2", "ce:initials": "M.E.", "@_fa": "true", "ce:surname": "Widlansky", "ce:indexed-name": "Widlansky M.E."}]}, "ref-sourcetitle": "Curr Hypertens Rep"}}, {"ref-fulltext": "Shalman D, Gerson LB (2015) Systematic review with meta-analysis: the risk of gastrointestinal haemorrhage post-polypectomy in patients receiving anti-platelet, anti-coagulant and/or thienopyridine medications. Aliment Pharmacol Ther 42(8):949\u2013956. doi:10.1111/apt.13367", "@id": "28", "ref-info": {"ref-publicationyear": {"@first": "2015"}, "ref-title": {"ref-titletext": "Systematic review with meta-analysis: the risk of gastrointestinal haemorrhage post-polypectomy in patients receiving anti-platelet, anti-coagulant and/or thienopyridine medications"}, "refd-itemidlist": {"itemid": [{"$": "10.1111/apt.13367", "@idtype": "DOI"}, {"$": "CR28", "@idtype": "FRAGMENTID"}, {"$": "84941624236", "@idtype": "SGR"}]}, "ref-volisspag": {"voliss": {"@volume": "42", "@issue": "8"}, "pagerange": {"@first": "949", "@last": "956"}}, "ref-text": "COI: 1:CAS:528:DC%2BC2MXhsFejtbrK, PID: 26290157", "ref-authors": {"author": [{"@seq": "1", "ce:initials": "D.", "@_fa": "true", "ce:surname": "Shalman", "ce:indexed-name": "Shalman D."}, {"@seq": "2", "ce:initials": "L.B.", "@_fa": "true", "ce:surname": "Gerson", "ce:indexed-name": "Gerson L.B."}]}, "ref-sourcetitle": "Aliment Pharmacol Ther"}}, {"ref-fulltext": "V. Lorenzo-Zuniga, V. Moreno de Vega, E. Domenech, M. Manosa, R. Planas, J. Boix (2010) Endoscopist experience as a risk factor for colonoscopic complications. Colorectal disease: the official journal of the Association of Coloproctology of Great Britain and Ireland 12 (10 Online):e273\u2013277. doi:10.1111/j.1463-1318.2009.02146.x", "@id": "29", "ref-info": {"ref-publicationyear": {"@first": "2010"}, "ref-title": {"ref-titletext": "Endoscopist experience as a risk factor for colonoscopic complications"}, "refd-itemidlist": {"itemid": [{"$": "10.1111/j.1463-1318.2009.02146.x", "@idtype": "DOI"}, {"$": "CR29", "@idtype": "FRAGMENTID"}, {"$": "77956863576", "@idtype": "SGR"}]}, "ref-volisspag": {"voliss": {"@volume": "12", "@issue": "10 Online"}, "pagerange": {"@first": "e273", "@last": "e277"}}, "ref-authors": {"author": [{"@seq": "1", "ce:initials": "V.", "@_fa": "true", "ce:surname": "Lorenzo-Zuniga", "ce:indexed-name": "Lorenzo-Zuniga V."}, {"@seq": "2", "ce:initials": "V.", "@_fa": "true", "ce:surname": "Moreno de Vega", "ce:indexed-name": "Moreno de Vega V."}, {"@seq": "3", "ce:initials": "E.", "@_fa": "true", "ce:surname": "Domenech", "ce:indexed-name": "Domenech E."}, {"@seq": "4", "ce:initials": "M.", "@_fa": "true", "ce:surname": "Manosa", "ce:indexed-name": "Manosa M."}, {"@seq": "5", "ce:initials": "R.", "@_fa": "true", "ce:surname": "Planas", "ce:indexed-name": "Planas R."}, {"@seq": "6", "ce:initials": "J.", "@_fa": "true", "ce:surname": "Boix", "ce:indexed-name": "Boix J."}]}, "ref-sourcetitle": "Colorectal disease: the official journal of the Association of Coloproctology of Great Britain and Ireland"}}, {"ref-fulltext": "Singh H, Penfold RB, De Coster C, Au W, Bernstein CN, Moffatt M (2010) Predictors of serious complications associated with lower gastrointestinal endoscopy in a major city-wide health region. Canadian journal of gastroenterology = Journal canadien de gastroenterologie 24(7):425\u2013430", "@id": "30", "ref-info": {"ref-publicationyear": {"@first": "2010"}, "ref-title": {"ref-titletext": "Predictors of serious complications associated with lower gastrointestinal endoscopy in a major city-wide health region"}, "refd-itemidlist": {"itemid": [{"$": "10.1155/2010/714591", "@idtype": "DOI"}, {"$": "CR30", "@idtype": "FRAGMENTID"}, {"$": "77954999785", "@idtype": "SGR"}]}, "ref-volisspag": {"voliss": {"@volume": "24", "@issue": "7"}, "pagerange": {"@first": "425", "@last": "430"}}, "ref-text": "PID: 20652157", "ref-authors": {"author": [{"@seq": "1", "ce:initials": "H.", "@_fa": "true", "ce:surname": "Singh", "ce:indexed-name": "Singh H."}, {"@seq": "2", "ce:initials": "R.B.", "@_fa": "true", "ce:surname": "Penfold", "ce:indexed-name": "Penfold R.B."}, {"@seq": "3", "ce:initials": "C.", "@_fa": "true", "ce:surname": "De Coster", "ce:indexed-name": "De Coster C."}, {"@seq": "4", "ce:initials": "W.", "@_fa": "true", "ce:surname": "Au", "ce:indexed-name": "Au W."}, {"@seq": "5", "ce:initials": "C.N.", "@_fa": "true", "ce:surname": "Bernstein", "ce:indexed-name": "Bernstein C.N."}, {"@seq": "6", "ce:initials": "M.", "@_fa": "true", "ce:surname": "Moffatt", "ce:indexed-name": "Moffatt M."}]}, "ref-sourcetitle": "Canadian journal of gastroenterology = Journal canadien de gastroenterologie"}}, {"ref-fulltext": "Shioji K, Suzuki Y, Kobayashi M, Nakamura A, Azumaya M, Takeuchi M, Baba Y, Honma T, Narisawa R (2003) Prophylactic clip application does not decrease delayed bleeding after colonoscopic polypectomy. Gastrointest Endosc 57(6):691\u2013694. doi:10.1067/mge.2003.193", "@id": "31", "ref-info": {"ref-publicationyear": {"@first": "2003"}, "ref-title": {"ref-titletext": "Prophylactic clip application does not decrease delayed bleeding after colonoscopic polypectomy"}, "refd-itemidlist": {"itemid": [{"$": "10.1067/mge.2003.193", "@idtype": "DOI"}, {"$": "CR31", "@idtype": "FRAGMENTID"}, {"$": "0038784152", "@idtype": "SGR"}]}, "ref-volisspag": {"voliss": {"@volume": "57", "@issue": "6"}, "pagerange": {"@first": "691", "@last": "694"}}, "ref-text": "PID: 12709699", "ref-authors": {"author": [{"@seq": "1", "ce:initials": "K.", "@_fa": "true", "ce:surname": "Shioji", "ce:indexed-name": "Shioji K."}, {"@seq": "2", "ce:initials": "Y.", "@_fa": "true", "ce:surname": "Suzuki", "ce:indexed-name": "Suzuki Y."}, {"@seq": "3", "ce:initials": "M.", "@_fa": "true", "ce:surname": "Kobayashi", "ce:indexed-name": "Kobayashi M."}, {"@seq": "4", "ce:initials": "A.", "@_fa": "true", "ce:surname": "Nakamura", "ce:indexed-name": "Nakamura A."}, {"@seq": "5", "ce:initials": "M.", "@_fa": "true", "ce:surname": "Azumaya", "ce:indexed-name": "Azumaya M."}, {"@seq": "6", "ce:initials": "M.", "@_fa": "true", "ce:surname": "Takeuchi", "ce:indexed-name": "Takeuchi M."}, {"@seq": "7", "ce:initials": "Y.", "@_fa": "true", "ce:surname": "Baba", "ce:indexed-name": "Baba Y."}, {"@seq": "8", "ce:initials": "T.", "@_fa": "true", "ce:surname": "Honma", "ce:indexed-name": "Honma T."}, {"@seq": "9", "ce:initials": "R.", "@_fa": "true", "ce:surname": "Narisawa", "ce:indexed-name": "Narisawa R."}]}, "ref-sourcetitle": "Gastrointest Endosc"}}, {"ref-fulltext": "Feagins LA, Nguyen AD, Iqbal R, Spechler SJ (2014) The prophylactic placement of hemoclips to prevent delayed post-polypectomy bleeding: an unnecessary practice? A case control study. Dig Dis Sci 59(4):823\u2013828. doi:10.1007/s10620-014-3055-0", "@id": "32", "ref-info": {"ref-publicationyear": {"@first": "2014"}, "ref-title": {"ref-titletext": "The prophylactic placement of hemoclips to prevent delayed post-polypectomy bleeding: an unnecessary practice? A case control study"}, "refd-itemidlist": {"itemid": [{"$": "10.1007/s10620-014-3055-0", "@idtype": "DOI"}, {"$": "CR32", "@idtype": "FRAGMENTID"}, {"$": "84897386324", "@idtype": "SGR"}]}, "ref-volisspag": {"voliss": {"@volume": "59", "@issue": "4"}, "pagerange": {"@first": "823", "@last": "828"}}, "ref-text": "PID: 24526499", "ref-authors": {"author": [{"@seq": "1", "ce:initials": "L.A.", "@_fa": "true", "ce:surname": "Feagins", "ce:indexed-name": "Feagins L.A."}, {"@seq": "2", "ce:initials": "A.D.", "@_fa": "true", "ce:surname": "Nguyen", "ce:indexed-name": "Nguyen A.D."}, {"@seq": "3", "ce:initials": "R.", "@_fa": "true", "ce:surname": "Iqbal", "ce:indexed-name": "Iqbal R."}, {"@seq": "4", "ce:initials": "S.J.", "@_fa": "true", "ce:surname": "Spechler", "ce:indexed-name": "Spechler S.J."}]}, "ref-sourcetitle": "Dig Dis Sci"}}, {"ref-fulltext": "Dokoshi T, Fujiya M, Tanaka K, Sakatani A, Inaba Y, Ueno N, Kashima S, Goto T, Sasajima J, Tominaga M, Ito T, Moriichi K, Tanabe H, Ikuta K, Ohtake T, Kohgo Y (2015) A randomized study on the effectiveness of prophylactic clipping during endoscopic resection of colon polyps for the prevention of delayed bleeding. Biomed Res Int 2015:490272. doi:10.1155/2015/490272", "@id": "33", "ref-info": {"ref-publicationyear": {"@first": "2015"}, "ref-title": {"ref-titletext": "A randomized study on the effectiveness of prophylactic clipping during endoscopic resection of colon polyps for the prevention of delayed bleeding"}, "refd-itemidlist": {"itemid": [{"$": "10.1155/2015/490272", "@idtype": "DOI"}, {"$": "CR33", "@idtype": "FRAGMENTID"}, {"$": "84924079958", "@idtype": "SGR"}]}, "ref-volisspag": {"voliss": {"@volume": "2015"}, "pagerange": {"@first": "490272"}}, "ref-text": "PID: 25722979", "ref-authors": {"author": [{"@seq": "1", "ce:initials": "T.", "@_fa": "true", "ce:surname": "Dokoshi", "ce:indexed-name": "Dokoshi T."}, {"@seq": "2", "ce:initials": "M.", "@_fa": "true", "ce:surname": "Fujiya", "ce:indexed-name": "Fujiya M."}, {"@seq": "3", "ce:initials": "K.", "@_fa": "true", "ce:surname": "Tanaka", "ce:indexed-name": "Tanaka K."}, {"@seq": "4", "ce:initials": "A.", "@_fa": "true", "ce:surname": "Sakatani", "ce:indexed-name": "Sakatani A."}, {"@seq": "5", "ce:initials": "Y.", "@_fa": "true", "ce:surname": "Inaba", "ce:indexed-name": "Inaba Y."}, {"@seq": "6", "ce:initials": "N.", "@_fa": "true", "ce:surname": "Ueno", "ce:indexed-name": "Ueno N."}, {"@seq": "7", "ce:initials": "S.", "@_fa": "true", "ce:surname": "Kashima", "ce:indexed-name": "Kashima S."}, {"@seq": "8", "ce:initials": "T.", "@_fa": "true", "ce:surname": "Goto", "ce:indexed-name": "Goto T."}, {"@seq": "9", "ce:initials": "J.", "@_fa": "true", "ce:surname": "Sasajima", "ce:indexed-name": "Sasajima J."}, {"@seq": "10", "ce:initials": "M.", "@_fa": "true", "ce:surname": "Tominaga", "ce:indexed-name": "Tominaga M."}, {"@seq": "11", "ce:initials": "T.", "@_fa": "true", "ce:surname": "Ito", "ce:indexed-name": "Ito T."}, {"@seq": "12", "ce:initials": "K.", "@_fa": "true", "ce:surname": "Moriichi", "ce:indexed-name": "Moriichi K."}, {"@seq": "13", "ce:initials": "H.", "@_fa": "true", "ce:surname": "Tanabe", "ce:indexed-name": "Tanabe H."}, {"@seq": "14", "ce:initials": "K.", "@_fa": "true", "ce:surname": "Ikuta", "ce:indexed-name": "Ikuta K."}, {"@seq": "15", "ce:initials": "T.", "@_fa": "true", "ce:surname": "Ohtake", "ce:indexed-name": "Ohtake T."}, {"@seq": "16", "ce:initials": "Y.", "@_fa": "true", "ce:surname": "Kohgo", "ce:indexed-name": "Kohgo Y."}]}, "ref-sourcetitle": "Biomed Res Int"}}, {"ref-fulltext": "Lee CK, Lee SH, Park JY, Lee TH, Chung IK, Park SH, Kim HS, Kim SJ (2009) Prophylactic argon plasma coagulation ablation does not decrease delayed postpolypectomy bleeding. Gastrointest Endosc 70(2):353\u2013361. doi:10.1016/j.gie.2008.11.024", "@id": "34", "ref-info": {"ref-publicationyear": {"@first": "2009"}, "ref-title": {"ref-titletext": "Prophylactic argon plasma coagulation ablation does not decrease delayed postpolypectomy bleeding"}, "refd-itemidlist": {"itemid": [{"$": "10.1016/j.gie.2008.11.024", "@idtype": "DOI"}, {"$": "CR34", "@idtype": "FRAGMENTID"}, {"$": "67650831679", "@idtype": "SGR"}]}, "ref-volisspag": {"voliss": {"@volume": "70", "@issue": "2"}, "pagerange": {"@first": "353", "@last": "361"}}, "ref-text": "PID: 19386307", "ref-authors": {"author": [{"@seq": "1", "ce:initials": "C.K.", "@_fa": "true", "ce:surname": "Lee", "ce:indexed-name": "Lee C.K."}, {"@seq": "2", "ce:initials": "S.H.", "@_fa": "true", "ce:surname": "Lee", "ce:indexed-name": "Lee S.H."}, {"@seq": "3", "ce:initials": "J.Y.", "@_fa": "true", "ce:surname": "Park", "ce:indexed-name": "Park J.Y."}, {"@seq": "4", "ce:initials": "T.H.", "@_fa": "true", "ce:surname": "Lee", "ce:indexed-name": "Lee T.H."}, {"@seq": "5", "ce:initials": "I.K.", "@_fa": "true", "ce:surname": "Chung", "ce:indexed-name": "Chung I.K."}, {"@seq": "6", "ce:initials": "S.H.", "@_fa": "true", "ce:surname": "Park", "ce:indexed-name": "Park S.H."}, {"@seq": "7", "ce:initials": "H.S.", "@_fa": "true", "ce:surname": "Kim", "ce:indexed-name": "Kim H.S."}, {"@seq": "8", "ce:initials": "S.J.", "@_fa": "true", "ce:surname": "Kim", "ce:indexed-name": "Kim S.J."}]}, "ref-sourcetitle": "Gastrointest Endosc"}}]}}}}, "affiliation": [{"affiliation-city": "Bangkok", "@id": "60022183", "affilname": "King Chulalongkorn Memorial Hospital", "@href": "https://api.elsevier.com/content/affiliation/affiliation_id/60022183", "affiliation-country": "Thailand"}, {"affiliation-city": "New York", "@id": "60011605", "affilname": "Vagelos College of Physicians and Surgeons", "@href": "https://api.elsevier.com/content/affiliation/affiliation_id/60011605", "affiliation-country": "United States"}, {"affiliation-city": "Bangkok", "@id": "60011189", "affilname": "Faculty of Medicine Siriraj Hospital, Mahidol University", "@href": "https://api.elsevier.com/content/affiliation/affiliation_id/60011189", "affiliation-country": "Thailand"}, {"affiliation-city": "Honolulu", "@id": "60008308", "affilname": "John A. Burns School of Medicine", "@href": "https://api.elsevier.com/content/affiliation/affiliation_id/60008308", "affiliation-country": "United States"}, {"affiliation-city": "Lubbock", "@id": "106449082", "affilname": "Texas Tech Medical Center", "@href": "https://api.elsevier.com/content/affiliation/affiliation_id/106449082", "affiliation-country": "United States"}], "coredata": {"srctype": "j", "eid": "2-s2.0-85026845053", "dc:description": "Purpose: Delayed post-polypectomy bleeding (PPB) is an infrequent but serious adverse event after colonoscopic polypectomy. Several studies have tried to identify risk factors for delayed PPB, with inconsistent results. This meta-analysis aims to identify significant risk factors for delayed PPB. Methods: MEDLINE and EMBASE databases were searched through January 2016 for studies that investigated the risk factors for delayed PPB. Pooled odds ratio (OR) for categorical variables and mean differences (MD) for continuous variables and 95% confidence interval (CI) were calculated using a random-effect model, generic inverse variance method. The between-study heterogeneity of effect size was quantified using the Q statistic and I2. Results: Twelve articles involving 14,313 patients were included. The pooled delayed PPB rate was 1.5% (95%CI, 0.7\u20133.4%), I2 = 96%. Cardiovascular disease (OR = 1.55), hypertension (OR = 1.53), polyp size > 10 mm (OR = 3.41), and polyps located in the right colon (OR = 1.60) were identified as significant risk factors for delayed PPB, whereas age, sex, alcohol use, smoking, diabetes, cerebrovascular disease, pedunculated morphology, and carcinoma histology were not. Conclusions: Cardiovascular disease, hypertension, polyp size, and polyp location were associated with delayed PPB. More caution is needed when removing polyps in patients with these risk factors. Future studies are warranted to determine appropriate preventive hemostatic measures in these patients.", "pubmed-id": "28779355", "prism:coverDate": "2017-10-01", "prism:aggregationType": "Journal", "prism:url": "https://api.elsevier.com/content/abstract/scopus_id/85026845053", "dc:creator": {"author": [{"ce:given-name": "Veeravich", "preferred-name": {"ce:given-name": "Veeravich", "ce:initials": "V.", "ce:surname": "Jaruvongvanich", "ce:indexed-name": "Jaruvongvanich V."}, "@seq": "1", "ce:initials": "V.", "@_fa": "true", "affiliation": [{"@id": "60008308", "@href": "https://api.elsevier.com/content/affiliation/affiliation_id/60008308"}, {"@id": "60022183", "@href": "https://api.elsevier.com/content/affiliation/affiliation_id/60022183"}], "ce:surname": "Jaruvongvanich", "@auid": "56589905600", "author-url": "https://api.elsevier.com/content/author/author_id/56589905600", "ce:indexed-name": "Jaruvongvanich V."}]}, "link": [{"@_fa": "true", "@rel": "self", "@href": "https://api.elsevier.com/content/abstract/scopus_id/85026845053"}, {"@_fa": "true", "@rel": "scopus", "@href": "https://www.scopus.com/inward/record.uri?partnerID=HzOxMe3b&scp=85026845053&origin=inward"}, {"@_fa": "true", "@rel": "scopus-citedby", "@href": "https://www.scopus.com/inward/citedby.uri?partnerID=HzOxMe3b&scp=85026845053&origin=inward"}], "source-id": "21615", "citedby-count": "35", "prism:volume": "32", "subtype": "ar", "dc:title": "Risk factors for delayed colonic post-polypectomy bleeding: a systematic review and meta-analysis", "openaccess": "0", "prism:issn": "14321262 01791958", "publishercopyright": "\u00a9 2017, Springer-Verlag GmbH Germany.", "prism:issueIdentifier": "10", "subtypeDescription": "Article", "prism:publicationName": "International Journal of Colorectal Disease", "prism:pageRange": "1399-1406", "prism:endingPage": "1406", "openaccessFlag": "false", "prism:doi": "10.1007/s00384-017-2870-0", "prism:startingPage": "1399", "dc:identifier": "SCOPUS_ID:85026845053", "dc:publisher": "Springer Verlagservice@springer.de"}, "idxterms": {"mainterm": [{"$": "Cardiovascular Diseases", "@weight": "b", "@candidate": "n"}, {"$": "Cecum", "@weight": "b", "@candidate": "n"}, {"$": "Colon, Ascending", "@weight": "b", "@candidate": "n"}, {"$": "Colonic Polyps", "@weight": "b", "@candidate": "n"}, {"$": "Humans", "@weight": "b", "@candidate": "n"}, {"$": "Postoperative Hemorrhage", "@weight": "b", "@candidate": "n"}, {"$": "Risk Factors", "@weight": "b", "@candidate": "n"}, {"$": "Time Factors", "@weight": "b", "@candidate": "n"}]}, "language": {"@xml:lang": "eng"}, "authkeywords": {"author-keyword": [{"@_fa": "true", "$": "Bleeding"}, {"@_fa": "true", "$": "Colonoscopy"}, {"@_fa": "true", "$": "Meta-analysis"}, {"@_fa": "true", "$": "Polypectomy"}, {"@_fa": "true", "$": "Risk factors"}]}, "subject-areas": {"subject-area": [{"@_fa": "true", "$": "Gastroenterology", "@code": "2715", "@abbrev": "MEDI"}]}, "authors": {"author": [{"ce:given-name": "Veeravich", "preferred-name": {"ce:given-name": "Veeravich", "ce:initials": "V.", "ce:surname": "Jaruvongvanich", "ce:indexed-name": "Jaruvongvanich V."}, "@seq": "1", "ce:initials": "V.", "@_fa": "true", "affiliation": [{"@id": "60008308", "@href": "https://api.elsevier.com/content/affiliation/affiliation_id/60008308"}, {"@id": "60022183", "@href": "https://api.elsevier.com/content/affiliation/affiliation_id/60022183"}], "ce:surname": "Jaruvongvanich", "@auid": "56589905600", "author-url": "https://api.elsevier.com/content/author/author_id/56589905600", "ce:indexed-name": "Jaruvongvanich V."}, {"ce:given-name": "Narut", "preferred-name": {"ce:given-name": "Narut", "ce:initials": "N.", "ce:surname": "Prasitlumkum", "ce:indexed-name": "Prasitlumkum N."}, "@seq": "2", "ce:initials": "N.", "@_fa": "true", "affiliation": {"@id": "60022183", "@href": "https://api.elsevier.com/content/affiliation/affiliation_id/60022183"}, "ce:surname": "Prasitlumkum", "@auid": "57195292360", "author-url": "https://api.elsevier.com/content/author/author_id/57195292360", "ce:indexed-name": "Prasitlumkum N."}, {"ce:given-name": "Buravej", "preferred-name": {"ce:given-name": "Buravej", "ce:initials": "B.", "ce:surname": "Assavapongpaiboon", "ce:indexed-name": "Assavapongpaiboon B."}, "@seq": "3", "ce:initials": "B.", "@_fa": "true", "affiliation": {"@id": "60022183", "@href": "https://api.elsevier.com/content/affiliation/affiliation_id/60022183"}, "ce:surname": "Assavapongpaiboon", "@auid": "57194153037", "author-url": "https://api.elsevier.com/content/author/author_id/57194153037", "ce:indexed-name": "Assavapongpaiboon B."}, {"ce:given-name": "Sakolwan", "preferred-name": {"ce:given-name": "Sakolwan", "ce:initials": "S.", "ce:surname": "Suchartlikitwong", "ce:indexed-name": "Suchartlikitwong S."}, "@seq": "4", "ce:initials": "S.", "@_fa": "true", "affiliation": [{"@id": "60022183", "@href": "https://api.elsevier.com/content/affiliation/affiliation_id/60022183"}, {"@id": "106449082", "@href": "https://api.elsevier.com/content/affiliation/affiliation_id/106449082"}], "ce:surname": "Suchartlikitwong", "@auid": "56659509400", "author-url": "https://api.elsevier.com/content/author/author_id/56659509400", "ce:indexed-name": "Suchartlikitwong S."}, {"ce:given-name": "Anawin", "preferred-name": {"ce:given-name": "Anawin", "ce:initials": "A.", "ce:surname": "Sanguankeo", "ce:indexed-name": "Sanguankeo A."}, "@seq": "5", "ce:initials": "A.", "@_fa": "true", "affiliation": [{"@id": "60011605", "@href": "https://api.elsevier.com/content/affiliation/affiliation_id/60011605"}, {"@id": "60011189", "@href": "https://api.elsevier.com/content/affiliation/affiliation_id/60011189"}], "ce:surname": "Sanguankeo", "@auid": "55229310700", "author-url": "https://api.elsevier.com/content/author/author_id/55229310700", "ce:indexed-name": "Sanguankeo A."}, {"ce:given-name": "Sikarin", "preferred-name": {"ce:given-name": "Sikarin", "ce:initials": "S.", "ce:surname": "Upala", "ce:indexed-name": "Upala S."}, "@seq": "6", "ce:initials": "S.", "@_fa": "true", "affiliation": [{"@id": "60011605", "@href": "https://api.elsevier.com/content/affiliation/affiliation_id/60011605"}, {"@id": "60011189", "@href": "https://api.elsevier.com/content/affiliation/affiliation_id/60011189"}], "ce:surname": "Upala", "@auid": "36109357800", "author-url": "https://api.elsevier.com/content/author/author_id/36109357800", "ce:indexed-name": "Upala S."}]}}}