{"abstracts-retrieval-response": {"item": {"ait:process-info": {"ait:status": {"@state": "update", "@type": "core", "@stage": "S300"}, "ait:date-delivered": {"@day": "23", "@timestamp": "2021-02-23T16:27:55.000055-05:00", "@year": "2021", "@month": "02"}, "ait:date-sort": {"@day": "01", "@year": "2017", "@month": "10"}}, "xocs:meta": {"xocs:funding-list": {"@pui-match": "primary", "@has-funding-info": "1", "xocs:funding": [{"xocs:funding-agency-matched-string": "Centre of Excellent in Clinical Virology"}, {"xocs:funding-agency-matched-string": "King Chulalongkorn Memorial Hospital", "xocs:funding-agency": "King Chulalongkorn Memorial Hospital", "xocs:funding-id": "PHD/0087/2554", "xocs:funding-agency-id": "http://data.elsevier.com/vocabulary/SciValFunders/100007693", "xocs:funding-agency-country": "http://sws.geonames.org/1605651/"}, {"xocs:funding-agency-matched-string": "Chulalongkorn University", "xocs:funding-agency-acronym": "CU", "xocs:funding-agency": "Chulalongkorn University", "xocs:funding-agency-id": "http://data.elsevier.com/vocabulary/SciValFunders/501100002873", "xocs:funding-agency-country": "http://sws.geonames.org/1605651/"}, {"xocs:funding-agency-matched-string": "National Science and Technology Development Agency", "xocs:funding-agency-acronym": "\u0e2a\u0e27\u0e17\u0e0a", "xocs:funding-agency": "National Science and Technology Development Agency", "xocs:funding-id": "P-15-50004", "xocs:funding-agency-id": "http://data.elsevier.com/vocabulary/SciValFunders/501100004192", "xocs:funding-agency-country": "http://sws.geonames.org/1605651/"}, {"xocs:funding-agency-matched-string": "National Research Council of Thailand", "xocs:funding-agency-acronym": "NRCT", "xocs:funding-agency": "National Research Council of Thailand", "xocs:funding-agency-id": "http://data.elsevier.com/vocabulary/SciValFunders/501100004704", "xocs:funding-agency-country": "http://sws.geonames.org/1605651/"}], "xocs:funding-addon-generated-timestamp": "2021-05-09T04:58:55.077504Z", "xocs:funding-text": "This study was funded by the National Research Council of Thailand, the Research Chair Grant from the National Science and Technology Development Agency (P-15-50004), the Centre of Excellent in Clinical Virology, Chulalongkorn University, King Chulalongkorn Memorial Hospital, the RGJ Ph.D. program (PHD/0087/2554), MK Restaurant Company Limited and Siam Cement Group, Chulalongkorn University.", "xocs:funding-addon-type": "http://vtw.elsevier.com/data/voc/AddOnTypes/50.7/aggregated-refined"}}, "bibrecord": {"head": {"author-group": [{"affiliation": {"country": "Thailand", "@afid": "60028190", "@country": "tha", "city": "Bangkok", "organization": [{"$": "Center of Excellence in Clinical Virology"}, {"$": "Faculty of Medicine"}, {"$": "Chulalongkorn University"}], "affiliation-id": {"@afid": "60028190", "@dptid": "104425854"}, "@dptid": "104425854"}, "author": [{"ce:given-name": "Jiratchaya", "preferred-name": {"ce:given-name": "Jiratchaya", "ce:initials": "J.", "ce:surname": "Puenpa", "ce:indexed-name": "Puenpa J."}, "@seq": "1", "ce:initials": "J.", "@_fa": "true", "@type": "auth", "ce:surname": "Puenpa", "@auid": "49663875500", "ce:indexed-name": "Puenpa J."}, {"ce:given-name": "Jira", "preferred-name": {"ce:given-name": "Jira", "ce:initials": "J.", "ce:surname": "Chansaenroj", "ce:indexed-name": "Chansaenroj J."}, "@seq": "3", "ce:initials": "J.", "@_fa": "true", "@type": "auth", "ce:surname": "Chansaenroj", "@auid": "26533939300", "ce:indexed-name": "Chansaenroj J."}, {"ce:given-name": "Sompong", "preferred-name": {"ce:given-name": "Sompong", "ce:initials": "S.", "ce:surname": "Vongpunsawad", "ce:indexed-name": "Vongpunsawad S."}, "@seq": "4", "ce:initials": "S.", "@_fa": "true", "@type": "auth", "ce:surname": "Vongpunsawad", "@auid": "7801645333", "ce:indexed-name": "Vongpunsawad S."}, {"ce:given-name": "Yong", "preferred-name": {"ce:given-name": "Yong", "ce:initials": "Y.", "ce:surname": "Poovorawan", "ce:indexed-name": "Poovorawan Y."}, "@seq": "5", "ce:initials": "Y.", "@date-locked": "2017-12-28T18:50:11.321", "@_fa": "true", "@type": "auth", "ce:surname": "Poovorawan", "@auid": "7102786191", "ce:indexed-name": "Poovorawan Y."}]}, {"affiliation": {"country": "Thailand", "@afid": "60199575", "@country": "tha", "city": "Bangkok", "organization": [{"$": "Department of Microbiology"}, {"$": "Faculty of Medicine"}, {"$": "Siriraj Hospital"}, {"$": "Mahidol University"}], "affiliation-id": [{"@afid": "60199575", "@dptid": "125771062"}, {"@afid": "60012718"}], "@dptid": "125771062"}, "author": [{"ce:given-name": "Kamol", "preferred-name": {"ce:given-name": "Kamol", "ce:initials": "K.", "ce:surname": "Suwannakarn", "ce:indexed-name": "Suwannakarn K."}, "@seq": "2", "ce:initials": "K.", "@_fa": "true", "@type": "auth", "ce:surname": "Suwannakarn", "@auid": "14008214700", "ce:indexed-name": "Suwannakarn K."}]}], "citation-title": "Development of single-step multiplex real-time RT-PCR assays for rapid diagnosis of enterovirus 71, coxsackievirus A6, and A16 in patients with hand, foot, and mouth disease", "abstracts": "\u00a9 2017 Elsevier B.V.Real-time reverse-transcription polymerase chain reaction (rRT-PCR) to detect enterovirus 71 (EV-A71) and coxsackievirus A16 (CV-A16) has facilitated the rapid and accurate identification of the two most common etiological agents underlying hand, foot, and mouth disease (HFMD). However, the worldwide emergence of CV-A6 infection in HFMD necessitates development of an improved multiplex rRT-PCR method. To rapidly determine the etiology of HFMD, two rRT-PCR assays using TaqMan probes were developed to differentiate among three selected common enteroviruses (EV-A71, CV-A16 and CV-A6) and to enable broad detection of enteroviruses (pan-enterovirus assay). No cross-reactions were observed with other RNA viruses examined. The detection limits of both assays were 10 copies per microliter for EV-A71, CV-A6 and CV-A16, and pan-enterovirus. The methods showed high accuracy (EV-A71, 90.6%; CV-A6, 92.0%; CV-A16, 100%), sensitivity (EV-A71, 96.5%; CV-A6, 95.8%; CV-A16, 99.0%), and specificity (EV-A71, 100%; CV-A6, 99.9%; CV-A16, 99.9%) in testing clinical specimens (n = 1049) during 2014\u20132016, superior to those of conventional RT-PCR. Overall, the multiplex rRT-PCR assays enabled highly sensitive detection and rapid simultaneous typing of EV-A71, CV-A6 and CV-A16, and enteroviruses, rendering them feasible and attractive methods for large-scale surveillance of enteroviruses associated with HFMD outbreaks.", "correspondence": {"affiliation": {"country": "Thailand", "@country": "tha", "city": "Bangkok", "organization": [{"$": "Center of Excellence in Clinical Virology"}, {"$": "Faculty of Medicine"}, {"$": "Chulalongkorn University"}]}, "person": {"ce:given-name": "Yong", "ce:initials": "Y.", "ce:surname": "Poovorawan", "ce:indexed-name": "Poovorawan Y."}}, "citation-info": {"author-keywords": {"author-keyword": [{"$": "Coxsackievirus A16", "@xml:lang": "eng"}, {"$": "Coxsackievirus A6", "@xml:lang": "eng"}, {"$": "Diagnosis", "@xml:lang": "eng"}, {"$": "Enterovirus 71", "@xml:lang": "eng"}, {"$": "Multiplex real-time RT-PCR", "@xml:lang": "eng"}, {"$": "Thailand", "@xml:lang": "eng"}]}, "citation-type": {"@code": "ar"}, "citation-language": {"@language": "English", "@xml:lang": "eng"}, "abstract-language": {"@language": "English", "@xml:lang": "eng"}}, "source": {"website": {"ce:e-address": {"$": "www.elsevier.com/locate/jviromet", "@type": "email"}}, "translated-sourcetitle": {"$": "Journal of Virological Methods", "@xml:lang": "eng"}, "volisspag": {"voliss": {"@volume": "248"}, "pagerange": {"@first": "92", "@last": "99"}}, "@type": "j", "sourcetitle": "Journal of Virological Methods", "publicationdate": {"month": "10", "year": "2017", "date-text": "October 2017", "day": "01"}, "codencode": "JVMED", "sourcetitle-abbrev": "J. Virol. Methods", "@country": "nld", "issn": [{"$": "18790984", "@type": "electronic"}, {"$": "01660934", "@type": "print"}], "publicationyear": {"@first": "2017"}, "publisher": {"publishername": "Elsevier B.V."}, "@srcid": "20241"}, "enhancement": {"classificationgroup": {"classifications": [{"@type": "CABSCLASS", "classification": {"classification-code": "86.7.4.1", "classification-description": "IMMUNOLOGY AND INFECTIOUS DISEASES; IMMUNITY TO INFECTION; Medical and Veterinary Virology; Diagnosis"}}, {"@type": "EMCLASS", "classification": {"classification-code": "4", "classification-description": "Microbiology: Bacteriology, Mycology, Parasitology and Virology"}}, {"@type": "ASJC", "classification": "2406"}, {"@type": "SUBJABBR", "classification": "IMMU"}]}, "chemicalgroup": {"chemicals": {"@source": "esbd", "chemical": {"cas-registry-number": "92354-95-5", "chemical-name": "protein VP1"}}}, "sequencebanks": {"sequencebank": {"@name": "GENBANK", "@complete": "y", "sequence-number": [{"$": "KY560577:KY560776", "@type": "submitted"}, {"$": "KY560777:KY560826", "@type": "submitted"}]}}}, "grantlist": {"@complete": "y", "grant-text": {"$": "This study was funded by the National Research Council of Thailand, the Research Chair Grant from the National Science and Technology Development Agency (P-15-50004), the Centre of Excellent in Clinical Virology, Chulalongkorn University, King Chulalongkorn Memorial Hospital, the RGJ Ph.D. program (PHD/0087/2554), MK Restaurant Company Limited and Siam Cement Group, Chulalongkorn University.", "@xml:lang": "eng"}, "grant": [{"grant-acronym": "NRCT", "grant-agency": {"@iso-code": "tha", "$": "National Research Council of Thailand"}}, {"grant-id": "P-15-50004", "grant-acronym": "NSTDA", "grant-agency": {"@iso-code": "tha", "$": "National Science and Technology Development Agency"}}]}}, "item-info": {"copyright": {"$": "Copyright 2018 Elsevier B.V., All rights reserved.", "@type": "Elsevier"}, "dbcollection": [{"$": "CABS"}, {"$": "EMBASE"}, {"$": "EMBIO"}, {"$": "MEDL"}, {"$": "REAXYSCAR"}, {"$": "RMC"}, {"$": "SCOPUS"}, {"$": "Scopusbase"}], "history": {"date-created": {"@day": "24", "@timestamp": "BST 11:41:23", "@year": "2018", "@month": "08"}}, "itemidlist": {"itemid": [{"$": "617179729", "@idtype": "PUI"}, {"$": "2017215913", "@idtype": "CABS"}, {"$": "666521320", "@idtype": "CAR-ID"}, {"$": "20170487318", "@idtype": "EMBASE"}, {"$": "2017102212", "@idtype": "EMBIO"}, {"$": "28662914", "@idtype": "MEDL"}, {"$": "20171209715", "@idtype": "REAXYSCAR"}, {"$": "2017194744", "@idtype": "RMC"}, {"$": "20181427434", "@idtype": "SCOPUS"}, {"$": "85021820101", "@idtype": "SCP"}, {"$": "85021820101", "@idtype": "SGR"}, {"$": "621943830", "@idtype": "PUIsecondary"}], "ce:pii": "S0166093417301751", "ce:doi": "10.1016/j.jviromet.2017.06.013"}}, "tail": {"bibliography": {"@refcount": "40", "reference": [{"ref-fulltext": "Alsop, J., Flewett, T.H., Foster, J.R., Hand-foot-and-mouth disease in Birmingham in 1959. Br. Med. J. 2 (1960), 1708\u20131711.", "@id": "1", "ref-info": {"ref-publicationyear": {"@first": "1960"}, "ref-title": {"ref-titletext": "Hand-foot-and-mouth disease in Birmingham in 1959"}, "refd-itemidlist": {"itemid": [{"$": "bib0005", "@idtype": "FRAGMENTID"}, {"$": "0000732860", "@idtype": "SGR"}]}, "ref-volisspag": {"voliss": {"@volume": "2"}, "pagerange": {"@first": "1708", "@last": "1711"}}, "ref-authors": {"author": [{"@seq": "1", "ce:initials": "J.", "@_fa": "true", "ce:surname": "Alsop", "ce:indexed-name": "Alsop J."}, {"@seq": "2", "ce:initials": "T.H.", "@_fa": "true", "ce:surname": "Flewett", "ce:indexed-name": "Flewett T.H."}, {"@seq": "3", "ce:initials": "J.R.", "@_fa": "true", "ce:surname": "Foster", "ce:indexed-name": "Foster J.R."}]}, "ref-sourcetitle": "Br. Med. J."}}, {"ref-fulltext": "Banta, J., Lenz, B., Pawlak, M., Laskoski, K., Seykora, C., Webber, B., Yun, H., Ritchie, S., Notes from the field: outbreak of hand, foot, and mouth disease caused by coxsackievirus A6 among basic military trainees \u2013 Texas, 2015. MMWR. Morb. Mortal. Wkly. Rep. 65 (2016), 678\u2013680.", "@id": "2", "ref-info": {"ref-publicationyear": {"@first": "2016"}, "ref-title": {"ref-titletext": "Notes from the field: outbreak of hand, foot, and mouth disease caused by coxsackievirus A6 among basic military trainees \u2013 Texas, 2015"}, "refd-itemidlist": {"itemid": [{"$": "bib0010", "@idtype": "FRAGMENTID"}, {"$": "85020374368", "@idtype": "SGR"}]}, "ref-volisspag": {"voliss": {"@volume": "65"}, "pagerange": {"@first": "678", "@last": "680"}}, "ref-authors": {"author": [{"@seq": "1", "ce:initials": "J.", "@_fa": "true", "ce:surname": "Banta", "ce:indexed-name": "Banta J."}, {"@seq": "2", "ce:initials": "B.", "@_fa": "true", "ce:surname": "Lenz", "ce:indexed-name": "Lenz B."}, {"@seq": "3", "ce:initials": "M.", "@_fa": "true", "ce:surname": "Pawlak", "ce:indexed-name": "Pawlak M."}, {"@seq": "4", "ce:initials": "K.", "@_fa": "true", "ce:surname": "Laskoski", "ce:indexed-name": "Laskoski K."}, {"@seq": "5", "ce:initials": "C.", "@_fa": "true", "ce:surname": "Seykora", "ce:indexed-name": "Seykora C."}, {"@seq": "6", "ce:initials": "B.", "@_fa": "true", "ce:surname": "Webber", "ce:indexed-name": "Webber B."}, {"@seq": "7", "ce:initials": "H.", "@_fa": "true", "ce:surname": "Yun", "ce:indexed-name": "Yun H."}, {"@seq": "8", "ce:initials": "S.", "@_fa": "true", "ce:surname": "Ritchie", "ce:indexed-name": "Ritchie S."}]}, "ref-sourcetitle": "MMWR. Morb. Mortal. Wkly. Rep."}}, {"ref-fulltext": "Blomberg, J., Lycke, E., Ahlfors, K., Johnsson, T., Wolontis, S., von Zeipel, G., Letter: new enterovirus type associated with epidemic of aseptic meningitis and-or hand, foot, and mouth disease. Lancet, 2, 1974, 112.", "@id": "3", "ref-info": {"ref-publicationyear": {"@first": "1974"}, "ref-title": {"ref-titletext": "Letter: new enterovirus type associated with epidemic of aseptic meningitis and-or hand, foot, and mouth disease"}, "refd-itemidlist": {"itemid": [{"$": "bib0015", "@idtype": "FRAGMENTID"}, {"$": "0016391374", "@idtype": "SGR"}]}, "ref-volisspag": {"voliss": {"@volume": "2"}, "pagerange": {"@first": "112"}}, "ref-authors": {"author": [{"@seq": "1", "ce:initials": "J.", "@_fa": "true", "ce:surname": "Blomberg", "ce:indexed-name": "Blomberg J."}, {"@seq": "2", "ce:initials": "E.", "@_fa": "true", "ce:surname": "Lycke", "ce:indexed-name": "Lycke E."}, {"@seq": "3", "ce:initials": "K.", "@_fa": "true", "ce:surname": "Ahlfors", "ce:indexed-name": "Ahlfors K."}, {"@seq": "4", "ce:initials": "T.", "@_fa": "true", "ce:surname": "Johnsson", "ce:indexed-name": "Johnsson T."}, {"@seq": "5", "ce:initials": "S.", "@_fa": "true", "ce:surname": "Wolontis", "ce:indexed-name": "Wolontis S."}, {"@seq": "6", "ce:initials": "G.", "@_fa": "true", "ce:surname": "von Zeipel", "ce:indexed-name": "von Zeipel G."}]}, "ref-sourcetitle": "Lancet"}}, {"ref-fulltext": "Chatproedprai, S., Tempark, T., Wanlapakorn, N., Puenpa, J., Wananukul, S., Poovorawan, Y., Unusual skin manifestation of hand, foot and mouth disease associated with coxsackievirus A6: cases report. Springerplus, 4, 2015, 362.", "@id": "4", "ref-info": {"ref-publicationyear": {"@first": "2015"}, "ref-title": {"ref-titletext": "Unusual skin manifestation of hand, foot and mouth disease associated with coxsackievirus A6: cases report"}, "refd-itemidlist": {"itemid": [{"$": "bib0020", "@idtype": "FRAGMENTID"}, {"$": "84938093938", "@idtype": "SGR"}]}, "ref-volisspag": {"voliss": {"@volume": "4"}, "pagerange": {"@first": "362"}}, "ref-authors": {"author": [{"@seq": "1", "ce:initials": "S.", "@_fa": "true", "ce:surname": "Chatproedprai", "ce:indexed-name": "Chatproedprai S."}, {"@seq": "2", "ce:initials": "T.", "@_fa": "true", "ce:surname": "Tempark", "ce:indexed-name": "Tempark T."}, {"@seq": "3", "ce:initials": "N.", "@_fa": "true", "ce:surname": "Wanlapakorn", "ce:indexed-name": "Wanlapakorn N."}, {"@seq": "4", "ce:initials": "J.", "@_fa": "true", "ce:surname": "Puenpa", "ce:indexed-name": "Puenpa J."}, {"@seq": "5", "ce:initials": "S.", "@_fa": "true", "ce:surname": "Wananukul", "ce:indexed-name": "Wananukul S."}, {"@seq": "6", "ce:initials": "Y.", "@_fa": "true", "ce:surname": "Poovorawan", "ce:indexed-name": "Poovorawan Y."}]}, "ref-sourcetitle": "Springerplus"}}, {"ref-fulltext": "Chen, T.C., Chen, G.W., Hsiung, C.A., Yang, J.Y., Shih, S.R., Lai, Y.K., Juang, J.L., Combining multiplex reverse transcription-PCR and a diagnostic microarray to detect and differentiate enterovirus 71 and coxsackievirus A16. J. Clin. Microbiol. 44 (2006), 2212\u20132219.", "@id": "5", "ref-info": {"ref-publicationyear": {"@first": "2006"}, "ref-title": {"ref-titletext": "Combining multiplex reverse transcription-PCR and a diagnostic microarray to detect and differentiate enterovirus 71 and coxsackievirus A16"}, "refd-itemidlist": {"itemid": [{"$": "bib0025", "@idtype": "FRAGMENTID"}, {"$": "33745159353", "@idtype": "SGR"}]}, "ref-volisspag": {"voliss": {"@volume": "44"}, "pagerange": {"@first": "2212", "@last": "2219"}}, "ref-authors": {"author": [{"@seq": "1", "ce:initials": "T.C.", "@_fa": "true", "ce:surname": "Chen", "ce:indexed-name": "Chen T.C."}, {"@seq": "2", "ce:initials": "G.W.", "@_fa": "true", "ce:surname": "Chen", "ce:indexed-name": "Chen G.W."}, {"@seq": "3", "ce:initials": "C.A.", "@_fa": "true", "ce:surname": "Hsiung", "ce:indexed-name": "Hsiung C.A."}, {"@seq": "4", "ce:initials": "J.Y.", "@_fa": "true", "ce:surname": "Yang", "ce:indexed-name": "Yang J.Y."}, {"@seq": "5", "ce:initials": "S.R.", "@_fa": "true", "ce:surname": "Shih", "ce:indexed-name": "Shih S.R."}, {"@seq": "6", "ce:initials": "Y.K.", "@_fa": "true", "ce:surname": "Lai", "ce:indexed-name": "Lai Y.K."}, {"@seq": "7", "ce:initials": "J.L.", "@_fa": "true", "ce:surname": "Juang", "ce:indexed-name": "Juang J.L."}]}, "ref-sourcetitle": "J. Clin. Microbiol."}}, {"ref-fulltext": "Chen, J., Zhang, R., Ou, X., Yao, D., Huang, Z., Li, L., Sun, B., Rapid detection of Enterovirus and Coxsackievirus A10 by a TaqMan based duplex one-step real time RT-PCR assay. Mol. Cell. Probes, 2017.", "@id": "6", "ref-info": {"ref-publicationyear": {"@first": "2017"}, "ref-title": {"ref-titletext": "Rapid detection of Enterovirus and Coxsackievirus A10 by a TaqMan based duplex one-step real time RT-PCR assay"}, "refd-itemidlist": {"itemid": [{"$": "bib0030", "@idtype": "FRAGMENTID"}, {"$": "85012895610", "@idtype": "SGR"}]}, "ref-authors": {"author": [{"@seq": "1", "ce:initials": "J.", "@_fa": "true", "ce:surname": "Chen", "ce:indexed-name": "Chen J."}, {"@seq": "2", "ce:initials": "R.", "@_fa": "true", "ce:surname": "Zhang", "ce:indexed-name": "Zhang R."}, {"@seq": "3", "ce:initials": "X.", "@_fa": "true", "ce:surname": "Ou", "ce:indexed-name": "Ou X."}, {"@seq": "4", "ce:initials": "D.", "@_fa": "true", "ce:surname": "Yao", "ce:indexed-name": "Yao D."}, {"@seq": "5", "ce:initials": "Z.", "@_fa": "true", "ce:surname": "Huang", "ce:indexed-name": "Huang Z."}, {"@seq": "6", "ce:initials": "L.", "@_fa": "true", "ce:surname": "Li", "ce:indexed-name": "Li L."}, {"@seq": "7", "ce:initials": "B.", "@_fa": "true", "ce:surname": "Sun", "ce:indexed-name": "Sun B."}]}, "ref-sourcetitle": "Mol. Cell. Probes"}}, {"ref-fulltext": "Cui, A., Xu, C., Tan, X., Zhang, Y., Zhu, Z., Mao, N., Lu, Y., Xu, W., The development and application of the two real-time RT-PCR assays to detect the pathogen of HFMD. PLoS One, 8, 2013, e61451.", "@id": "7", "ref-info": {"ref-publicationyear": {"@first": "2013"}, "ref-title": {"ref-titletext": "The development and application of the two real-time RT-PCR assays to detect the pathogen of HFMD"}, "refd-itemidlist": {"itemid": [{"$": "bib0035", "@idtype": "FRAGMENTID"}, {"$": "84876327577", "@idtype": "SGR"}]}, "ref-volisspag": {"voliss": {"@volume": "8"}, "pagerange": {"@first": "e61451"}}, "ref-authors": {"author": [{"@seq": "1", "ce:initials": "A.", "@_fa": "true", "ce:surname": "Cui", "ce:indexed-name": "Cui A."}, {"@seq": "2", "ce:initials": "C.", "@_fa": "true", "ce:surname": "Xu", "ce:indexed-name": "Xu C."}, {"@seq": "3", "ce:initials": "X.", "@_fa": "true", "ce:surname": "Tan", "ce:indexed-name": "Tan X."}, {"@seq": "4", "ce:initials": "Y.", "@_fa": "true", "ce:surname": "Zhang", "ce:indexed-name": "Zhang Y."}, {"@seq": "5", "ce:initials": "Z.", "@_fa": "true", "ce:surname": "Zhu", "ce:indexed-name": "Zhu Z."}, {"@seq": "6", "ce:initials": "N.", "@_fa": "true", "ce:surname": "Mao", "ce:indexed-name": "Mao N."}, {"@seq": "7", "ce:initials": "Y.", "@_fa": "true", "ce:surname": "Lu", "ce:indexed-name": "Lu Y."}, {"@seq": "8", "ce:initials": "W.", "@_fa": "true", "ce:surname": "Xu", "ce:indexed-name": "Xu W."}]}, "ref-sourcetitle": "PLoS One"}}, {"ref-fulltext": "Di, B., Zhang, Y., Xie, H., Li, X., Chen, C., Ding, P., He, P., Wang, D., Geng, J., Luo, L., Bai, Z., Yang, Z., Wang, M., Circulation of coxsackievirus A6 in hand-foot-mouth disease in guangzhou, 2010\u20132012. Virol. J., 11, 2014, 157.", "@id": "8", "ref-info": {"ref-publicationyear": {"@first": "2014"}, "ref-title": {"ref-titletext": "Circulation of coxsackievirus A6 in hand-foot-mouth disease in guangzhou, 2010\u20132012"}, "refd-itemidlist": {"itemid": [{"$": "bib0040", "@idtype": "FRAGMENTID"}, {"$": "84907915504", "@idtype": "SGR"}]}, "ref-volisspag": {"voliss": {"@volume": "11"}, "pagerange": {"@first": "157"}}, "ref-authors": {"author": [{"@seq": "1", "ce:initials": "B.", "@_fa": "true", "ce:surname": "Di", "ce:indexed-name": "Di B."}, {"@seq": "2", "ce:initials": "Y.", "@_fa": "true", "ce:surname": "Zhang", "ce:indexed-name": "Zhang Y."}, {"@seq": "3", "ce:initials": "H.", "@_fa": "true", "ce:surname": "Xie", "ce:indexed-name": "Xie H."}, {"@seq": "4", "ce:initials": "X.", "@_fa": "true", "ce:surname": "Li", "ce:indexed-name": "Li X."}, {"@seq": "5", "ce:initials": "C.", "@_fa": "true", "ce:surname": "Chen", "ce:indexed-name": "Chen C."}, {"@seq": "6", "ce:initials": "P.", "@_fa": "true", "ce:surname": "Ding", "ce:indexed-name": "Ding P."}, {"@seq": "7", "ce:initials": "P.", "@_fa": "true", "ce:surname": "He", "ce:indexed-name": "He P."}, {"@seq": "8", "ce:initials": "D.", "@_fa": "true", "ce:surname": "Wang", "ce:indexed-name": "Wang D."}, {"@seq": "9", "ce:initials": "J.", "@_fa": "true", "ce:surname": "Geng", "ce:indexed-name": "Geng J."}, {"@seq": "10", "ce:initials": "L.", "@_fa": "true", "ce:surname": "Luo", "ce:indexed-name": "Luo L."}, {"@seq": "11", "ce:initials": "Z.", "@_fa": "true", "ce:surname": "Bai", "ce:indexed-name": "Bai Z."}, {"@seq": "12", "ce:initials": "Z.", "@_fa": "true", "ce:surname": "Yang", "ce:indexed-name": "Yang Z."}, {"@seq": "13", "ce:initials": "M.", "@_fa": "true", "ce:surname": "Wang", "ce:indexed-name": "Wang M."}]}, "ref-sourcetitle": "Virol. J."}}, {"ref-fulltext": "Flett, K., Youngster, I., Huang, J., McAdam, A., Sandora, T.J., Rennick, M., Smole, S., Rogers, S.L., Nix, W.A., Oberste, M.S., Gellis, S., Ahmed, A.A., Hand, foot, and mouth disease caused by coxsackievirus a6. Emerg. Infect. Dis. 18 (2012), 1702\u20131704.", "@id": "9", "ref-info": {"ref-publicationyear": {"@first": "2012"}, "ref-title": {"ref-titletext": "Hand, foot, and mouth disease caused by coxsackievirus a6"}, "refd-itemidlist": {"itemid": [{"$": "bib0045", "@idtype": "FRAGMENTID"}, {"$": "84866532006", "@idtype": "SGR"}]}, "ref-volisspag": {"voliss": {"@volume": "18"}, "pagerange": {"@first": "1702", "@last": "1704"}}, "ref-authors": {"author": [{"@seq": "1", "ce:initials": "K.", "@_fa": "true", "ce:surname": "Flett", "ce:indexed-name": "Flett K."}, {"@seq": "2", "ce:initials": "I.", "@_fa": "true", "ce:surname": "Youngster", "ce:indexed-name": "Youngster I."}, {"@seq": "3", "ce:initials": "J.", "@_fa": "true", "ce:surname": "Huang", "ce:indexed-name": "Huang J."}, {"@seq": "4", "ce:initials": "A.", "@_fa": "true", "ce:surname": "McAdam", "ce:indexed-name": "McAdam A."}, {"@seq": "5", "ce:initials": "T.J.", "@_fa": "true", "ce:surname": "Sandora", "ce:indexed-name": "Sandora T.J."}, {"@seq": "6", "ce:initials": "M.", "@_fa": "true", "ce:surname": "Rennick", "ce:indexed-name": "Rennick M."}, {"@seq": "7", "ce:initials": "S.", "@_fa": "true", "ce:surname": "Smole", "ce:indexed-name": "Smole S."}, {"@seq": "8", "ce:initials": "S.L.", "@_fa": "true", "ce:surname": "Rogers", "ce:indexed-name": "Rogers S.L."}, {"@seq": "9", "ce:initials": "W.A.", "@_fa": "true", "ce:surname": "Nix", "ce:indexed-name": "Nix W.A."}, {"@seq": "10", "ce:initials": "M.S.", "@_fa": "true", "ce:surname": "Oberste", "ce:indexed-name": "Oberste M.S."}, {"@seq": "11", "ce:initials": "S.", "@_fa": "true", "ce:surname": "Gellis", "ce:indexed-name": "Gellis S."}, {"@seq": "12", "ce:initials": "A.A.", "@_fa": "true", "ce:surname": "Ahmed", "ce:indexed-name": "Ahmed A.A."}]}, "ref-sourcetitle": "Emerg. Infect. Dis."}}, {"ref-fulltext": "Fujimoto, T., Iizuka, S., Enomoto, M., Abe, K., Yamashita, K., Hanaoka, N., Okabe, N., Yoshida, H., Yasui, Y., Kobayashi, M., Fujii, Y., Tanaka, H., Yamamoto, M., Shimizu, H., Hand, foot, and mouth disease caused by coxsackievirus A6, Japan, 2011. Emerg. Infect. Dis. 18 (2012), 337\u2013339.", "@id": "10", "ref-info": {"ref-publicationyear": {"@first": "2012"}, "ref-title": {"ref-titletext": "Hand, foot, and mouth disease caused by coxsackievirus A6, Japan, 2011"}, "refd-itemidlist": {"itemid": [{"$": "bib0050", "@idtype": "FRAGMENTID"}, {"$": "84856405504", "@idtype": "SGR"}]}, "ref-volisspag": {"voliss": {"@volume": "18"}, "pagerange": {"@first": "337", "@last": "339"}}, "ref-authors": {"author": [{"@seq": "1", "ce:initials": "T.", "@_fa": "true", "ce:surname": "Fujimoto", "ce:indexed-name": "Fujimoto T."}, {"@seq": "2", "ce:initials": "S.", "@_fa": "true", "ce:surname": "Iizuka", "ce:indexed-name": "Iizuka S."}, {"@seq": "3", "ce:initials": "M.", "@_fa": "true", "ce:surname": "Enomoto", "ce:indexed-name": "Enomoto M."}, {"@seq": "4", "ce:initials": "K.", "@_fa": "true", "ce:surname": "Abe", "ce:indexed-name": "Abe K."}, {"@seq": "5", "ce:initials": "K.", "@_fa": "true", "ce:surname": "Yamashita", "ce:indexed-name": "Yamashita K."}, {"@seq": "6", "ce:initials": "N.", "@_fa": "true", "ce:surname": "Hanaoka", "ce:indexed-name": "Hanaoka N."}, {"@seq": "7", "ce:initials": "N.", "@_fa": "true", "ce:surname": "Okabe", "ce:indexed-name": "Okabe N."}, {"@seq": "8", "ce:initials": "H.", "@_fa": "true", "ce:surname": "Yoshida", "ce:indexed-name": "Yoshida H."}, {"@seq": "9", "ce:initials": "Y.", "@_fa": "true", "ce:surname": "Yasui", "ce:indexed-name": "Yasui Y."}, {"@seq": "10", "ce:initials": "M.", "@_fa": "true", "ce:surname": "Kobayashi", "ce:indexed-name": "Kobayashi M."}, {"@seq": "11", "ce:initials": "Y.", "@_fa": "true", "ce:surname": "Fujii", "ce:indexed-name": "Fujii Y."}, {"@seq": "12", "ce:initials": "H.", "@_fa": "true", "ce:surname": "Tanaka", "ce:indexed-name": "Tanaka H."}, {"@seq": "13", "ce:initials": "M.", "@_fa": "true", "ce:surname": "Yamamoto", "ce:indexed-name": "Yamamoto M."}, {"@seq": "14", "ce:initials": "H.", "@_fa": "true", "ce:surname": "Shimizu", "ce:indexed-name": "Shimizu H."}]}, "ref-sourcetitle": "Emerg. Infect. Dis."}}, {"ref-fulltext": "Gobara, F., Itagaki, A., Ito, Y., Saito, K., Katsumoto, T., Properties of virus isolated from an epidemic of hand-foot-and-mouth disease in 1973 in the city of Matsue. Comparison with Coxsackievirus group A type 16 prototype. Microbiol. Immunol. 21 (1977), 207\u2013217.", "@id": "11", "ref-info": {"ref-publicationyear": {"@first": "1977"}, "ref-title": {"ref-titletext": "Properties of virus isolated from an epidemic of hand-foot-and-mouth disease in 1973 in the city of Matsue. Comparison with Coxsackievirus group A type 16 prototype"}, "refd-itemidlist": {"itemid": [{"$": "bib0055", "@idtype": "FRAGMENTID"}, {"$": "0017656431", "@idtype": "SGR"}]}, "ref-volisspag": {"voliss": {"@volume": "21"}, "pagerange": {"@first": "207", "@last": "217"}}, "ref-authors": {"author": [{"@seq": "1", "ce:initials": "F.", "@_fa": "true", "ce:surname": "Gobara", "ce:indexed-name": "Gobara F."}, {"@seq": "2", "ce:initials": "A.", "@_fa": "true", "ce:surname": "Itagaki", "ce:indexed-name": "Itagaki A."}, {"@seq": "3", "ce:initials": "Y.", "@_fa": "true", "ce:surname": "Ito", "ce:indexed-name": "Ito Y."}, {"@seq": "4", "ce:initials": "K.", "@_fa": "true", "ce:surname": "Saito", "ce:indexed-name": "Saito K."}, {"@seq": "5", "ce:initials": "T.", "@_fa": "true", "ce:surname": "Katsumoto", "ce:indexed-name": "Katsumoto T."}]}, "ref-sourcetitle": "Microbiol. Immunol."}}, {"ref-fulltext": "Gopalkrishna, V., Patil, P.R., Patil, G.P., Chitambar, S.D., Circulation of multiple enterovirus serotypes causing hand, foot and mouth disease in India. J. Med. Microbiol. 61 (2012), 420\u2013425.", "@id": "12", "ref-info": {"ref-publicationyear": {"@first": "2012"}, "ref-title": {"ref-titletext": "Circulation of multiple enterovirus serotypes causing hand, foot and mouth disease in India"}, "refd-itemidlist": {"itemid": [{"$": "bib0060", "@idtype": "FRAGMENTID"}, {"$": "84857089502", "@idtype": "SGR"}]}, "ref-volisspag": {"voliss": {"@volume": "61"}, "pagerange": {"@first": "420", "@last": "425"}}, "ref-authors": {"author": [{"@seq": "1", "ce:initials": "V.", "@_fa": "true", "ce:surname": "Gopalkrishna", "ce:indexed-name": "Gopalkrishna V."}, {"@seq": "2", "ce:initials": "P.R.", "@_fa": "true", "ce:surname": "Patil", "ce:indexed-name": "Patil P.R."}, {"@seq": "3", "ce:initials": "G.P.", "@_fa": "true", "ce:surname": "Patil", "ce:indexed-name": "Patil G.P."}, {"@seq": "4", "ce:initials": "S.D.", "@_fa": "true", "ce:surname": "Chitambar", "ce:indexed-name": "Chitambar S.D."}]}, "ref-sourcetitle": "J. Med. Microbiol."}}, {"ref-fulltext": "Hagiwara, A., Tagaya, I., Yoneyama, T., Epidemic of hand, foot and mouth disease associated with enterovirus 71 infection. Intervirology 9 (1978), 60\u201363.", "@id": "13", "ref-info": {"ref-publicationyear": {"@first": "1978"}, "ref-title": {"ref-titletext": "Epidemic of hand, foot and mouth disease associated with enterovirus 71 infection"}, "refd-itemidlist": {"itemid": [{"$": "bib0065", "@idtype": "FRAGMENTID"}, {"$": "0017913269", "@idtype": "SGR"}]}, "ref-volisspag": {"voliss": {"@volume": "9"}, "pagerange": {"@first": "60", "@last": "63"}}, "ref-authors": {"author": [{"@seq": "1", "ce:initials": "A.", "@_fa": "true", "ce:surname": "Hagiwara", "ce:indexed-name": "Hagiwara A."}, {"@seq": "2", "ce:initials": "I.", "@_fa": "true", "ce:surname": "Tagaya", "ce:indexed-name": "Tagaya I."}, {"@seq": "3", "ce:initials": "T.", "@_fa": "true", "ce:surname": "Yoneyama", "ce:indexed-name": "Yoneyama T."}]}, "ref-sourcetitle": "Intervirology"}}, {"ref-fulltext": "Holmes, E.C., Molecular clocks and the puzzle of RNA virus origins. J. Virol. 77 (2003), 3893\u20133897.", "@id": "14", "ref-info": {"ref-publicationyear": {"@first": "2003"}, "ref-title": {"ref-titletext": "Molecular clocks and the puzzle of RNA virus origins"}, "refd-itemidlist": {"itemid": [{"$": "bib0070", "@idtype": "FRAGMENTID"}, {"$": "0037377762", "@idtype": "SGR"}]}, "ref-volisspag": {"voliss": {"@volume": "77"}, "pagerange": {"@first": "3893", "@last": "3897"}}, "ref-authors": {"author": [{"@seq": "1", "ce:initials": "E.C.", "@_fa": "true", "ce:surname": "Holmes", "ce:indexed-name": "Holmes E.C."}]}, "ref-sourcetitle": "J. Virol."}}, {"ref-fulltext": "Hu, X., Zhang, Y., Zhou, X., Xu, B., Yang, M., Wang, M., Zhang, C., Li, J., Bai, R., Xu, W., Ma, X., Simultaneously typing nine serotypes of enteroviruses associated with hand, foot, and mouth disease by a GeXP analyzer-based multiplex reverse transcription-PCR assay. J. Clin. Microbiol. 50 (2012), 288\u2013293.", "@id": "15", "ref-info": {"ref-publicationyear": {"@first": "2012"}, "ref-title": {"ref-titletext": "Simultaneously typing nine serotypes of enteroviruses associated with hand, foot, and mouth disease by a GeXP analyzer-based multiplex reverse transcription-PCR assay"}, "refd-itemidlist": {"itemid": [{"$": "bib0075", "@idtype": "FRAGMENTID"}, {"$": "84862908031", "@idtype": "SGR"}]}, "ref-volisspag": {"voliss": {"@volume": "50"}, "pagerange": {"@first": "288", "@last": "293"}}, "ref-authors": {"author": [{"@seq": "1", "ce:initials": "X.", "@_fa": "true", "ce:surname": "Hu", "ce:indexed-name": "Hu X."}, {"@seq": "2", "ce:initials": "Y.", "@_fa": "true", "ce:surname": "Zhang", "ce:indexed-name": "Zhang Y."}, {"@seq": "3", "ce:initials": "X.", "@_fa": "true", "ce:surname": "Zhou", "ce:indexed-name": "Zhou X."}, {"@seq": "4", "ce:initials": "B.", "@_fa": "true", "ce:surname": "Xu", "ce:indexed-name": "Xu B."}, {"@seq": "5", "ce:initials": "M.", "@_fa": "true", "ce:surname": "Yang", "ce:indexed-name": "Yang M."}, {"@seq": "6", "ce:initials": "M.", "@_fa": "true", "ce:surname": "Wang", "ce:indexed-name": "Wang M."}, {"@seq": "7", "ce:initials": "C.", "@_fa": "true", "ce:surname": "Zhang", "ce:indexed-name": "Zhang C."}, {"@seq": "8", "ce:initials": "J.", "@_fa": "true", "ce:surname": "Li", "ce:indexed-name": "Li J."}, {"@seq": "9", "ce:initials": "R.", "@_fa": "true", "ce:surname": "Bai", "ce:indexed-name": "Bai R."}, {"@seq": "10", "ce:initials": "W.", "@_fa": "true", "ce:surname": "Xu", "ce:indexed-name": "Xu W."}, {"@seq": "11", "ce:initials": "X.", "@_fa": "true", "ce:surname": "Ma", "ce:indexed-name": "Ma X."}]}, "ref-sourcetitle": "J. Clin. Microbiol."}}, {"ref-fulltext": "Hwang, S., Kang, B., Hong, J., Kim, A., Kim, H., Kim, K., Cheon, D.S., Development of duplex real-time RT-PCR based on Taqman technology for detecting simultaneously the genome of pan-enterovirus and enterovirus 71. J. Med. Virol. 85 (2013), 1274\u20131279.", "@id": "16", "ref-info": {"ref-publicationyear": {"@first": "2013"}, "ref-title": {"ref-titletext": "Development of duplex real-time RT-PCR based on Taqman technology for detecting simultaneously the genome of pan-enterovirus and enterovirus 71"}, "refd-itemidlist": {"itemid": [{"$": "bib0080", "@idtype": "FRAGMENTID"}, {"$": "84878223543", "@idtype": "SGR"}]}, "ref-volisspag": {"voliss": {"@volume": "85"}, "pagerange": {"@first": "1274", "@last": "1279"}}, "ref-authors": {"author": [{"@seq": "1", "ce:initials": "S.", "@_fa": "true", "ce:surname": "Hwang", "ce:indexed-name": "Hwang S."}, {"@seq": "2", "ce:initials": "B.", "@_fa": "true", "ce:surname": "Kang", "ce:indexed-name": "Kang B."}, {"@seq": "3", "ce:initials": "J.", "@_fa": "true", "ce:surname": "Hong", "ce:indexed-name": "Hong J."}, {"@seq": "4", "ce:initials": "A.", "@_fa": "true", "ce:surname": "Kim", "ce:indexed-name": "Kim A."}, {"@seq": "5", "ce:initials": "H.", "@_fa": "true", "ce:surname": "Kim", "ce:indexed-name": "Kim H."}, {"@seq": "6", "ce:initials": "K.", "@_fa": "true", "ce:surname": "Kim", "ce:indexed-name": "Kim K."}, {"@seq": "7", "ce:initials": "D.S.", "@_fa": "true", "ce:surname": "Cheon", "ce:indexed-name": "Cheon D.S."}]}, "ref-sourcetitle": "J. Med. Virol."}}, {"ref-fulltext": "Knowles, N.J., Hovi, T., Hyypi\u00e4, T., King, A.M.Q., Lindberg, M., Pallansch, M.A., Palmenberg, A.C., Simmonds, P., Skern, T., Stanway, G., Yamashita, T., Zell, R., Family picornaviridae. Virus Taxonomy: Ninth Report of the International Committee on Taxonomy of Viruses, 2012, 855\u2013880.", "@id": "17", "ref-info": {"ref-publicationyear": {"@first": "2012"}, "ref-title": {"ref-titletext": "Family picornaviridae"}, "refd-itemidlist": {"itemid": [{"$": "bib0085", "@idtype": "FRAGMENTID"}, {"$": "84858002398", "@idtype": "SGR"}]}, "ref-volisspag": {"pagerange": {"@first": "855", "@last": "880"}}, "ref-authors": {"author": [{"@seq": "1", "ce:initials": "N.J.", "@_fa": "true", "ce:surname": "Knowles", "ce:indexed-name": "Knowles N.J."}, {"@seq": "2", "ce:initials": "T.", "@_fa": "true", "ce:surname": "Hovi", "ce:indexed-name": "Hovi T."}, {"@seq": "3", "ce:initials": "T.", "@_fa": "true", "ce:surname": "Hyypi\u00e4", "ce:indexed-name": "Hyypia T."}, {"@seq": "4", "ce:initials": "A.M.Q.", "@_fa": "true", "ce:surname": "King", "ce:indexed-name": "King A.M.Q."}, {"@seq": "5", "ce:initials": "M.", "@_fa": "true", "ce:surname": "Lindberg", "ce:indexed-name": "Lindberg M."}, {"@seq": "6", "ce:initials": "M.A.", "@_fa": "true", "ce:surname": "Pallansch", "ce:indexed-name": "Pallansch M.A."}, {"@seq": "7", "ce:initials": "A.C.", "@_fa": "true", "ce:surname": "Palmenberg", "ce:indexed-name": "Palmenberg A.C."}, {"@seq": "8", "ce:initials": "P.", "@_fa": "true", "ce:surname": "Simmonds", "ce:indexed-name": "Simmonds P."}, {"@seq": "9", "ce:initials": "T.", "@_fa": "true", "ce:surname": "Skern", "ce:indexed-name": "Skern T."}, {"@seq": "10", "ce:initials": "G.", "@_fa": "true", "ce:surname": "Stanway", "ce:indexed-name": "Stanway G."}, {"@seq": "11", "ce:initials": "T.", "@_fa": "true", "ce:surname": "Yamashita", "ce:indexed-name": "Yamashita T."}, {"@seq": "12", "ce:initials": "R.", "@_fa": "true", "ce:surname": "Zell", "ce:indexed-name": "Zell R."}]}, "ref-sourcetitle": "Virus Taxonomy: Ninth Report of the International Committee on Taxonomy of Viruses"}}, {"ref-fulltext": "Li, R., Liu, L., Mo, Z., Wang, X., Xia, J., Liang, Z., Zhang, Y., Li, Y., Mao, Q., Wang, J., Jiang, L., Dong, C., Che, Y., Huang, T., Jiang, Z., Xie, Z., Wang, L., Liao, Y., Liang, Y., Nong, Y., Liu, J., Zhao, H., Na, R., Guo, L., Pu, J., Yang, E., Sun, L., Cui, P., Shi, H., Wang, J., Li, Q., An inactivated enterovirus 71 vaccine in healthy children. N. Engl. J. Med. 370 (2014), 829\u2013837.", "@id": "18", "ref-info": {"ref-publicationyear": {"@first": "2014"}, "ref-title": {"ref-titletext": "An inactivated enterovirus 71 vaccine in healthy children"}, "refd-itemidlist": {"itemid": [{"$": "bib0090", "@idtype": "FRAGMENTID"}, {"$": "84896713013", "@idtype": "SGR"}]}, "ref-volisspag": {"voliss": {"@volume": "370"}, "pagerange": {"@first": "829", "@last": "837"}}, "ref-authors": {"author": [{"@seq": "1", "ce:initials": "R.", "@_fa": "true", "ce:surname": "Li", "ce:indexed-name": "Li R."}, {"@seq": "2", "ce:initials": "L.", "@_fa": "true", "ce:surname": "Liu", "ce:indexed-name": "Liu L."}, {"@seq": "3", "ce:initials": "Z.", "@_fa": "true", "ce:surname": "Mo", "ce:indexed-name": "Mo Z."}, {"@seq": "4", "ce:initials": "X.", "@_fa": "true", "ce:surname": "Wang", "ce:indexed-name": "Wang X."}, {"@seq": "5", "ce:initials": "J.", "@_fa": "true", "ce:surname": "Xia", "ce:indexed-name": "Xia J."}, {"@seq": "6", "ce:initials": "Z.", "@_fa": "true", "ce:surname": "Liang", "ce:indexed-name": "Liang Z."}, {"@seq": "7", "ce:initials": "Y.", "@_fa": "true", "ce:surname": "Zhang", "ce:indexed-name": "Zhang Y."}, {"@seq": "8", "ce:initials": "Y.", "@_fa": "true", "ce:surname": "Li", "ce:indexed-name": "Li Y."}, {"@seq": "9", "ce:initials": "Q.", "@_fa": "true", "ce:surname": "Mao", "ce:indexed-name": "Mao Q."}, {"@seq": "10", "ce:initials": "J.", "@_fa": "true", "ce:surname": "Wang", "ce:indexed-name": "Wang J."}, {"@seq": "11", "ce:initials": "L.", "@_fa": "true", "ce:surname": "Jiang", "ce:indexed-name": "Jiang L."}, {"@seq": "12", "ce:initials": "C.", "@_fa": "true", "ce:surname": "Dong", "ce:indexed-name": "Dong C."}, {"@seq": "13", "ce:initials": "Y.", "@_fa": "true", "ce:surname": "Che", "ce:indexed-name": "Che Y."}, {"@seq": "14", "ce:initials": "T.", "@_fa": "true", "ce:surname": "Huang", "ce:indexed-name": "Huang T."}, {"@seq": "15", "ce:initials": "Z.", "@_fa": "true", "ce:surname": "Jiang", "ce:indexed-name": "Jiang Z."}, {"@seq": "16", "ce:initials": "Z.", "@_fa": "true", "ce:surname": "Xie", "ce:indexed-name": "Xie Z."}, {"@seq": "17", "ce:initials": "L.", "@_fa": "true", "ce:surname": "Wang", "ce:indexed-name": "Wang L."}, {"@seq": "18", "ce:initials": "Y.", "@_fa": "true", "ce:surname": "Liao", "ce:indexed-name": "Liao Y."}, {"@seq": "19", "ce:initials": "Y.", "@_fa": "true", "ce:surname": "Liang", "ce:indexed-name": "Liang Y."}, {"@seq": "20", "ce:initials": "Y.", "@_fa": "true", "ce:surname": "Nong", "ce:indexed-name": "Nong Y."}, {"@seq": "21", "ce:initials": "J.", "@_fa": "true", "ce:surname": "Liu", "ce:indexed-name": "Liu J."}, {"@seq": "22", "ce:initials": "H.", "@_fa": "true", "ce:surname": "Zhao", "ce:indexed-name": "Zhao H."}, {"@seq": "23", "ce:initials": "R.", "@_fa": "true", "ce:surname": "Na", "ce:indexed-name": "Na R."}, {"@seq": "24", "ce:initials": "L.", "@_fa": "true", "ce:surname": "Guo", "ce:indexed-name": "Guo L."}, {"@seq": "25", "ce:initials": "J.", "@_fa": "true", "ce:surname": "Pu", "ce:indexed-name": "Pu J."}, {"@seq": "26", "ce:initials": "E.", "@_fa": "true", "ce:surname": "Yang", "ce:indexed-name": "Yang E."}, {"@seq": "27", "ce:initials": "L.", "@_fa": "true", "ce:surname": "Sun", "ce:indexed-name": "Sun L."}, {"@seq": "28", "ce:initials": "P.", "@_fa": "true", "ce:surname": "Cui", "ce:indexed-name": "Cui P."}, {"@seq": "29", "ce:initials": "H.", "@_fa": "true", "ce:surname": "Shi", "ce:indexed-name": "Shi H."}, {"@seq": "30", "ce:initials": "J.", "@_fa": "true", "ce:surname": "Wang", "ce:indexed-name": "Wang J."}, {"@seq": "31", "ce:initials": "Q.", "@_fa": "true", "ce:surname": "Li", "ce:indexed-name": "Li Q."}]}, "ref-sourcetitle": "N. Engl. J. Med."}}, {"ref-fulltext": "Linsuwanon, P., Poovorawan, Y., Li, L., Deng, X., Vongpunsawad, S., Delwart, E., The fecal virome of children with hand, foot, and mouth disease that tested PCR negative for pathogenic enteroviruses. PLoS One, 10, 2015, e0135573.", "@id": "19", "ref-info": {"ref-publicationyear": {"@first": "2015"}, "ref-title": {"ref-titletext": "The fecal virome of children with hand, foot, and mouth disease that tested PCR negative for pathogenic enteroviruses"}, "refd-itemidlist": {"itemid": [{"$": "bib0095", "@idtype": "FRAGMENTID"}, {"$": "84942626790", "@idtype": "SGR"}]}, "ref-volisspag": {"voliss": {"@volume": "10"}, "pagerange": {"@first": "e0135573"}}, "ref-authors": {"author": [{"@seq": "1", "ce:initials": "P.", "@_fa": "true", "ce:surname": "Linsuwanon", "ce:indexed-name": "Linsuwanon P."}, {"@seq": "2", "ce:initials": "Y.", "@_fa": "true", "ce:surname": "Poovorawan", "ce:indexed-name": "Poovorawan Y."}, {"@seq": "3", "ce:initials": "L.", "@_fa": "true", "ce:surname": "Li", "ce:indexed-name": "Li L."}, {"@seq": "4", "ce:initials": "X.", "@_fa": "true", "ce:surname": "Deng", "ce:indexed-name": "Deng X."}, {"@seq": "5", "ce:initials": "S.", "@_fa": "true", "ce:surname": "Vongpunsawad", "ce:indexed-name": "Vongpunsawad S."}, {"@seq": "6", "ce:initials": "E.", "@_fa": "true", "ce:surname": "Delwart", "ce:indexed-name": "Delwart E."}]}, "ref-sourcetitle": "PLoS One"}}, {"ref-fulltext": "Mirand, A., le Sage, F.V., Pereira, B., Cohen, R., Levy, C., Archimbaud, C., Peigue-Lafeuille, H., Bailly, J.L., Henquell, C., Ambulatory pediatric surveillance of hand, foot and mouth disease as signal of an outbreak of coxsackievirus A6 infections, France, 2014\u20132015. Emerg. Infect. Dis. 22 (2016), 1884\u20131893.", "@id": "20", "ref-info": {"ref-publicationyear": {"@first": "2016"}, "ref-title": {"ref-titletext": "Ambulatory pediatric surveillance of hand, foot and mouth disease as signal of an outbreak of coxsackievirus A6 infections, France, 2014\u20132015"}, "refd-itemidlist": {"itemid": [{"$": "bib0100", "@idtype": "FRAGMENTID"}, {"$": "84992047556", "@idtype": "SGR"}]}, "ref-volisspag": {"voliss": {"@volume": "22"}, "pagerange": {"@first": "1884", "@last": "1893"}}, "ref-authors": {"author": [{"@seq": "1", "ce:initials": "A.", "@_fa": "true", "ce:surname": "Mirand", "ce:indexed-name": "Mirand A."}, {"@seq": "2", "ce:initials": "F.V.", "@_fa": "true", "ce:surname": "le Sage", "ce:indexed-name": "le Sage F.V."}, {"@seq": "3", "ce:initials": "B.", "@_fa": "true", "ce:surname": "Pereira", "ce:indexed-name": "Pereira B."}, {"@seq": "4", "ce:initials": "R.", "@_fa": "true", "ce:surname": "Cohen", "ce:indexed-name": "Cohen R."}, {"@seq": "5", "ce:initials": "C.", "@_fa": "true", "ce:surname": "Levy", "ce:indexed-name": "Levy C."}, {"@seq": "6", "ce:initials": "C.", "@_fa": "true", "ce:surname": "Archimbaud", "ce:indexed-name": "Archimbaud C."}, {"@seq": "7", "ce:initials": "H.", "@_fa": "true", "ce:surname": "Peigue-Lafeuille", "ce:indexed-name": "Peigue-Lafeuille H."}, {"@seq": "8", "ce:initials": "J.L.", "@_fa": "true", "ce:surname": "Bailly", "ce:indexed-name": "Bailly J.L."}, {"@seq": "9", "ce:initials": "C.", "@_fa": "true", "ce:surname": "Henquell", "ce:indexed-name": "Henquell C."}]}, "ref-sourcetitle": "Emerg. Infect. Dis."}}, {"ref-fulltext": "Montes, M., Artieda, J., Pineiro, L.D., Gastesi, M., Diez-Nieves, I., Cilla, G., Hand, foot, and mouth disease outbreak and coxsackievirus A6, northern Spain, 2011. Emerg. Infect. Dis., 19, 2013.", "@id": "21", "ref-info": {"ref-publicationyear": {"@first": "2013"}, "ref-title": {"ref-titletext": "Hand, foot, and mouth disease outbreak and coxsackievirus A6, northern Spain, 2011"}, "refd-itemidlist": {"itemid": [{"$": "bib0105", "@idtype": "FRAGMENTID"}, {"$": "84875362268", "@idtype": "SGR"}]}, "ref-volisspag": {"voliss": {"@volume": "19"}}, "ref-authors": {"author": [{"@seq": "1", "ce:initials": "M.", "@_fa": "true", "ce:surname": "Montes", "ce:indexed-name": "Montes M."}, {"@seq": "2", "ce:initials": "J.", "@_fa": "true", "ce:surname": "Artieda", "ce:indexed-name": "Artieda J."}, {"@seq": "3", "ce:initials": "L.D.", "@_fa": "true", "ce:surname": "Pineiro", "ce:indexed-name": "Pineiro L.D."}, {"@seq": "4", "ce:initials": "M.", "@_fa": "true", "ce:surname": "Gastesi", "ce:indexed-name": "Gastesi M."}, {"@seq": "5", "ce:initials": "I.", "@_fa": "true", "ce:surname": "Diez-Nieves", "ce:indexed-name": "Diez-Nieves I."}, {"@seq": "6", "ce:initials": "G.", "@_fa": "true", "ce:surname": "Cilla", "ce:indexed-name": "Cilla G."}]}, "ref-sourcetitle": "Emerg. Infect. Dis."}}, {"ref-fulltext": "Osterback, R., Vuorinen, T., Linna, M., Susi, P., Hyypia, T., Waris, M., Coxsackievirus A6 and hand foot, and mouth disease, Finland. Emerg. Infect. Dis. 15 (2009), 1485\u20131488.", "@id": "22", "ref-info": {"ref-publicationyear": {"@first": "2009"}, "ref-title": {"ref-titletext": "Coxsackievirus A6 and hand foot, and mouth disease, Finland"}, "refd-itemidlist": {"itemid": [{"$": "bib0110", "@idtype": "FRAGMENTID"}, {"$": "70249116475", "@idtype": "SGR"}]}, "ref-volisspag": {"voliss": {"@volume": "15"}, "pagerange": {"@first": "1485", "@last": "1488"}}, "ref-authors": {"author": [{"@seq": "1", "ce:initials": "R.", "@_fa": "true", "ce:surname": "Osterback", "ce:indexed-name": "Osterback R."}, {"@seq": "2", "ce:initials": "T.", "@_fa": "true", "ce:surname": "Vuorinen", "ce:indexed-name": "Vuorinen T."}, {"@seq": "3", "ce:initials": "M.", "@_fa": "true", "ce:surname": "Linna", "ce:indexed-name": "Linna M."}, {"@seq": "4", "ce:initials": "P.", "@_fa": "true", "ce:surname": "Susi", "ce:indexed-name": "Susi P."}, {"@seq": "5", "ce:initials": "T.", "@_fa": "true", "ce:surname": "Hyypia", "ce:indexed-name": "Hyypia T."}, {"@seq": "6", "ce:initials": "M.", "@_fa": "true", "ce:surname": "Waris", "ce:indexed-name": "Waris M."}]}, "ref-sourcetitle": "Emerg. Infect. Dis."}}, {"ref-fulltext": "Payungporn, S., Chutinimitkul, S., Chaisingh, A., Damrongwantanapokin, S., Buranathai, C., Amonsin, A., Theamboonlers, A., Poovorawan, Y., Single step multiplex real-time RT-PCR for H5N1 influenza A virus detection. J. Virol. Methods 131 (2006), 143\u2013147.", "@id": "23", "ref-info": {"ref-publicationyear": {"@first": "2006"}, "ref-title": {"ref-titletext": "Single step multiplex real-time RT-PCR for H5N1 influenza A virus detection"}, "refd-itemidlist": {"itemid": [{"$": "bib0115", "@idtype": "FRAGMENTID"}, {"$": "30644470391", "@idtype": "SGR"}]}, "ref-volisspag": {"voliss": {"@volume": "131"}, "pagerange": {"@first": "143", "@last": "147"}}, "ref-authors": {"author": [{"@seq": "1", "ce:initials": "S.", "@_fa": "true", "ce:surname": "Payungporn", "ce:indexed-name": "Payungporn S."}, {"@seq": "2", "ce:initials": "S.", "@_fa": "true", "ce:surname": "Chutinimitkul", "ce:indexed-name": "Chutinimitkul S."}, {"@seq": "3", "ce:initials": "A.", "@_fa": "true", "ce:surname": "Chaisingh", "ce:indexed-name": "Chaisingh A."}, {"@seq": "4", "ce:initials": "S.", "@_fa": "true", "ce:surname": "Damrongwantanapokin", "ce:indexed-name": "Damrongwantanapokin S."}, {"@seq": "5", "ce:initials": "C.", "@_fa": "true", "ce:surname": "Buranathai", "ce:indexed-name": "Buranathai C."}, {"@seq": "6", "ce:initials": "A.", "@_fa": "true", "ce:surname": "Amonsin", "ce:indexed-name": "Amonsin A."}, {"@seq": "7", "ce:initials": "A.", "@_fa": "true", "ce:surname": "Theamboonlers", "ce:indexed-name": "Theamboonlers A."}, {"@seq": "8", "ce:initials": "Y.", "@_fa": "true", "ce:surname": "Poovorawan", "ce:indexed-name": "Poovorawan Y."}]}, "ref-sourcetitle": "J. Virol. Methods"}}, {"ref-fulltext": "Puenpa, J., Theamboonlers, A., Korkong, S., Linsuwanon, P., Thongmee, C., Chatproedprai, S., Poovorawan, Y., Molecular characterization and complete genome analysis of human enterovirus 71 and coxsackievirus A16 from children with hand, foot and mouth disease in Thailand during 2008\u20132011. Arch. Virol. 156 (2011), 2007\u20132013.", "@id": "24", "ref-info": {"ref-publicationyear": {"@first": "2011"}, "ref-title": {"ref-titletext": "Molecular characterization and complete genome analysis of human enterovirus 71 and coxsackievirus A16 from children with hand, foot and mouth disease in Thailand during 2008\u20132011"}, "refd-itemidlist": {"itemid": [{"$": "bib0120", "@idtype": "FRAGMENTID"}, {"$": "80255136197", "@idtype": "SGR"}]}, "ref-volisspag": {"voliss": {"@volume": "156"}, "pagerange": {"@first": "2007", "@last": "2013"}}, "ref-authors": {"author": [{"@seq": "1", "ce:initials": "J.", "@_fa": "true", "ce:surname": "Puenpa", "ce:indexed-name": "Puenpa J."}, {"@seq": "2", "ce:initials": "A.", "@_fa": "true", "ce:surname": "Theamboonlers", "ce:indexed-name": "Theamboonlers A."}, {"@seq": "3", "ce:initials": "S.", "@_fa": "true", "ce:surname": "Korkong", "ce:indexed-name": "Korkong S."}, {"@seq": "4", "ce:initials": "P.", "@_fa": "true", "ce:surname": "Linsuwanon", "ce:indexed-name": "Linsuwanon P."}, {"@seq": "5", "ce:initials": "C.", "@_fa": "true", "ce:surname": "Thongmee", "ce:indexed-name": "Thongmee C."}, {"@seq": "6", "ce:initials": "S.", "@_fa": "true", "ce:surname": "Chatproedprai", "ce:indexed-name": "Chatproedprai S."}, {"@seq": "7", "ce:initials": "Y.", "@_fa": "true", "ce:surname": "Poovorawan", "ce:indexed-name": "Poovorawan Y."}]}, "ref-sourcetitle": "Arch. Virol."}}, {"ref-fulltext": "Puenpa, J., Mauleekoonphairoj, J., Linsuwanon, P., Suwannakarn, K., Chieochansin, T., Korkong, S., Theamboonlers, A., Poovorawan, Y., Prevalence and characterization of enterovirus infections among pediatric patients with hand foot mouth disease, herpangina and influenza like illness in Thailand, 2012. PLoS One, 9, 2014, e98888.", "@id": "25", "ref-info": {"ref-publicationyear": {"@first": "2014"}, "ref-title": {"ref-titletext": "Prevalence and characterization of enterovirus infections among pediatric patients with hand foot mouth disease, herpangina and influenza like illness in Thailand, 2012"}, "refd-itemidlist": {"itemid": [{"$": "bib0125", "@idtype": "FRAGMENTID"}, {"$": "84902338534", "@idtype": "SGR"}]}, "ref-volisspag": {"voliss": {"@volume": "9"}, "pagerange": {"@first": "e98888"}}, "ref-authors": {"author": [{"@seq": "1", "ce:initials": "J.", "@_fa": "true", "ce:surname": "Puenpa", "ce:indexed-name": "Puenpa J."}, {"@seq": "2", "ce:initials": "J.", "@_fa": "true", "ce:surname": "Mauleekoonphairoj", "ce:indexed-name": "Mauleekoonphairoj J."}, {"@seq": "3", "ce:initials": "P.", "@_fa": "true", "ce:surname": "Linsuwanon", "ce:indexed-name": "Linsuwanon P."}, {"@seq": "4", "ce:initials": "K.", "@_fa": "true", "ce:surname": "Suwannakarn", "ce:indexed-name": "Suwannakarn K."}, {"@seq": "5", "ce:initials": "T.", "@_fa": "true", "ce:surname": "Chieochansin", "ce:indexed-name": "Chieochansin T."}, {"@seq": "6", "ce:initials": "S.", "@_fa": "true", "ce:surname": "Korkong", "ce:indexed-name": "Korkong S."}, {"@seq": "7", "ce:initials": "A.", "@_fa": "true", "ce:surname": "Theamboonlers", "ce:indexed-name": "Theamboonlers A."}, {"@seq": "8", "ce:initials": "Y.", "@_fa": "true", "ce:surname": "Poovorawan", "ce:indexed-name": "Poovorawan Y."}]}, "ref-sourcetitle": "PLoS One"}}, {"ref-fulltext": "Reed, Z., Cardosa, M.J., Status of research and development of vaccines for enterovirus 71. Vaccine 34 (2016), 2967\u20132970.", "@id": "26", "ref-info": {"ref-publicationyear": {"@first": "2016"}, "ref-title": {"ref-titletext": "Status of research and development of vaccines for enterovirus 71"}, "refd-itemidlist": {"itemid": [{"$": "bib0130", "@idtype": "FRAGMENTID"}, {"$": "84961187214", "@idtype": "SGR"}]}, "ref-volisspag": {"voliss": {"@volume": "34"}, "pagerange": {"@first": "2967", "@last": "2970"}}, "ref-authors": {"author": [{"@seq": "1", "ce:initials": "Z.", "@_fa": "true", "ce:surname": "Reed", "ce:indexed-name": "Reed Z."}, {"@seq": "2", "ce:initials": "M.J.", "@_fa": "true", "ce:surname": "Cardosa", "ce:indexed-name": "Cardosa M.J."}]}, "ref-sourcetitle": "Vaccine"}}, {"ref-fulltext": "Royston, L., Geiser, J., Josset, L., Schuffenecker, I., Tapparel, C., A new real-time RT-PCR targeting VP4-VP2 to detect and quantify enterovirus D68 in respiratory samples. J. Med. Virol., 2017.", "@id": "27", "ref-info": {"ref-publicationyear": {"@first": "2017"}, "ref-title": {"ref-titletext": "A new real-time RT-PCR targeting VP4-VP2 to detect and quantify enterovirus D68 in respiratory samples"}, "refd-itemidlist": {"itemid": [{"$": "bib0135", "@idtype": "FRAGMENTID"}, {"$": "85021789190", "@idtype": "SGR"}]}, "ref-authors": {"author": [{"@seq": "1", "ce:initials": "L.", "@_fa": "true", "ce:surname": "Royston", "ce:indexed-name": "Royston L."}, {"@seq": "2", "ce:initials": "J.", "@_fa": "true", "ce:surname": "Geiser", "ce:indexed-name": "Geiser J."}, {"@seq": "3", "ce:initials": "L.", "@_fa": "true", "ce:surname": "Josset", "ce:indexed-name": "Josset L."}, {"@seq": "4", "ce:initials": "I.", "@_fa": "true", "ce:surname": "Schuffenecker", "ce:indexed-name": "Schuffenecker I."}, {"@seq": "5", "ce:initials": "C.", "@_fa": "true", "ce:surname": "Tapparel", "ce:indexed-name": "Tapparel C."}]}, "ref-sourcetitle": "J. Med. Virol."}}, {"ref-fulltext": "Ryu, W.S., Kang, B., Hong, J., Hwang, S., Kim, A., Kim, J., Cheon, D.S., Enterovirus 71 infection with central nervous system involvement, South Korea. Emerg. Infect. Dis. 16 (2010), 1764\u20131766.", "@id": "28", "ref-info": {"ref-publicationyear": {"@first": "2010"}, "ref-title": {"ref-titletext": "Enterovirus 71 infection with central nervous system involvement, South Korea"}, "refd-itemidlist": {"itemid": [{"$": "bib0140", "@idtype": "FRAGMENTID"}, {"$": "77958578734", "@idtype": "SGR"}]}, "ref-volisspag": {"voliss": {"@volume": "16"}, "pagerange": {"@first": "1764", "@last": "1766"}}, "ref-authors": {"author": [{"@seq": "1", "ce:initials": "W.S.", "@_fa": "true", "ce:surname": "Ryu", "ce:indexed-name": "Ryu W.S."}, {"@seq": "2", "ce:initials": "B.", "@_fa": "true", "ce:surname": "Kang", "ce:indexed-name": "Kang B."}, {"@seq": "3", "ce:initials": "J.", "@_fa": "true", "ce:surname": "Hong", "ce:indexed-name": "Hong J."}, {"@seq": "4", "ce:initials": "S.", "@_fa": "true", "ce:surname": "Hwang", "ce:indexed-name": "Hwang S."}, {"@seq": "5", "ce:initials": "A.", "@_fa": "true", "ce:surname": "Kim", "ce:indexed-name": "Kim A."}, {"@seq": "6", "ce:initials": "J.", "@_fa": "true", "ce:surname": "Kim", "ce:indexed-name": "Kim J."}, {"@seq": "7", "ce:initials": "D.S.", "@_fa": "true", "ce:surname": "Cheon", "ce:indexed-name": "Cheon D.S."}]}, "ref-sourcetitle": "Emerg. Infect. Dis."}}, {"ref-fulltext": "Shimizu, H., Utama, A., Onnimala, N., Li, C., Li-Bi, Z., Yu-Jie, M., Pongsuwanna, Y., Miyamura, T., Molecular epidemiology of enterovirus 71 infection in the Western Pacific Region. Pediatr. Int. 46 (2004), 231\u2013235.", "@id": "29", "ref-info": {"ref-publicationyear": {"@first": "2004"}, "ref-title": {"ref-titletext": "Molecular epidemiology of enterovirus 71 infection in the Western Pacific Region"}, "refd-itemidlist": {"itemid": [{"$": "bib0145", "@idtype": "FRAGMENTID"}, {"$": "1942422109", "@idtype": "SGR"}]}, "ref-volisspag": {"voliss": {"@volume": "46"}, "pagerange": {"@first": "231", "@last": "235"}}, "ref-authors": {"author": [{"@seq": "1", "ce:initials": "H.", "@_fa": "true", "ce:surname": "Shimizu", "ce:indexed-name": "Shimizu H."}, {"@seq": "2", "ce:initials": "A.", "@_fa": "true", "ce:surname": "Utama", "ce:indexed-name": "Utama A."}, {"@seq": "3", "ce:initials": "N.", "@_fa": "true", "ce:surname": "Onnimala", "ce:indexed-name": "Onnimala N."}, {"@seq": "4", "ce:initials": "C.", "@_fa": "true", "ce:surname": "Li", "ce:indexed-name": "Li C."}, {"@seq": "5", "ce:initials": "Z.", "@_fa": "true", "ce:surname": "Li-Bi", "ce:indexed-name": "Li-Bi Z."}, {"@seq": "6", "ce:initials": "M.", "@_fa": "true", "ce:surname": "Yu-Jie", "ce:indexed-name": "Yu-Jie M."}, {"@seq": "7", "ce:initials": "Y.", "@_fa": "true", "ce:surname": "Pongsuwanna", "ce:indexed-name": "Pongsuwanna Y."}, {"@seq": "8", "ce:initials": "T.", "@_fa": "true", "ce:surname": "Miyamura", "ce:indexed-name": "Miyamura T."}]}, "ref-sourcetitle": "Pediatr. Int."}}, {"ref-fulltext": "Sinclair, C., Gaunt, E., Simmonds, P., Broomfield, D., Nwafor, N., Wellington, L., Templeton, K., Willocks, L., Schofield, O., Harvala, H., Atypical hand, foot, and mouth disease associated with coxsackievirus A6 infection, Edinburgh, United Kingdom, January to February 2014. Euro Surveill., 19, 2014, 20745.", "@id": "30", "ref-info": {"ref-publicationyear": {"@first": "2014"}, "ref-title": {"ref-titletext": "Atypical hand, foot, and mouth disease associated with coxsackievirus A6 infection, Edinburgh, United Kingdom, January to February 2014"}, "refd-itemidlist": {"itemid": [{"$": "bib0150", "@idtype": "FRAGMENTID"}, {"$": "84897030989", "@idtype": "SGR"}]}, "ref-volisspag": {"voliss": {"@volume": "19"}, "pagerange": {"@first": "20745"}}, "ref-authors": {"author": [{"@seq": "1", "ce:initials": "C.", "@_fa": "true", "ce:surname": "Sinclair", "ce:indexed-name": "Sinclair C."}, {"@seq": "2", "ce:initials": "E.", "@_fa": "true", "ce:surname": "Gaunt", "ce:indexed-name": "Gaunt E."}, {"@seq": "3", "ce:initials": "P.", "@_fa": "true", "ce:surname": "Simmonds", "ce:indexed-name": "Simmonds P."}, {"@seq": "4", "ce:initials": "D.", "@_fa": "true", "ce:surname": "Broomfield", "ce:indexed-name": "Broomfield D."}, {"@seq": "5", "ce:initials": "N.", "@_fa": "true", "ce:surname": "Nwafor", "ce:indexed-name": "Nwafor N."}, {"@seq": "6", "ce:initials": "L.", "@_fa": "true", "ce:surname": "Wellington", "ce:indexed-name": "Wellington L."}, {"@seq": "7", "ce:initials": "K.", "@_fa": "true", "ce:surname": "Templeton", "ce:indexed-name": "Templeton K."}, {"@seq": "8", "ce:initials": "L.", "@_fa": "true", "ce:surname": "Willocks", "ce:indexed-name": "Willocks L."}, {"@seq": "9", "ce:initials": "O.", "@_fa": "true", "ce:surname": "Schofield", "ce:indexed-name": "Schofield O."}, {"@seq": "10", "ce:initials": "H.", "@_fa": "true", "ce:surname": "Harvala", "ce:indexed-name": "Harvala H."}]}, "ref-sourcetitle": "Euro Surveill."}}, {"ref-fulltext": "Surveillance summary in the western pacific region. Hand, foot and mouth disease situation update number 505, 17 January 2017. http://www.wpro.who.int/emerging_diseases/hfmd_biweekly_20170117.pdf?ua=1. (Accessed 17.03.17).", "@id": "31", "ref-info": {"ref-publicationyear": {"@first": "2017"}, "ref-website": {"ce:e-address": {"$": "http://www.wpro.who.int/emerging_diseases/hfmd_biweekly_20170117.pdf?ua=1", "@type": "email"}}, "refd-itemidlist": {"itemid": [{"$": "bib0155", "@idtype": "FRAGMENTID"}, {"$": "85021806081", "@idtype": "SGR"}]}, "ref-text": "Surveillance summary in the western pacific region. Hand, foot and mouth disease situation update number 505, 17 January.. (Accessed 17.03.17)"}}, {"ref-fulltext": "Tan, E.L., Chow, V.T., Quak, S.H., Yeo, W.C., Poh, C.L., Development of multiplex real-time hybridization probe reverse transcriptase polymerase chain reaction for specific detection and differentiation of Enterovirus 71 and Coxsackievirus A16. Diagn. Microbiol. Infect. Dis. 61 (2008), 294\u2013301.", "@id": "32", "ref-info": {"ref-publicationyear": {"@first": "2008"}, "ref-title": {"ref-titletext": "Development of multiplex real-time hybridization probe reverse transcriptase polymerase chain reaction for specific detection and differentiation of Enterovirus 71 and Coxsackievirus A16"}, "refd-itemidlist": {"itemid": [{"$": "bib0160", "@idtype": "FRAGMENTID"}, {"$": "45349097348", "@idtype": "SGR"}]}, "ref-volisspag": {"voliss": {"@volume": "61"}, "pagerange": {"@first": "294", "@last": "301"}}, "ref-authors": {"author": [{"@seq": "1", "ce:initials": "E.L.", "@_fa": "true", "ce:surname": "Tan", "ce:indexed-name": "Tan E.L."}, {"@seq": "2", "ce:initials": "V.T.", "@_fa": "true", "ce:surname": "Chow", "ce:indexed-name": "Chow V.T."}, {"@seq": "3", "ce:initials": "S.H.", "@_fa": "true", "ce:surname": "Quak", "ce:indexed-name": "Quak S.H."}, {"@seq": "4", "ce:initials": "W.C.", "@_fa": "true", "ce:surname": "Yeo", "ce:indexed-name": "Yeo W.C."}, {"@seq": "5", "ce:initials": "C.L.", "@_fa": "true", "ce:surname": "Poh", "ce:indexed-name": "Poh C.L."}]}, "ref-sourcetitle": "Diagn. Microbiol. Infect. Dis."}}, {"ref-fulltext": "Verstrepen, W.A., Kuhn, S., Kockx, M.M., Van De Vyvere, M.E., Mertens, A.H., Rapid detection of enterovirus RNA in cerebrospinal fluid specimens with a novel single-tube real-time reverse transcription-PCR assay. J. Clin. Microbiol. 39 (2001), 4093\u20134096.", "@id": "33", "ref-info": {"ref-publicationyear": {"@first": "2001"}, "ref-title": {"ref-titletext": "Rapid detection of enterovirus RNA in cerebrospinal fluid specimens with a novel single-tube real-time reverse transcription-PCR assay"}, "refd-itemidlist": {"itemid": [{"$": "bib0165", "@idtype": "FRAGMENTID"}, {"$": "0034766782", "@idtype": "SGR"}]}, "ref-volisspag": {"voliss": {"@volume": "39"}, "pagerange": {"@first": "4093", "@last": "4096"}}, "ref-authors": {"author": [{"@seq": "1", "ce:initials": "W.A.", "@_fa": "true", "ce:surname": "Verstrepen", "ce:indexed-name": "Verstrepen W.A."}, {"@seq": "2", "ce:initials": "S.", "@_fa": "true", "ce:surname": "Kuhn", "ce:indexed-name": "Kuhn S."}, {"@seq": "3", "ce:initials": "M.M.", "@_fa": "true", "ce:surname": "Kockx", "ce:indexed-name": "Kockx M.M."}, {"@seq": "4", "ce:initials": "M.E.", "@_fa": "true", "ce:surname": "Van De Vyvere", "ce:indexed-name": "Van De Vyvere M.E."}, {"@seq": "5", "ce:initials": "A.H.", "@_fa": "true", "ce:surname": "Mertens", "ce:indexed-name": "Mertens A.H."}]}, "ref-sourcetitle": "J. Clin. Microbiol."}}, {"ref-fulltext": "Wang, S.M., Liu, C.C., Tseng, H.W., Wang, J.R., Huang, C.C., Chen, Y.J., Yang, Y.J., Lin, S.J., Yeh, T.F., Clinical spectrum of enterovirus 71 infection in children in southern Taiwan, with an emphasis on neurological complications. Clin. Infect. Dis. 29 (1999), 184\u2013190.", "@id": "34", "ref-info": {"ref-publicationyear": {"@first": "1999"}, "ref-title": {"ref-titletext": "Clinical spectrum of enterovirus 71 infection in children in southern Taiwan, with an emphasis on neurological complications"}, "refd-itemidlist": {"itemid": [{"$": "bib0170", "@idtype": "FRAGMENTID"}, {"$": "0032766008", "@idtype": "SGR"}]}, "ref-volisspag": {"voliss": {"@volume": "29"}, "pagerange": {"@first": "184", "@last": "190"}}, "ref-authors": {"author": [{"@seq": "1", "ce:initials": "S.M.", "@_fa": "true", "ce:surname": "Wang", "ce:indexed-name": "Wang S.M."}, {"@seq": "2", "ce:initials": "C.C.", "@_fa": "true", "ce:surname": "Liu", "ce:indexed-name": "Liu C.C."}, {"@seq": "3", "ce:initials": "H.W.", "@_fa": "true", "ce:surname": "Tseng", "ce:indexed-name": "Tseng H.W."}, {"@seq": "4", "ce:initials": "J.R.", "@_fa": "true", "ce:surname": "Wang", "ce:indexed-name": "Wang J.R."}, {"@seq": "5", "ce:initials": "C.C.", "@_fa": "true", "ce:surname": "Huang", "ce:indexed-name": "Huang C.C."}, {"@seq": "6", "ce:initials": "Y.J.", "@_fa": "true", "ce:surname": "Chen", "ce:indexed-name": "Chen Y.J."}, {"@seq": "7", "ce:initials": "Y.J.", "@_fa": "true", "ce:surname": "Yang", "ce:indexed-name": "Yang Y.J."}, {"@seq": "8", "ce:initials": "S.J.", "@_fa": "true", "ce:surname": "Lin", "ce:indexed-name": "Lin S.J."}, {"@seq": "9", "ce:initials": "T.F.", "@_fa": "true", "ce:surname": "Yeh", "ce:indexed-name": "Yeh T.F."}]}, "ref-sourcetitle": "Clin. Infect. Dis."}}, {"ref-fulltext": "Wei, S.H., Huang, Y.P., Liu, M.C., Tsou, T.P., Lin, H.C., Lin, T.L., Tsai, C.Y., Chao, Y.N., Chang, L.Y., Hsu, C.M., An outbreak of coxsackievirus A6 hand, foot, and mouth disease associated with onychomadesis in Taiwan, 2010. BMC Infect. Dis., 11, 2011, 346.", "@id": "35", "ref-info": {"ref-publicationyear": {"@first": "2011"}, "ref-title": {"ref-titletext": "An outbreak of coxsackievirus A6 hand, foot, and mouth disease associated with onychomadesis in Taiwan, 2010"}, "refd-itemidlist": {"itemid": [{"$": "bib0175", "@idtype": "FRAGMENTID"}, {"$": "83355161454", "@idtype": "SGR"}]}, "ref-volisspag": {"voliss": {"@volume": "11"}, "pagerange": {"@first": "346"}}, "ref-authors": {"author": [{"@seq": "1", "ce:initials": "S.H.", "@_fa": "true", "ce:surname": "Wei", "ce:indexed-name": "Wei S.H."}, {"@seq": "2", "ce:initials": "Y.P.", "@_fa": "true", "ce:surname": "Huang", "ce:indexed-name": "Huang Y.P."}, {"@seq": "3", "ce:initials": "M.C.", "@_fa": "true", "ce:surname": "Liu", "ce:indexed-name": "Liu M.C."}, {"@seq": "4", "ce:initials": "T.P.", "@_fa": "true", "ce:surname": "Tsou", "ce:indexed-name": "Tsou T.P."}, {"@seq": "5", "ce:initials": "H.C.", "@_fa": "true", "ce:surname": "Lin", "ce:indexed-name": "Lin H.C."}, {"@seq": "6", "ce:initials": "T.L.", "@_fa": "true", "ce:surname": "Lin", "ce:indexed-name": "Lin T.L."}, {"@seq": "7", "ce:initials": "C.Y.", "@_fa": "true", "ce:surname": "Tsai", "ce:indexed-name": "Tsai C.Y."}, {"@seq": "8", "ce:initials": "Y.N.", "@_fa": "true", "ce:surname": "Chao", "ce:indexed-name": "Chao Y.N."}, {"@seq": "9", "ce:initials": "L.Y.", "@_fa": "true", "ce:surname": "Chang", "ce:indexed-name": "Chang L.Y."}, {"@seq": "10", "ce:initials": "C.M.", "@_fa": "true", "ce:surname": "Hsu", "ce:indexed-name": "Hsu C.M."}]}, "ref-sourcetitle": "BMC Infect. Dis."}}, {"ref-fulltext": "Wu, Y., Yeo, A., Phoon, M.C., Tan, E.L., Poh, C.L., Quak, S.H., Chow, V.T., The largest outbreak of hand; foot and mouth disease in Singapore in 2008: the role of enterovirus 71 and coxsackievirus A strains. Int. J. Infect. Dis. 14 (2010), e1076\u201381.", "@id": "36", "ref-info": {"ref-publicationyear": {"@first": "2010"}, "ref-title": {"ref-titletext": "The largest outbreak of hand; foot and mouth disease in Singapore in 2008: the role of enterovirus 71 and coxsackievirus A strains"}, "refd-itemidlist": {"itemid": [{"$": "bib0180", "@idtype": "FRAGMENTID"}, {"$": "78649635618", "@idtype": "SGR"}]}, "ref-volisspag": {"voliss": {"@volume": "14"}, "pagerange": {"@first": "e1076", "@last": "81"}}, "ref-authors": {"author": [{"@seq": "1", "ce:initials": "Y.", "@_fa": "true", "ce:surname": "Wu", "ce:indexed-name": "Wu Y."}, {"@seq": "2", "ce:initials": "A.", "@_fa": "true", "ce:surname": "Yeo", "ce:indexed-name": "Yeo A."}, {"@seq": "3", "ce:initials": "M.C.", "@_fa": "true", "ce:surname": "Phoon", "ce:indexed-name": "Phoon M.C."}, {"@seq": "4", "ce:initials": "E.L.", "@_fa": "true", "ce:surname": "Tan", "ce:indexed-name": "Tan E.L."}, {"@seq": "5", "ce:initials": "C.L.", "@_fa": "true", "ce:surname": "Poh", "ce:indexed-name": "Poh C.L."}, {"@seq": "6", "ce:initials": "S.H.", "@_fa": "true", "ce:surname": "Quak", "ce:indexed-name": "Quak S.H."}, {"@seq": "7", "ce:initials": "V.T.", "@_fa": "true", "ce:surname": "Chow", "ce:indexed-name": "Chow V.T."}]}, "ref-sourcetitle": "Int. J. Infect. Dis."}}, {"ref-fulltext": "Xiao, X.L., He, Y.Q., Yu, Y.G., Yang, H., Chen, G., Li, H.F., Zhang, J.W., Liu, D.M., Li, X.F., Yang, X.Q., Wu, H., Simultaneous detection of human enterovirus 71 and coxsackievirus A16 in clinical specimens by multiplex real-time PCR with an internal amplification control. Arch. Virol. 154 (2009), 121\u2013125.", "@id": "37", "ref-info": {"ref-publicationyear": {"@first": "2009"}, "ref-title": {"ref-titletext": "Simultaneous detection of human enterovirus 71 and coxsackievirus A16 in clinical specimens by multiplex real-time PCR with an internal amplification control"}, "refd-itemidlist": {"itemid": [{"$": "bib0185", "@idtype": "FRAGMENTID"}, {"$": "58149289698", "@idtype": "SGR"}]}, "ref-volisspag": {"voliss": {"@volume": "154"}, "pagerange": {"@first": "121", "@last": "125"}}, "ref-authors": {"author": [{"@seq": "1", "ce:initials": "X.L.", "@_fa": "true", "ce:surname": "Xiao", "ce:indexed-name": "Xiao X.L."}, {"@seq": "2", "ce:initials": "Y.Q.", "@_fa": "true", "ce:surname": "He", "ce:indexed-name": "He Y.Q."}, {"@seq": "3", "ce:initials": "Y.G.", "@_fa": "true", "ce:surname": "Yu", "ce:indexed-name": "Yu Y.G."}, {"@seq": "4", "ce:initials": "H.", "@_fa": "true", "ce:surname": "Yang", "ce:indexed-name": "Yang H."}, {"@seq": "5", "ce:initials": "G.", "@_fa": "true", "ce:surname": "Chen", "ce:indexed-name": "Chen G."}, {"@seq": "6", "ce:initials": "H.F.", "@_fa": "true", "ce:surname": "Li", "ce:indexed-name": "Li H.F."}, {"@seq": "7", "ce:initials": "J.W.", "@_fa": "true", "ce:surname": "Zhang", "ce:indexed-name": "Zhang J.W."}, {"@seq": "8", "ce:initials": "D.M.", "@_fa": "true", "ce:surname": "Liu", "ce:indexed-name": "Liu D.M."}, {"@seq": "9", "ce:initials": "X.F.", "@_fa": "true", "ce:surname": "Li", "ce:indexed-name": "Li X.F."}, {"@seq": "10", "ce:initials": "X.Q.", "@_fa": "true", "ce:surname": "Yang", "ce:indexed-name": "Yang X.Q."}, {"@seq": "11", "ce:initials": "H.", "@_fa": "true", "ce:surname": "Wu", "ce:indexed-name": "Wu H."}]}, "ref-sourcetitle": "Arch. Virol."}}, {"ref-fulltext": "Zhang, Y., Zhu, Z., Yang, W., Ren, J., Tan, X., Wang, Y., Mao, N., Xu, S., Zhu, S., Cui, A., Zhang, Y., Yan, D., Li, Q., Dong, X., Zhang, J., Zhao, Y., Wan, J., Feng, Z., Sun, J., Wang, S., Li, D., Xu, W., An emerging recombinant human enterovirus 71 responsible for the 2008 outbreak of hand foot and mouth disease in Fuyang city of China. Virol. J., 7, 2010, 94.", "@id": "38", "ref-info": {"ref-publicationyear": {"@first": "2010"}, "ref-title": {"ref-titletext": "An emerging recombinant human enterovirus 71 responsible for the 2008 outbreak of hand foot and mouth disease in Fuyang city of China"}, "refd-itemidlist": {"itemid": [{"$": "bib0190", "@idtype": "FRAGMENTID"}, {"$": "77951991686", "@idtype": "SGR"}]}, "ref-volisspag": {"voliss": {"@volume": "7"}, "pagerange": {"@first": "94"}}, "ref-authors": {"author": [{"@seq": "1", "ce:initials": "Y.", "@_fa": "true", "ce:surname": "Zhang", "ce:indexed-name": "Zhang Y."}, {"@seq": "2", "ce:initials": "Z.", "@_fa": "true", "ce:surname": "Zhu", "ce:indexed-name": "Zhu Z."}, {"@seq": "3", "ce:initials": "W.", "@_fa": "true", "ce:surname": "Yang", "ce:indexed-name": "Yang W."}, {"@seq": "4", "ce:initials": "J.", "@_fa": "true", "ce:surname": "Ren", "ce:indexed-name": "Ren J."}, {"@seq": "5", "ce:initials": "X.", "@_fa": "true", "ce:surname": "Tan", "ce:indexed-name": "Tan X."}, {"@seq": "6", "ce:initials": "Y.", "@_fa": "true", "ce:surname": "Wang", "ce:indexed-name": "Wang Y."}, {"@seq": "7", "ce:initials": "N.", "@_fa": "true", "ce:surname": "Mao", "ce:indexed-name": "Mao N."}, {"@seq": "8", "ce:initials": "S.", "@_fa": "true", "ce:surname": "Xu", "ce:indexed-name": "Xu S."}, {"@seq": "9", "ce:initials": "S.", "@_fa": "true", "ce:surname": "Zhu", "ce:indexed-name": "Zhu S."}, {"@seq": "10", "ce:initials": "A.", "@_fa": "true", "ce:surname": "Cui", "ce:indexed-name": "Cui A."}, {"@seq": "11", "ce:initials": "Y.", "@_fa": "true", "ce:surname": "Zhang", "ce:indexed-name": "Zhang Y."}, {"@seq": "12", "ce:initials": "D.", "@_fa": "true", "ce:surname": "Yan", "ce:indexed-name": "Yan D."}, {"@seq": "13", "ce:initials": "Q.", "@_fa": "true", "ce:surname": "Li", "ce:indexed-name": "Li Q."}, {"@seq": "14", "ce:initials": "X.", "@_fa": "true", "ce:surname": "Dong", "ce:indexed-name": "Dong X."}, {"@seq": "15", "ce:initials": "J.", "@_fa": "true", "ce:surname": "Zhang", "ce:indexed-name": "Zhang J."}, {"@seq": "16", "ce:initials": "Y.", "@_fa": "true", "ce:surname": "Zhao", "ce:indexed-name": "Zhao Y."}, {"@seq": "17", "ce:initials": "J.", "@_fa": "true", "ce:surname": "Wan", "ce:indexed-name": "Wan J."}, {"@seq": "18", "ce:initials": "Z.", "@_fa": "true", "ce:surname": "Feng", "ce:indexed-name": "Feng Z."}, {"@seq": "19", "ce:initials": "J.", "@_fa": "true", "ce:surname": "Sun", "ce:indexed-name": "Sun J."}, {"@seq": "20", "ce:initials": "S.", "@_fa": "true", "ce:surname": "Wang", "ce:indexed-name": "Wang S."}, {"@seq": "21", "ce:initials": "D.", "@_fa": "true", "ce:surname": "Li", "ce:indexed-name": "Li D."}, {"@seq": "22", "ce:initials": "W.", "@_fa": "true", "ce:surname": "Xu", "ce:indexed-name": "Xu W."}]}, "ref-sourcetitle": "Virol. J."}}, {"ref-fulltext": "Zhang, L., Wang, X., Zhang, Y., Gong, L., Mao, H., Feng, C., Ojcius, D.M., Yan, J., Rapid and sensitive identification of RNA from the emerging pathogen, coxsackievirus A6. Virol. J., 9, 2012, 298.", "@id": "39", "ref-info": {"ref-publicationyear": {"@first": "2012"}, "ref-title": {"ref-titletext": "Rapid and sensitive identification of RNA from the emerging pathogen, coxsackievirus A6"}, "refd-itemidlist": {"itemid": [{"$": "bib0195", "@idtype": "FRAGMENTID"}, {"$": "84870166474", "@idtype": "SGR"}]}, "ref-volisspag": {"voliss": {"@volume": "9"}, "pagerange": {"@first": "298"}}, "ref-authors": {"author": [{"@seq": "1", "ce:initials": "L.", "@_fa": "true", "ce:surname": "Zhang", "ce:indexed-name": "Zhang L."}, {"@seq": "2", "ce:initials": "X.", "@_fa": "true", "ce:surname": "Wang", "ce:indexed-name": "Wang X."}, {"@seq": "3", "ce:initials": "Y.", "@_fa": "true", "ce:surname": "Zhang", "ce:indexed-name": "Zhang Y."}, {"@seq": "4", "ce:initials": "L.", "@_fa": "true", "ce:surname": "Gong", "ce:indexed-name": "Gong L."}, {"@seq": "5", "ce:initials": "H.", "@_fa": "true", "ce:surname": "Mao", "ce:indexed-name": "Mao H."}, {"@seq": "6", "ce:initials": "C.", "@_fa": "true", "ce:surname": "Feng", "ce:indexed-name": "Feng C."}, {"@seq": "7", "ce:initials": "D.M.", "@_fa": "true", "ce:surname": "Ojcius", "ce:indexed-name": "Ojcius D.M."}, {"@seq": "8", "ce:initials": "J.", "@_fa": "true", "ce:surname": "Yan", "ce:indexed-name": "Yan J."}]}, "ref-sourcetitle": "Virol. J."}}, {"ref-fulltext": "Zhu, F.C., Meng, F.Y., Li, J.X., Li, X.L., Mao, Q.Y., Tao, H., Zhang, Y.T., Yao, X., Chu, K., Chen, Q.H., Hu, Y.M., Wu, X., Liu, P., Zhu, L.Y., Gao, F., Jin, H., Chen, Y.J., Dong, Y.Y., Liang, Y.C., Shi, N.M., Ge, H.M., Liu, L., Chen, S.G., Ai, X., Zhang, Z.Y., Ji, Y.G., Luo, F.J., Chen, X.Q., Zhang, Y., Zhu, L.W., Liang, Z.L., Shen, X.L., Efficacy, safety, and immunology of an inactivated alum-adjuvant enterovirus 71 vaccine in children in China: a multicentre, randomised, double-blind, placebo-controlled, phase 3 trial. Lancet 381 (2013), 2024\u20132032.", "@id": "40", "ref-info": {"ref-publicationyear": {"@first": "2013"}, "ref-title": {"ref-titletext": "Efficacy, safety, and immunology of an inactivated alum-adjuvant enterovirus 71 vaccine in children in China: a multicentre, randomised, double-blind, placebo-controlled, phase 3 trial"}, "refd-itemidlist": {"itemid": [{"$": "bib0200", "@idtype": "FRAGMENTID"}, {"$": "84878653325", "@idtype": "SGR"}]}, "ref-volisspag": {"voliss": {"@volume": "381"}, "pagerange": {"@first": "2024", "@last": "2032"}}, "ref-authors": {"author": [{"@seq": "1", "ce:initials": "F.C.", "@_fa": "true", "ce:surname": "Zhu", "ce:indexed-name": "Zhu F.C."}, {"@seq": "2", "ce:initials": "F.Y.", "@_fa": "true", "ce:surname": "Meng", "ce:indexed-name": "Meng F.Y."}, {"@seq": "3", "ce:initials": "J.X.", "@_fa": "true", "ce:surname": "Li", "ce:indexed-name": "Li J.X."}, {"@seq": "4", "ce:initials": "X.L.", "@_fa": "true", "ce:surname": "Li", "ce:indexed-name": "Li X.L."}, {"@seq": "5", "ce:initials": "Q.Y.", "@_fa": "true", "ce:surname": "Mao", "ce:indexed-name": "Mao Q.Y."}, {"@seq": "6", "ce:initials": "H.", "@_fa": "true", "ce:surname": "Tao", "ce:indexed-name": "Tao H."}, {"@seq": "7", "ce:initials": "Y.T.", "@_fa": "true", "ce:surname": "Zhang", "ce:indexed-name": "Zhang Y.T."}, {"@seq": "8", "ce:initials": "X.", "@_fa": "true", "ce:surname": "Yao", "ce:indexed-name": "Yao X."}, {"@seq": "9", "ce:initials": "K.", "@_fa": "true", "ce:surname": "Chu", "ce:indexed-name": "Chu K."}, {"@seq": "10", "ce:initials": "Q.H.", "@_fa": "true", "ce:surname": "Chen", "ce:indexed-name": "Chen Q.H."}, {"@seq": "11", "ce:initials": "Y.M.", "@_fa": "true", "ce:surname": "Hu", "ce:indexed-name": "Hu Y.M."}, {"@seq": "12", "ce:initials": "X.", "@_fa": "true", "ce:surname": "Wu", "ce:indexed-name": "Wu X."}, {"@seq": "13", "ce:initials": "P.", "@_fa": "true", "ce:surname": "Liu", "ce:indexed-name": "Liu P."}, {"@seq": "14", "ce:initials": "L.Y.", "@_fa": "true", "ce:surname": "Zhu", "ce:indexed-name": "Zhu L.Y."}, {"@seq": "15", "ce:initials": "F.", "@_fa": "true", "ce:surname": "Gao", "ce:indexed-name": "Gao F."}, {"@seq": "16", "ce:initials": "H.", "@_fa": "true", "ce:surname": "Jin", "ce:indexed-name": "Jin H."}, {"@seq": "17", "ce:initials": "Y.J.", "@_fa": "true", "ce:surname": "Chen", "ce:indexed-name": "Chen Y.J."}, {"@seq": "18", "ce:initials": "Y.Y.", "@_fa": "true", "ce:surname": "Dong", "ce:indexed-name": "Dong Y.Y."}, {"@seq": "19", "ce:initials": "Y.C.", "@_fa": "true", "ce:surname": "Liang", "ce:indexed-name": "Liang Y.C."}, {"@seq": "20", "ce:initials": "N.M.", "@_fa": "true", "ce:surname": "Shi", "ce:indexed-name": "Shi N.M."}, {"@seq": "21", "ce:initials": "H.M.", "@_fa": "true", "ce:surname": "Ge", "ce:indexed-name": "Ge H.M."}, {"@seq": "22", "ce:initials": "L.", "@_fa": "true", "ce:surname": "Liu", "ce:indexed-name": "Liu L."}, {"@seq": "23", "ce:initials": "S.G.", "@_fa": "true", "ce:surname": "Chen", "ce:indexed-name": "Chen S.G."}, {"@seq": "24", "ce:initials": "X.", "@_fa": "true", "ce:surname": "Ai", "ce:indexed-name": "Ai X."}, {"@seq": "25", "ce:initials": "Z.Y.", "@_fa": "true", "ce:surname": "Zhang", "ce:indexed-name": "Zhang Z.Y."}, {"@seq": "26", "ce:initials": "Y.G.", "@_fa": "true", "ce:surname": "Ji", "ce:indexed-name": "Ji Y.G."}, {"@seq": "27", "ce:initials": "F.J.", "@_fa": "true", "ce:surname": "Luo", "ce:indexed-name": "Luo F.J."}, {"@seq": "28", "ce:initials": "X.Q.", "@_fa": "true", "ce:surname": "Chen", "ce:indexed-name": "Chen X.Q."}, {"@seq": "29", "ce:initials": "Y.", "@_fa": "true", "ce:surname": "Zhang", "ce:indexed-name": "Zhang Y."}, {"@seq": "30", "ce:initials": "L.W.", "@_fa": "true", "ce:surname": "Zhu", "ce:indexed-name": "Zhu L.W."}, {"@seq": "31", "ce:initials": "Z.L.", "@_fa": "true", "ce:surname": "Liang", "ce:indexed-name": "Liang Z.L."}, {"@seq": "32", "ce:initials": "X.L.", "@_fa": "true", "ce:surname": "Shen", "ce:indexed-name": "Shen X.L."}]}, "ref-sourcetitle": "Lancet"}}]}}}}, "affiliation": [{"affiliation-city": "Bangkok", "@id": "60199575", "affilname": "Siriraj Hospital", "@href": "https://api.elsevier.com/content/affiliation/affiliation_id/60199575", "affiliation-country": "Thailand"}, {"affiliation-city": "Bangkok", "@id": "60028190", "affilname": "Chulalongkorn University", "@href": "https://api.elsevier.com/content/affiliation/affiliation_id/60028190", "affiliation-country": "Thailand"}], "coredata": {"srctype": "j", "eid": "2-s2.0-85021820101", "dc:description": "Real-time reverse-transcription polymerase chain reaction (rRT-PCR) to detect enterovirus 71 (EV-A71) and coxsackievirus A16 (CV-A16) has facilitated the rapid and accurate identification of the two most common etiological agents underlying hand, foot, and mouth disease (HFMD). However, the worldwide emergence of CV-A6 infection in HFMD necessitates development of an improved multiplex rRT-PCR method. To rapidly determine the etiology of HFMD, two rRT-PCR assays using TaqMan probes were developed to differentiate among three selected common enteroviruses (EV-A71, CV-A16 and CV-A6) and to enable broad detection of enteroviruses (pan-enterovirus assay). No cross-reactions were observed with other RNA viruses examined. The detection limits of both assays were 10 copies per microliter for EV-A71, CV-A6 and CV-A16, and pan-enterovirus. The methods showed high accuracy (EV-A71, 90.6%; CV-A6, 92.0%; CV-A16, 100%), sensitivity (EV-A71, 96.5%; CV-A6, 95.8%; CV-A16, 99.0%), and specificity (EV-A71, 100%; CV-A6, 99.9%; CV-A16, 99.9%) in testing clinical specimens (n = 1049) during 2014\u20132016, superior to those of conventional RT-PCR. Overall, the multiplex rRT-PCR assays enabled highly sensitive detection and rapid simultaneous typing of EV-A71, CV-A6 and CV-A16, and enteroviruses, rendering them feasible and attractive methods for large-scale surveillance of enteroviruses associated with HFMD outbreaks.", "pubmed-id": "28662914", "prism:coverDate": "2017-10-01", "prism:aggregationType": "Journal", "prism:url": "https://api.elsevier.com/content/abstract/scopus_id/85021820101", "dc:creator": {"author": [{"ce:given-name": "Jiratchaya", "preferred-name": {"ce:given-name": "Jiratchaya", "ce:initials": "J.", "ce:surname": "Puenpa", "ce:indexed-name": "Puenpa J."}, "@seq": "1", "ce:initials": "J.", "@_fa": "true", "affiliation": {"@id": "60028190", "@href": "https://api.elsevier.com/content/affiliation/affiliation_id/60028190"}, "ce:surname": "Puenpa", "@auid": "49663875500", "author-url": "https://api.elsevier.com/content/author/author_id/49663875500", "ce:indexed-name": "Puenpa J."}]}, "link": [{"@_fa": "true", "@rel": "self", "@href": "https://api.elsevier.com/content/abstract/scopus_id/85021820101"}, {"@_fa": "true", "@rel": "scopus", "@href": "https://www.scopus.com/inward/record.uri?partnerID=HzOxMe3b&scp=85021820101&origin=inward"}, {"@_fa": "true", "@rel": "scopus-citedby", "@href": "https://www.scopus.com/inward/citedby.uri?partnerID=HzOxMe3b&scp=85021820101&origin=inward"}], "source-id": "20241", "pii": "S0166093417301751", "citedby-count": "18", "prism:volume": "248", "subtype": "ar", "dc:title": "Development of single-step multiplex real-time RT-PCR assays for rapid diagnosis of enterovirus 71, coxsackievirus A6, and A16 in patients with hand, foot, and mouth disease", "openaccess": "0", "prism:issn": "18790984 01660934", "publishercopyright": "\u00a9 2017 Elsevier B.V.", "subtypeDescription": "Article", "prism:publicationName": "Journal of Virological Methods", "prism:pageRange": "92-99", "prism:endingPage": "99", "openaccessFlag": "false", "prism:doi": "10.1016/j.jviromet.2017.06.013", "prism:startingPage": "92", "dc:identifier": "SCOPUS_ID:85021820101", "dc:publisher": "Elsevier B.V."}, "idxterms": {"mainterm": [{"$": "Cross Reactions", "@weight": "b", "@candidate": "n"}, {"$": "Disease Outbreaks", "@weight": "b", "@candidate": "n"}, {"$": "Enterovirus", "@weight": "b", "@candidate": "n"}, {"$": "Enterovirus A, Human", "@weight": "b", "@candidate": "n"}, {"$": "Hand, Foot and Mouth Disease", "@weight": "b", "@candidate": "n"}, {"$": "Humans", "@weight": "b", "@candidate": "n"}, {"$": "Limit of Detection", "@weight": "b", "@candidate": "n"}, {"$": "Molecular Typing", "@weight": "b", "@candidate": "n"}, {"$": "Multiplex Polymerase Chain Reaction", "@weight": "b", "@candidate": "n"}, {"$": "Real-Time Polymerase Chain Reaction", "@weight": "b", "@candidate": "n"}, {"$": "Sensitivity and Specificity", "@weight": "b", "@candidate": "n"}, {"$": "Thailand", "@weight": "b", "@candidate": "n"}]}, "language": {"@xml:lang": "eng"}, "authkeywords": {"author-keyword": [{"@_fa": "true", "$": "Coxsackievirus A16"}, {"@_fa": "true", "$": "Coxsackievirus A6"}, {"@_fa": "true", "$": "Diagnosis"}, {"@_fa": "true", "$": "Enterovirus 71"}, {"@_fa": "true", "$": "Multiplex real-time RT-PCR"}, {"@_fa": "true", "$": "Thailand"}]}, "subject-areas": {"subject-area": [{"@_fa": "true", "$": "Virology", "@code": "2406", "@abbrev": "IMMU"}]}, "authors": {"author": [{"ce:given-name": "Jiratchaya", "preferred-name": {"ce:given-name": "Jiratchaya", "ce:initials": "J.", "ce:surname": "Puenpa", "ce:indexed-name": "Puenpa J."}, "@seq": "1", "ce:initials": "J.", "@_fa": "true", "affiliation": {"@id": "60028190", "@href": "https://api.elsevier.com/content/affiliation/affiliation_id/60028190"}, "ce:surname": "Puenpa", "@auid": "49663875500", "author-url": "https://api.elsevier.com/content/author/author_id/49663875500", "ce:indexed-name": "Puenpa J."}, {"ce:given-name": "Kamol", "preferred-name": {"ce:given-name": "Kamol", "ce:initials": "K.", "ce:surname": "Suwannakarn", "ce:indexed-name": "Suwannakarn K."}, "@seq": "2", "ce:initials": "K.", "@_fa": "true", "affiliation": {"@id": "60199575", "@href": "https://api.elsevier.com/content/affiliation/affiliation_id/60199575"}, "ce:surname": "Suwannakarn", "@auid": "14008214700", "author-url": "https://api.elsevier.com/content/author/author_id/14008214700", "ce:indexed-name": "Suwannakarn K."}, {"ce:given-name": "Jira", "preferred-name": {"ce:given-name": "Jira", "ce:initials": "J.", "ce:surname": "Chansaenroj", "ce:indexed-name": "Chansaenroj J."}, "@seq": "3", "ce:initials": "J.", "@_fa": "true", "affiliation": {"@id": "60028190", "@href": "https://api.elsevier.com/content/affiliation/affiliation_id/60028190"}, "ce:surname": "Chansaenroj", "@auid": "26533939300", "author-url": "https://api.elsevier.com/content/author/author_id/26533939300", "ce:indexed-name": "Chansaenroj J."}, {"ce:given-name": "Sompong", "preferred-name": {"ce:given-name": "Sompong", "ce:initials": "S.", "ce:surname": "Vongpunsawad", "ce:indexed-name": "Vongpunsawad S."}, "@seq": "4", "ce:initials": "S.", "@_fa": "true", "affiliation": {"@id": "60028190", "@href": "https://api.elsevier.com/content/affiliation/affiliation_id/60028190"}, "ce:surname": "Vongpunsawad", "@auid": "7801645333", "author-url": "https://api.elsevier.com/content/author/author_id/7801645333", "ce:indexed-name": "Vongpunsawad S."}, {"ce:given-name": "Yong", "preferred-name": {"ce:given-name": "Yong", "ce:initials": "Y.", "ce:surname": "Poovorawan", "ce:indexed-name": "Poovorawan Y."}, "@seq": "5", "ce:initials": "Y.", "@_fa": "true", "affiliation": {"@id": "60028190", "@href": "https://api.elsevier.com/content/affiliation/affiliation_id/60028190"}, "ce:surname": "Poovorawan", "@auid": "7102786191", "author-url": "https://api.elsevier.com/content/author/author_id/7102786191", "ce:indexed-name": "Poovorawan Y."}]}}}