{"abstracts-retrieval-response": {"item": {"ait:process-info": {"ait:status": {"@state": "update", "@type": "core", "@stage": "S300"}, "ait:date-delivered": {"@day": "20", "@timestamp": "2021-06-20T12:48:59.000059-04:00", "@year": "2021", "@month": "06"}, "ait:date-sort": {"@day": "01", "@year": "2017", "@month": "10"}}, "xocs:meta": {"xocs:funding-list": {"@pui-match": "primary", "@has-funding-info": "1", "xocs:funding-addon-generated-timestamp": "2021-06-03T09:36:44.700Z", "xocs:funding-addon-type": "http://vtw.elsevier.com/data/voc/AddOnTypes/50.7/aggregated-refined"}}, "bibrecord": {"head": {"author-group": [{"affiliation": {"country": "Thailand", "postal-code": "10330", "@afid": "60028190", "@country": "tha", "city": "Bangkok", "organization": [{"$": "Department of Environmental Engineering"}, {"$": "Faculty of Engineering"}, {"$": "Chulalongkorn University"}], "affiliation-id": {"@afid": "60028190", "@dptid": "109090604"}, "@dptid": "109090604"}, "author": [{"ce:given-name": "Chavalit", "preferred-name": {"ce:given-name": "Chavalit", "ce:initials": "C.", "ce:surname": "Ratanatamskul", "ce:indexed-name": "Ratanatamskul C."}, "@seq": "1", "ce:initials": "C.", "@_fa": "true", "@type": "auth", "ce:surname": "Ratanatamskul", "@auid": "25029703100", "ce:indexed-name": "Ratanatamskul C."}]}, {"affiliation": {"country": "Thailand", "postal-code": "10330", "@afid": "60028190", "@country": "tha", "city": "Bangkok", "organization": [{"$": "Inter-Department of Environmental Science"}, {"$": "Graduate School"}, {"$": "Chulalongkorn University"}], "affiliation-id": {"@afid": "60028190", "@dptid": "104425882"}, "@dptid": "104425882"}, "author": [{"ce:given-name": "Jiranthanin", "preferred-name": {"ce:given-name": "Jiranthanin", "ce:initials": "J.", "ce:surname": "Kongwong", "ce:indexed-name": "Kongwong J."}, "@seq": "2", "ce:initials": "J.", "@_fa": "true", "@type": "auth", "ce:surname": "Kongwong", "@auid": "57194565830", "ce:indexed-name": "Kongwong J."}]}], "citation-title": "Impact of intermittent aeration mode on enhancement of biological nutrient removal by the novel prototype IT/OD-MBR(Inclined Tube/Oxidation-Ditch Membrane Bioreactor) for high-rise building's wastewater recycling", "abstracts": "\u00a9 2017 Elsevier LtdA novel prototype IT/OD-MBR (Inclined Tube/Oxidation Ditch-Membrane Bioreactor) system has been developed for biological nutrient removal purpose. The intermittent aeration modes (aeration/non-aeration period) were varied to 60/60, 40/80, 30/90,80/40, 90/30 min. The prototype system was operated with horizontal flow velocity of 0.3 m/s, hydraulic retention time (HRT) of 24 h and fed with the raw wastewater from Julajakrapong building, which is a high-rise building inside Chulalongkorn University at a constant flowrate of 2 m3/day. From the long-term system operation, the most efficient energy-saving system with high performance of nutrient removal could be achieved with the aeration on/off mode of 30/90 min. Moreover, investigation of biofoulant characteristics on membrane surface was performed by SEM-EDX and FT-IR analyses. It was found that protein and carbohydrate were predominant compositions of the biofoulant substances. Main protein composition in the biofoulant was carbonyl group. The reclaimed water can be used for gardening and landscape purposes. Therefore, the novel IT/OD-MBR system can be considered as an alternative for high-rise building's wastewater recycling.", "correspondence": {"affiliation": {"country": "Thailand", "postal-code": "10330", "@country": "tha", "city": "Bangkok", "organization": [{"$": "Department of Environmental Engineering"}, {"$": "Faculty of Engineering"}, {"$": "Chulalongkorn University"}]}, "person": {"ce:given-name": "Chavalit", "ce:initials": "C.", "ce:surname": "Ratanatamskul", "ce:indexed-name": "Ratanatamskul C."}}, "citation-info": {"author-keywords": {"author-keyword": [{"$": "Biological nutrient removal", "@xml:lang": "eng"}, {"$": "Energy saving", "@xml:lang": "eng"}, {"$": "High-rise building's wastewater recycling", "@xml:lang": "eng"}, {"$": "Microbial EPS", "@xml:lang": "eng"}, {"$": "Novel IT/OD-MBR (Inclined Tube/Oxidation Ditch Membrane Bioreactor)", "@xml:lang": "eng"}]}, "citation-type": {"@code": "ar"}, "citation-language": {"@language": "English", "@xml:lang": "eng"}, "abstract-language": {"@language": "English", "@xml:lang": "eng"}}, "source": {"website": {"ce:e-address": {"$": "www.elsevier.com/inca/publications/store/4/0/5/8/9/9", "@type": "email"}}, "translated-sourcetitle": {"$": "International Biodeterioration and Biodegradation", "@xml:lang": "eng"}, "volisspag": {"voliss": {"@volume": "124"}, "pagerange": {"@first": "36", "@last": "44"}}, "@type": "j", "sourcetitle": "International Biodeterioration and Biodegradation", "publicationdate": {"month": "10", "year": "2017", "date-text": "October 2017", "day": "01"}, "codencode": "IBBIE", "sourcetitle-abbrev": "Int. Biodeterior. Biodegrad.", "@country": "gbr", "issn": {"$": "09648305", "@type": "print"}, "publicationyear": {"@first": "2017"}, "publisher": {"publishername": "Elsevier Ltd"}, "@srcid": "16052"}, "enhancement": {"classificationgroup": {"classifications": [{"@type": "CABSCLASS", "classification": [{"classification-code": "91.8.18.3", "classification-description": "ECOLOGICAL AND ENVIRONMENTAL SCIENCES; APPLIED ECOLOGY/POLLUTION; Waste Treatment; Biological"}, {"classification-code": "91.8.18.4", "classification-description": "ECOLOGICAL AND ENVIRONMENTAL SCIENCES; APPLIED ECOLOGY/POLLUTION; Waste Treatment; Recycling"}]}, {"@type": "GEOCLASS", "classification": {"classification-code": "901", "classification-description": "Geobase; Related Topics"}}, {"@type": "ASJC", "classification": [{"$": "2404"}, {"$": "2502"}, {"$": "2311"}]}, {"@type": "SUBJABBR", "classification": [{"$": "IMMU"}, {"$": "MATE"}, {"$": "ENVI"}]}]}}}, "item-info": {"copyright": {"$": "Copyright 2017 Elsevier B.V., All rights reserved.", "@type": "Elsevier"}, "dbcollection": [{"$": "CABS"}, {"$": "CPX"}, {"$": "EMBIO"}, {"$": "GEO"}, {"$": "REAXYSCAR"}, {"$": "SCOPUS"}, {"$": "Scopusbase"}], "history": {"date-created": {"@day": "26", "@timestamp": "BST 05:24:37", "@year": "2017", "@month": "09"}}, "itemidlist": {"itemid": [{"$": "616891650", "@idtype": "PUI"}, {"$": "2017198093", "@idtype": "CABS"}, {"$": "666102727", "@idtype": "CAR-ID"}, {"$": "20172503809313", "@idtype": "CPX"}, {"$": "2017076929", "@idtype": "EMBIO"}, {"$": "5181613", "@idtype": "GEO"}, {"$": "20171105830", "@idtype": "REAXYSCAR"}, {"$": "85020890383", "@idtype": "SCP"}, {"$": "85020890383", "@idtype": "SGR"}], "ce:pii": "S0964830517305000", "ce:doi": "10.1016/j.ibiod.2017.06.005"}}, "tail": {"bibliography": {"@refcount": "20", "reference": [{"ref-fulltext": "Alaya, S.B., Haouech, L., Cherif, H., Shayeb, H., Aeration management in an oxidation ditch. Desalination 252 (2010), 172\u2013178.", "@id": "1", "ref-info": {"ref-publicationyear": {"@first": "2010"}, "ref-title": {"ref-titletext": "Aeration management in an oxidation ditch"}, "refd-itemidlist": {"itemid": [{"$": "bib2", "@idtype": "FRAGMENTID"}, {"$": "74849092207", "@idtype": "SGR"}]}, "ref-volisspag": {"voliss": {"@volume": "252"}, "pagerange": {"@first": "172", "@last": "178"}}, "ref-authors": {"author": [{"@seq": "1", "ce:initials": "S.B.", "@_fa": "true", "ce:surname": "Alaya", "ce:indexed-name": "Alaya S.B."}, {"@seq": "2", "ce:initials": "L.", "@_fa": "true", "ce:surname": "Haouech", "ce:indexed-name": "Haouech L."}, {"@seq": "3", "ce:initials": "H.", "@_fa": "true", "ce:surname": "Cherif", "ce:indexed-name": "Cherif H."}, {"@seq": "4", "ce:initials": "H.", "@_fa": "true", "ce:surname": "Shayeb", "ce:indexed-name": "Shayeb H."}]}, "ref-sourcetitle": "Desalination"}}, {"ref-fulltext": "APHA, AWWA, WPCF, Standard Methods for the Examination of Water and Wastewater. 2005, American Public Health Associaton, American Water Works Association and Water Pollution Control Federation, New York.", "@id": "2", "ref-info": {"ref-publicationyear": {"@first": "2005"}, "ref-title": {"ref-titletext": "Standard Methods for the Examination of Water and Wastewater"}, "refd-itemidlist": {"itemid": [{"$": "bib3", "@idtype": "FRAGMENTID"}, {"$": "84870560686", "@idtype": "SGR"}]}, "ref-text": "American Public Health Associaton, American Water Works Association and Water Pollution Control Federation New York", "ref-authors": {"author": [{"@seq": "1", "@_fa": "true", "ce:surname": "APHA", "ce:indexed-name": "APHA"}, {"@seq": "2", "@_fa": "true", "ce:surname": "AWWA", "ce:indexed-name": "AWWA"}, {"@seq": "3", "@_fa": "true", "ce:surname": "WPCF", "ce:indexed-name": "WPCF"}]}}}, {"ref-fulltext": "Capodici, M., Di Bella, G., Di Trapani, D., Torregrossa, M., Pilot scale experiment with MBR operated in intermittent aeration condition: analysis of biological performance. Bioresour. Technol. 177 (2015), 398\u2013405.", "@id": "3", "ref-info": {"ref-publicationyear": {"@first": "2015"}, "ref-title": {"ref-titletext": "Pilot scale experiment with MBR operated in intermittent aeration condition: analysis of biological performance"}, "refd-itemidlist": {"itemid": [{"$": "bib4", "@idtype": "FRAGMENTID"}, {"$": "84918820208", "@idtype": "SGR"}]}, "ref-volisspag": {"voliss": {"@volume": "177"}, "pagerange": {"@first": "398", "@last": "405"}}, "ref-authors": {"author": [{"@seq": "1", "ce:initials": "M.", "@_fa": "true", "ce:surname": "Capodici", "ce:indexed-name": "Capodici M."}, {"@seq": "2", "ce:initials": "G.", "@_fa": "true", "ce:surname": "Di Bella", "ce:indexed-name": "Di Bella G."}, {"@seq": "3", "ce:initials": "D.", "@_fa": "true", "ce:surname": "Di Trapani", "ce:indexed-name": "Di Trapani D."}, {"@seq": "4", "ce:initials": "M.", "@_fa": "true", "ce:surname": "Torregrossa", "ce:indexed-name": "Torregrossa M."}]}, "ref-sourcetitle": "Bioresour. Technol."}}, {"ref-fulltext": "Elena, G., Igor, G., Simultaneous denitrification and nitrification in the lab-scale oxidation ditch with low C/N ratio. Procedia Eng. 117 (2015), 107\u2013113.", "@id": "4", "ref-info": {"ref-publicationyear": {"@first": "2015"}, "ref-title": {"ref-titletext": "Simultaneous denitrification and nitrification in the lab-scale oxidation ditch with low C/N ratio"}, "refd-itemidlist": {"itemid": [{"$": "bib5", "@idtype": "FRAGMENTID"}, {"$": "84941089839", "@idtype": "SGR"}]}, "ref-volisspag": {"voliss": {"@volume": "117"}, "pagerange": {"@first": "107", "@last": "113"}}, "ref-authors": {"author": [{"@seq": "1", "ce:initials": "G.", "@_fa": "true", "ce:surname": "Elena", "ce:indexed-name": "Elena G."}, {"@seq": "2", "ce:initials": "G.", "@_fa": "true", "ce:surname": "Igor", "ce:indexed-name": "Igor G."}]}, "ref-sourcetitle": "Procedia Eng."}}, {"ref-fulltext": "Ergas, S.J., Aponte-Morales, V., Biological nitrogen removal A2-Ahuja, Satinder. Comprehensive Water Quality and Purification, 2014, Elsevier, Waltham, 123\u2013149.", "@id": "5", "ref-info": {"ref-publicationyear": {"@first": "2014"}, "ref-title": {"ref-titletext": "Biological nitrogen removal A2-Ahuja, Satinder"}, "refd-itemidlist": {"itemid": [{"$": "bib6", "@idtype": "FRAGMENTID"}, {"$": "84940225419", "@idtype": "SGR"}]}, "ref-volisspag": {"pagerange": {"@first": "123", "@last": "149"}}, "ref-text": "Elsevier Waltham", "ref-authors": {"author": [{"@seq": "1", "ce:initials": "S.J.", "@_fa": "true", "ce:surname": "Ergas", "ce:indexed-name": "Ergas S.J."}, {"@seq": "2", "ce:initials": "V.", "@_fa": "true", "ce:surname": "Aponte-Morales", "ce:indexed-name": "Aponte-Morales V."}]}, "ref-sourcetitle": "Comprehensive Water Quality and Purification"}}, {"ref-fulltext": "Fatone, F., Battistoni, P., Bolzonella, D., Pavan, P., Cecchia, F., Long-term experience with an automatic process control for nitrogen removal in membrane bioreactors. Desalination 227 (2008), 72\u201384.", "@id": "6", "ref-info": {"ref-publicationyear": {"@first": "2008"}, "ref-title": {"ref-titletext": "Long-term experience with an automatic process control for nitrogen removal in membrane bioreactors"}, "refd-itemidlist": {"itemid": [{"$": "bib7", "@idtype": "FRAGMENTID"}, {"$": "42649117826", "@idtype": "SGR"}]}, "ref-volisspag": {"voliss": {"@volume": "227"}, "pagerange": {"@first": "72", "@last": "84"}}, "ref-authors": {"author": [{"@seq": "1", "ce:initials": "F.", "@_fa": "true", "ce:surname": "Fatone", "ce:indexed-name": "Fatone F."}, {"@seq": "2", "ce:initials": "P.", "@_fa": "true", "ce:surname": "Battistoni", "ce:indexed-name": "Battistoni P."}, {"@seq": "3", "ce:initials": "D.", "@_fa": "true", "ce:surname": "Bolzonella", "ce:indexed-name": "Bolzonella D."}, {"@seq": "4", "ce:initials": "P.", "@_fa": "true", "ce:surname": "Pavan", "ce:indexed-name": "Pavan P."}, {"@seq": "5", "ce:initials": "F.", "@_fa": "true", "ce:surname": "Cecchia", "ce:indexed-name": "Cecchia F."}]}, "ref-sourcetitle": "Desalination"}}, {"ref-fulltext": "Guadie, A., Xia, S., Zhang, Z., Zeleke, J., Guo, W., Ngo, H.H., Hermanowicz, S.W., Effect of intermittent aeration cycle on nutrient removal and microbial community in a fluidized bed reactor-membrane bioreactor combo system. Bioresour. Technol. 156 (2014), 195\u2013205.", "@id": "7", "ref-info": {"ref-publicationyear": {"@first": "2014"}, "ref-title": {"ref-titletext": "Effect of intermittent aeration cycle on nutrient removal and microbial community in a fluidized bed reactor-membrane bioreactor combo system"}, "refd-itemidlist": {"itemid": [{"$": "bib8", "@idtype": "FRAGMENTID"}, {"$": "84893439096", "@idtype": "SGR"}]}, "ref-volisspag": {"voliss": {"@volume": "156"}, "pagerange": {"@first": "195", "@last": "205"}}, "ref-authors": {"author": [{"@seq": "1", "ce:initials": "A.", "@_fa": "true", "ce:surname": "Guadie", "ce:indexed-name": "Guadie A."}, {"@seq": "2", "ce:initials": "S.", "@_fa": "true", "ce:surname": "Xia", "ce:indexed-name": "Xia S."}, {"@seq": "3", "ce:initials": "Z.", "@_fa": "true", "ce:surname": "Zhang", "ce:indexed-name": "Zhang Z."}, {"@seq": "4", "ce:initials": "J.", "@_fa": "true", "ce:surname": "Zeleke", "ce:indexed-name": "Zeleke J."}, {"@seq": "5", "ce:initials": "W.", "@_fa": "true", "ce:surname": "Guo", "ce:indexed-name": "Guo W."}, {"@seq": "6", "ce:initials": "H.H.", "@_fa": "true", "ce:surname": "Ngo", "ce:indexed-name": "Ngo H.H."}, {"@seq": "7", "ce:initials": "S.W.", "@_fa": "true", "ce:surname": "Hermanowicz", "ce:indexed-name": "Hermanowicz S.W."}]}, "ref-sourcetitle": "Bioresour. Technol."}}, {"ref-fulltext": "Hasar, H., K\u0131nac\u0131, C., Unl\u00fc, A., \u0130pek, U., Role of intermittent aeration in domestic wastewater treatment by submerged membrane activated sludge system. Desalination 142 (2002), 287\u2013293.", "@id": "8", "ref-info": {"ref-publicationyear": {"@first": "2002"}, "ref-title": {"ref-titletext": "Role of intermittent aeration in domestic wastewater treatment by submerged membrane activated sludge system"}, "refd-itemidlist": {"itemid": [{"$": "bib9", "@idtype": "FRAGMENTID"}, {"$": "0036500040", "@idtype": "SGR"}]}, "ref-volisspag": {"voliss": {"@volume": "142"}, "pagerange": {"@first": "287", "@last": "293"}}, "ref-authors": {"author": [{"@seq": "1", "ce:initials": "H.", "@_fa": "true", "ce:surname": "Hasar", "ce:indexed-name": "Hasar H."}, {"@seq": "2", "ce:initials": "C.", "@_fa": "true", "ce:surname": "K\u0131nac\u0131", "ce:indexed-name": "Kinaci C."}, {"@seq": "3", "ce:initials": "A.", "@_fa": "true", "ce:surname": "Unl\u00fc", "ce:indexed-name": "Unlu A."}, {"@seq": "4", "ce:initials": "U.", "@_fa": "true", "ce:surname": "\u0130pek", "ce:indexed-name": "Ipek U."}]}, "ref-sourcetitle": "Desalination"}}, {"ref-fulltext": "Lohi, HDaA., Intermittent aeration in biological treatment of wastewater. Am. J Eng. Appl. Sci. 22 (2009), 260\u2013267.", "@id": "9", "ref-info": {"ref-publicationyear": {"@first": "2009"}, "ref-title": {"ref-titletext": "Intermittent aeration in biological treatment of wastewater"}, "refd-itemidlist": {"itemid": [{"$": "bib10", "@idtype": "FRAGMENTID"}, {"$": "79960248237", "@idtype": "SGR"}]}, "ref-volisspag": {"voliss": {"@volume": "22"}, "pagerange": {"@first": "260", "@last": "267"}}, "ref-authors": {"author": [{"ce:given-name": "H Da A.", "@seq": "1", "ce:initials": "H.D.A.", "@_fa": "true", "ce:surname": "Lohi", "ce:indexed-name": "Lohi H.D.A."}]}, "ref-sourcetitle": "Am. J Eng. Appl. Sci."}}, {"ref-fulltext": "Kim, H.S., Seo, I.S., Kim, Y.K., Kim, J.Y., Ahn, H.W., Kim, I.S., Full-scale study on dynamic state membrane bio-reactor with modified intermittent aeration. Desalination 202 (2007), 99\u2013105.", "@id": "10", "ref-info": {"ref-publicationyear": {"@first": "2007"}, "ref-title": {"ref-titletext": "Full-scale study on dynamic state membrane bio-reactor with modified intermittent aeration"}, "refd-itemidlist": {"itemid": [{"$": "bib11", "@idtype": "FRAGMENTID"}, {"$": "33751512761", "@idtype": "SGR"}]}, "ref-volisspag": {"voliss": {"@volume": "202"}, "pagerange": {"@first": "99", "@last": "105"}}, "ref-authors": {"author": [{"@seq": "1", "ce:initials": "H.S.", "@_fa": "true", "ce:surname": "Kim", "ce:indexed-name": "Kim H.S."}, {"@seq": "2", "ce:initials": "I.S.", "@_fa": "true", "ce:surname": "Seo", "ce:indexed-name": "Seo I.S."}, {"@seq": "3", "ce:initials": "Y.K.", "@_fa": "true", "ce:surname": "Kim", "ce:indexed-name": "Kim Y.K."}, {"@seq": "4", "ce:initials": "J.Y.", "@_fa": "true", "ce:surname": "Kim", "ce:indexed-name": "Kim J.Y."}, {"@seq": "5", "ce:initials": "H.W.", "@_fa": "true", "ce:surname": "Ahn", "ce:indexed-name": "Ahn H.W."}, {"@seq": "6", "ce:initials": "I.S.", "@_fa": "true", "ce:surname": "Kim", "ce:indexed-name": "Kim I.S."}]}, "ref-sourcetitle": "Desalination"}}, {"ref-fulltext": "Lee, P.-H., Cotter, S.F., Reyes Prieri, S.C., Attalage, D., Sung, S., pH-gradient real-time aeration control for nitritation community selection in a non-porous hollow fiber membrane biofilm reactor (MBfR) with dilute wastewater. Chemosphere 90 (2013), 2320\u20132325.", "@id": "11", "ref-info": {"ref-publicationyear": {"@first": "2013"}, "ref-title": {"ref-titletext": "pH-gradient real-time aeration control for nitritation community selection in a non-porous hollow fiber membrane biofilm reactor (MBfR) with dilute wastewater"}, "refd-itemidlist": {"itemid": [{"$": "bib12", "@idtype": "FRAGMENTID"}, {"$": "84872793056", "@idtype": "SGR"}]}, "ref-volisspag": {"voliss": {"@volume": "90"}, "pagerange": {"@first": "2320", "@last": "2325"}}, "ref-authors": {"author": [{"@seq": "1", "ce:initials": "P.-H.", "@_fa": "true", "ce:surname": "Lee", "ce:indexed-name": "Lee P.-H."}, {"@seq": "2", "ce:initials": "S.F.", "@_fa": "true", "ce:surname": "Cotter", "ce:indexed-name": "Cotter S.F."}, {"@seq": "3", "ce:initials": "S.C.", "@_fa": "true", "ce:surname": "Reyes Prieri", "ce:indexed-name": "Reyes Prieri S.C."}, {"@seq": "4", "ce:initials": "D.", "@_fa": "true", "ce:surname": "Attalage", "ce:indexed-name": "Attalage D."}, {"@seq": "5", "ce:initials": "S.", "@_fa": "true", "ce:surname": "Sung", "ce:indexed-name": "Sung S."}]}, "ref-sourcetitle": "Chemosphere"}}, {"ref-fulltext": "Lim, B.S., Choi, B.C., Yu, S.W., Lee, C.G., Effects of operational parameters on aeration on/off time in an intermittent aeration membrane bioreactor. Desalination 202 (2007), 77\u201382.", "@id": "12", "ref-info": {"ref-publicationyear": {"@first": "2007"}, "ref-title": {"ref-titletext": "Effects of operational parameters on aeration on/off time in an intermittent aeration membrane bioreactor"}, "refd-itemidlist": {"itemid": [{"$": "bib13", "@idtype": "FRAGMENTID"}, {"$": "33751402627", "@idtype": "SGR"}]}, "ref-volisspag": {"voliss": {"@volume": "202"}, "pagerange": {"@first": "77", "@last": "82"}}, "ref-authors": {"author": [{"@seq": "1", "ce:initials": "B.S.", "@_fa": "true", "ce:surname": "Lim", "ce:indexed-name": "Lim B.S."}, {"@seq": "2", "ce:initials": "B.C.", "@_fa": "true", "ce:surname": "Choi", "ce:indexed-name": "Choi B.C."}, {"@seq": "3", "ce:initials": "S.W.", "@_fa": "true", "ce:surname": "Yu", "ce:indexed-name": "Yu S.W."}, {"@seq": "4", "ce:initials": "C.G.", "@_fa": "true", "ce:surname": "Lee", "ce:indexed-name": "Lee C.G."}]}, "ref-sourcetitle": "Desalination"}}, {"ref-fulltext": "Lin, Y.-M., Tay, J.-H., Liu, Y., Hung, Y.-T., Biological nitrification and denitrification processes. Wang, L.K., Pereira, N.C., Hung, Y.-T., (eds.) Biological Treatment Processes, 2009, Humana Press, Totowa, NJ, 539\u2013588.", "@id": "13", "ref-info": {"ref-publicationyear": {"@first": "2009"}, "ref-title": {"ref-titletext": "Biological nitrification and denitrification processes"}, "refd-itemidlist": {"itemid": [{"$": "bib14", "@idtype": "FRAGMENTID"}, {"$": "84860213628", "@idtype": "SGR"}]}, "ref-volisspag": {"pagerange": {"@first": "539", "@last": "588"}}, "ref-text": "L.K. Wang N.C. Pereira Y.-T. Hung Humana Press Totowa, NJ", "ref-authors": {"author": [{"@seq": "1", "ce:initials": "Y.-M.", "@_fa": "true", "ce:surname": "Lin", "ce:indexed-name": "Lin Y.-M."}, {"@seq": "2", "ce:initials": "J.-H.", "@_fa": "true", "ce:surname": "Tay", "ce:indexed-name": "Tay J.-H."}, {"@seq": "3", "ce:initials": "Y.", "@_fa": "true", "ce:surname": "Liu", "ce:indexed-name": "Liu Y."}, {"@seq": "4", "ce:initials": "Y.-T.", "@_fa": "true", "ce:surname": "Hung", "ce:indexed-name": "Hung Y.-T."}]}, "ref-sourcetitle": "Biological Treatment Processes"}}, {"ref-fulltext": "Ozdemir, B., Yenigun, O., A pilot scale study on high biomass systems: energy and cost analysis of sludge production. J. Membr. Sci. 428 (2013), 589\u2013597.", "@id": "14", "ref-info": {"ref-publicationyear": {"@first": "2013"}, "ref-title": {"ref-titletext": "A pilot scale study on high biomass systems: energy and cost analysis of sludge production"}, "refd-itemidlist": {"itemid": [{"$": "bib16", "@idtype": "FRAGMENTID"}, {"$": "84871451945", "@idtype": "SGR"}]}, "ref-volisspag": {"voliss": {"@volume": "428"}, "pagerange": {"@first": "589", "@last": "597"}}, "ref-authors": {"author": [{"@seq": "1", "ce:initials": "B.", "@_fa": "true", "ce:surname": "Ozdemir", "ce:indexed-name": "Ozdemir B."}, {"@seq": "2", "ce:initials": "O.", "@_fa": "true", "ce:surname": "Yenigun", "ce:indexed-name": "Yenigun O."}]}, "ref-sourcetitle": "J. Membr. Sci."}}, {"ref-fulltext": "Peeters, J., Pawloski, J., Noble, J., The evolution of immersed hollow fiber membrane aeration for MBR. Proceedings of IWA 4th International Membrane Technologies Conference, May 15\u201317, 2007 Harrogate, UK.", "@id": "15", "ref-info": {"ref-publicationyear": {"@first": "2007"}, "ref-title": {"ref-titletext": "The evolution of immersed hollow fiber membrane aeration for MBR"}, "refd-itemidlist": {"itemid": [{"$": "bib17", "@idtype": "FRAGMENTID"}, {"$": "58949085435", "@idtype": "SGR"}]}, "ref-text": "Harrogate, UK", "ref-authors": {"author": [{"@seq": "1", "ce:initials": "J.", "@_fa": "true", "ce:surname": "Peeters", "ce:indexed-name": "Peeters J."}, {"@seq": "2", "ce:initials": "J.", "@_fa": "true", "ce:surname": "Pawloski", "ce:indexed-name": "Pawloski J."}, {"@seq": "3", "ce:initials": "J.", "@_fa": "true", "ce:surname": "Noble", "ce:indexed-name": "Noble J."}]}, "ref-sourcetitle": "Proceedings of IWA 4th International Membrane Technologies Conference"}}, {"ref-fulltext": "Ratanatamskul, C., Glingeysorn, N., Yamamoto, K., The BNR-MBR(Biological Nutrient Removal-Membrane Bioreactor) for nutrient removal from high-rise building in hot climate region. Membr. Water Treat. J. 3:2 (2012), 133\u2013140.", "@id": "16", "ref-info": {"ref-publicationyear": {"@first": "2012"}, "ref-title": {"ref-titletext": "The BNR-MBR(Biological Nutrient Removal-Membrane Bioreactor) for nutrient removal from high-rise building in hot climate region"}, "refd-itemidlist": {"itemid": [{"$": "bib18", "@idtype": "FRAGMENTID"}, {"$": "84886945098", "@idtype": "SGR"}]}, "ref-volisspag": {"voliss": {"@volume": "3", "@issue": "2"}, "pagerange": {"@first": "133", "@last": "140"}}, "ref-authors": {"author": [{"@seq": "1", "ce:initials": "C.", "@_fa": "true", "ce:surname": "Ratanatamskul", "ce:indexed-name": "Ratanatamskul C."}, {"@seq": "2", "ce:initials": "N.", "@_fa": "true", "ce:surname": "Glingeysorn", "ce:indexed-name": "Glingeysorn N."}, {"@seq": "3", "ce:initials": "K.", "@_fa": "true", "ce:surname": "Yamamoto", "ce:indexed-name": "Yamamoto K."}]}, "ref-sourcetitle": "Membr. Water Treat. J."}}, {"ref-fulltext": "Ratanatamskul, C., Suksusieng, N., Yamamoto, K., A prototype IT/BF-MBR (inclined tube-biofilter membrane bioreactor) for high-rise building wastewater recycling. Desalin. Water Treat. J. 52:4\u20136 (2014), 719\u2013726.", "@id": "17", "ref-info": {"ref-publicationyear": {"@first": "2014"}, "ref-title": {"ref-titletext": "A prototype IT/BF-MBR (inclined tube-biofilter membrane bioreactor) for high-rise building wastewater recycling"}, "refd-itemidlist": {"itemid": [{"$": "bib19", "@idtype": "FRAGMENTID"}, {"$": "84893830168", "@idtype": "SGR"}]}, "ref-volisspag": {"voliss": {"@volume": "52", "@issue": "4-6"}, "pagerange": {"@first": "719", "@last": "726"}}, "ref-authors": {"author": [{"@seq": "1", "ce:initials": "C.", "@_fa": "true", "ce:surname": "Ratanatamskul", "ce:indexed-name": "Ratanatamskul C."}, {"@seq": "2", "ce:initials": "N.", "@_fa": "true", "ce:surname": "Suksusieng", "ce:indexed-name": "Suksusieng N."}, {"@seq": "3", "ce:initials": "K.", "@_fa": "true", "ce:surname": "Yamamoto", "ce:indexed-name": "Yamamoto K."}]}, "ref-sourcetitle": "Desalin. Water Treat. J."}}, {"ref-fulltext": "Shammas, N.K., Wang, L.K., Oxidation ditch. Wang, L.K., Pereira, N.C., Hung, Y.-T., (eds.) Biological Treatment Processes, 2009, Humana Press, Totowa, NJ, 513\u2013538.", "@id": "18", "ref-info": {"ref-publicationyear": {"@first": "2009"}, "ref-title": {"ref-titletext": "Oxidation ditch"}, "refd-itemidlist": {"itemid": [{"$": "bib20", "@idtype": "FRAGMENTID"}, {"$": "84863391433", "@idtype": "SGR"}]}, "ref-volisspag": {"pagerange": {"@first": "513", "@last": "538"}}, "ref-text": "L.K. Wang N.C. Pereira Y.-T. Hung Humana Press Totowa, NJ", "ref-authors": {"author": [{"@seq": "1", "ce:initials": "N.K.", "@_fa": "true", "ce:surname": "Shammas", "ce:indexed-name": "Shammas N.K."}, {"@seq": "2", "ce:initials": "L.K.", "@_fa": "true", "ce:surname": "Wang", "ce:indexed-name": "Wang L.K."}]}, "ref-sourcetitle": "Biological Treatment Processes"}}, {"ref-fulltext": "Tiranuntakul, M., Jegatheesan, V., Schneider, P.A., Fracchia, H.L., Performance of an oxidation ditch retrofitted with a membrane bioreactor during the start-up. Desalination 183 (2005), 417\u2013424.", "@id": "19", "ref-info": {"ref-publicationyear": {"@first": "2005"}, "ref-title": {"ref-titletext": "Performance of an oxidation ditch retrofitted with a membrane bioreactor during the start-up"}, "refd-itemidlist": {"itemid": [{"$": "bib21", "@idtype": "FRAGMENTID"}, {"$": "27944491272", "@idtype": "SGR"}]}, "ref-volisspag": {"voliss": {"@volume": "183"}, "pagerange": {"@first": "417", "@last": "424"}}, "ref-authors": {"author": [{"@seq": "1", "ce:initials": "M.", "@_fa": "true", "ce:surname": "Tiranuntakul", "ce:indexed-name": "Tiranuntakul M."}, {"@seq": "2", "ce:initials": "V.", "@_fa": "true", "ce:surname": "Jegatheesan", "ce:indexed-name": "Jegatheesan V."}, {"@seq": "3", "ce:initials": "P.A.", "@_fa": "true", "ce:surname": "Schneider", "ce:indexed-name": "Schneider P.A."}, {"@seq": "4", "ce:initials": "H.L.", "@_fa": "true", "ce:surname": "Fracchia", "ce:indexed-name": "Fracchia H.L."}]}, "ref-sourcetitle": "Desalination"}}, {"ref-fulltext": "Zuthi, M.F.R., Guo, W.S., Ngo, H.H., Nghiem, L.D., Hai, F.I., Enhanced biological phosphorus removal and its modeling for the activated sludge and membrane bioreactor processes. Bioresour. Technol. 139 (2013), 363\u2013374.", "@id": "20", "ref-info": {"ref-publicationyear": {"@first": "2013"}, "ref-title": {"ref-titletext": "Enhanced biological phosphorus removal and its modeling for the activated sludge and membrane bioreactor processes"}, "refd-itemidlist": {"itemid": [{"$": "bib23", "@idtype": "FRAGMENTID"}, {"$": "84892515653", "@idtype": "SGR"}]}, "ref-volisspag": {"voliss": {"@volume": "139"}, "pagerange": {"@first": "363", "@last": "374"}}, "ref-authors": {"author": [{"@seq": "1", "ce:initials": "M.F.R.", "@_fa": "true", "ce:surname": "Zuthi", "ce:indexed-name": "Zuthi M.F.R."}, {"@seq": "2", "ce:initials": "W.S.", "@_fa": "true", "ce:surname": "Guo", "ce:indexed-name": "Guo W.S."}, {"@seq": "3", "ce:initials": "H.H.", "@_fa": "true", "ce:surname": "Ngo", "ce:indexed-name": "Ngo H.H."}, {"@seq": "4", "ce:initials": "L.D.", "@_fa": "true", "ce:surname": "Nghiem", "ce:indexed-name": "Nghiem L.D."}, {"@seq": "5", "ce:initials": "F.I.", "@_fa": "true", "ce:surname": "Hai", "ce:indexed-name": "Hai F.I."}]}, "ref-sourcetitle": "Bioresour. Technol."}}]}}}}, "affiliation": {"affiliation-city": "Bangkok", "@id": "60028190", "affilname": "Chulalongkorn University", "@href": "https://api.elsevier.com/content/affiliation/affiliation_id/60028190", "affiliation-country": "Thailand"}, "coredata": {"srctype": "j", "eid": "2-s2.0-85020890383", "dc:description": "A novel prototype IT/OD-MBR (Inclined Tube/Oxidation Ditch-Membrane Bioreactor) system has been developed for biological nutrient removal purpose. The intermittent aeration modes (aeration/non-aeration period) were varied to 60/60, 40/80, 30/90,80/40, 90/30 min. The prototype system was operated with horizontal flow velocity of 0.3 m/s, hydraulic retention time (HRT) of 24 h and fed with the raw wastewater from Julajakrapong building, which is a high-rise building inside Chulalongkorn University at a constant flowrate of 2 m3/day. From the long-term system operation, the most efficient energy-saving system with high performance of nutrient removal could be achieved with the aeration on/off mode of 30/90 min. Moreover, investigation of biofoulant characteristics on membrane surface was performed by SEM-EDX and FT-IR analyses. It was found that protein and carbohydrate were predominant compositions of the biofoulant substances. Main protein composition in the biofoulant was carbonyl group. The reclaimed water can be used for gardening and landscape purposes. Therefore, the novel IT/OD-MBR system can be considered as an alternative for high-rise building's wastewater recycling.", "prism:coverDate": "2017-10-01", "prism:aggregationType": "Journal", "prism:url": "https://api.elsevier.com/content/abstract/scopus_id/85020890383", "dc:creator": {"author": [{"ce:given-name": "Chavalit", "preferred-name": {"ce:given-name": "Chavalit", "ce:initials": "C.", "ce:surname": "Ratanatamskul", "ce:indexed-name": "Ratanatamskul C."}, "@seq": "1", "ce:initials": "C.", "@_fa": "true", "affiliation": {"@id": "60028190", "@href": "https://api.elsevier.com/content/affiliation/affiliation_id/60028190"}, "ce:surname": "Ratanatamskul", "@auid": "25029703100", "author-url": "https://api.elsevier.com/content/author/author_id/25029703100", "ce:indexed-name": "Ratanatamskul C."}]}, "link": [{"@_fa": "true", "@rel": "self", "@href": "https://api.elsevier.com/content/abstract/scopus_id/85020890383"}, {"@_fa": "true", "@rel": "scopus", "@href": "https://www.scopus.com/inward/record.uri?partnerID=HzOxMe3b&scp=85020890383&origin=inward"}, {"@_fa": "true", "@rel": "scopus-citedby", "@href": "https://www.scopus.com/inward/citedby.uri?partnerID=HzOxMe3b&scp=85020890383&origin=inward"}], "source-id": "16052", "pii": "S0964830517305000", "citedby-count": "12", "prism:volume": "124", "subtype": "ar", "dc:title": "Impact of intermittent aeration mode on enhancement of biological nutrient removal by the novel prototype IT/OD-MBR(Inclined Tube/Oxidation-Ditch Membrane Bioreactor) for high-rise building's wastewater recycling", "openaccess": "0", "prism:issn": "09648305", "publishercopyright": "\u00a9 2017 Elsevier Ltd", "subtypeDescription": "Article", "prism:publicationName": "International Biodeterioration and Biodegradation", "prism:pageRange": "36-44", "prism:endingPage": "44", "openaccessFlag": "false", "prism:doi": "10.1016/j.ibiod.2017.06.005", "prism:startingPage": "36", "dc:identifier": "SCOPUS_ID:85020890383", "dc:publisher": "Elsevier Ltd"}, "idxterms": {"mainterm": [{"$": "Biological nutrient removal", "@weight": "b", "@candidate": "n"}, {"$": "Chulalongkorn University", "@weight": "b", "@candidate": "n"}, {"$": "Hydraulic retention time", "@weight": "b", "@candidate": "n"}, {"$": "Intermittent aeration", "@weight": "b", "@candidate": "n"}, {"$": "Long-term system operation", "@weight": "b", "@candidate": "n"}, {"$": "Membrane bioreactor", "@weight": "b", "@candidate": "n"}, {"$": "Microbial EPS", "@weight": "b", "@candidate": "n"}, {"$": "Wastewater recycling", "@weight": "b", "@candidate": "n"}]}, "language": {"@xml:lang": "eng"}, "authkeywords": {"author-keyword": [{"@_fa": "true", "$": "Biological nutrient removal"}, {"@_fa": "true", "$": "Energy saving"}, {"@_fa": "true", "$": "High-rise building's wastewater recycling"}, {"@_fa": "true", "$": "Microbial EPS"}, {"@_fa": "true", "$": "Novel IT/OD-MBR (Inclined Tube/Oxidation Ditch Membrane Bioreactor)"}]}, "subject-areas": {"subject-area": [{"@_fa": "true", "$": "Microbiology", "@code": "2404", "@abbrev": "IMMU"}, {"@_fa": "true", "$": "Biomaterials", "@code": "2502", "@abbrev": "MATE"}, {"@_fa": "true", "$": "Waste Management and Disposal", "@code": "2311", "@abbrev": "ENVI"}]}, "authors": {"author": [{"ce:given-name": "Chavalit", "preferred-name": {"ce:given-name": "Chavalit", "ce:initials": "C.", "ce:surname": "Ratanatamskul", "ce:indexed-name": "Ratanatamskul C."}, "@seq": "1", "ce:initials": "C.", "@_fa": "true", "affiliation": {"@id": "60028190", "@href": "https://api.elsevier.com/content/affiliation/affiliation_id/60028190"}, "ce:surname": "Ratanatamskul", "@auid": "25029703100", "author-url": "https://api.elsevier.com/content/author/author_id/25029703100", "ce:indexed-name": "Ratanatamskul C."}, {"ce:given-name": "Jiranthanin", "preferred-name": {"ce:given-name": "Jiranthanin", "ce:initials": "J.", "ce:surname": "Kongwong", "ce:indexed-name": "Kongwong J."}, "@seq": "2", "ce:initials": "J.", "@_fa": "true", "affiliation": {"@id": "60028190", "@href": "https://api.elsevier.com/content/affiliation/affiliation_id/60028190"}, "ce:surname": "Kongwong", "@auid": "57194565830", "author-url": "https://api.elsevier.com/content/author/author_id/57194565830", "ce:indexed-name": "Kongwong J."}]}}}