{"abstracts-retrieval-response": {"item": {"ait:process-info": {"ait:status": {"@state": "update", "@type": "core", "@stage": "S300"}, "ait:date-delivered": {"@day": "20", "@year": "2020", "@timestamp": "2020-01-20T04:10:47.000047-05:00", "@month": "01"}, "ait:date-sort": {"@day": "12", "@year": "2017", "@month": "12"}}, "bibrecord": {"head": {"author-group": [{"affiliation": {"country": "Thailand", "@afid": "60028190", "@country": "tha", "organization": [{"$": "Department of Chemistry"}, {"$": "Faculty of Science"}, {"$": "Chulalongkorn University"}], "affiliation-id": {"@afid": "60028190", "@dptid": "104425638"}, "@dptid": "104425638"}, "author": [{"ce:given-name": "Prompong", "preferred-name": {"ce:given-name": "Prompong", "ce:initials": "P.", "ce:surname": "Pienpinijtham", "ce:indexed-name": "Pienpinijtham P."}, "@seq": "1", "ce:initials": "P.", "@_fa": "true", "@type": "auth", "ce:surname": "Pienpinijtham", "@auid": "50462130300", "ce:indexed-name": "Pienpinijtham P."}]}, {"affiliation": {"country": "Japan", "postal-code": "669-1337", "@afid": "60027395", "@country": "jpn", "city": "Sanda, Hyogo", "organization": [{"$": "Department of Chemistry"}, {"$": "School of Science and Technology"}, {"$": "Kwansei Gakuin University"}], "affiliation-id": {"@afid": "60027395", "@dptid": "100293059"}, "@dptid": "100293059"}, "author": [{"ce:given-name": "Yukihiro", "preferred-name": {"ce:given-name": "Yukihiro", "ce:initials": "Y.", "ce:surname": "Ozaki", "ce:indexed-name": "Ozaki Y."}, "@seq": "2", "ce:initials": "Y.", "@date-locked": "2018-05-17T11:22:18.464", "@_fa": "true", "@type": "auth", "ce:surname": "Ozaki", "@auid": "55499856000", "ce:indexed-name": "Ozaki Y."}]}], "citation-title": "Tip-enhanced Raman scattering in liquid/solution", "abstracts": null, "correspondence": {"affiliation": {"country": "Thailand", "@country": "tha", "organization": [{"$": "Department of Chemistry"}, {"$": "Faculty of Science"}, {"$": "Chulalongkorn University"}]}, "person": {"ce:given-name": "Prompong", "ce:initials": "P.", "ce:surname": "Pienpinijtham", "ce:indexed-name": "Pienpinijtham P."}}, "citation-info": {"citation-type": {"@code": "ch"}, "citation-language": {"@language": "English", "@xml:lang": "eng"}}, "source": {"sourcetitle-abbrev": "Recent Dev. In Plasmon-Support. Raman Spectrosc.: 45 Years of Enhanc. Raman Signals", "website": {"ce:e-address": {"$": "http://www.worldscientific.com/worldscibooks/10.1142/q0124", "@type": "email"}}, "@country": "usa", "translated-sourcetitle": {"@xml:lang": "eng"}, "volisspag": {"pagerange": {"@first": "299", "@last": "321"}}, "@type": "b", "publicationyear": {"@first": "2017"}, "isbn": [{"@level": "volume", "$": "9781786344243", "@type": "electronic", "@length": "13"}, {"@level": "volume", "$": "9781786344236", "@type": "print", "@length": "13"}], "publisher": {"publishername": "World Scientific Publishing Co. Pte. Ltd."}, "sourcetitle": "Recent Developments In Plasmon-Supported Raman Spectroscopy: 45 Years of Enhanced Raman Signals", "@srcid": "21100856639", "publicationdate": {"month": "12", "year": "2017", "date-text": {"@xfab-added": "true", "$": "12 December 2017"}, "day": "12"}}, "enhancement": {"classificationgroup": {"classifications": [{"@type": "ASJC", "classification": "1600"}, {"@type": "SUBJABBR", "classification": "CHEM"}]}}}, "item-info": {"copyright": {"$": "Copyright 2018 Elsevier B.V., All rights reserved.", "@type": "Elsevier"}, "dbcollection": [{"$": "SNBOOK"}, {"$": "SCOPUS"}, {"$": "Scopusbase"}], "history": {"date-created": {"@day": "09", "@year": "2018", "@timestamp": "BST 14:44:28", "@month": "04"}}, "itemidlist": {"itemid": [{"$": "621556573", "@idtype": "PUI"}, {"$": "909937599", "@idtype": "CAR-ID"}, {"$": "2018048041", "@idtype": "SNBOOK"}, {"$": "20182000029776", "@idtype": "TPB-ID"}, {"$": "20181000132132", "@idtype": "VTW-CAR-ID"}, {"$": "85044846217", "@idtype": "SCP"}, {"$": "85044846217", "@idtype": "SGR"}], "ce:doi": "10.1142/9781786344243_0011"}}, "tail": {"bibliography": {"@refcount": "47", "reference": [{"ref-fulltext": "Fleischmann, M., Hendra, P. J. and McQuillan, A. J. (1974). Raman spectra of pyridine adsorbed at a silver electrode, Chem. Phys. Lett., 26, pp. 163-166.", "@id": "1", "ref-info": {"ref-publicationyear": {"@first": "1974"}, "ref-title": {"ref-titletext": "Raman spectra of pyridine adsorbed at a silver electrode, Chem"}, "refd-itemidlist": {"itemid": {"$": "47549086779", "@idtype": "SGR"}}, "ref-volisspag": {"voliss": {"@volume": "26"}, "pagerange": {"@first": "163", "@last": "166"}}, "ref-authors": {"author": [{"@seq": "1", "ce:initials": "M.", "@_fa": "true", "ce:surname": "Fleischmann", "ce:indexed-name": "Fleischmann M."}, {"@seq": "2", "ce:initials": "P.J.", "@_fa": "true", "ce:surname": "Hendra", "ce:indexed-name": "Hendra P.J."}, {"@seq": "3", "ce:initials": "A.J.", "@_fa": "true", "ce:surname": "McQuillan", "ce:indexed-name": "McQuillan A.J."}]}, "ref-sourcetitle": "Phys. Lett."}}, {"ref-fulltext": "Aroca, R. (2006). Surface-Enhanced Raman Scattering, in Surface-Enhanced Vibrational Spectroscopy. John Wiley & Sons, Ltd., UK pp. 73-106.", "@id": "2", "ref-info": {"ref-publicationyear": {"@first": "2006"}, "refd-itemidlist": {"itemid": {"$": "33947167075", "@idtype": "SGR"}}, "ref-volisspag": {"pagerange": {"@first": "73", "@last": "106"}}, "ref-text": "John Wiley & Sons, Ltd., UK", "ref-authors": {"author": [{"@seq": "1", "ce:initials": "R.", "@_fa": "true", "ce:surname": "Aroca", "ce:indexed-name": "Aroca R."}]}, "ref-sourcetitle": "Surface-Enhanced Raman Scattering, in Surface-Enhanced Vibrational Spectroscopy"}}, {"ref-fulltext": "Ozaki, Y., Kneipp, K. and Aroca, R. (2014). Frontiers of Surface-Enhanced Raman Scattering: Single Nanoparticles and Single Cells. JohnWiley & Sons, Ltd., UK.", "@id": "3", "ref-info": {"ref-publicationyear": {"@first": "2014"}, "refd-itemidlist": {"itemid": {"$": "84900828398", "@idtype": "SGR"}}, "ref-text": "JohnWiley & Sons, Ltd., UK.", "ref-authors": {"author": [{"@seq": "1", "ce:initials": "Y.", "@_fa": "true", "ce:surname": "Ozaki", "ce:indexed-name": "Ozaki Y."}, {"@seq": "2", "ce:initials": "K.", "@_fa": "true", "ce:surname": "Kneipp", "ce:indexed-name": "Kneipp K."}, {"@seq": "3", "ce:initials": "R.", "@_fa": "true", "ce:surname": "Aroca", "ce:indexed-name": "Aroca R."}]}, "ref-sourcetitle": "Frontiers of Surface-Enhanced Raman Scattering: Single Nanoparticles and Single Cells"}}, {"ref-fulltext": "Jeanmaire, D. L. and Van Duyne, R. P. (1977). Surface Raman electrochemistry part I. Heterocyclic, aromatic and aliphatic amines adsorbed on the anodized silver electrode. J. Electroanal. Chem. 84, pp. 1-20.", "@id": "4", "ref-info": {"ref-publicationyear": {"@first": "1977"}, "ref-title": {"ref-titletext": "Surface Raman electrochemistry part I. Heterocyclic, aromatic and aliphatic amines adsorbed on the anodized silver electrode"}, "refd-itemidlist": {"itemid": {"$": "0001900542", "@idtype": "SGR"}}, "ref-volisspag": {"voliss": {"@volume": "84"}, "pagerange": {"@first": "1", "@last": "20"}}, "ref-authors": {"author": [{"@seq": "1", "ce:initials": "D.L.", "@_fa": "true", "ce:surname": "Jeanmaire", "ce:indexed-name": "Jeanmaire D.L."}, {"@seq": "2", "ce:initials": "R.P.", "@_fa": "true", "ce:surname": "Van Duyne", "ce:indexed-name": "Van Duyne R.P."}]}, "ref-sourcetitle": "J. Electroanal. Chem."}}, {"ref-fulltext": "Albrecht, M. G. and Creighton, J. A. (1977). Anomalously intense Raman spectra of pyridine at a silver electrode. J. Am. Chem. Soc. 99, pp. 5215-5217.", "@id": "5", "ref-info": {"ref-publicationyear": {"@first": "1977"}, "ref-title": {"ref-titletext": "Anomalously intense Raman spectra of pyridine at a silver electrode"}, "refd-itemidlist": {"itemid": {"$": "33847088591", "@idtype": "SGR"}}, "ref-volisspag": {"voliss": {"@volume": "99"}, "pagerange": {"@first": "5215", "@last": "5217"}}, "ref-authors": {"author": [{"@seq": "1", "ce:initials": "M.G.", "@_fa": "true", "ce:surname": "Albrecht", "ce:indexed-name": "Albrecht M.G."}, {"@seq": "2", "ce:initials": "J.A.", "@_fa": "true", "ce:surname": "Creighton", "ce:indexed-name": "Creighton J.A."}]}, "ref-sourcetitle": "J. Am. Chem. Soc."}}, {"ref-fulltext": "Anderson, M. S. (2000). Locally enhanced Raman spectroscopy with an atomic force microscope. Appl. Phys. Lett. 76, pp. 3130-3132.", "@id": "6", "ref-info": {"ref-publicationyear": {"@first": "2000"}, "ref-title": {"ref-titletext": "Locally enhanced Raman spectroscopy with an atomic force microscope"}, "refd-itemidlist": {"itemid": {"$": "0000518833", "@idtype": "SGR"}}, "ref-volisspag": {"voliss": {"@volume": "76"}, "pagerange": {"@first": "3130", "@last": "3132"}}, "ref-authors": {"author": [{"@seq": "1", "ce:initials": "M.S.", "@_fa": "true", "ce:surname": "Anderson", "ce:indexed-name": "Anderson M.S."}]}, "ref-sourcetitle": "Appl. Phys. Lett."}}, {"ref-fulltext": "Hayazawa, N., Inouye, Y., Sekkat, Z. and Kawata, S. (2000). Metallized tip amplification of near-field Raman scattering. Opt. Commun. 183, pp. 333-336.", "@id": "7", "ref-info": {"ref-publicationyear": {"@first": "2000"}, "ref-title": {"ref-titletext": "Metallized tip amplification of near-field Raman scattering"}, "refd-itemidlist": {"itemid": {"$": "0034275736", "@idtype": "SGR"}}, "ref-volisspag": {"voliss": {"@volume": "183"}, "pagerange": {"@first": "333", "@last": "336"}}, "ref-authors": {"author": [{"@seq": "1", "ce:initials": "N.", "@_fa": "true", "ce:surname": "Hayazawa", "ce:indexed-name": "Hayazawa N."}, {"@seq": "2", "ce:initials": "Y.", "@_fa": "true", "ce:surname": "Inouye", "ce:indexed-name": "Inouye Y."}, {"@seq": "3", "ce:initials": "Z.", "@_fa": "true", "ce:surname": "Sekkat", "ce:indexed-name": "Sekkat Z."}, {"@seq": "4", "ce:initials": "S.", "@_fa": "true", "ce:surname": "Kawata", "ce:indexed-name": "Kawata S."}]}, "ref-sourcetitle": "Opt. Commun."}}, {"ref-fulltext": "St\u00f6ckle, R. M., Suh, Y. D. Deckert, V. and Zenobi, R. (2000). Nanoscale chemical analysis by tip-enhanced Raman spectroscopy. Chem. Phys. Lett. 318, pp. 131-136.", "@id": "8", "ref-info": {"ref-publicationyear": {"@first": "2000"}, "ref-title": {"ref-titletext": "Nanoscale chemical analysis by tip-enhanced Raman spectroscopy"}, "refd-itemidlist": {"itemid": {"$": "0000274050", "@idtype": "SGR"}}, "ref-volisspag": {"voliss": {"@volume": "318"}, "pagerange": {"@first": "131", "@last": "136"}}, "ref-authors": {"author": [{"@seq": "1", "ce:initials": "R.M.", "@_fa": "true", "ce:surname": "St\u00f6ckle", "ce:indexed-name": "Stockle R.M."}, {"@seq": "2", "ce:initials": "Y.D.", "@_fa": "true", "ce:surname": "Suh", "ce:indexed-name": "Suh Y.D."}, {"@seq": "3", "ce:initials": "V.", "@_fa": "true", "ce:surname": "Deckert", "ce:indexed-name": "Deckert V."}, {"@seq": "4", "ce:initials": "R.", "@_fa": "true", "ce:surname": "Zenobi", "ce:indexed-name": "Zenobi R."}]}, "ref-sourcetitle": "Chem. Phys. Lett."}}, {"ref-fulltext": "Bailo, E. and Deckert, V. (2008). Tip-enhanced Raman scattering. Chem. Soc. Rev. 37, pp. 921-930.", "@id": "9", "ref-info": {"ref-publicationyear": {"@first": "2008"}, "ref-title": {"ref-titletext": "Tip-enhanced Raman scattering"}, "refd-itemidlist": {"itemid": {"$": "43049122464", "@idtype": "SGR"}}, "ref-volisspag": {"voliss": {"@volume": "37"}, "pagerange": {"@first": "921", "@last": "930"}}, "ref-authors": {"author": [{"@seq": "1", "ce:initials": "E.", "@_fa": "true", "ce:surname": "Bailo", "ce:indexed-name": "Bailo E."}, {"@seq": "2", "ce:initials": "V.", "@_fa": "true", "ce:surname": "Deckert", "ce:indexed-name": "Deckert V."}]}, "ref-sourcetitle": "Chem. Soc. Rev."}}, {"ref-fulltext": "Downes, A., Salter, D. and Elfick, A. (2006). Finite element simulations of tip-enhanced Raman and fluorescence spectroscopy. J. Phys. Chem. B 110, pp. 6692-6698.", "@id": "10", "ref-info": {"ref-publicationyear": {"@first": "2006"}, "ref-title": {"ref-titletext": "Finite element simulations of tip-enhanced Raman and fluorescence spectroscopy"}, "refd-itemidlist": {"itemid": {"$": "33645500565", "@idtype": "SGR"}}, "ref-volisspag": {"voliss": {"@volume": "110"}, "pagerange": {"@first": "6692", "@last": "6698"}}, "ref-authors": {"author": [{"@seq": "1", "ce:initials": "A.", "@_fa": "true", "ce:surname": "Downes", "ce:indexed-name": "Downes A."}, {"@seq": "2", "ce:initials": "D.", "@_fa": "true", "ce:surname": "Salter", "ce:indexed-name": "Salter D."}, {"@seq": "3", "ce:initials": "A.", "@_fa": "true", "ce:surname": "Elfick", "ce:indexed-name": "Elfick A."}]}, "ref-sourcetitle": "J. Phys. Chem. B"}}, {"ref-fulltext": "Pettinger, B. et al. (2004). Nanoscale probing of adsorbed species by tipenhanced Raman spectroscopy. Phys. Rev. Lett. 92, p. 096101.", "@id": "11", "ref-info": {"ref-publicationyear": {"@first": "2004"}, "ref-title": {"ref-titletext": "Nanoscale probing of adsorbed species by tipenhanced Raman spectroscopy"}, "refd-itemidlist": {"itemid": [{"$": "096101", "@idtype": "ARTNUM"}, {"$": "2442585225", "@idtype": "SGR"}]}, "ref-volisspag": {"voliss": {"@volume": "92"}}, "ref-authors": {"author": [{"@seq": "1", "ce:initials": "B.", "@_fa": "true", "ce:surname": "Pettinger", "ce:indexed-name": "Pettinger B."}], "et-al": null}, "ref-sourcetitle": "Phys. Rev. Lett."}}, {"ref-fulltext": "Watanabe, H. et al. (2005). DFT vibrational calculations of rhodamine 6G adsorbed on silver:? Analysis of tip-enhanced Raman spectroscopy. J. Phys. Chem. B 109, pp. 5012-5020.", "@id": "12", "ref-info": {"ref-publicationyear": {"@first": "2005"}, "ref-title": {"ref-titletext": "DFT vibrational calculations of rhodamine 6G adsorbed on silver:? Analysis of tip-enhanced Raman spectroscopy"}, "refd-itemidlist": {"itemid": {"$": "15744380793", "@idtype": "SGR"}}, "ref-volisspag": {"voliss": {"@volume": "109"}, "pagerange": {"@first": "5012", "@last": "5020"}}, "ref-authors": {"author": [{"@seq": "1", "ce:initials": "H.", "@_fa": "true", "ce:surname": "Watanabe", "ce:indexed-name": "Watanabe H."}], "et-al": null}, "ref-sourcetitle": "J. Phys. Chem. B"}}, {"ref-fulltext": "Deckert, V. (2009) Tip-enhanced Raman spectroscopy. J. Raman Spectrosc. 40, pp. 1336-1337.", "@id": "13", "ref-info": {"ref-publicationyear": {"@first": "2009"}, "ref-title": {"ref-titletext": "Tip-enhanced Raman spectroscopy"}, "refd-itemidlist": {"itemid": {"$": "70350191650", "@idtype": "SGR"}}, "ref-volisspag": {"voliss": {"@volume": "40"}, "pagerange": {"@first": "1336", "@last": "1337"}}, "ref-authors": {"author": [{"@seq": "1", "ce:initials": "V.", "@_fa": "true", "ce:surname": "Deckert", "ce:indexed-name": "Deckert V."}]}, "ref-sourcetitle": "J. Raman Spectrosc."}}, {"ref-fulltext": "Hecht, B. et al. (2000). Scanning near-field optical microscopy with aperture probes: Fundamentals and applications. J. Chem. Phys. 112, pp. 7761-7774.", "@id": "14", "ref-info": {"ref-publicationyear": {"@first": "2000"}, "ref-title": {"ref-titletext": "Scanning near-field optical microscopy with aperture probes: Fundamentals and applications"}, "refd-itemidlist": {"itemid": {"$": "0000627596", "@idtype": "SGR"}}, "ref-volisspag": {"voliss": {"@volume": "112"}, "pagerange": {"@first": "7761", "@last": "7774"}}, "ref-authors": {"author": [{"@seq": "1", "ce:initials": "B.", "@_fa": "true", "ce:surname": "Hecht", "ce:indexed-name": "Hecht B."}], "et-al": null}, "ref-sourcetitle": "J. Chem. Phys."}}, {"ref-fulltext": "Zenobi, R. and Deckert, V. (2000) Scanning near-field optical microscopy and spectroscopy as a tool for chemical analysis. Angew. Chem. Int. Ed. 39, pp. 1746-1756.", "@id": "15", "ref-info": {"ref-publicationyear": {"@first": "2000"}, "ref-title": {"ref-titletext": "Scanning near-field optical microscopy and spectroscopy as a tool for chemical analysis"}, "refd-itemidlist": {"itemid": {"$": "0000384614", "@idtype": "SGR"}}, "ref-volisspag": {"voliss": {"@volume": "39"}, "pagerange": {"@first": "1746", "@last": "1756"}}, "ref-authors": {"author": [{"@seq": "1", "ce:initials": "R.", "@_fa": "true", "ce:surname": "Zenobi", "ce:indexed-name": "Zenobi R."}, {"@seq": "2", "ce:initials": "V.", "@_fa": "true", "ce:surname": "Deckert", "ce:indexed-name": "Deckert V."}]}, "ref-sourcetitle": "Angew. Chem. Int. Ed."}}, {"ref-fulltext": "Pettinger, B. et al. (2012). Tip-enhanced Raman spectroscopy: Near-fields acting on a few molecules. Annu. Rev. Phys. Chem. 63, pp. 379-399.", "@id": "16", "ref-info": {"ref-publicationyear": {"@first": "2012"}, "ref-title": {"ref-titletext": "Tip-enhanced Raman spectroscopy: Near-fields acting on a few molecules"}, "refd-itemidlist": {"itemid": {"$": "84859886839", "@idtype": "SGR"}}, "ref-volisspag": {"voliss": {"@volume": "63"}, "pagerange": {"@first": "379", "@last": "399"}}, "ref-authors": {"author": [{"@seq": "1", "ce:initials": "B.", "@_fa": "true", "ce:surname": "Pettinger", "ce:indexed-name": "Pettinger B."}], "et-al": null}, "ref-sourcetitle": "Annu. Rev. Phys. Chem."}}, {"ref-fulltext": "Zhang, W. et al. (2007). Single molecule tip-enhanced Raman spectroscopy with silver tips. J. Phys. Chem. C 111, pp. 1733-1738.", "@id": "17", "ref-info": {"ref-publicationyear": {"@first": "2007"}, "ref-title": {"ref-titletext": "Single molecule tip-enhanced Raman spectroscopy with silver tips"}, "refd-itemidlist": {"itemid": {"$": "33847394033", "@idtype": "SGR"}}, "ref-volisspag": {"voliss": {"@volume": "111"}, "pagerange": {"@first": "1733", "@last": "1738"}}, "ref-authors": {"author": [{"@seq": "1", "ce:initials": "W.", "@_fa": "true", "ce:surname": "Zhang", "ce:indexed-name": "Zhang W."}], "et-al": null}, "ref-sourcetitle": "J. Phys. Chem. C"}}, {"ref-fulltext": "Bailo, E. and Deckert, V. (2008) Tip-enhanced Raman spectroscopy of single RNA strands: Towards a novel direct-sequencing method. Angew. Chem. Int. Ed. 47, pp. 1658-1661.", "@id": "18", "ref-info": {"ref-publicationyear": {"@first": "2008"}, "ref-title": {"ref-titletext": "Tip-enhanced Raman spectroscopy of single RNA strands: Towards a novel direct-sequencing method"}, "refd-itemidlist": {"itemid": {"$": "41049086536", "@idtype": "SGR"}}, "ref-volisspag": {"voliss": {"@volume": "47"}, "pagerange": {"@first": "1658", "@last": "1661"}}, "ref-authors": {"author": [{"@seq": "1", "ce:initials": "E.", "@_fa": "true", "ce:surname": "Bailo", "ce:indexed-name": "Bailo E."}, {"@seq": "2", "ce:initials": "V.", "@_fa": "true", "ce:surname": "Deckert", "ce:indexed-name": "Deckert V."}]}, "ref-sourcetitle": "Angew. Chem. Int. Ed."}}, {"ref-fulltext": "Treffer, R. et al. (2011) Distinction of nucleobases - a tip-enhanced Raman approach. Beilstein J. Nanotechnol. 2, pp. 628-637.", "@id": "19", "ref-info": {"ref-publicationyear": {"@first": "2011"}, "ref-title": {"ref-titletext": "Distinction of nucleobases - a tip-enhanced Raman approach"}, "refd-itemidlist": {"itemid": {"$": "80054787485", "@idtype": "SGR"}}, "ref-volisspag": {"voliss": {"@volume": "2"}, "pagerange": {"@first": "628", "@last": "637"}}, "ref-authors": {"author": [{"@seq": "1", "ce:initials": "R.", "@_fa": "true", "ce:surname": "Treffer", "ce:indexed-name": "Treffer R."}], "et-al": null}, "ref-sourcetitle": "Beilstein J. Nanotechnol."}}, {"ref-fulltext": "Treffer, R. et al. (2012). Advances in TERS (tip-enhanced Raman scattering) for biochemical applications. Biochem. Soc. Trans. 40, pp. 609-614.", "@id": "20", "ref-info": {"ref-publicationyear": {"@first": "2012"}, "ref-title": {"ref-titletext": "Advances in TERS (tip-enhanced Raman scattering) for biochemical applications"}, "refd-itemidlist": {"itemid": {"$": "84864380042", "@idtype": "SGR"}}, "ref-volisspag": {"voliss": {"@volume": "40"}, "pagerange": {"@first": "609", "@last": "614"}}, "ref-authors": {"author": [{"@seq": "1", "ce:initials": "R.", "@_fa": "true", "ce:surname": "Treffer", "ce:indexed-name": "Treffer R."}], "et-al": null}, "ref-sourcetitle": "Biochem. Soc. Trans."}}, {"ref-fulltext": "Yeo, B.-S. et al. (2008). Tip-enhanced Raman spectroscopy can see more:? The case of cytochrome c. J. Phys. Chem. C 112, pp. 4867-4873.", "@id": "21", "ref-info": {"ref-publicationyear": {"@first": "2008"}, "ref-title": {"ref-titletext": "Tip-enhanced Raman spectroscopy can see more:? The case of cytochrome c"}, "refd-itemidlist": {"itemid": {"$": "45849146667", "@idtype": "SGR"}}, "ref-volisspag": {"voliss": {"@volume": "112"}, "pagerange": {"@first": "4867", "@last": "4873"}}, "ref-authors": {"author": [{"@seq": "1", "ce:initials": "B.-S.", "@_fa": "true", "ce:surname": "Yeo", "ce:indexed-name": "Yeo B.-S."}], "et-al": null}, "ref-sourcetitle": "J. Phys. Chem. C"}}, {"ref-fulltext": "Saito, Y. et al. (2009). Nano-scale analysis of graphene layers by tip-enhanced near-field Raman spectroscopy. J. Raman Spectrosc. 40, pp. 1434-1440.", "@id": "22", "ref-info": {"ref-publicationyear": {"@first": "2009"}, "ref-title": {"ref-titletext": "Nano-scale analysis of graphene layers by tip-enhanced near-field Raman spectroscopy"}, "refd-itemidlist": {"itemid": {"$": "70350147148", "@idtype": "SGR"}}, "ref-volisspag": {"voliss": {"@volume": "40"}, "pagerange": {"@first": "1434", "@last": "1440"}}, "ref-authors": {"author": [{"@seq": "1", "ce:initials": "Y.", "@_fa": "true", "ce:surname": "Saito", "ce:indexed-name": "Saito Y."}], "et-al": null}, "ref-sourcetitle": "J. Raman Spectrosc."}}, {"ref-fulltext": "Suzuki, T. et al. (2014). Tip-enhanced Raman spectroscopic measurement of stress change in the local domain of epitaxial graphene on the carbon face of 4H-SiC(000-1). Phys. Chem. Chem. Phys. 16, pp. 20236-20240.", "@id": "23", "ref-info": {"ref-publicationyear": {"@first": "2014"}, "ref-title": {"ref-titletext": "Tip-enhanced Raman spectroscopic measurement of stress change in the local domain of epitaxial graphene on the carbon face of 4H-SiC(000-1)"}, "refd-itemidlist": {"itemid": {"$": "84907059433", "@idtype": "SGR"}}, "ref-volisspag": {"voliss": {"@volume": "16"}, "pagerange": {"@first": "20236", "@last": "20240"}}, "ref-authors": {"author": [{"@seq": "1", "ce:initials": "T.", "@_fa": "true", "ce:surname": "Suzuki", "ce:indexed-name": "Suzuki T."}], "et-al": null}, "ref-sourcetitle": "Phys. Chem. Chem. Phys."}}, {"ref-fulltext": "Vantasin, S. et al. (2014). Tip-enhanced Raman scattering of the local nanostructure of epitaxial graphene grown on 4H-SiC (0001-). J. Phys. Chem. C 118, pp. 25809-25815.", "@id": "24", "ref-info": {"ref-publicationyear": {"@first": "2014"}, "ref-title": {"ref-titletext": "Tip-enhanced Raman scattering of the local nanostructure of epitaxial graphene grown on 4H-SiC (0001-)"}, "refd-itemidlist": {"itemid": {"$": "84908609015", "@idtype": "SGR"}}, "ref-volisspag": {"voliss": {"@volume": "118"}, "pagerange": {"@first": "25809", "@last": "25815"}}, "ref-authors": {"author": [{"@seq": "1", "ce:initials": "S.", "@_fa": "true", "ce:surname": "Vantasin", "ce:indexed-name": "Vantasin S."}], "et-al": null}, "ref-sourcetitle": "J. Phys. Chem. C"}}, {"ref-fulltext": "El-Khoury, P. Z. et al. (2015). Tip-enhanced Raman nanographs: Mapping topography and local electric fields. Nano Lett. 15, pp. 2385-2390.", "@id": "25", "ref-info": {"ref-publicationyear": {"@first": "2015"}, "ref-title": {"ref-titletext": "Tip-enhanced Raman nanographs: Mapping topography and local electric fields"}, "refd-itemidlist": {"itemid": {"$": "84926668512", "@idtype": "SGR"}}, "ref-volisspag": {"voliss": {"@volume": "15"}, "pagerange": {"@first": "2385", "@last": "2390"}}, "ref-authors": {"author": [{"@seq": "1", "ce:initials": "P.Z.", "@_fa": "true", "ce:surname": "El-Khoury", "ce:indexed-name": "El-Khoury P.Z."}], "et-al": null}, "ref-sourcetitle": "Nano Lett."}}, {"ref-fulltext": "Ichimura, T. et al. (2004). Tip-enhanced coherent anti-stokes Raman scattering for vibrational nanoimaging. Phys. Rev. Lett. 92, p. 220801.", "@id": "26", "ref-info": {"ref-publicationyear": {"@first": "2004"}, "ref-title": {"ref-titletext": "Tip-enhanced coherent anti-stokes Raman scattering for vibrational nanoimaging"}, "refd-itemidlist": {"itemid": {"$": "3042752781", "@idtype": "SGR"}}, "ref-volisspag": {"voliss": {"@volume": "92"}, "pagerange": {"@first": "220801"}}, "ref-authors": {"author": [{"@seq": "1", "ce:initials": "T.", "@_fa": "true", "ce:surname": "Ichimura", "ce:indexed-name": "Ichimura T."}], "et-al": null}, "ref-sourcetitle": "Phys. Rev. Lett."}}, {"ref-fulltext": "Saito, Y. et al. (2008). Stress imagining of semiconductor surface by tipenhanced Raman spectroscopy. J. Microsc. 229, pp. 217-222.", "@id": "27", "ref-info": {"ref-publicationyear": {"@first": "2008"}, "ref-title": {"ref-titletext": "Stress imagining of semiconductor surface by tipenhanced Raman spectroscopy"}, "refd-itemidlist": {"itemid": {"$": "40049084761", "@idtype": "SGR"}}, "ref-volisspag": {"voliss": {"@volume": "229"}, "pagerange": {"@first": "217", "@last": "222"}}, "ref-authors": {"author": [{"@seq": "1", "ce:initials": "Y.", "@_fa": "true", "ce:surname": "Saito", "ce:indexed-name": "Saito Y."}], "et-al": null}, "ref-sourcetitle": "J. Microsc."}}, {"ref-fulltext": "Schmid, T. et al. (2013). Nanoscale chemical imaging using tip-enhanced Raman spectroscopy: A critical review. Angew. Chem. Int. Ed. 52, pp. 5940-5954.", "@id": "28", "ref-info": {"ref-publicationyear": {"@first": "2013"}, "ref-title": {"ref-titletext": "Nanoscale chemical imaging using tip-enhanced Raman spectroscopy: A critical review"}, "refd-itemidlist": {"itemid": {"$": "84878416096", "@idtype": "SGR"}}, "ref-volisspag": {"voliss": {"@volume": "52"}, "pagerange": {"@first": "5940", "@last": "5954"}}, "ref-authors": {"author": [{"@seq": "1", "ce:initials": "T.", "@_fa": "true", "ce:surname": "Schmid", "ce:indexed-name": "Schmid T."}], "et-al": null}, "ref-sourcetitle": "Angew. Chem. Int. Ed."}}, {"ref-fulltext": "Kumar, N., Rae, A. and Roy, D. (2014). Accurate measurement of enhancement factor in tip-enhanced Raman spectroscopy through elimination of farfield artefacts. Appl. Phys. Lett. 104, p. 123106.", "@id": "29", "ref-info": {"ref-publicationyear": {"@first": "2014"}, "ref-title": {"ref-titletext": "Accurate measurement of enhancement factor in tip-enhanced Raman spectroscopy through elimination of farfield artefacts"}, "refd-itemidlist": {"itemid": {"$": "84897444168", "@idtype": "SGR"}}, "ref-volisspag": {"voliss": {"@volume": "104"}, "pagerange": {"@first": "123106"}}, "ref-authors": {"author": [{"@seq": "1", "ce:initials": "N.", "@_fa": "true", "ce:surname": "Kumar", "ce:indexed-name": "Kumar N."}, {"@seq": "2", "ce:initials": "A.", "@_fa": "true", "ce:surname": "Rae", "ce:indexed-name": "Rae A."}, {"@seq": "3", "ce:initials": "D.", "@_fa": "true", "ce:surname": "Roy", "ce:indexed-name": "Roy D."}]}, "ref-sourcetitle": "Appl. Phys. Lett."}}, {"ref-fulltext": "Billot, L., Berguiga, L., de la Chapelle, M. L., Gilbert, Y. and Bachelot, R. (2005). Production of gold tips for tip-enhanced near-field optical microscopy and spectroscopy: Analysis of the etching parameters. Eur. Phys. J. Appl. Phys. 31, pp. 139-145.", "@id": "30", "ref-info": {"ref-publicationyear": {"@first": "2005"}, "ref-title": {"ref-titletext": "Production of gold tips for tip-enhanced near-field optical microscopy and spectroscopy: Analysis of the etching parameters"}, "refd-itemidlist": {"itemid": {"$": "24344437317", "@idtype": "SGR"}}, "ref-volisspag": {"voliss": {"@volume": "31"}, "pagerange": {"@first": "139", "@last": "145"}}, "ref-authors": {"author": [{"@seq": "1", "ce:initials": "L.", "@_fa": "true", "ce:surname": "Billot", "ce:indexed-name": "Billot L."}, {"@seq": "2", "ce:initials": "L.", "@_fa": "true", "ce:surname": "Berguiga", "ce:indexed-name": "Berguiga L."}, {"@seq": "3", "ce:initials": "M.L.", "@_fa": "true", "ce:surname": "de la Chapelle", "ce:indexed-name": "de la Chapelle M.L."}, {"@seq": "4", "ce:initials": "Y.", "@_fa": "true", "ce:surname": "Gilbert", "ce:indexed-name": "Gilbert Y."}, {"@seq": "5", "ce:initials": "R.", "@_fa": "true", "ce:surname": "Bachelot", "ce:indexed-name": "Bachelot R."}]}, "ref-sourcetitle": "Eur. Phys. J. Appl. Phys."}}, {"ref-fulltext": "Schmid, T. et al. (2009). Performing tip-enhanced Raman spectroscopy in liquids. J. Raman Spectrosc. 40, pp. 1392-1399.", "@id": "31", "ref-info": {"ref-publicationyear": {"@first": "2009"}, "ref-title": {"ref-titletext": "Performing tip-enhanced Raman spectroscopy in liquids"}, "refd-itemidlist": {"itemid": {"$": "70350153162", "@idtype": "SGR"}}, "ref-volisspag": {"voliss": {"@volume": "40"}, "pagerange": {"@first": "1392", "@last": "1399"}}, "ref-authors": {"author": [{"@seq": "1", "ce:initials": "T.", "@_fa": "true", "ce:surname": "Schmid", "ce:indexed-name": "Schmid T."}], "et-al": null}, "ref-sourcetitle": "J. Raman Spectrosc."}}, {"ref-fulltext": "Brown, D. A. and London, E. (1998). Functions of lipid rafts in biological membranes. Annu. Rev. Cell Dev. Biol. 14, pp. 111-136.", "@id": "32", "ref-info": {"ref-publicationyear": {"@first": "1998"}, "ref-title": {"ref-titletext": "Functions of lipid rafts in biological membranes"}, "refd-itemidlist": {"itemid": {"$": "0032421354", "@idtype": "SGR"}}, "ref-volisspag": {"voliss": {"@volume": "14"}, "pagerange": {"@first": "111", "@last": "136"}}, "ref-authors": {"author": [{"@seq": "1", "ce:initials": "D.A.", "@_fa": "true", "ce:surname": "Brown", "ce:indexed-name": "Brown D.A."}, {"@seq": "2", "ce:initials": "E.", "@_fa": "true", "ce:surname": "London", "ce:indexed-name": "London E."}]}, "ref-sourcetitle": "Annu. Rev. Cell Dev. Biol."}}, {"ref-fulltext": "Harder, T., Scheiffele, P., Verkade, P. and Simons, K. (1998). Lipid domain structure of the plasma membrane revealed by patching of membrane components. J. Cell Biol. 141, pp. 929-942.", "@id": "33", "ref-info": {"ref-publicationyear": {"@first": "1998"}, "ref-title": {"ref-titletext": "Lipid domain structure of the plasma membrane revealed by patching of membrane components"}, "refd-itemidlist": {"itemid": {"$": "0031750335", "@idtype": "SGR"}}, "ref-volisspag": {"voliss": {"@volume": "141"}, "pagerange": {"@first": "929", "@last": "942"}}, "ref-authors": {"author": [{"@seq": "1", "ce:initials": "T.", "@_fa": "true", "ce:surname": "Harder", "ce:indexed-name": "Harder T."}, {"@seq": "2", "ce:initials": "P.", "@_fa": "true", "ce:surname": "Scheiffele", "ce:indexed-name": "Scheiffele P."}, {"@seq": "3", "ce:initials": "P.", "@_fa": "true", "ce:surname": "Verkade", "ce:indexed-name": "Verkade P."}, {"@seq": "4", "ce:initials": "K.", "@_fa": "true", "ce:surname": "Simons", "ce:indexed-name": "Simons K."}]}, "ref-sourcetitle": "J. Cell Biol."}}, {"ref-fulltext": "Munro, S. (2003). Lipid rafts: Elusive or illusive? Cell 115, pp. 377-388.", "@id": "34", "ref-info": {"ref-publicationyear": {"@first": "2003"}, "ref-title": {"ref-titletext": "Lipid rafts: Elusive or illusive?"}, "refd-itemidlist": {"itemid": {"$": "0344585437", "@idtype": "SGR"}}, "ref-volisspag": {"voliss": {"@volume": "115"}, "pagerange": {"@first": "377", "@last": "388"}}, "ref-authors": {"author": [{"@seq": "1", "ce:initials": "S.", "@_fa": "true", "ce:surname": "Munro", "ce:indexed-name": "Munro S."}]}, "ref-sourcetitle": "Cell"}}, {"ref-fulltext": "Simons, K. and Ikonen, E. (1997). Functional rafts in cell membranes. Nature 387, pp. 569-572.", "@id": "35", "ref-info": {"ref-publicationyear": {"@first": "1997"}, "ref-title": {"ref-titletext": "Functional rafts in cell membranes"}, "refd-itemidlist": {"itemid": {"$": "0030949124", "@idtype": "SGR"}}, "ref-volisspag": {"voliss": {"@volume": "387"}, "pagerange": {"@first": "569", "@last": "572"}}, "ref-authors": {"author": [{"@seq": "1", "ce:initials": "K.", "@_fa": "true", "ce:surname": "Simons", "ce:indexed-name": "Simons K."}, {"@seq": "2", "ce:initials": "E.", "@_fa": "true", "ce:surname": "Ikonen", "ce:indexed-name": "Ikonen E."}]}, "ref-sourcetitle": "Nature"}}, {"ref-fulltext": "Simons, K. and Toomre, D. (2000). Lipid rafts and signal transduction. Nat. Rev. Mol. Cell Biol. 1, pp. 31-39.", "@id": "36", "ref-info": {"ref-publicationyear": {"@first": "2000"}, "ref-title": {"ref-titletext": "Lipid rafts and signal transduction"}, "refd-itemidlist": {"itemid": {"$": "0034304851", "@idtype": "SGR"}}, "ref-volisspag": {"voliss": {"@volume": "1"}, "pagerange": {"@first": "31", "@last": "39"}}, "ref-authors": {"author": [{"@seq": "1", "ce:initials": "K.", "@_fa": "true", "ce:surname": "Simons", "ce:indexed-name": "Simons K."}, {"@seq": "2", "ce:initials": "D.", "@_fa": "true", "ce:surname": "Toomre", "ce:indexed-name": "Toomre D."}]}, "ref-sourcetitle": "Nat. Rev. Mol. Cell Biol."}}, {"ref-fulltext": "Nakata, A. et al. (2013). Tip-enhanced Raman spectroscopy of lipid bilayers in water with an alumina-and silver-coated tungsten tip. Anal. Sci. 29, pp. 865-869.", "@id": "37", "ref-info": {"ref-publicationyear": {"@first": "2013"}, "ref-title": {"ref-titletext": "Tip-enhanced Raman spectroscopy of lipid bilayers in water with an alumina-and silver-coated tungsten tip"}, "refd-itemidlist": {"itemid": {"$": "84884941182", "@idtype": "SGR"}}, "ref-volisspag": {"voliss": {"@volume": "29"}, "pagerange": {"@first": "865", "@last": "869"}}, "ref-authors": {"author": [{"@seq": "1", "ce:initials": "A.", "@_fa": "true", "ce:surname": "Nakata", "ce:indexed-name": "Nakata A."}], "et-al": null}, "ref-sourcetitle": "Anal. Sci."}}, {"ref-fulltext": "Leonenko, Z. V., Carnini, A. and Cramb, D. T. (2000). Supported planar bilayer formation by vesicle fusion: The interaction of phospholipid vesicles with surfaces and the effect of gramicidin on bilayer properties using atomic force microscopy. Biochim. Biophys. Acta 1509, pp. 131-147.", "@id": "38", "ref-info": {"ref-publicationyear": {"@first": "2000"}, "ref-title": {"ref-titletext": "Supported planar bilayer formation by vesicle fusion: The interaction of phospholipid vesicles with surfaces and the effect of gramicidin on bilayer properties using atomic force microscopy"}, "refd-itemidlist": {"itemid": {"$": "0034694971", "@idtype": "SGR"}}, "ref-volisspag": {"voliss": {"@volume": "1509"}, "pagerange": {"@first": "131", "@last": "147"}}, "ref-authors": {"author": [{"@seq": "1", "ce:initials": "Z.V.", "@_fa": "true", "ce:surname": "Leonenko", "ce:indexed-name": "Leonenko Z.V."}, {"@seq": "2", "ce:initials": "A.", "@_fa": "true", "ce:surname": "Carnini", "ce:indexed-name": "Carnini A."}, {"@seq": "3", "ce:initials": "D.T.", "@_fa": "true", "ce:surname": "Cramb", "ce:indexed-name": "Cramb D.T."}]}, "ref-sourcetitle": "Biochim. Biophys. Acta"}}, {"ref-fulltext": "Ladbrooke, B. D. and Chapman, D. (1969). Thermal analysis of lipids, proteins and biological membranes. A review and summary of some recent studies. Chem. Phys. Lipids 3, pp. 304-356.", "@id": "39", "ref-info": {"ref-publicationyear": {"@first": "1969"}, "ref-title": {"ref-titletext": "Thermal analysis of lipids, proteins and biological membranes. A review and summary of some recent studies"}, "refd-itemidlist": {"itemid": {"$": "0014645670", "@idtype": "SGR"}}, "ref-volisspag": {"voliss": {"@volume": "3"}, "pagerange": {"@first": "304", "@last": "356"}}, "ref-authors": {"author": [{"@seq": "1", "ce:initials": "B.D.", "@_fa": "true", "ce:surname": "Ladbrooke", "ce:indexed-name": "Ladbrooke B.D."}, {"@seq": "2", "ce:initials": "D.", "@_fa": "true", "ce:surname": "Chapman", "ce:indexed-name": "Chapman D."}]}, "ref-sourcetitle": "Chem. Phys. Lipids"}}, {"ref-fulltext": "Nagata, Y., Saito, Y. and Verma. P. (2013). Raman investigation of singlewalled carbon nanotubes in liquid by tip-enhanced Raman spectroscopy, JSAP-OSA Joint Symposia 2013 Abstracts, Optical Society of America: 16p D5 6.", "@id": "40", "ref-info": {"ref-publicationyear": {"@first": "2013"}, "ref-title": {"ref-titletext": "Raman investigation of singlewalled carbon nanotubes in liquid by tip-enhanced Raman spectroscopy, JSAP-OSA Joint Symposia 2013 Abstracts"}, "refd-itemidlist": {"itemid": {"$": "85044870599", "@idtype": "SGR"}}, "ref-volisspag": {"pagerange": {"@first": "16p"}}, "ref-text": "D5 6.", "ref-authors": {"author": [{"@seq": "1", "ce:initials": "Y.", "@_fa": "true", "ce:surname": "Nagata", "ce:indexed-name": "Nagata Y."}, {"@seq": "2", "ce:initials": "Y.", "@_fa": "true", "ce:surname": "Saito", "ce:indexed-name": "Saito Y."}, {"@seq": "3", "ce:initials": "P.", "@_fa": "true", "ce:surname": "Verma", "ce:indexed-name": "Verma P."}]}, "ref-sourcetitle": "Optical Society of America"}}, {"ref-fulltext": "Zeng, Z.-C. et al. (2015). Electrochemical tip-enhanced Raman spectroscopy. J. Am. Chem. Soc. 137, pp. 11928-11931.", "@id": "41", "ref-info": {"ref-publicationyear": {"@first": "2015"}, "ref-title": {"ref-titletext": "Electrochemical tip-enhanced Raman spectroscopy"}, "refd-itemidlist": {"itemid": {"$": "84942518125", "@idtype": "SGR"}}, "ref-volisspag": {"voliss": {"@volume": "137"}, "pagerange": {"@first": "11928", "@last": "11931"}}, "ref-authors": {"author": [{"@seq": "1", "ce:initials": "Z.-C.", "@_fa": "true", "ce:surname": "Zeng", "ce:indexed-name": "Zeng Z.-C."}], "et-al": null}, "ref-sourcetitle": "J. Am. Chem. Soc."}}, {"ref-fulltext": "Kurouski, D., Mattei, M. and Van Duyne, R. P. (2015). Probing redox reactions at the nanoscale with electrochemical tip-enhanced Raman spectroscopy. Nano Lett. 15, pp. 7956-7962.", "@id": "42", "ref-info": {"ref-publicationyear": {"@first": "2015"}, "ref-title": {"ref-titletext": "Probing redox reactions at the nanoscale with electrochemical tip-enhanced Raman spectroscopy"}, "refd-itemidlist": {"itemid": {"$": "84949559621", "@idtype": "SGR"}}, "ref-volisspag": {"voliss": {"@volume": "15"}, "pagerange": {"@first": "7956", "@last": "7962"}}, "ref-authors": {"author": [{"@seq": "1", "ce:initials": "D.", "@_fa": "true", "ce:surname": "Kurouski", "ce:indexed-name": "Kurouski D."}, {"@seq": "2", "ce:initials": "M.", "@_fa": "true", "ce:surname": "Mattei", "ce:indexed-name": "Mattei M."}, {"@seq": "3", "ce:initials": "R.P.", "@_fa": "true", "ce:surname": "Van Duyne", "ce:indexed-name": "Van Duyne R.P."}]}, "ref-sourcetitle": "Nano Lett."}}, {"ref-fulltext": "Guerrini, L. et al. (2015). SERS detection of amyloid oligomers on metallorganic-decorated plasmonic beads. ACS Appl. Mater. Interfaces 7, pp. 9420-9428.", "@id": "43", "ref-info": {"ref-publicationyear": {"@first": "2015"}, "ref-title": {"ref-titletext": "SERS detection of amyloid oligomers on metallorganic-decorated plasmonic beads"}, "refd-itemidlist": {"itemid": {"$": "84929340712", "@idtype": "SGR"}}, "ref-volisspag": {"voliss": {"@volume": "7"}, "pagerange": {"@first": "9420", "@last": "9428"}}, "ref-authors": {"author": [{"@seq": "1", "ce:initials": "L.", "@_fa": "true", "ce:surname": "Guerrini", "ce:indexed-name": "Guerrini L."}], "et-al": null}, "ref-sourcetitle": "ACS Appl. Mater. Interfaces"}}, {"ref-fulltext": "Talley, C. E. et al. (2004). Intracellular pH sensors based on surface-enhanced Raman scattering, Anal. Chem. 76, pp. 7064-7068.", "@id": "44", "ref-info": {"ref-publicationyear": {"@first": "2004"}, "ref-title": {"ref-titletext": "Intracellular pH sensors based on surface-enhanced Raman scattering, Anal"}, "refd-itemidlist": {"itemid": {"$": "10044246283", "@idtype": "SGR"}}, "ref-volisspag": {"voliss": {"@volume": "76"}, "pagerange": {"@first": "7064", "@last": "7068"}}, "ref-authors": {"author": [{"@seq": "1", "ce:initials": "C.E.", "@_fa": "true", "ce:surname": "Talley", "ce:indexed-name": "Talley C.E."}], "et-al": null}, "ref-sourcetitle": "Chem."}}, {"ref-fulltext": "Wang, F. et al. (2012). Surface-enhanced Raman scattering detection of pH with silica-encapsulated 4-mercaptobenzoic acid-functionalized silver nanoparticles, Anal. Chem. 84, pp. 8013-8019.", "@id": "45", "ref-info": {"ref-publicationyear": {"@first": "2012"}, "ref-title": {"ref-titletext": "Surface-enhanced Raman scattering detection of pH with silica-encapsulated 4-mercaptobenzoic acid-functionalized silver nanoparticles, Anal"}, "refd-itemidlist": {"itemid": {"$": "84866418988", "@idtype": "SGR"}}, "ref-volisspag": {"voliss": {"@volume": "84"}, "pagerange": {"@first": "8013", "@last": "8019"}}, "ref-authors": {"author": [{"@seq": "1", "ce:initials": "F.", "@_fa": "true", "ce:surname": "Wang", "ce:indexed-name": "Wang F."}], "et-al": null}, "ref-sourcetitle": "Chem."}}, {"ref-fulltext": "Zong, S. et al. (2011). Intracellular pH sensing using p-aminothiophenol functionalized gold nanorods with low cytotoxicity. Anal. Chem. 83, pp. 4178-4183.", "@id": "46", "ref-info": {"ref-publicationyear": {"@first": "2011"}, "ref-title": {"ref-titletext": "Intracellular pH sensing using p-aminothiophenol functionalized gold nanorods with low cytotoxicity"}, "refd-itemidlist": {"itemid": {"$": "79957941116", "@idtype": "SGR"}}, "ref-volisspag": {"voliss": {"@volume": "83"}, "pagerange": {"@first": "4178", "@last": "4183"}}, "ref-authors": {"author": [{"@seq": "1", "ce:initials": "S.", "@_fa": "true", "ce:surname": "Zong", "ce:indexed-name": "Zong S."}], "et-al": null}, "ref-sourcetitle": "Anal. Chem."}}, {"ref-fulltext": "Pienpinijtham, P. et al. (2016). Nanoscale pH profile at a solution/solid interface by chemically modified tip-enhanced Raman scattering. J. Phys. Chem. C 120, pp. 14663-14668.", "@id": "47", "ref-info": {"ref-publicationyear": {"@first": "2016"}, "ref-title": {"ref-titletext": "Nanoscale pH profile at a solution/solid interface by chemically modified tip-enhanced Raman scattering"}, "refd-itemidlist": {"itemid": {"$": "84978884117", "@idtype": "SGR"}}, "ref-volisspag": {"voliss": {"@volume": "120"}, "pagerange": {"@first": "14663", "@last": "14668"}}, "ref-authors": {"author": [{"@seq": "1", "ce:initials": "P.", "@_fa": "true", "ce:surname": "Pienpinijtham", "ce:indexed-name": "Pienpinijtham P."}], "et-al": null}, "ref-sourcetitle": "J. Phys. Chem. C"}}]}}}}, "affiliation": [{"affiliation-city": "Bangkok", "@id": "60028190", "affilname": "Chulalongkorn University", "@href": "https://api.elsevier.com/content/affiliation/affiliation_id/60028190", "affiliation-country": "Thailand"}, {"affiliation-city": "Nishinomiya", "@id": "60027395", "affilname": "Kwansei Gakuin University", "@href": "https://api.elsevier.com/content/affiliation/affiliation_id/60027395", "affiliation-country": "Japan"}], "coredata": {"srctype": "b", "eid": "2-s2.0-85044846217", "prism:coverDate": "2017-12-12", "prism:aggregationType": "Book", "prism:url": "https://api.elsevier.com/content/abstract/scopus_id/85044846217", "subtypeDescription": "Book Chapter", "dc:creator": {"author": [{"ce:given-name": "Prompong", "preferred-name": {"ce:given-name": "Prompong", "ce:initials": "P.", "ce:surname": "Pienpinijtham", "ce:indexed-name": "Pienpinijtham P."}, "@seq": "1", "ce:initials": "P.", "@_fa": "true", "affiliation": {"@id": "60028190", "@href": "https://api.elsevier.com/content/affiliation/affiliation_id/60028190"}, "ce:surname": "Pienpinijtham", "@auid": "50462130300", "author-url": "https://api.elsevier.com/content/author/author_id/50462130300", "ce:indexed-name": "Pienpinijtham P."}]}, "link": [{"@_fa": "true", "@rel": "self", "@href": "https://api.elsevier.com/content/abstract/scopus_id/85044846217"}, {"@_fa": "true", "@rel": "scopus", "@href": "https://www.scopus.com/inward/record.uri?partnerID=HzOxMe3b&scp=85044846217&origin=inward"}, {"@_fa": "true", "@rel": "scopus-citedby", "@href": "https://www.scopus.com/inward/citedby.uri?partnerID=HzOxMe3b&scp=85044846217&origin=inward"}], "prism:isbn": [{"$": "9781786344243"}, {"$": "9781786344236"}], "prism:publicationName": "Recent Developments In Plasmon-Supported Raman Spectroscopy: 45 Years of Enhanced Raman Signals", "source-id": "21100856639", "citedby-count": "2", "subtype": "ch", "prism:pageRange": "299-321", "dc:title": "Tip-enhanced Raman scattering in liquid/solution", "prism:endingPage": "321", "openaccess": "0", "openaccessFlag": "false", "prism:doi": "10.1142/9781786344243_0011", "prism:startingPage": "299", "dc:identifier": "SCOPUS_ID:85044846217", "dc:publisher": "World Scientific Publishing Co. Pte. Ltd."}, "idxterms": null, "language": {"@xml:lang": "eng"}, "authkeywords": null, "subject-areas": {"subject-area": [{"@_fa": "true", "$": "Chemistry (all)", "@code": "1600", "@abbrev": "CHEM"}]}, "authors": {"author": [{"ce:given-name": "Prompong", "preferred-name": {"ce:given-name": "Prompong", "ce:initials": "P.", "ce:surname": "Pienpinijtham", "ce:indexed-name": "Pienpinijtham P."}, "@seq": "1", "ce:initials": "P.", "@_fa": "true", "affiliation": {"@id": "60028190", "@href": "https://api.elsevier.com/content/affiliation/affiliation_id/60028190"}, "ce:surname": "Pienpinijtham", "@auid": "50462130300", "author-url": "https://api.elsevier.com/content/author/author_id/50462130300", "ce:indexed-name": "Pienpinijtham P."}, {"ce:given-name": "Yukihiro", "preferred-name": {"ce:given-name": "Yukihiro", "ce:initials": "Y.", "ce:surname": "Ozaki", "ce:indexed-name": "Ozaki Y."}, "@seq": "2", "ce:initials": "Y.", "@_fa": "true", "affiliation": {"@id": "60027395", "@href": "https://api.elsevier.com/content/affiliation/affiliation_id/60027395"}, "ce:surname": "Ozaki", "@auid": "55499856000", "author-url": "https://api.elsevier.com/content/author/author_id/55499856000", "ce:indexed-name": "Ozaki Y."}]}}}