{"abstracts-retrieval-response": {"item": {"ait:process-info": {"ait:status": {"@state": "update", "@type": "core", "@stage": "S300"}, "ait:date-delivered": {"@day": "02", "@timestamp": "2021-03-02T18:25:02.000002-05:00", "@year": "2021", "@month": "03"}, "ait:date-sort": {"@day": "29", "@year": "2017", "@month": "09"}}, "bibrecord": {"head": {"author-group": [{"affiliation": {"country": "Sri Lanka", "@afid": "100822606", "@country": "lka", "organization": [{"$": "Department of Remote Sensing"}, {"$": "GIS"}, {"$": "Faculty of Geomatics"}, {"$": "Sabaragamuwa University"}], "affiliation-id": {"@afid": "100822606", "@dptid": "119673394"}, "@dptid": "119673394"}, "author": [{"ce:given-name": "Thilantha", "preferred-name": {"ce:given-name": "Thilantha", "ce:initials": "T.", "ce:surname": "Dammalage", "ce:indexed-name": "Dammalage T."}, "@seq": "1", "ce:initials": "T.", "@date-locked": "2020-07-07T03:19:14.937", "@_fa": "true", "@type": "auth", "ce:surname": "Dammalage", "@auid": "35800845400", "ce:indexed-name": "Dammalage T."}]}, {"affiliation": {"country": "Sri Lanka", "@afid": "117714594", "@country": "lka", "organization": {"$": "Survey Department of Sri Lanka"}, "affiliation-id": {"@afid": "117714594"}}, "author": [{"preferred-name": {"ce:given-name": "D. N.", "ce:initials": "D.N.", "ce:surname": "De Silva", "ce:indexed-name": "De Silva D.N."}, "@seq": "2", "ce:initials": "D.N.", "@_fa": "true", "@type": "auth", "ce:surname": "De Silva", "@auid": "57194020899", "ce:indexed-name": "De Silva D.N."}]}, {"affiliation": {"country": "Thailand", "@afid": "60028190", "@country": "tha", "organization": [{"$": "Department of Survey Engineering"}, {"$": "Faculty of Engineering"}, {"$": "Chulalongkorn University"}], "affiliation-id": {"@afid": "60028190", "@dptid": "104425777"}, "@dptid": "104425777"}, "author": [{"ce:given-name": "Chalermchon", "preferred-name": {"ce:given-name": "Chalermchon", "ce:initials": "C.", "ce:surname": "Satirapod", "ce:indexed-name": "Satirapod C."}, "@seq": "3", "ce:initials": "C.", "@_fa": "true", "@type": "auth", "ce:surname": "Satirapod", "@auid": "57214078891", "ce:indexed-name": "Satirapod C."}]}], "citation-title": "Performance analysis of GPS Aided geo augmented navigation (GAGAN) over Sri Lanka", "abstracts": "\u00a9 2017, Chulalongkorn University 1. All rights reserved.Satellite-Based Augmentation Systems (SBAS) are being developed worldwide due to their unique advantage of wide area coverage. GPS Aided Geo Augmented Navigation (GAGAN) is an Indian implementation of SBAS, with three (03) geo stationary satellites in space covering a huge area even beyond Indian Territory. This study focused on analyzing the improvement in position solution with GAGAN corrections over Sri Lanka. In order to test its performances, several dual and single frequency GNSS receivers were used in this experiment, one receiver was configured as SBAS receiver and other two were kept as GPS stand-alone receivers. Observations were carried out over seven (07) known control stations of six (6) different districts to investigate its coverage over Sri Lanka. At each of the tested stations the GAGAN active L1 receiver has always shown a significant accuracy improvement over L1 uncorrected observations. Further, five out of the seven (7) observation locations the calculated average 3D positional errors were lower than 1m. Almost 79% of observations (out of 24 hours of observations) have shown acceptable 3D positional accuracy, of less than 1m, for many spatial data collection applications. However, the local DGPS correction has shown higher reliability than GAGAN corrections with almost 85% of observations with less than 1m, 3D positional error.", "correspondence": {"affiliation": {"country": "Thailand", "@country": "tha", "organization": [{"$": "Department of Survey Engineering"}, {"$": "Faculty of Engineering"}, {"$": "Chulalongkorn University"}]}, "person": {"ce:given-name": "Chalermchon", "ce:initials": "C.", "ce:surname": "Satirapod", "ce:indexed-name": "Satirapod C."}}, "citation-info": {"author-keywords": {"author-keyword": [{"$": "GAGAN", "@xml:lang": "eng"}, {"$": "Performance analysis", "@xml:lang": "eng"}, {"$": "SBAS", "@xml:lang": "eng"}]}, "citation-type": {"@code": "ar"}, "citation-language": {"@language": "English", "@xml:lang": "eng"}, "abstract-language": {"@language": "English", "@xml:lang": "eng"}}, "source": {"sourcetitle-abbrev": "Eng. J.", "website": {"ce:e-address": {"$": "http://engj.org/index.php/ej/article/download/1612/651", "@type": "email"}}, "@country": "tha", "translated-sourcetitle": {"$": "Engineering Journal", "@xml:lang": "eng"}, "issn": {"$": "01258281", "@type": "print"}, "volisspag": {"voliss": {"@volume": "21", "@issue": "5"}, "pagerange": {"@first": "305", "@last": "314"}}, "@type": "j", "publicationyear": {"@first": "2017"}, "publisher": {"publishername": "Chulalongkorn University 1", "ce:e-address": {"$": "yan.z@chula.ac.th", "@type": "email"}}, "sourcetitle": "Engineering Journal", "@srcid": "21100197000", "publicationdate": {"month": "09", "year": "2017", "date-text": {"@xfab-added": "true", "$": "29 September 2017"}, "day": "29"}}, "enhancement": {"classificationgroup": {"classifications": [{"@type": "ASJC", "classification": "2200"}, {"@type": "SUBJABBR", "classification": "ENGI"}]}}}, "item-info": {"copyright": {"$": "Copyright 2017 Elsevier B.V., All rights reserved.", "@type": "Elsevier"}, "dbcollection": [{"$": "REAXYSCAR"}, {"$": "SCOPUS"}, {"$": "SNCPX"}, {"$": "Scopusbase"}], "history": {"date-created": {"@day": "28", "@timestamp": "BST 06:26:44", "@year": "2017", "@month": "10"}}, "itemidlist": {"itemid": [{"$": "618836706", "@idtype": "PUI"}, {"$": "753107099", "@idtype": "CAR-ID"}, {"$": "20171870156", "@idtype": "REAXYSCAR"}, {"$": "20170772886", "@idtype": "SCOPUS"}, {"$": "2017125892", "@idtype": "SNCPX"}, {"$": "85032005522", "@idtype": "SCP"}, {"$": "85032005522", "@idtype": "SGR"}], "ce:doi": "10.4186/ej.2017.21.5.305"}}, "tail": {"bibliography": {"@refcount": "23", "reference": [{"ref-fulltext": "P. Misra and P. K. Enge, Global Positioning System Signals, Measurements, and Performance. Lincoln, Massachusetts, UK: Ganga-Jamuna Press, 2004.", "@id": "1", "ref-info": {"ref-publicationyear": {"@first": "2004"}, "refd-itemidlist": {"itemid": {"$": "0003669021", "@idtype": "SGR"}}, "ref-text": "Lincoln, Massachusetts, UK: Ganga-Jamuna Press", "ref-authors": {"author": [{"@seq": "1", "ce:initials": "P.", "@_fa": "true", "ce:surname": "Misra", "ce:indexed-name": "Misra P."}, {"@seq": "2", "ce:initials": "P.K.", "@_fa": "true", "ce:surname": "Enge", "ce:indexed-name": "Enge P.K."}]}, "ref-sourcetitle": "Global Positioning System Signals, Measurements, and Performance"}}, {"ref-fulltext": "C. Rizos, \u201cPrinciples and practice of GPS surveying,\u201d School of Surveying and Spatial Information Systems (formerly School of Geomatic Engineering), The University of New South Wales, Sydney, Australia, 1997.", "@id": "2", "ref-info": {"ref-publicationyear": {"@first": "1997"}, "ref-title": {"ref-titletext": "Principles and practice of GPS surveying"}, "refd-itemidlist": {"itemid": {"$": "0003987177", "@idtype": "SGR"}}, "ref-text": "The University of New South Wales, Sydney, Australia", "ref-authors": {"author": [{"@seq": "1", "ce:initials": "C.", "@_fa": "true", "ce:surname": "Rizos", "ce:indexed-name": "Rizos C."}]}, "ref-sourcetitle": "School of Surveying and Spatial Information Systems (formerly School of Geomatic Engineering)"}}, {"ref-fulltext": "C. Rizos and C. Satirapod, \u201cContribution of GNSS CORS infrastructure to the mission of modern geodesy and status of GNSS CORS in Thailand,\u201d Engineering Journal, vol. 15, no. 1, pp. 25-42, 2011.", "@id": "3", "ref-info": {"ref-publicationyear": {"@first": "2011"}, "ref-title": {"ref-titletext": "Contribution of GNSS CORS infrastructure to the mission of modern geodesy and status of GNSS CORS in Thailand"}, "refd-itemidlist": {"itemid": {"$": "79960771352", "@idtype": "SGR"}}, "ref-volisspag": {"voliss": {"@volume": "15", "@issue": "1"}, "pagerange": {"@first": "25", "@last": "42"}}, "ref-authors": {"author": [{"@seq": "1", "ce:initials": "C.", "@_fa": "true", "ce:surname": "Rizos", "ce:indexed-name": "Rizos C."}, {"@seq": "2", "ce:initials": "C.", "@_fa": "true", "ce:surname": "Satirapod", "ce:indexed-name": "Satirapod C."}]}, "ref-sourcetitle": "Engineering Journal"}}, {"ref-fulltext": "B. W. Parkinson and J. J. Spilker, Global Positioning System: Theory and Applications, vol. I. Washington, DC, USA: American Institute of Aeronautics and Astronautics, 1996", "@id": "4", "ref-info": {"ref-publicationyear": {"@first": "1996"}, "refd-itemidlist": {"itemid": {"$": "0001929352", "@idtype": "SGR"}}, "ref-volisspag": {"voliss": {"@volume": "1"}}, "ref-text": "Washington, DC, USA: American Institute of Aeronautics and Astronautics", "ref-authors": {"author": [{"@seq": "1", "ce:initials": "B.W.", "@_fa": "true", "ce:surname": "Parkinson", "ce:indexed-name": "Parkinson B.W."}, {"@seq": "2", "ce:initials": "J.J.", "@_fa": "true", "ce:surname": "Spilker", "ce:indexed-name": "Spilker J.J."}]}, "ref-sourcetitle": "Global Positioning System: Theory and Applications"}}, {"ref-fulltext": "T. Tsujii, T. Fujiwara, T. Kubota, C. Satirapod, P. Supnithi, T. Tsugawa, and H. Lee, \u201cMeasurement and simulation of equatorial ionospheric plasma bubbles to assess their impact on GNSS performance,\u201d Journal of the Korean Society of Surveying, Geodesy, Photogrammetry and Cartography, vol. 30, no. 6, pp. 607-613, 2012.", "@id": "5", "ref-info": {"ref-publicationyear": {"@first": "2012"}, "ref-title": {"ref-titletext": "Measurement and simulation of equatorial ionospheric plasma bubbles to assess their impact on GNSS performance"}, "refd-itemidlist": {"itemid": {"$": "84875719506", "@idtype": "SGR"}}, "ref-volisspag": {"voliss": {"@volume": "30", "@issue": "6"}, "pagerange": {"@first": "607", "@last": "613"}}, "ref-authors": {"author": [{"@seq": "1", "ce:initials": "T.", "@_fa": "true", "ce:surname": "Tsujii", "ce:indexed-name": "Tsujii T."}, {"@seq": "2", "ce:initials": "T.", "@_fa": "true", "ce:surname": "Fujiwara", "ce:indexed-name": "Fujiwara T."}, {"@seq": "3", "ce:initials": "T.", "@_fa": "true", "ce:surname": "Kubota", "ce:indexed-name": "Kubota T."}, {"@seq": "4", "ce:initials": "C.", "@_fa": "true", "ce:surname": "Satirapod", "ce:indexed-name": "Satirapod C."}, {"@seq": "5", "ce:initials": "P.", "@_fa": "true", "ce:surname": "Supnithi", "ce:indexed-name": "Supnithi P."}, {"@seq": "6", "ce:initials": "T.", "@_fa": "true", "ce:surname": "Tsugawa", "ce:indexed-name": "Tsugawa T."}, {"@seq": "7", "ce:initials": "H.", "@_fa": "true", "ce:surname": "Lee", "ce:indexed-name": "Lee H."}]}, "ref-sourcetitle": "Journal of the Korean Society of Surveying, Geodesy, Photogrammetry and Cartography"}}, {"ref-fulltext": "C. Kitpracha, D. Promchot, P. Srestasathiern, and C. Satirapod, \u201cPrecise tropospheric delay map of Thailand using GNSS precise point positioning technique,\u201d International Journal of Geoinformatics, vol. 13, no. 2, pp. 17-21, 2017.", "@id": "6", "ref-info": {"ref-publicationyear": {"@first": "2017"}, "ref-title": {"ref-titletext": "Precise tropospheric delay map of Thailand using GNSS precise point positioning technique"}, "refd-itemidlist": {"itemid": {"$": "85020793670", "@idtype": "SGR"}}, "ref-volisspag": {"voliss": {"@volume": "13", "@issue": "2"}, "pagerange": {"@first": "17", "@last": "21"}}, "ref-authors": {"author": [{"@seq": "1", "ce:initials": "C.", "@_fa": "true", "ce:surname": "Kitpracha", "ce:indexed-name": "Kitpracha C."}, {"@seq": "2", "ce:initials": "D.", "@_fa": "true", "ce:surname": "Promchot", "ce:indexed-name": "Promchot D."}, {"@seq": "3", "ce:initials": "P.", "@_fa": "true", "ce:surname": "Srestasathiern", "ce:indexed-name": "Srestasathiern P."}, {"@seq": "4", "ce:initials": "C.", "@_fa": "true", "ce:surname": "Satirapod", "ce:indexed-name": "Satirapod C."}]}, "ref-sourcetitle": "International Journal of Geoinformatics"}}, {"ref-fulltext": "B. W. Parkinson and P. K. Enge, \u201cDifferential GPS,\u201d in Global Positioning System: Theory and Applications, vol. 2, B. W. Parkinson and J. J. Spilker, Eds. Washington, DC: American Institute of Aeronautics and Astronautics, Inc., 1996, pp. 3-50.", "@id": "7", "ref-info": {"ref-publicationyear": {"@first": "1996"}, "ref-title": {"ref-titletext": "Differential GPS"}, "refd-itemidlist": {"itemid": {"$": "0001929708", "@idtype": "SGR"}}, "ref-volisspag": {"voliss": {"@volume": "2"}, "pagerange": {"@first": "3", "@last": "50"}}, "ref-text": "B. W. Parkinson and J. J. Spilker, Eds. Washington, DC: American Institute of Aeronautics and Astronautics, Inc", "ref-authors": {"author": [{"@seq": "1", "ce:initials": "B.W.", "@_fa": "true", "ce:surname": "Parkinson", "ce:indexed-name": "Parkinson B.W."}, {"@seq": "2", "ce:initials": "P.K.", "@_fa": "true", "ce:surname": "Enge", "ce:indexed-name": "Enge P.K."}]}, "ref-sourcetitle": "Global Positioning System: Theory and Applications"}}, {"ref-fulltext": "K. K. Fan and X. L. Ding, \u201cEstimation of GPS carrier phase multipath signals based on site environment,\u201d Journal of Global Positioning Systems, vol. 5, no. 1-2, pp. 22-28, 2006.", "@id": "8", "ref-info": {"ref-publicationyear": {"@first": "2006"}, "ref-title": {"ref-titletext": "Estimation of GPS carrier phase multipath signals based on site environment"}, "refd-itemidlist": {"itemid": {"$": "69949174532", "@idtype": "SGR"}}, "ref-volisspag": {"voliss": {"@volume": "5", "@issue": "1-2"}, "pagerange": {"@first": "22", "@last": "28"}}, "ref-authors": {"author": [{"@seq": "1", "ce:initials": "K.K.", "@_fa": "true", "ce:surname": "Fan", "ce:indexed-name": "Fan K.K."}, {"@seq": "2", "ce:initials": "X.L.", "@_fa": "true", "ce:surname": "Ding", "ce:indexed-name": "Ding X.L."}]}, "ref-sourcetitle": "Journal of Global Positioning Systems"}}, {"ref-fulltext": "T. L. Dammalage, P. Srinuandee, L. Samarakoon, J. Susaki and T. Srisahakit, \u201cPotential accuracy and practical benefits of NTRIP protocol over conventional RTK and DGPS observation methods,\u201d in Proceedings of MapAsia, Bangkok, Thailand, 29 August-1 September, 2006.", "@id": "9", "ref-info": {"ref-publicationyear": {"@first": "2006"}, "ref-title": {"ref-titletext": "Potential accuracy and practical benefits of NTRIP protocol over conventional RTK and DGPS observation methods"}, "refd-itemidlist": {"itemid": {"$": "77953329050", "@idtype": "SGR"}}, "ref-text": "Bangkok, Thailand, 29 August-1 September", "ref-authors": {"author": [{"@seq": "1", "ce:initials": "T.L.", "@_fa": "true", "ce:surname": "Dammalage", "ce:indexed-name": "Dammalage T.L."}, {"@seq": "2", "ce:initials": "P.", "@_fa": "true", "ce:surname": "Srinuandee", "ce:indexed-name": "Srinuandee P."}, {"@seq": "3", "ce:initials": "L.", "@_fa": "true", "ce:surname": "Samarakoon", "ce:indexed-name": "Samarakoon L."}, {"@seq": "4", "ce:initials": "J.", "@_fa": "true", "ce:surname": "Susaki", "ce:indexed-name": "Susaki J."}, {"@seq": "5", "ce:initials": "T.", "@_fa": "true", "ce:surname": "Srisahakit", "ce:indexed-name": "Srisahakit T."}]}, "ref-sourcetitle": "Proceedings of MapAsia"}}, {"ref-fulltext": "T. L. Dammalage, C. Satirapod, S. Kibe, and C. Ogaja, \u201cWavelet transform application to C/A code multipath mitigation at GPS reference stations for improved differential GPS corrections,\u201d Survey Review, vol. 42, no. 317, pp. 240-255, 2010.", "@id": "10", "ref-info": {"ref-publicationyear": {"@first": "2010"}, "ref-title": {"ref-titletext": "Wavelet transform application to C/A code multipath mitigation at GPS reference stations for improved differential GPS corrections"}, "refd-itemidlist": {"itemid": {"$": "77953339639", "@idtype": "SGR"}}, "ref-volisspag": {"voliss": {"@volume": "42", "@issue": "317"}, "pagerange": {"@first": "240", "@last": "255"}}, "ref-authors": {"author": [{"@seq": "1", "ce:initials": "T.L.", "@_fa": "true", "ce:surname": "Dammalage", "ce:indexed-name": "Dammalage T.L."}, {"@seq": "2", "ce:initials": "C.", "@_fa": "true", "ce:surname": "Satirapod", "ce:indexed-name": "Satirapod C."}, {"@seq": "3", "ce:initials": "S.", "@_fa": "true", "ce:surname": "Kibe", "ce:indexed-name": "Kibe S."}, {"@seq": "4", "ce:initials": "C.", "@_fa": "true", "ce:surname": "Ogaja", "ce:indexed-name": "Ogaja C."}]}, "ref-sourcetitle": "Survey Review"}}, {"ref-fulltext": "T. Charoenkalunyuta, C. Satirapod, H. K. Lee, and Y. S. Choi, \u201cPerformance of network-based RTK GPS in low-latitude region: A case study in Thailand,\u201d Engineering Journal, vol. 16, no. 5, pp. 95-103, 2012.", "@id": "11", "ref-info": {"ref-publicationyear": {"@first": "2012"}, "ref-title": {"ref-titletext": "Performance of network-based RTK GPS in low-latitude region: A case study in Thailand"}, "refd-itemidlist": {"itemid": {"$": "84867465642", "@idtype": "SGR"}}, "ref-volisspag": {"voliss": {"@volume": "16", "@issue": "5"}, "pagerange": {"@first": "95", "@last": "103"}}, "ref-authors": {"author": [{"@seq": "1", "ce:initials": "T.", "@_fa": "true", "ce:surname": "Charoenkalunyuta", "ce:indexed-name": "Charoenkalunyuta T."}, {"@seq": "2", "ce:initials": "C.", "@_fa": "true", "ce:surname": "Satirapod", "ce:indexed-name": "Satirapod C."}, {"@seq": "3", "ce:initials": "H.K.", "@_fa": "true", "ce:surname": "Lee", "ce:indexed-name": "Lee H.K."}, {"@seq": "4", "ce:initials": "Y.S.", "@_fa": "true", "ce:surname": "Choi", "ce:indexed-name": "Choi Y.S."}]}, "ref-sourcetitle": "Engineering Journal"}}, {"ref-fulltext": "T. Charoenkalunyuta and C. Satirapod, \u201cEffect of Thai ionospheric maps (THIM) model on the performance of network based RTK GPS in Thailand,\u201d Survey Review, vol. 46, no. 334, pp. 1-6, 2014.", "@id": "12", "ref-info": {"ref-publicationyear": {"@first": "2014"}, "ref-title": {"ref-titletext": "Effect of Thai ionospheric maps (THIM) model on the performance of network based RTK GPS in Thailand"}, "refd-itemidlist": {"itemid": {"$": "84892958910", "@idtype": "SGR"}}, "ref-volisspag": {"voliss": {"@volume": "46", "@issue": "334"}, "pagerange": {"@first": "1", "@last": "6"}}, "ref-authors": {"author": [{"@seq": "1", "ce:initials": "T.", "@_fa": "true", "ce:surname": "Charoenkalunyuta", "ce:indexed-name": "Charoenkalunyuta T."}, {"@seq": "2", "ce:initials": "C.", "@_fa": "true", "ce:surname": "Satirapod", "ce:indexed-name": "Satirapod C."}]}, "ref-sourcetitle": "Survey Review"}}, {"ref-fulltext": "C. Kee, \u201cWide area differential GPS,\u201d in Global Positioning System: Theory and Applications, vol. 2, B. W. Parkinson and J. J. Spilker, Eds. Washington, DC: American Institute of Aeronautics and Astronautics, Inc., 1996, pp. 81-115.", "@id": "13", "ref-info": {"ref-publicationyear": {"@first": "1996"}, "ref-title": {"ref-titletext": "Wide area differential GPS"}, "refd-itemidlist": {"itemid": {"$": "0342604765", "@idtype": "SGR"}}, "ref-volisspag": {"voliss": {"@volume": "2"}, "pagerange": {"@first": "81", "@last": "115"}}, "ref-text": "B. W. Parkinson and J. J. Spilker, Eds. Washington, DC: American Institute of Aeronautics and Astronautics, Inc", "ref-authors": {"author": [{"@seq": "1", "ce:initials": "C.", "@_fa": "true", "ce:surname": "Kee", "ce:indexed-name": "Kee C."}]}, "ref-sourcetitle": "Global Positioning System: Theory and Applications"}}, {"ref-fulltext": "V. Ashkenazi, C. J. Hill, W. Y. Ochieng, and J. Nagle, \u201cWide areas differential GPS: A performance study,\u201d NAVIGATION: Journal of The Institute of Navigation, vol. 40, no. 3, pp. 297-319, 1993.", "@id": "14", "ref-info": {"ref-publicationyear": {"@first": "1993"}, "ref-title": {"ref-titletext": "Wide areas differential GPS: A performance study"}, "refd-itemidlist": {"itemid": {"$": "0027660264", "@idtype": "SGR"}}, "ref-volisspag": {"voliss": {"@volume": "40", "@issue": "3"}, "pagerange": {"@first": "297", "@last": "319"}}, "ref-authors": {"author": [{"@seq": "1", "ce:initials": "V.", "@_fa": "true", "ce:surname": "Ashkenazi", "ce:indexed-name": "Ashkenazi V."}, {"@seq": "2", "ce:initials": "C.J.", "@_fa": "true", "ce:surname": "Hill", "ce:indexed-name": "Hill C.J."}, {"@seq": "3", "ce:initials": "W.Y.", "@_fa": "true", "ce:surname": "Ochieng", "ce:indexed-name": "Ochieng W.Y."}, {"@seq": "4", "ce:initials": "J.", "@_fa": "true", "ce:surname": "Nagle", "ce:indexed-name": "Nagle J."}]}, "ref-sourcetitle": "NAVIGATION: Journal of The Institute of Navigation"}}, {"ref-fulltext": "M. Abousalem, \u201cDevelopment and analysis of wide area differential GPS algorithms,\u201d Ph.D. dissertation, Department of Geomatics Engineering, the University of Calgary, Calgary, Alberta, Canada, 20083, 1996.", "@id": "15", "ref-info": {"ref-publicationyear": {"@first": "1996"}, "refd-itemidlist": {"itemid": {"$": "84924177169", "@idtype": "SGR"}}, "ref-text": "Ph.D. dissertation, Department of Geomatics Engineering, the University of Calgary, Calgary, Alberta, Canada, 20083", "ref-authors": {"author": [{"@seq": "1", "ce:initials": "M.", "@_fa": "true", "ce:surname": "Abousalem", "ce:indexed-name": "Abousalem M."}]}, "ref-sourcetitle": "Development and analysis of wide area differential GPS algorithms"}}, {"ref-fulltext": "A. Leick, GPS Satellite Surveying, 3rd ed. New Jersey, USA: John Wiley & Sons, Inc., 2004.", "@id": "16", "ref-info": {"ref-publicationyear": {"@first": "2004"}, "refd-itemidlist": {"itemid": {"$": "85040882462", "@idtype": "SGR"}}, "ref-text": "3rd ed. New Jersey, USA: John Wiley & Sons, Inc", "ref-authors": {"author": [{"@seq": "1", "ce:initials": "A.", "@_fa": "true", "ce:surname": "Leick", "ce:indexed-name": "Leick A."}]}, "ref-sourcetitle": "GPS Satellite Surveying"}}, {"ref-fulltext": "Federal Aviation Administration (FAA), \u201cWide Area Augmentation System (WAAS) specifications,\u201d Department of Transportation, FAA-E-2892B, March 10, 1997.", "@id": "17", "ref-info": {"ref-publicationyear": {"@first": "1997"}, "refd-itemidlist": {"itemid": {"$": "85018280360", "@idtype": "SGR"}}, "ref-text": "Department of Transportation, FAA-E-2892B, March 10", "ref-authors": {"collaboration": {"@seq": "1", "ce:text": "Federal Aviation Administration (FAA)", "ce:indexed-name": "Federal Aviation Administration (FAA)"}}, "ref-sourcetitle": "Wide Area Augmentation System (WAAS) specifications"}}, {"ref-fulltext": "N. Pringvanich and C. Satirapod, \u201cPerformance of SBAS algorithm through the implementation of the Asia-Pacific GNSS test bed: Initial study in Thailand,\u201d Journal of Navigation, vol. 60, no. 3, pp. 363-371, 2007.", "@id": "18", "ref-info": {"ref-publicationyear": {"@first": "2007"}, "ref-title": {"ref-titletext": "Performance of SBAS algorithm through the implementation of the Asia-Pacific GNSS test bed: Initial study in Thailand"}, "refd-itemidlist": {"itemid": {"$": "37749044995", "@idtype": "SGR"}}, "ref-volisspag": {"voliss": {"@volume": "60", "@issue": "3"}, "pagerange": {"@first": "363", "@last": "371"}}, "ref-authors": {"author": [{"@seq": "1", "ce:initials": "N.", "@_fa": "true", "ce:surname": "Pringvanich", "ce:indexed-name": "Pringvanich N."}, {"@seq": "2", "ce:initials": "C.", "@_fa": "true", "ce:surname": "Satirapod", "ce:indexed-name": "Satirapod C."}]}, "ref-sourcetitle": "Journal of Navigation"}}, {"ref-fulltext": "N. Pringvanich and C. Satirapod, \u201cFlight test results and analysis of SBAS-like algorithm from the implementation of the Asia-Pacific GNSS test bed,\u201d Aeronautical Journal, vol. 113, no. 1139, pp. 35-40, 2009.", "@id": "19", "ref-info": {"ref-publicationyear": {"@first": "2009"}, "ref-title": {"ref-titletext": "Flight test results and analysis of SBAS-like algorithm from the implementation of the Asia-Pacific GNSS test bed"}, "refd-itemidlist": {"itemid": {"$": "60349103680", "@idtype": "SGR"}}, "ref-volisspag": {"voliss": {"@volume": "113", "@issue": "1139"}, "pagerange": {"@first": "35", "@last": "40"}}, "ref-authors": {"author": [{"@seq": "1", "ce:initials": "N.", "@_fa": "true", "ce:surname": "Pringvanich", "ce:indexed-name": "Pringvanich N."}, {"@seq": "2", "ce:initials": "C.", "@_fa": "true", "ce:surname": "Satirapod", "ce:indexed-name": "Satirapod C."}]}, "ref-sourcetitle": "Aeronautical Journal"}}, {"ref-fulltext": "A. S. Ganeshan, S. V. Satish, A. Kartik, S. Nirmala, G. Ramesh, \u201cIndia\u2019s satellite based augmentation system,\u201d InsideGNSS, pp. 42-48, Jan.-Feb. 2016.", "@id": "20", "ref-info": {"ref-publicationyear": {"@first": "2016"}, "ref-title": {"ref-titletext": "India\u2019s satellite based augmentation system"}, "refd-itemidlist": {"itemid": {"$": "85057101802", "@idtype": "SGR"}}, "ref-volisspag": {"pagerange": {"@first": "42", "@last": "48"}}, "ref-text": "Jan.-Feb", "ref-authors": {"author": [{"@seq": "1", "ce:initials": "A.S.", "@_fa": "true", "ce:surname": "Ganeshan", "ce:indexed-name": "Ganeshan A.S."}, {"@seq": "2", "ce:initials": "S.V.", "@_fa": "true", "ce:surname": "Satish", "ce:indexed-name": "Satish S.V."}, {"@seq": "3", "ce:initials": "A.", "@_fa": "true", "ce:surname": "Kartik", "ce:indexed-name": "Kartik A."}, {"@seq": "4", "ce:initials": "S.", "@_fa": "true", "ce:surname": "Nirmala", "ce:indexed-name": "Nirmala S."}, {"@seq": "5", "ce:initials": "G.", "@_fa": "true", "ce:surname": "Ramesh", "ce:indexed-name": "Ramesh G."}]}, "ref-sourcetitle": "InsideGNSS"}}, {"ref-fulltext": "B. Murugan, \u201cThe land based positional accuracy of GPS and GPS augmented by GAGAN over the Indian geographical region,\u201d International Journal of Scientific and Technology Research, vol. 3, no. 4, 2014.", "@id": "21", "ref-info": {"ref-publicationyear": {"@first": "2014"}, "ref-title": {"ref-titletext": "The land based positional accuracy of GPS and GPS augmented by GAGAN over the Indian geographical region"}, "refd-itemidlist": {"itemid": {"$": "84994189139", "@idtype": "SGR"}}, "ref-volisspag": {"voliss": {"@volume": "3", "@issue": "4"}}, "ref-authors": {"author": [{"@seq": "1", "ce:initials": "B.", "@_fa": "true", "ce:surname": "Murugan", "ce:indexed-name": "Murugan B."}]}, "ref-sourcetitle": "International Journal of Scientific and Technology Research"}}, {"ref-fulltext": "K. N. Suryanarayana, \u201cGAGAN-The indian satellite based augmentation system,\u201d Indian Journal of Radio & Space Physics, vol. 36, pp. 293-302, 2007.", "@id": "22", "ref-info": {"ref-publicationyear": {"@first": "2007"}, "ref-title": {"ref-titletext": "GAGAN-The indian satellite based augmentation system"}, "refd-itemidlist": {"itemid": {"$": "78650162544", "@idtype": "SGR"}}, "ref-volisspag": {"voliss": {"@volume": "36"}, "pagerange": {"@first": "293", "@last": "302"}}, "ref-authors": {"author": [{"@seq": "1", "ce:initials": "K.N.", "@_fa": "true", "ce:surname": "Suryanarayana", "ce:indexed-name": "Suryanarayana K.N."}]}, "ref-sourcetitle": "Indian Journal of Radio & Space Physics"}}, {"ref-fulltext": "ISRO. (2017). Satellite Navigation Programme. [Online]. Available: http://www.isro.gov.in/applications/satellite-navigation-programme-0", "@id": "23", "ref-info": {"ref-publicationyear": {"@first": "2017"}, "ref-website": {"ce:e-address": {"$": "http://www.isro.gov.in/applications/satellite-navigation-programme-0", "@type": "email"}}, "refd-itemidlist": {"itemid": {"$": "85032031135", "@idtype": "SGR"}}, "ref-authors": {"collaboration": {"@seq": "1", "ce:text": "ISRO", "ce:indexed-name": "ISRO"}}, "ref-sourcetitle": "Satellite Navigation Programme"}}]}}}}, "affiliation": [{"affiliation-city": "Bangkok", "@id": "60028190", "affilname": "Chulalongkorn University", "@href": "https://api.elsevier.com/content/affiliation/affiliation_id/60028190", "affiliation-country": "Thailand"}, {"affiliation-city": "Colombo", "@id": "117714594", "affilname": "Survey Department of Sri Lanka", "@href": "https://api.elsevier.com/content/affiliation/affiliation_id/117714594", "affiliation-country": "Sri Lanka"}, {"affiliation-city": "Belihuloya", "@id": "100822606", "affilname": "Sabaragamuwa University", "@href": "https://api.elsevier.com/content/affiliation/affiliation_id/100822606", "affiliation-country": "Sri Lanka"}], "coredata": {"srctype": "j", "eid": "2-s2.0-85032005522", "dc:description": "Satellite-Based Augmentation Systems (SBAS) are being developed worldwide due to their unique advantage of wide area coverage. GPS Aided Geo Augmented Navigation (GAGAN) is an Indian implementation of SBAS, with three (03) geo stationary satellites in space covering a huge area even beyond Indian Territory. This study focused on analyzing the improvement in position solution with GAGAN corrections over Sri Lanka. In order to test its performances, several dual and single frequency GNSS receivers were used in this experiment, one receiver was configured as SBAS receiver and other two were kept as GPS stand-alone receivers. Observations were carried out over seven (07) known control stations of six (6) different districts to investigate its coverage over Sri Lanka. At each of the tested stations the GAGAN active L1 receiver has always shown a significant accuracy improvement over L1 uncorrected observations. Further, five out of the seven (7) observation locations the calculated average 3D positional errors were lower than 1m. Almost 79% of observations (out of 24 hours of observations) have shown acceptable 3D positional accuracy, of less than 1m, for many spatial data collection applications. However, the local DGPS correction has shown higher reliability than GAGAN corrections with almost 85% of observations with less than 1m, 3D positional error.", "prism:coverDate": "2017-09-29", "prism:aggregationType": "Journal", "prism:url": "https://api.elsevier.com/content/abstract/scopus_id/85032005522", "dc:creator": {"author": [{"ce:given-name": "Thilantha", "preferred-name": {"ce:given-name": "Thilantha", "ce:initials": "T.", "ce:surname": "Dammalage", "ce:indexed-name": "Dammalage T."}, "@seq": "1", "ce:initials": "T.", "@_fa": "true", "affiliation": {"@id": "100822606", "@href": "https://api.elsevier.com/content/affiliation/affiliation_id/100822606"}, "ce:surname": "Dammalage", "@auid": "35800845400", "author-url": "https://api.elsevier.com/content/author/author_id/35800845400", "ce:indexed-name": "Dammalage T."}]}, "link": [{"@_fa": "true", "@rel": "self", "@href": "https://api.elsevier.com/content/abstract/scopus_id/85032005522"}, {"@_fa": "true", "@rel": "scopus", "@href": "https://www.scopus.com/inward/record.uri?partnerID=HzOxMe3b&scp=85032005522&origin=inward"}, {"@_fa": "true", "@rel": "scopus-citedby", "@href": "https://www.scopus.com/inward/citedby.uri?partnerID=HzOxMe3b&scp=85032005522&origin=inward"}], "source-id": "21100197000", "citedby-count": "12", "prism:volume": "21", "subtype": "ar", "dc:title": "Performance analysis of GPS Aided geo augmented navigation (GAGAN) over Sri Lanka", "openaccess": "1", "prism:issn": "01258281", "publishercopyright": "\u00a9 2017, Chulalongkorn University 1. All rights reserved.", "prism:issueIdentifier": "5", "subtypeDescription": "Article", "prism:publicationName": "Engineering Journal", "prism:pageRange": "305-314", "prism:endingPage": "314", "openaccessFlag": "true", "prism:doi": "10.4186/ej.2017.21.5.305", "prism:startingPage": "305", "dc:identifier": "SCOPUS_ID:85032005522", "dc:publisher": "Chulalongkorn University 1yan.z@chula.ac.th"}, "idxterms": null, "language": {"@xml:lang": "eng"}, "authkeywords": {"author-keyword": [{"@_fa": "true", "$": "GAGAN"}, {"@_fa": "true", "$": "Performance analysis"}, {"@_fa": "true", "$": "SBAS"}]}, "subject-areas": {"subject-area": [{"@_fa": "true", "$": "Engineering (all)", "@code": "2200", "@abbrev": "ENGI"}]}, "authors": {"author": [{"ce:given-name": "Thilantha", "preferred-name": {"ce:given-name": "Thilantha", "ce:initials": "T.", "ce:surname": "Dammalage", "ce:indexed-name": "Dammalage T."}, "@seq": "1", "ce:initials": "T.", "@_fa": "true", "affiliation": {"@id": "100822606", "@href": "https://api.elsevier.com/content/affiliation/affiliation_id/100822606"}, "ce:surname": "Dammalage", "@auid": "35800845400", "author-url": "https://api.elsevier.com/content/author/author_id/35800845400", "ce:indexed-name": "Dammalage T."}, {"preferred-name": {"ce:given-name": "D. N.", "ce:initials": "D.N.", "ce:surname": "De Silva", "ce:indexed-name": "De Silva D.N."}, "@seq": "2", "ce:initials": "D.N.", "@_fa": "true", "affiliation": {"@id": "117714594", "@href": "https://api.elsevier.com/content/affiliation/affiliation_id/117714594"}, "ce:surname": "De Silva", "@auid": "57194020899", "author-url": "https://api.elsevier.com/content/author/author_id/57194020899", "ce:indexed-name": "De Silva D.N."}, {"ce:given-name": "Chalermchon", "preferred-name": {"ce:given-name": "Chalermchon", "ce:initials": "C.", "ce:surname": "Satirapod", "ce:indexed-name": "Satirapod C."}, "@seq": "3", "ce:initials": "C.", "@_fa": "true", "affiliation": {"@id": "60028190", "@href": "https://api.elsevier.com/content/affiliation/affiliation_id/60028190"}, "ce:surname": "Satirapod", "@auid": "57214078891", "author-url": "https://api.elsevier.com/content/author/author_id/57214078891", "ce:indexed-name": "Satirapod C."}]}}}