{"abstracts-retrieval-response": {"item": {"ait:process-info": {"ait:status": {"@state": "update", "@type": "core", "@stage": "S300"}, "ait:date-delivered": {"@day": "09", "@year": "2020", "@timestamp": "2020-01-09T07:15:34.000034-05:00", "@month": "01"}, "ait:date-sort": {"@day": "29", "@year": "2017", "@month": "09"}}, "xocs:meta": {"xocs:funding-list": {"@pui-match": "primary", "@has-funding-info": "1", "xocs:funding": [{"xocs:funding-agency-matched-string": "Department of Electrical Engineering"}, {"xocs:funding-agency-matched-string": "Silicon Craft Technology Co., Ltd."}, {"xocs:funding-agency-matched-string": "Chulalongkorn University", "xocs:funding-agency-acronym": "CU", "xocs:funding-agency": "Chulalongkorn University", "xocs:funding-agency-id": "http://data.elsevier.com/vocabulary/SciValFunders/501100002873", "xocs:funding-agency-country": "http://sws.geonames.org/1605651/"}], "xocs:funding-addon-generated-timestamp": "2021-02-01T18:06:11.312112Z", "xocs:funding-text": "The research is supported by Department of Electrical Engineering, Faculty of Engineering, Chulalongkorn University and Silicon Craft Technology Co., Ltd. The authors also wish to thank reviewers for valuable comments that help improving the quality of this work.", "xocs:funding-addon-type": "http://vtw.elsevier.com/data/voc/AddOnTypes/50.7/aggregated-refined"}}, "bibrecord": {"head": {"author-group": {"affiliation": {"country": "Thailand", "@afid": "60028190", "@country": "tha", "organization": [{"$": "Department of Electrical Engineering"}, {"$": "Faculty of Engineering"}, {"$": "Chulalongkorn University"}], "affiliation-id": {"@afid": "60028190", "@dptid": "113845132"}, "@dptid": "113845132"}, "author": [{"ce:given-name": "Pusit", "preferred-name": {"ce:given-name": "Pusit", "ce:initials": "P.", "ce:surname": "Suriyavejwongs", "ce:indexed-name": "Suriyavejwongs P."}, "@seq": "1", "ce:initials": "P.", "@_fa": "true", "@type": "auth", "ce:surname": "Suriyavejwongs", "@auid": "57188668124", "ce:indexed-name": "Suriyavejwongs P."}, {"ce:given-name": "Ekachai", "preferred-name": {"ce:given-name": "Ekachai", "ce:initials": "E.", "ce:surname": "Leelarasmee", "ce:indexed-name": "Leelarasmee E."}, "@seq": "2", "ce:initials": "E.", "@_fa": "true", "@type": "auth", "ce:surname": "Leelarasmee", "@auid": "55916078800", "ce:indexed-name": "Leelarasmee E."}, {"ce:given-name": "Wanchalerm", "preferred-name": {"ce:given-name": "Wanchalerm", "ce:initials": "W.", "ce:surname": "Pora", "ce:indexed-name": "Pora W."}, "@seq": "3", "ce:initials": "W.", "@_fa": "true", "@type": "auth", "ce:surname": "Pora", "@auid": "15220962000", "ce:indexed-name": "Pora W."}]}, "citation-title": "A zero bias pixel sensor and its zero-bias column buffer-direct-injection circuit", "abstracts": "\u00a9 2017, Chulalongkorn University 1. All rights reserved.Two pixel sensors, namely active pixel sensor (APS) and pseudo-active pixel sensor (PAPS), are reviewed to show that APS suffers from dark current while PAPS suffers from leakage current. Then a new pixel sensor called zero bias pixel sensor (ZBPS) in which only two MOS switches in addition to the photodiode are used, one for connecting the pixel\u2019s photodiode to a column bus and the other for bypassing it. A zero-bias column buffer-direct-injection (ZCBDI) circuit, which is similar to a regulated cascode amplifier, is used to control the voltage at column bus at zero. All ZBPS pixels are guaranteed to work at zero voltage at all times to eliminate the dark current as well as leakage current. A case of a 10\u00b5m x 10\u00b5m ZBPS pixel designed with standard 0.1\u00b5m CMOS process is studied through simulation. This pixel generates a photocurrent within a range from 1pA to 100nA. To handle a large variation of photocurrent while maintaining zero column voltage, the ZCBDI is designed using differential cascode, common source, and buffer stages and then compensated for 50 degree phase margin. Transient simulation shows that the pixel steady state response time is around 1.406ms, leading to at most 5.5 frames per second for an image of 128x128 ZBPS pixels. The fill factor of ZBPS for this case is around 59%.", "correspondence": {"affiliation": {"country": "Thailand", "@country": "tha", "organization": [{"$": "Department of Electrical Engineering"}, {"$": "Faculty of Engineering"}, {"$": "Chulalongkorn University"}]}, "person": {"ce:given-name": "Pusit", "ce:initials": "P.", "ce:surname": "Suriyavejwongs", "ce:indexed-name": "Suriyavejwongs P."}}, "citation-info": {"author-keywords": {"author-keyword": [{"$": "CMOS sensor", "@xml:lang": "eng"}, {"$": "Dark current", "@xml:lang": "eng"}, {"$": "Zero bias pixel", "@xml:lang": "eng"}]}, "citation-type": {"@code": "ar"}, "citation-language": {"@language": "English", "@xml:lang": "eng"}, "abstract-language": {"@language": "English", "@xml:lang": "eng"}}, "source": {"sourcetitle-abbrev": "Eng. J.", "website": {"ce:e-address": {"$": "http://engj.org/index.php/ej/article/download/1505/645", "@type": "email"}}, "@country": "tha", "translated-sourcetitle": {"$": "Engineering Journal", "@xml:lang": "eng"}, "issn": {"$": "01258281", "@type": "print"}, "volisspag": {"voliss": {"@volume": "21", "@issue": "5"}, "pagerange": {"@first": "179", "@last": "191"}}, "@type": "j", "publicationyear": {"@first": "2017"}, "publisher": {"publishername": "Chulalongkorn University 1", "ce:e-address": {"$": "yan.z@chula.ac.th", "@type": "email"}}, "sourcetitle": "Engineering Journal", "@srcid": "21100197000", "publicationdate": {"month": "09", "year": "2017", "date-text": {"@xfab-added": "true", "$": "29 September 2017"}, "day": "29"}}, "enhancement": {"classificationgroup": {"classifications": [{"@type": "ASJC", "classification": "2200"}, {"@type": "SUBJABBR", "classification": "ENGI"}]}}, "grantlist": {"@complete": "y", "grant-text": {"$": "The research is supported by Department of Electrical Engineering, Faculty of Engineering, Chulalongkorn University and Silicon Craft Technology Co., Ltd. The authors also wish to thank reviewers for valuable comments that help improving the quality of this work.", "@xml:lang": "eng"}, "grant": {"grant-acronym": "CU", "grant-agency": {"@iso-code": "tha", "$": "Chulalongkorn University"}, "grant-agency-id": "501100002873"}}}, "item-info": {"copyright": {"$": "Copyright 2017 Elsevier B.V., All rights reserved.", "@type": "Elsevier"}, "dbcollection": [{"$": "REAXYSCAR"}, {"$": "SCOPUS"}, {"$": "SNCPX"}, {"$": "Scopusbase"}], "history": {"date-created": {"@day": "28", "@year": "2017", "@timestamp": "BST 06:47:31", "@month": "10"}}, "itemidlist": {"itemid": [{"$": "618836697", "@idtype": "PUI"}, {"$": "753106199", "@idtype": "CAR-ID"}, {"$": "20171871268", "@idtype": "REAXYSCAR"}, {"$": "20170774433", "@idtype": "SCOPUS"}, {"$": "2017125976", "@idtype": "SNCPX"}, {"$": "85032001883", "@idtype": "SCP"}, {"$": "85032001883", "@idtype": "SGR"}], "ce:doi": "10.4186/ej.2017.21.5.179"}}, "tail": {"bibliography": {"@refcount": "29", "reference": [{"ref-fulltext": "K. Humphreys, C. Markham, and T. E. Ward, \u201cA CMOS camera-based system for clinical photoplethysmographic applications,\u201d in OPTO-Ireland, 2005, pp. 88-95.", "@id": "1", "ref-info": {"ref-publicationyear": {"@first": "2005"}, "ref-title": {"ref-titletext": "A CMOS camera-based system for clinical photoplethysmographic applications"}, "refd-itemidlist": {"itemid": {"$": "27644577052", "@idtype": "SGR"}}, "ref-volisspag": {"pagerange": {"@first": "88", "@last": "95"}}, "ref-authors": {"author": [{"@seq": "1", "ce:initials": "K.", "@_fa": "true", "ce:surname": "Humphreys", "ce:indexed-name": "Humphreys K."}, {"@seq": "2", "ce:initials": "C.", "@_fa": "true", "ce:surname": "Markham", "ce:indexed-name": "Markham C."}, {"@seq": "3", "ce:initials": "T.E.", "@_fa": "true", "ce:surname": "Ward", "ce:indexed-name": "Ward T.E."}]}, "ref-sourcetitle": "OPTO-Ireland"}}, {"ref-fulltext": "G. S. Day and P. J. Schoemaker, Peripheral Vision. Boston: Harvard Business School Press, 2006.", "@id": "2", "ref-info": {"ref-publicationyear": {"@first": "2006"}, "refd-itemidlist": {"itemid": {"$": "33748187867", "@idtype": "SGR"}}, "ref-text": "Boston: Harvard Business School Press", "ref-authors": {"author": [{"@seq": "1", "ce:initials": "G.S.", "@_fa": "true", "ce:surname": "Day", "ce:indexed-name": "Day G.S."}, {"@seq": "2", "ce:initials": "P.J.", "@_fa": "true", "ce:surname": "Schoemaker", "ce:indexed-name": "Schoemaker P.J."}]}, "ref-sourcetitle": "Peripheral Vision"}}, {"ref-fulltext": "H. S. Lamphar and F. Kundracik, \u201cA microcontroller-based system for automated and continuous sky glow measurements with the use of digital single-lens reflex cameras,\u201d Lighting Research and Technology, vol. 46, pp. 20-30, 2014.", "@id": "3", "ref-info": {"ref-publicationyear": {"@first": "2014"}, "ref-title": {"ref-titletext": "A microcontroller-based system for automated and continuous sky glow measurements with the use of digital single-lens reflex cameras"}, "refd-itemidlist": {"itemid": {"$": "84892749239", "@idtype": "SGR"}}, "ref-volisspag": {"voliss": {"@volume": "46"}, "pagerange": {"@first": "20", "@last": "30"}}, "ref-authors": {"author": [{"@seq": "1", "ce:initials": "H.S.", "@_fa": "true", "ce:surname": "Lamphar", "ce:indexed-name": "Lamphar H.S."}, {"@seq": "2", "ce:initials": "F.", "@_fa": "true", "ce:surname": "Kundracik", "ce:indexed-name": "Kundracik F."}]}, "ref-sourcetitle": "Lighting Research and Technology"}}, {"ref-fulltext": "R. Fontaine, \u201cThe state-of-the-art of mainstream CMOS image sensors,\u201d in Proceedings of the International Image Sensors Workshop, 2015, pp. 6-12.", "@id": "4", "ref-info": {"ref-publicationyear": {"@first": "2015"}, "ref-title": {"ref-titletext": "The state-of-the-art of mainstream CMOS image sensors"}, "refd-itemidlist": {"itemid": {"$": "84973306183", "@idtype": "SGR"}}, "ref-volisspag": {"pagerange": {"@first": "6", "@last": "12"}}, "ref-authors": {"author": [{"@seq": "1", "ce:initials": "R.", "@_fa": "true", "ce:surname": "Fontaine", "ce:indexed-name": "Fontaine R."}]}, "ref-sourcetitle": "Proceedings of the International Image Sensors Workshop"}}, {"ref-fulltext": "T. Lule, S. Benthien, H. Keller, F. Mutze, P. Rieve, K. Seibel, M. Sommer, and M. A. B. M. Bohm, \u201cSensitivity of CMOS based imagers and scaling perspectives,\u201d IEEE Transactions on Electron Devices, vol. 47, pp. 2110-2122, 2000.", "@id": "5", "ref-info": {"ref-publicationyear": {"@first": "2000"}, "ref-title": {"ref-titletext": "Sensitivity of CMOS based imagers and scaling perspectives"}, "refd-itemidlist": {"itemid": {"$": "0034317115", "@idtype": "SGR"}}, "ref-volisspag": {"voliss": {"@volume": "47"}, "pagerange": {"@first": "2110", "@last": "2122"}}, "ref-authors": {"author": [{"@seq": "1", "ce:initials": "T.", "@_fa": "true", "ce:surname": "Lule", "ce:indexed-name": "Lule T."}, {"@seq": "2", "ce:initials": "S.", "@_fa": "true", "ce:surname": "Benthien", "ce:indexed-name": "Benthien S."}, {"@seq": "3", "ce:initials": "H.", "@_fa": "true", "ce:surname": "Keller", "ce:indexed-name": "Keller H."}, {"@seq": "4", "ce:initials": "F.", "@_fa": "true", "ce:surname": "Mutze", "ce:indexed-name": "Mutze F."}, {"@seq": "5", "ce:initials": "P.", "@_fa": "true", "ce:surname": "Rieve", "ce:indexed-name": "Rieve P."}, {"@seq": "6", "ce:initials": "K.", "@_fa": "true", "ce:surname": "Seibel", "ce:indexed-name": "Seibel K."}, {"@seq": "7", "ce:initials": "M.", "@_fa": "true", "ce:surname": "Sommer", "ce:indexed-name": "Sommer M."}, {"@seq": "8", "ce:initials": "M.A.B.M.", "@_fa": "true", "ce:surname": "Bohm", "ce:indexed-name": "Bohm M.A.B.M."}]}, "ref-sourcetitle": "IEEE Transactions on Electron Devices"}}, {"ref-fulltext": "B. Blanco-Filgueira, P. Lopez, D. Cabello, J. Ernst, H. Neubauer, and J. Hauer, \u201cModeling and simulation of CMOS APS,\u201d in 2009 Spanish Conference on Electron Devices, 2009, pp. 120-123.", "@id": "6", "ref-info": {"ref-publicationyear": {"@first": "2009"}, "ref-title": {"ref-titletext": "Modeling and simulation of CMOS APS"}, "refd-itemidlist": {"itemid": {"$": "64949182723", "@idtype": "SGR"}}, "ref-volisspag": {"pagerange": {"@first": "120", "@last": "123"}}, "ref-authors": {"author": [{"@seq": "1", "ce:initials": "B.", "@_fa": "true", "ce:surname": "Blanco-Filgueira", "ce:indexed-name": "Blanco-Filgueira B."}, {"@seq": "2", "ce:initials": "P.", "@_fa": "true", "ce:surname": "Lopez", "ce:indexed-name": "Lopez P."}, {"@seq": "3", "ce:initials": "D.", "@_fa": "true", "ce:surname": "Cabello", "ce:indexed-name": "Cabello D."}, {"@seq": "4", "ce:initials": "J.", "@_fa": "true", "ce:surname": "Ernst", "ce:indexed-name": "Ernst J."}, {"@seq": "5", "ce:initials": "H.", "@_fa": "true", "ce:surname": "Neubauer", "ce:indexed-name": "Neubauer H."}, {"@seq": "6", "ce:initials": "J.", "@_fa": "true", "ce:surname": "Hauer", "ce:indexed-name": "Hauer J."}]}, "ref-sourcetitle": "2009 Spanish Conference on Electron Devices"}}, {"ref-fulltext": "Teledyne e2v. (2012). e2v Launches 1.3MP Ruby CMOS Imaging Sensors. [Online]. Available: http://www.e2v.com/news/e2v-launches-1-3mp-ruby-cmos-imaging-sensors/", "@id": "7", "ref-info": {"ref-publicationyear": {"@first": "2012"}, "ref-website": {"ce:e-address": {"$": "http://www.e2v.com/news/e2v-launches-1-3mp-ruby-cmos-imaging-sensors/", "@type": "email"}}, "refd-itemidlist": {"itemid": {"$": "85032017321", "@idtype": "SGR"}}, "ref-authors": {"collaboration": {"@seq": "1", "ce:text": "Teledyne e2v", "ce:indexed-name": "Teledyne e2v"}}, "ref-sourcetitle": "e2v Launches 1.3MP Ruby CMOS Imaging Sensors"}}, {"ref-fulltext": "G. P. Weckler, \u201cOperation of p-n junction photodetectors in a photon flux integrating mode,\u201d IEEE Journal of Solid-State Circuits, vol. 2, pp. 65-73, 1967.", "@id": "8", "ref-info": {"ref-publicationyear": {"@first": "1967"}, "ref-title": {"ref-titletext": "Operation of p-n junction photodetectors in a photon flux integrating mode"}, "refd-itemidlist": {"itemid": {"$": "0003076608", "@idtype": "SGR"}}, "ref-volisspag": {"voliss": {"@volume": "2"}, "pagerange": {"@first": "65", "@last": "73"}}, "ref-authors": {"author": [{"@seq": "1", "ce:initials": "G.P.", "@_fa": "true", "ce:surname": "Weckler", "ce:indexed-name": "Weckler G.P."}]}, "ref-sourcetitle": "IEEE Journal of Solid-State Circuits"}}, {"ref-fulltext": "B. Pain, T. Cunningham, B. Hancock, C. Wrigley, and C. Sun, \u201cExcess noise and dark current mechanisms in CMOS imagers,\u201d in IEEE Workshop on CCD\u2019s and Advanced Image Sensors, Karuizawa, Nagano, Japan, 2005.", "@id": "9", "ref-info": {"ref-publicationyear": {"@first": "2005"}, "ref-title": {"ref-titletext": "Excess noise and dark current mechanisms in CMOS imagers"}, "refd-itemidlist": {"itemid": {"$": "33745722697", "@idtype": "SGR"}}, "ref-text": "Karuizawa, Nagano, Japan", "ref-authors": {"author": [{"@seq": "1", "ce:initials": "B.", "@_fa": "true", "ce:surname": "Pain", "ce:indexed-name": "Pain B."}, {"@seq": "2", "ce:initials": "T.", "@_fa": "true", "ce:surname": "Cunningham", "ce:indexed-name": "Cunningham T."}, {"@seq": "3", "ce:initials": "B.", "@_fa": "true", "ce:surname": "Hancock", "ce:indexed-name": "Hancock B."}, {"@seq": "4", "ce:initials": "C.", "@_fa": "true", "ce:surname": "Wrigley", "ce:indexed-name": "Wrigley C."}, {"@seq": "5", "ce:initials": "C.", "@_fa": "true", "ce:surname": "Sun", "ce:indexed-name": "Sun C."}]}, "ref-sourcetitle": "IEEE Workshop on CCD\u2019s and Advanced Image Sensors"}}, {"ref-fulltext": "T. Watanabe, J. H. Park, S. Aoyama, K. Isobe, and S. Kawahito, \u201cEffects of negative-bias operation and optical stress on dark current in CMOS image sensors,\u201d IEEE Transactions on Electron Devices, vol. 57, pp. 1512-1518, 2010.", "@id": "10", "ref-info": {"ref-publicationyear": {"@first": "2010"}, "ref-title": {"ref-titletext": "Effects of negative-bias operation and optical stress on dark current in CMOS image sensors"}, "refd-itemidlist": {"itemid": {"$": "77954030724", "@idtype": "SGR"}}, "ref-volisspag": {"voliss": {"@volume": "57"}, "pagerange": {"@first": "1512", "@last": "1518"}}, "ref-authors": {"author": [{"@seq": "1", "ce:initials": "T.", "@_fa": "true", "ce:surname": "Watanabe", "ce:indexed-name": "Watanabe T."}, {"@seq": "2", "ce:initials": "J.H.", "@_fa": "true", "ce:surname": "Park", "ce:indexed-name": "Park J.H."}, {"@seq": "3", "ce:initials": "S.", "@_fa": "true", "ce:surname": "Aoyama", "ce:indexed-name": "Aoyama S."}, {"@seq": "4", "ce:initials": "K.", "@_fa": "true", "ce:surname": "Isobe", "ce:indexed-name": "Isobe K."}, {"@seq": "5", "ce:initials": "S.", "@_fa": "true", "ce:surname": "Kawahito", "ce:indexed-name": "Kawahito S."}]}, "ref-sourcetitle": "IEEE Transactions on Electron Devices"}}, {"ref-fulltext": "T. Hui, B. Fowler, and A. E. Gamal, \u201cAnalysis of temporal noise in CMOS photodiode active pixel sensor,\u201d IEEE Journal of Solid-State Circuits, vol. 36, pp. 92-101, 2001.", "@id": "11", "ref-info": {"ref-publicationyear": {"@first": "2001"}, "ref-title": {"ref-titletext": "Analysis of temporal noise in CMOS photodiode active pixel sensor"}, "refd-itemidlist": {"itemid": {"$": "0035111662", "@idtype": "SGR"}}, "ref-volisspag": {"voliss": {"@volume": "36"}, "pagerange": {"@first": "92", "@last": "101"}}, "ref-authors": {"author": [{"@seq": "1", "ce:initials": "T.", "@_fa": "true", "ce:surname": "Hui", "ce:indexed-name": "Hui T."}, {"@seq": "2", "ce:initials": "B.", "@_fa": "true", "ce:surname": "Fowler", "ce:indexed-name": "Fowler B."}, {"@seq": "3", "ce:initials": "A.E.", "@_fa": "true", "ce:surname": "Gamal", "ce:indexed-name": "Gamal A.E."}]}, "ref-sourcetitle": "IEEE Journal of Solid-State Circuits"}}, {"ref-fulltext": "I. Brouk, A. Nemirovsky, and Y. Nemirovsky, \u201cAnalysis of noise in CMOS image sensor,\u201d in 2008 IEEE International Conference on Microwaves, Communications, Antennas and Electronic Systems, 2008, pp. 1-8.", "@id": "12", "ref-info": {"ref-publicationyear": {"@first": "2008"}, "ref-title": {"ref-titletext": "Analysis of noise in CMOS image sensor"}, "refd-itemidlist": {"itemid": {"$": "51849091547", "@idtype": "SGR"}}, "ref-volisspag": {"pagerange": {"@first": "1", "@last": "8"}}, "ref-authors": {"author": [{"@seq": "1", "ce:initials": "I.", "@_fa": "true", "ce:surname": "Brouk", "ce:indexed-name": "Brouk I."}, {"@seq": "2", "ce:initials": "A.", "@_fa": "true", "ce:surname": "Nemirovsky", "ce:indexed-name": "Nemirovsky A."}, {"@seq": "3", "ce:initials": "Y.", "@_fa": "true", "ce:surname": "Nemirovsky", "ce:indexed-name": "Nemirovsky Y."}]}, "ref-sourcetitle": "2008 IEEE International Conference on Microwaves, Communications, Antennas and Electronic Systems"}}, {"ref-fulltext": "R. M. Guidash, T. H. Lee, P. P. K. Lee, D. H. Sackett, C. I. Drowley, M. S. Swenson, L. Arbaugh, R. Hollstein, F. Shapiro, and S. Domer, \u201cA 0.6 um CMOS pinned photodiode color imager technology,\u201d in International Electron Devices Meeting. IEDM Technical Digest, 1997, pp. 927-929.", "@id": "13", "ref-info": {"ref-publicationyear": {"@first": "1997"}, "ref-title": {"ref-titletext": "A 0.6 um CMOS pinned photodiode color imager technology"}, "refd-itemidlist": {"itemid": {"$": "84886448050", "@idtype": "SGR"}}, "ref-volisspag": {"pagerange": {"@first": "927", "@last": "929"}}, "ref-authors": {"author": [{"@seq": "1", "ce:initials": "R.M.", "@_fa": "true", "ce:surname": "Guidash", "ce:indexed-name": "Guidash R.M."}, {"@seq": "2", "ce:initials": "T.H.", "@_fa": "true", "ce:surname": "Lee", "ce:indexed-name": "Lee T.H."}, {"@seq": "3", "ce:initials": "P.P.K.", "@_fa": "true", "ce:surname": "Lee", "ce:indexed-name": "Lee P.P.K."}, {"@seq": "4", "ce:initials": "D.H.", "@_fa": "true", "ce:surname": "Sackett", "ce:indexed-name": "Sackett D.H."}, {"@seq": "5", "ce:initials": "C.I.", "@_fa": "true", "ce:surname": "Drowley", "ce:indexed-name": "Drowley C.I."}, {"@seq": "6", "ce:initials": "M.S.", "@_fa": "true", "ce:surname": "Swenson", "ce:indexed-name": "Swenson M.S."}, {"@seq": "7", "ce:initials": "L.", "@_fa": "true", "ce:surname": "Arbaugh", "ce:indexed-name": "Arbaugh L."}, {"@seq": "8", "ce:initials": "R.", "@_fa": "true", "ce:surname": "Hollstein", "ce:indexed-name": "Hollstein R."}, {"@seq": "9", "ce:initials": "F.", "@_fa": "true", "ce:surname": "Shapiro", "ce:indexed-name": "Shapiro F."}, {"@seq": "10", "ce:initials": "S.", "@_fa": "true", "ce:surname": "Domer", "ce:indexed-name": "Domer S."}]}, "ref-sourcetitle": "International Electron Devices Meeting. IEDM Technical Digest"}}, {"ref-fulltext": "A. J. P. Theuwissen, \u201cBetter pictures through physics,\u201d IEEE Solid-State Circuits Magazine, vol. 2, pp. 22-28, 2010.", "@id": "14", "ref-info": {"ref-publicationyear": {"@first": "2010"}, "ref-title": {"ref-titletext": "Better pictures through physics"}, "refd-itemidlist": {"itemid": {"$": "78651590741", "@idtype": "SGR"}}, "ref-volisspag": {"voliss": {"@volume": "2"}, "pagerange": {"@first": "22", "@last": "28"}}, "ref-authors": {"author": [{"@seq": "1", "ce:initials": "A.J.P.", "@_fa": "true", "ce:surname": "Theuwissen", "ce:indexed-name": "Theuwissen A.J.P."}]}, "ref-sourcetitle": "IEEE Solid-State Circuits Magazine"}}, {"ref-fulltext": "S. Mendis, S. E. Kemeny, and E. R. Fossum, \u201cCMOS active pixel image sensor,\u201d IEEE Transactions on Electron Devices, vol. 41, pp. 452-453, 1994.", "@id": "15", "ref-info": {"ref-publicationyear": {"@first": "1994"}, "ref-title": {"ref-titletext": "CMOS active pixel image sensor"}, "refd-itemidlist": {"itemid": {"$": "0028392939", "@idtype": "SGR"}}, "ref-volisspag": {"voliss": {"@volume": "41"}, "pagerange": {"@first": "452", "@last": "453"}}, "ref-authors": {"author": [{"@seq": "1", "ce:initials": "S.", "@_fa": "true", "ce:surname": "Mendis", "ce:indexed-name": "Mendis S."}, {"@seq": "2", "ce:initials": "S.E.", "@_fa": "true", "ce:surname": "Kemeny", "ce:indexed-name": "Kemeny S.E."}, {"@seq": "3", "ce:initials": "E.R.", "@_fa": "true", "ce:surname": "Fossum", "ce:indexed-name": "Fossum E.R."}]}, "ref-sourcetitle": "IEEE Transactions on Electron Devices"}}, {"ref-fulltext": "S. K. Mendis, S. E. Kemeny, R. C. Gee, B. Pain, C. O. Staller, Q. Kim, and E. R. Fossum, \u201cCMOS active pixel image sensors for highly integrated imaging systems,\u201d IEEE Journal of Solid-State Circuits, vol. 32, pp. 187-197, 1997.", "@id": "16", "ref-info": {"ref-publicationyear": {"@first": "1997"}, "ref-title": {"ref-titletext": "CMOS active pixel image sensors for highly integrated imaging systems"}, "refd-itemidlist": {"itemid": {"$": "0031079143", "@idtype": "SGR"}}, "ref-volisspag": {"voliss": {"@volume": "32"}, "pagerange": {"@first": "187", "@last": "197"}}, "ref-authors": {"author": [{"@seq": "1", "ce:initials": "S.K.", "@_fa": "true", "ce:surname": "Mendis", "ce:indexed-name": "Mendis S.K."}, {"@seq": "2", "ce:initials": "S.E.", "@_fa": "true", "ce:surname": "Kemeny", "ce:indexed-name": "Kemeny S.E."}, {"@seq": "3", "ce:initials": "R.C.", "@_fa": "true", "ce:surname": "Gee", "ce:indexed-name": "Gee R.C."}, {"@seq": "4", "ce:initials": "B.", "@_fa": "true", "ce:surname": "Pain", "ce:indexed-name": "Pain B."}, {"@seq": "5", "ce:initials": "C.O.", "@_fa": "true", "ce:surname": "Staller", "ce:indexed-name": "Staller C.O."}, {"@seq": "6", "ce:initials": "Q.", "@_fa": "true", "ce:surname": "Kim", "ce:indexed-name": "Kim Q."}, {"@seq": "7", "ce:initials": "E.R.", "@_fa": "true", "ce:surname": "Fossum", "ce:indexed-name": "Fossum E.R."}]}, "ref-sourcetitle": "IEEE Journal of Solid-State Circuits"}}, {"ref-fulltext": "X. Wang, M. F. Snoeij, P. R. Rao, A. Mierop, and A. J. P. Theuwissen, \u201cA CMOS image sensor with a buried-channel source follower,\u201d in 2008 IEEE International Solid-State Circuits Conference-Digest of Technical Papers, 2008, pp. 62-595.", "@id": "17", "ref-info": {"ref-publicationyear": {"@first": "2008"}, "ref-title": {"ref-titletext": "A CMOS image sensor with a buried-channel source follower"}, "refd-itemidlist": {"itemid": {"$": "49649114175", "@idtype": "SGR"}}, "ref-volisspag": {"pagerange": {"@first": "62", "@last": "595"}}, "ref-authors": {"author": [{"@seq": "1", "ce:initials": "X.", "@_fa": "true", "ce:surname": "Wang", "ce:indexed-name": "Wang X."}, {"@seq": "2", "ce:initials": "M.F.", "@_fa": "true", "ce:surname": "Snoeij", "ce:indexed-name": "Snoeij M.F."}, {"@seq": "3", "ce:initials": "P.R.", "@_fa": "true", "ce:surname": "Rao", "ce:indexed-name": "Rao P.R."}, {"@seq": "4", "ce:initials": "A.", "@_fa": "true", "ce:surname": "Mierop", "ce:indexed-name": "Mierop A."}, {"@seq": "5", "ce:initials": "A.J.P.", "@_fa": "true", "ce:surname": "Theuwissen", "ce:indexed-name": "Theuwissen A.J.P."}]}, "ref-sourcetitle": "2008 IEEE International Solid-State Circuits Conference-Digest of Technical Papers"}}, {"ref-fulltext": "E. R. Fossum, \u201cCMOS image sensors: electronic camera-on-a-chip,\u201d IEEE Transactions on Electron Devices, vol. 44, pp. 1689-1698, 1997.", "@id": "18", "ref-info": {"ref-publicationyear": {"@first": "1997"}, "ref-title": {"ref-titletext": "CMOS image sensors: Electronic camera-on-a-chip"}, "refd-itemidlist": {"itemid": {"$": "0031249402", "@idtype": "SGR"}}, "ref-volisspag": {"voliss": {"@volume": "44"}, "pagerange": {"@first": "1689", "@last": "1698"}}, "ref-authors": {"author": [{"@seq": "1", "ce:initials": "E.R.", "@_fa": "true", "ce:surname": "Fossum", "ce:indexed-name": "Fossum E.R."}]}, "ref-sourcetitle": "IEEE Transactions on Electron Devices"}}, {"ref-fulltext": "X. Qian, H. Yu, S. Chen, and K. S. Low, \u201cDesign and characterization of radiation-tolerant CMOS 4T Active Pixel Sensors,\u201d in 2014 International Symposium on Integrated Circuits (ISIC), 2014, pp. 520-523.", "@id": "19", "ref-info": {"ref-publicationyear": {"@first": "2014"}, "ref-title": {"ref-titletext": "Design and characterization of radiation-tolerant CMOS 4T Active Pixel Sensors"}, "refd-itemidlist": {"itemid": {"$": "84924303236", "@idtype": "SGR"}}, "ref-volisspag": {"pagerange": {"@first": "520", "@last": "523"}}, "ref-authors": {"author": [{"@seq": "1", "ce:initials": "X.", "@_fa": "true", "ce:surname": "Qian", "ce:indexed-name": "Qian X."}, {"@seq": "2", "ce:initials": "H.", "@_fa": "true", "ce:surname": "Yu", "ce:indexed-name": "Yu H."}, {"@seq": "3", "ce:initials": "S.", "@_fa": "true", "ce:surname": "Chen", "ce:indexed-name": "Chen S."}, {"@seq": "4", "ce:initials": "K.S.", "@_fa": "true", "ce:surname": "Low", "ce:indexed-name": "Low K.S."}]}, "ref-sourcetitle": "2014 International Symposium on Integrated Circuits (ISIC)"}}, {"ref-fulltext": "F. Tang, D. G. Chen, B. Wang, and A. Bermak, \u201cLow-power CMOS image sensor based on column-parallel single-slope/SAR quantization scheme,\u201d IEEE Transactions on Electron Devices, vol. 60, pp. 2561-2566, 2013.", "@id": "20", "ref-info": {"ref-publicationyear": {"@first": "2013"}, "ref-title": {"ref-titletext": "Low-power CMOS image sensor based on column-parallel single-slope/SAR quantization scheme"}, "refd-itemidlist": {"itemid": {"$": "84880916265", "@idtype": "SGR"}}, "ref-volisspag": {"voliss": {"@volume": "60"}, "pagerange": {"@first": "2561", "@last": "2566"}}, "ref-authors": {"author": [{"@seq": "1", "ce:initials": "F.", "@_fa": "true", "ce:surname": "Tang", "ce:indexed-name": "Tang F."}, {"@seq": "2", "ce:initials": "D.G.", "@_fa": "true", "ce:surname": "Chen", "ce:indexed-name": "Chen D.G."}, {"@seq": "3", "ce:initials": "B.", "@_fa": "true", "ce:surname": "Wang", "ce:indexed-name": "Wang B."}, {"@seq": "4", "ce:initials": "A.", "@_fa": "true", "ce:surname": "Bermak", "ce:indexed-name": "Bermak A."}]}, "ref-sourcetitle": "IEEE Transactions on Electron Devices"}}, {"ref-fulltext": "T. Wang, X. Huang, M. Yan, H. Yu, K. S. Yeo, I. Cevik, and S. Ay, \u201cA 96x96 1V ultra-low power CMOS image sensor for biomedical application,\u201d in 2012 IEEE Asia Pacific Conference on Circuits and Systems, 2012, pp. 13-16.", "@id": "21", "ref-info": {"ref-publicationyear": {"@first": "2012"}, "ref-title": {"ref-titletext": "A 96x96 1V ultra-low power CMOS image sensor for biomedical application"}, "refd-itemidlist": {"itemid": {"$": "84874168126", "@idtype": "SGR"}}, "ref-volisspag": {"pagerange": {"@first": "13", "@last": "16"}}, "ref-authors": {"author": [{"@seq": "1", "ce:initials": "T.", "@_fa": "true", "ce:surname": "Wang", "ce:indexed-name": "Wang T."}, {"@seq": "2", "ce:initials": "X.", "@_fa": "true", "ce:surname": "Huang", "ce:indexed-name": "Huang X."}, {"@seq": "3", "ce:initials": "M.", "@_fa": "true", "ce:surname": "Yan", "ce:indexed-name": "Yan M."}, {"@seq": "4", "ce:initials": "H.", "@_fa": "true", "ce:surname": "Yu", "ce:indexed-name": "Yu H."}, {"@seq": "5", "ce:initials": "K.S.", "@_fa": "true", "ce:surname": "Yeo", "ce:indexed-name": "Yeo K.S."}, {"@seq": "6", "ce:initials": "I.", "@_fa": "true", "ce:surname": "Cevik", "ce:indexed-name": "Cevik I."}, {"@seq": "7", "ce:initials": "S.", "@_fa": "true", "ce:surname": "Ay", "ce:indexed-name": "Ay S."}]}, "ref-sourcetitle": "2012 IEEE Asia Pacific Conference on Circuits and Systems"}}, {"ref-fulltext": "S. U. Ay, \u201cBoosted readout for CMOS APS pixels,\u201d in 2011 IEEE International Symposium of Circuits and Systems (ISCAS), 2011, pp. 2205-2208.", "@id": "22", "ref-info": {"ref-publicationyear": {"@first": "2011"}, "ref-title": {"ref-titletext": "Boosted readout for CMOS APS pixels"}, "refd-itemidlist": {"itemid": {"$": "79960859651", "@idtype": "SGR"}}, "ref-volisspag": {"pagerange": {"@first": "2205", "@last": "2208"}}, "ref-authors": {"author": [{"@seq": "1", "ce:initials": "S.U.", "@_fa": "true", "ce:surname": "Ay", "ce:indexed-name": "Ay S.U."}]}, "ref-sourcetitle": "2011 IEEE International Symposium of Circuits and Systems (ISCAS)"}}, {"ref-fulltext": "B. Ackland and A. Dickinson, \u201cCamera on a chip,\u201d in 1996 IEEE International Solid-State Circuits Conference. Digest of TEchnical Papers, ISSCC, 1996, pp. 22-25.", "@id": "23", "ref-info": {"ref-publicationyear": {"@first": "1996"}, "ref-title": {"ref-titletext": "Camera on a chip"}, "refd-itemidlist": {"itemid": {"$": "0030084424", "@idtype": "SGR"}}, "ref-volisspag": {"pagerange": {"@first": "22", "@last": "25"}}, "ref-authors": {"author": [{"@seq": "1", "ce:initials": "B.", "@_fa": "true", "ce:surname": "Ackland", "ce:indexed-name": "Ackland B."}, {"@seq": "2", "ce:initials": "A.", "@_fa": "true", "ce:surname": "Dickinson", "ce:indexed-name": "Dickinson A."}]}, "ref-sourcetitle": "1996 IEEE International Solid-State Circuits Conference. Digest of TEchnical Papers, ISSCC"}}, {"ref-fulltext": "S. U. Ay, \u201cElectrical property modelling of photodiode type CMOS active pixel sensor (APS),\u201d in 48th Midwest Symposium on Circuits and Systems, 2005., 2005, pp. 371-375 Vol. 1.", "@id": "24", "ref-info": {"ref-publicationyear": {"@first": "2005"}, "ref-title": {"ref-titletext": "Electrical property modelling of photodiode type CMOS active pixel sensor (APS)"}, "refd-itemidlist": {"itemid": {"$": "33847157991", "@idtype": "SGR"}}, "ref-volisspag": {"voliss": {"@issue": "1"}, "pagerange": {"@first": "371", "@last": "375"}}, "ref-authors": {"author": [{"@seq": "1", "ce:initials": "S.U.", "@_fa": "true", "ce:surname": "Ay", "ce:indexed-name": "Ay S.U."}]}, "ref-sourcetitle": "48th Midwest Symposium on Circuits and Systems, 2005."}}, {"ref-fulltext": "I. Takayanagi and J. Nakamura, \u201cHigh-resolution CMOS video image sensors,\u201d in Proceedings of the IEEE, vol. 101, pp. 61-73, 2013.", "@id": "25", "ref-info": {"ref-publicationyear": {"@first": "2013"}, "ref-title": {"ref-titletext": "High-resolution CMOS video image sensors"}, "refd-itemidlist": {"itemid": {"$": "84871759308", "@idtype": "SGR"}}, "ref-volisspag": {"voliss": {"@volume": "101"}, "pagerange": {"@first": "61", "@last": "73"}}, "ref-authors": {"author": [{"@seq": "1", "ce:initials": "I.", "@_fa": "true", "ce:surname": "Takayanagi", "ce:indexed-name": "Takayanagi I."}, {"@seq": "2", "ce:initials": "J.", "@_fa": "true", "ce:surname": "Nakamura", "ce:indexed-name": "Nakamura J."}]}, "ref-sourcetitle": "Proceedings of the IEEE"}}, {"ref-fulltext": "S. Yu-Chuan and W. Chung-Yu, \u201cA new CMOS pixel structure for low-dark-current and large-array-size still imager applications,\u201d IEEE Transactions on Circuits and Systems I: Regular Papers, vol. 51, pp. 2204-2214, 2004.", "@id": "26", "ref-info": {"ref-publicationyear": {"@first": "2004"}, "ref-title": {"ref-titletext": "A new CMOS pixel structure for low-dark-current and large-array-size still imager applications"}, "refd-itemidlist": {"itemid": {"$": "9744275347", "@idtype": "SGR"}}, "ref-volisspag": {"voliss": {"@volume": "51"}, "pagerange": {"@first": "2204", "@last": "2214"}}, "ref-authors": {"author": [{"@seq": "1", "ce:initials": "S.", "@_fa": "true", "ce:surname": "Yu-Chuan", "ce:indexed-name": "Yu-Chuan S."}, {"@seq": "2", "ce:initials": "W.", "@_fa": "true", "ce:surname": "Chung-Yu", "ce:indexed-name": "Chung-Yu W."}]}, "ref-sourcetitle": "IEEE Transactions on Circuits and Systems I: Regular Papers"}}, {"ref-fulltext": "S. Yu-Chuan and W. Chung-Yu, \u201cOptimal design of CMOS pseudoactive pixel sensor (PAPS) structure for low-dark-current and large-array-size imager applications,\u201d IEEE Sensors Journal, vol. 5, pp. 956-963, 2005.", "@id": "27", "ref-info": {"ref-publicationyear": {"@first": "2005"}, "ref-title": {"ref-titletext": "Optimal design of CMOS pseudoactive pixel sensor (PAPS) structure for low-dark-current and large-array-size imager applications"}, "refd-itemidlist": {"itemid": {"$": "27744433451", "@idtype": "SGR"}}, "ref-volisspag": {"voliss": {"@volume": "5"}, "pagerange": {"@first": "956", "@last": "963"}}, "ref-authors": {"author": [{"@seq": "1", "ce:initials": "S.", "@_fa": "true", "ce:surname": "Yu-Chuan", "ce:indexed-name": "Yu-Chuan S."}, {"@seq": "2", "ce:initials": "W.", "@_fa": "true", "ce:surname": "Chung-Yu", "ce:indexed-name": "Chung-Yu W."}]}, "ref-sourcetitle": "IEEE Sensors Journal"}}, {"ref-fulltext": "D. Durini and B. J. Hosticka, \u201cPhotodetector structures for standard CMOS imaging applications,\u201d in 2007 Ph.D Research in Microelectronics and Electronics Conference, 2007, pp. 193-196.", "@id": "28", "ref-info": {"ref-publicationyear": {"@first": "2007"}, "ref-title": {"ref-titletext": "Photodetector structures for standard CMOS imaging applications"}, "refd-itemidlist": {"itemid": {"$": "46749122380", "@idtype": "SGR"}}, "ref-volisspag": {"pagerange": {"@first": "193", "@last": "196"}}, "ref-authors": {"author": [{"@seq": "1", "ce:initials": "D.", "@_fa": "true", "ce:surname": "Durini", "ce:indexed-name": "Durini D."}, {"@seq": "2", "ce:initials": "B.J.", "@_fa": "true", "ce:surname": "Hosticka", "ce:indexed-name": "Hosticka B.J."}]}, "ref-sourcetitle": "2007 Ph.D Research in Microelectronics and Electronics Conference"}}, {"ref-fulltext": "B. Razavi, Design of Analog CMOS Integrated Circuits: McGraw-Hill, Inc., 2001.", "@id": "29", "ref-info": {"ref-publicationyear": {"@first": "2001"}, "refd-itemidlist": {"itemid": {"$": "0003575779", "@idtype": "SGR"}}, "ref-text": "McGraw-Hill, Inc", "ref-authors": {"author": [{"@seq": "1", "ce:initials": "B.", "@_fa": "true", "ce:surname": "Razavi", "ce:indexed-name": "Razavi B."}]}, "ref-sourcetitle": "Design of Analog CMOS Integrated Circuits"}}]}}}}, "affiliation": {"affiliation-city": "Bangkok", "@id": "60028190", "affilname": "Chulalongkorn University", "@href": "https://api.elsevier.com/content/affiliation/affiliation_id/60028190", "affiliation-country": "Thailand"}, "coredata": {"srctype": "j", "eid": "2-s2.0-85032001883", "dc:description": "Two pixel sensors, namely active pixel sensor (APS) and pseudo-active pixel sensor (PAPS), are reviewed to show that APS suffers from dark current while PAPS suffers from leakage current. Then a new pixel sensor called zero bias pixel sensor (ZBPS) in which only two MOS switches in addition to the photodiode are used, one for connecting the pixel\u2019s photodiode to a column bus and the other for bypassing it. A zero-bias column buffer-direct-injection (ZCBDI) circuit, which is similar to a regulated cascode amplifier, is used to control the voltage at column bus at zero. All ZBPS pixels are guaranteed to work at zero voltage at all times to eliminate the dark current as well as leakage current. A case of a 10\u00b5m x 10\u00b5m ZBPS pixel designed with standard 0.1\u00b5m CMOS process is studied through simulation. This pixel generates a photocurrent within a range from 1pA to 100nA. To handle a large variation of photocurrent while maintaining zero column voltage, the ZCBDI is designed using differential cascode, common source, and buffer stages and then compensated for 50 degree phase margin. Transient simulation shows that the pixel steady state response time is around 1.406ms, leading to at most 5.5 frames per second for an image of 128x128 ZBPS pixels. The fill factor of ZBPS for this case is around 59%.", "prism:coverDate": "2017-09-29", "prism:aggregationType": "Journal", "prism:url": "https://api.elsevier.com/content/abstract/scopus_id/85032001883", "dc:creator": {"author": [{"ce:given-name": "Pusit", "preferred-name": {"ce:given-name": "Pusit", "ce:initials": "P.", "ce:surname": "Suriyavejwongs", "ce:indexed-name": "Suriyavejwongs P."}, "@seq": "1", "ce:initials": "P.", "@_fa": "true", "affiliation": {"@id": "60028190", "@href": "https://api.elsevier.com/content/affiliation/affiliation_id/60028190"}, "ce:surname": "Suriyavejwongs", "@auid": "57188668124", "author-url": "https://api.elsevier.com/content/author/author_id/57188668124", "ce:indexed-name": "Suriyavejwongs P."}]}, "link": [{"@_fa": "true", "@rel": "self", "@href": "https://api.elsevier.com/content/abstract/scopus_id/85032001883"}, {"@_fa": "true", "@rel": "scopus", "@href": "https://www.scopus.com/inward/record.uri?partnerID=HzOxMe3b&scp=85032001883&origin=inward"}, {"@_fa": "true", "@rel": "scopus-citedby", "@href": "https://www.scopus.com/inward/citedby.uri?partnerID=HzOxMe3b&scp=85032001883&origin=inward"}], "source-id": "21100197000", "citedby-count": "3", "prism:volume": "21", "subtype": "ar", "dc:title": "A zero bias pixel sensor and its zero-bias column buffer-direct-injection circuit", "openaccess": "1", "prism:issn": "01258281", "publishercopyright": "\u00a9 2017, Chulalongkorn University 1. All rights reserved.", "prism:issueIdentifier": "5", "subtypeDescription": "Article", "prism:publicationName": "Engineering Journal", "prism:pageRange": "179-191", "prism:endingPage": "191", "openaccessFlag": "true", "prism:doi": "10.4186/ej.2017.21.5.179", "prism:startingPage": "179", "dc:identifier": "SCOPUS_ID:85032001883", "dc:publisher": "Chulalongkorn University 1yan.z@chula.ac.th"}, "idxterms": null, "language": {"@xml:lang": "eng"}, "authkeywords": {"author-keyword": [{"@_fa": "true", "$": "CMOS sensor"}, {"@_fa": "true", "$": "Dark current"}, {"@_fa": "true", "$": "Zero bias pixel"}]}, "subject-areas": {"subject-area": [{"@_fa": "true", "$": "Engineering (all)", "@code": "2200", "@abbrev": "ENGI"}]}, "authors": {"author": [{"ce:given-name": "Pusit", "preferred-name": {"ce:given-name": "Pusit", "ce:initials": "P.", "ce:surname": "Suriyavejwongs", "ce:indexed-name": "Suriyavejwongs P."}, "@seq": "1", "ce:initials": "P.", "@_fa": "true", "affiliation": {"@id": "60028190", "@href": "https://api.elsevier.com/content/affiliation/affiliation_id/60028190"}, "ce:surname": "Suriyavejwongs", "@auid": "57188668124", "author-url": "https://api.elsevier.com/content/author/author_id/57188668124", "ce:indexed-name": "Suriyavejwongs P."}, {"ce:given-name": "Ekachai", "preferred-name": {"ce:given-name": "Ekachai", "ce:initials": "E.", "ce:surname": "Leelarasmee", "ce:indexed-name": "Leelarasmee E."}, "@seq": "2", "ce:initials": "E.", "@_fa": "true", "affiliation": {"@id": "60028190", "@href": "https://api.elsevier.com/content/affiliation/affiliation_id/60028190"}, "ce:surname": "Leelarasmee", "@auid": "55916078800", "author-url": "https://api.elsevier.com/content/author/author_id/55916078800", "ce:indexed-name": "Leelarasmee E."}, {"ce:given-name": "Wanchalerm", "preferred-name": {"ce:given-name": "Wanchalerm", "ce:initials": "W.", "ce:surname": "Pora", "ce:indexed-name": "Pora W."}, "@seq": "3", "ce:initials": "W.", "@_fa": "true", "affiliation": {"@id": "60028190", "@href": "https://api.elsevier.com/content/affiliation/affiliation_id/60028190"}, "ce:surname": "Pora", "@auid": "15220962000", "author-url": "https://api.elsevier.com/content/author/author_id/15220962000", "ce:indexed-name": "Pora W."}]}}}