{"abstracts-retrieval-response": {"item": {"ait:process-info": {"ait:status": {"@state": "update", "@type": "core", "@stage": "S300"}, "ait:date-delivered": {"@day": "23", "@timestamp": "2021-02-23T15:32:27.000027-05:00", "@year": "2021", "@month": "02"}, "ait:date-sort": {"@day": "25", "@year": "2017", "@month": "09"}}, "xocs:meta": {"xocs:funding-list": {"@pui-match": "primary", "@has-funding-info": "1", "xocs:funding": [{"xocs:funding-agency-matched-string": "Ratchadapisek Sompoch Endowment Fund", "xocs:funding-id": "CU-58-029-AM"}, {"xocs:funding-agency-matched-string": "Surface Coatings Technology for Metals and Materials Research Unit", "xocs:funding-id": "GRU 60-001-62-001-1"}, {"xocs:funding-agency-matched-string": "Chulalongkorn University", "xocs:funding-agency-acronym": "CU", "xocs:funding-agency": "Chulalongkorn University", "xocs:funding-agency-id": "http://data.elsevier.com/vocabulary/SciValFunders/501100002873", "xocs:funding-agency-country": "http://sws.geonames.org/1605651/"}], "xocs:funding-addon-generated-timestamp": "2021-02-06T07:00:51.661Z", "xocs:funding-text": "Nadtinan Promphet gratefully acknowledges the financial support from the 100th Anniversary Chulalongkorn University Fund for Doctoral Scholarship and the 90th Anniversary of Chulalongkorn University Fund (Ratchadaphiseksomphot Endowment Fund). This research was funded by the Ratchadapisek Sompoch Endowment Fund (2015), Chulalongkorn University (CU-58-029-AM). The authors would like to acknowledge the support from Ratchadapisek Sompoch Endowment Fund, Chulalongkorn University, granted to the Surface Coatings Technology for Metals and Materials Research Unit (GRU 60-001-62-001-1).", "xocs:funding-addon-type": "http://vtw.elsevier.com/data/voc/AddOnTypes/50.7/aggregated-refined"}}, "bibrecord": {"head": {"author-group": [{"affiliation": {"country": "Thailand", "address-part": "Phayathai Road, Pathumwan", "postal-code": "10330", "@afid": "60028190", "@country": "tha", "city": "Bangkok", "organization": [{"$": "Nanoscience and Technology Interdisciplinary Program"}, {"$": "Graduate School"}, {"$": "Chulalongkorn University"}], "affiliation-id": {"@afid": "60028190", "@dptid": "107315845"}, "@dptid": "107315845"}, "author": [{"ce:given-name": "Nadtinan", "preferred-name": {"ce:given-name": "Nadtinan", "ce:initials": "N.", "ce:surname": "Promphet", "ce:indexed-name": "Promphet N."}, "@seq": "1", "ce:initials": "N.", "@_fa": "true", "@type": "auth", "ce:surname": "Promphet", "@auid": "56369676500", "ce:indexed-name": "Promphet N."}]}, {"affiliation": {"country": "Thailand", "address-part": "Soi Chula 12, Phayathai Road, Pathumwan", "postal-code": "10330", "@afid": "60091507", "@country": "tha", "city": "Bangkok", "organization": [{"$": "Metallurgy and Materials Science Research Institute"}, {"$": "Chulalongkorn University"}], "affiliation-id": [{"@afid": "60091507"}, {"@afid": "60028190"}]}, "author": [{"ce:given-name": "Pranee", "preferred-name": {"ce:given-name": "Pranee", "ce:initials": "P.", "ce:surname": "Rattanawaleedirojn", "ce:indexed-name": "Rattanawaleedirojn P."}, "@seq": "2", "ce:initials": "P.", "@_fa": "true", "@type": "auth", "ce:surname": "Rattanawaleedirojn", "@auid": "36487079600", "ce:indexed-name": "Rattanawaleedirojn P."}, {"ce:given-name": "Nadnudda", "preferred-name": {"ce:given-name": "Nadnudda", "ce:initials": "N.", "ce:surname": "Rodthongkum", "ce:indexed-name": "Rodthongkum N."}, "@seq": "3", "ce:initials": "N.", "@_fa": "true", "@type": "auth", "ce:surname": "Rodthongkum", "@auid": "26649099800", "ce:indexed-name": "Rodthongkum N."}]}], "citation-title": "Electroless NiP-TiO2 sol-RGO: A smart coating for enhanced corrosion resistance and conductivity of steel", "abstracts": "\u00a9 2017 Elsevier B.V.Nickel phosphorus \u2013 titanium dioxide sol \u2013 reduced graphene oxide (NiP-TiO2 sol-RGO) coating was firstly prepared by using a simple one-pot electroless plating to effectively improve both corrosion resistance and conductivity of steel. Initially, titanium dioxide sol (TiO2 sol) was synthesized via sol-gel method and then used to intercalate between graphene oxide (GO) nanosheets for increased GO dispersion and loading prior to electroless deposition. The parameters controlling the coating appearance and property, (e.g. amount of TiO2 sol, electroless plating time and amount of GO) were systematically optimized. The as prepared NiP-TiO2 sol-RGO and the coated steel surface morphologies were characterized by transmission electron microscopy and scanning electron microscopy. The hydrophobicity, corrosion resistance and conductivity of the coated steel were examined by contact angle measurement, electrochemical testing and four-point probe conductivity measurement, respectively. NiP-TiO2 sol-RGO coated steels show high homogeneity coating with ultra-thin water-repellent RGO layer fully covering on the outer surface leading to significant improved corrosion resistance and electrical conductivity of steel. These promising properties of the coating might be very useful for electronic part applications, which requires both high corrosion resistance and high conductivity with less sensitive to humidity, such as electronic parts and electrode for electrochemical sensors.", "correspondence": {"affiliation": {"country": "Thailand", "address-part": "Soi Chula 12, Phayathai Road, Pathumwan", "postal-code": "10330", "@country": "tha", "city": "Bangkok", "organization": [{"$": "Metallurgy and Materials Science Research Institute"}, {"$": "Chulalongkorn University"}]}, "person": {"ce:given-name": "Nadnudda", "ce:initials": "N.", "ce:surname": "Rodthongkum", "ce:indexed-name": "Rodthongkum N."}}, "citation-info": {"author-keywords": {"author-keyword": [{"$": "Corrosion resistance", "@xml:lang": "eng"}, {"$": "Electrical conductivity", "@xml:lang": "eng"}, {"$": "Electroless nickel phosphorus (NiP)", "@xml:lang": "eng"}, {"$": "Reduced graphene oxide (RGO)", "@xml:lang": "eng"}, {"$": "Titanium dioxide (TiO2) sol", "@xml:lang": "eng"}]}, "citation-type": {"@code": "ar"}, "citation-language": {"@language": "English", "@xml:lang": "eng"}, "abstract-language": {"@language": "English", "@xml:lang": "eng"}}, "source": {"sourcetitle-abbrev": "Surf. Coat. Technol.", "website": {"ce:e-address": {"$": "http://www.journals.elsevier.com/surface-and-coatings-technology/", "@type": "email"}}, "@country": "nld", "translated-sourcetitle": {"$": "Surface and Coatings Technology", "@xml:lang": "eng"}, "issn": {"$": "02578972", "@type": "print"}, "volisspag": {"voliss": {"@volume": "325"}, "pagerange": {"@first": "604", "@last": "610"}}, "@type": "j", "publicationyear": {"@first": "2017"}, "publisher": {"publishername": "Elsevier B.V."}, "sourcetitle": "Surface and Coatings Technology", "@srcid": "24537", "publicationdate": {"month": "09", "year": "2017", "date-text": {"@xfab-added": "true", "$": "25 September 2017"}, "day": "25"}}, "enhancement": {"classificationgroup": {"classifications": [{"@type": "CPXCLASS", "classification": [{"classification-code": "539.1", "classification-description": "Metals Corrosion"}, {"classification-code": "539.3.2", "classification-description": "Electroless Plating"}, {"classification-code": "542.3", "classification-description": "Titanium and Alloys"}, {"classification-code": "545.3", "classification-description": "Steel"}, {"classification-code": "548.1", "classification-description": "Nickel"}, {"classification-code": "701.1", "classification-description": "Electricity, Basic Concepts and Phenomena"}, {"classification-code": "741.3", "classification-description": "Optical Devices and Systems"}, {"classification-code": "804", "classification-description": "Chemical Products Generally"}, {"classification-code": "804.2", "classification-description": "Inorganic Compounds"}, {"classification-code": "812.3", "classification-description": "Glass"}, {"classification-code": "813.2", "classification-description": "Coating Materials"}]}, {"@type": "FLXCLASS", "classification": {"classification-code": "78.26", "classification-description": "CORROSION"}}, {"@type": "ASJC", "classification": [{"$": "1600"}, {"$": "3104"}, {"$": "3110"}, {"$": "2508"}, {"$": "2505"}]}, {"@type": "SUBJABBR", "classification": [{"$": "CHEM"}, {"$": "PHYS"}, {"$": "MATE"}]}]}}, "grantlist": {"@complete": "y", "grant-text": {"$": "Nadtinan Promphet gratefully acknowledges the financial support from the 100th Anniversary Chulalongkorn University Fund for Doctoral Scholarship and the 90th Anniversary of Chulalongkorn University Fund (Ratchadaphiseksomphot Endowment Fund). This research was funded by the Ratchadapisek Sompoch Endowment Fund (2015), Chulalongkorn University (CU-58-029-AM). The authors would like to acknowledge the support from Ratchadapisek Sompoch Endowment Fund, Chulalongkorn University, granted to the Surface Coatings Technology for Metals and Materials Research Unit (GRU 60-001-62-001-1).", "@xml:lang": "eng"}, "grant": [{"grant-id": "CU-58-029-AM", "grant-acronym": "CU", "grant-agency": {"@iso-code": "tha", "$": "Chulalongkorn University"}}, {"grant-id": "GRU 60-001-62-001-1", "grant-acronym": "CU", "grant-agency": {"@iso-code": "tha", "$": "Chulalongkorn University"}}]}}, "item-info": {"copyright": {"$": "Copyright 2017 Elsevier B.V., All rights reserved.", "@type": "Elsevier"}, "dbcollection": [{"$": "CHEM"}, {"$": "CPX"}, {"$": "FLX"}, {"$": "REAXYSCAR"}, {"$": "SCOPUS"}, {"$": "Scopusbase"}], "history": {"date-created": {"@day": "14", "@timestamp": "BST 06:25:29", "@year": "2017", "@month": "07"}}, "itemidlist": {"itemid": [{"$": "617255377", "@idtype": "PUI"}, {"$": "666602360", "@idtype": "CAR-ID"}, {"$": "2017136213", "@idtype": "CHEM"}, {"$": "20172803935806", "@idtype": "CPX"}, {"$": "1290722", "@idtype": "FLX"}, {"$": "20171236321", "@idtype": "REAXYSCAR"}, {"$": "85022178592", "@idtype": "SCP"}, {"$": "85022178592", "@idtype": "SGR"}], "ce:pii": "S0257897217307053", "ce:doi": "10.1016/j.surfcoat.2017.07.018"}}, "tail": {"bibliography": {"@refcount": "35", "reference": [{"ref-fulltext": "Schlesinger, M., Electroless deposition of nickel. Schlesinger, M., Paunovic, M., (eds.) Modern Electroplating, 2010, John Wiley & Sons, Inc.", "@id": "1", "ref-info": {"ref-publicationyear": {"@first": "2010"}, "ref-title": {"ref-titletext": "Electroless deposition of nickel"}, "refd-itemidlist": {"itemid": [{"$": "bb0005", "@idtype": "FRAGMENTID"}, {"$": "84907945553", "@idtype": "SGR"}]}, "ref-text": "M. Schlesinger M. Paunovic John Wiley & Sons, Inc.", "ref-authors": {"author": [{"@seq": "1", "ce:initials": "M.", "@_fa": "true", "ce:surname": "Schlesinger", "ce:indexed-name": "Schlesinger M."}]}, "ref-sourcetitle": "Modern Electroplating"}}, {"ref-fulltext": "Balaraju, J.N., Kalavati, Rajam, K.S., Influence of particle size on the microstructure, hardness and corrosion resistance of electroless Ni\u2013P\u2013Al2O3composite coatings. Surf. Coat. Technol. 200 (2006), 3933\u20133941.", "@id": "2", "ref-info": {"ref-publicationyear": {"@first": "2006"}, "ref-title": {"ref-titletext": "Influence of particle size on the microstructure, hardness and corrosion resistance of electroless Ni\u2013P\u2013Al2O3composite coatings"}, "refd-itemidlist": {"itemid": [{"$": "bb0010", "@idtype": "FRAGMENTID"}, {"$": "32644484903", "@idtype": "SGR"}]}, "ref-volisspag": {"voliss": {"@volume": "200"}, "pagerange": {"@first": "3933", "@last": "3941"}}, "ref-authors": {"author": [{"@seq": "1", "ce:initials": "J.N.", "@_fa": "true", "ce:surname": "Balaraju", "ce:indexed-name": "Balaraju J.N."}, {"@seq": "2", "@_fa": "true", "ce:surname": "Kalavati", "ce:indexed-name": "Kalavati"}, {"@seq": "3", "ce:initials": "K.S.", "@_fa": "true", "ce:surname": "Rajam", "ce:indexed-name": "Rajam K.S."}]}, "ref-sourcetitle": "Surf. Coat. Technol."}}, {"ref-fulltext": "Novakovic, J., Vassiliou, P., Vacuum thermal treated electroless NiP\u2013TiO2composite coatings. Electrochim. Acta 54 (2009), 2499\u20132503.", "@id": "3", "ref-info": {"ref-publicationyear": {"@first": "2009"}, "ref-title": {"ref-titletext": "Vacuum thermal treated electroless NiP\u2013TiO2composite coatings"}, "refd-itemidlist": {"itemid": [{"$": "bb0015", "@idtype": "FRAGMENTID"}, {"$": "60949111628", "@idtype": "SGR"}]}, "ref-volisspag": {"voliss": {"@volume": "54"}, "pagerange": {"@first": "2499", "@last": "2503"}}, "ref-authors": {"author": [{"@seq": "1", "ce:initials": "J.", "@_fa": "true", "ce:surname": "Novakovic", "ce:indexed-name": "Novakovic J."}, {"@seq": "2", "ce:initials": "P.", "@_fa": "true", "ce:surname": "Vassiliou", "ce:indexed-name": "Vassiliou P."}]}, "ref-sourcetitle": "Electrochim. Acta"}}, {"ref-fulltext": "Alirezaei, S., Vaghefi, S.M.M., \u00dcrgen, M., Saatchi, A., Kazmanli, K., Novel investigation on nanostructure Ni\u2013P\u2013Ag composite coatings. Appl. Surf. Sci. 261 (2012), 155\u2013158.", "@id": "4", "ref-info": {"ref-publicationyear": {"@first": "2012"}, "ref-title": {"ref-titletext": "Novel investigation on nanostructure Ni\u2013P\u2013Ag composite coatings"}, "refd-itemidlist": {"itemid": [{"$": "bb0020", "@idtype": "FRAGMENTID"}, {"$": "84867744208", "@idtype": "SGR"}]}, "ref-volisspag": {"voliss": {"@volume": "261"}, "pagerange": {"@first": "155", "@last": "158"}}, "ref-authors": {"author": [{"@seq": "1", "ce:initials": "S.", "@_fa": "true", "ce:surname": "Alirezaei", "ce:indexed-name": "Alirezaei S."}, {"@seq": "2", "ce:initials": "S.M.M.", "@_fa": "true", "ce:surname": "Vaghefi", "ce:indexed-name": "Vaghefi S.M.M."}, {"@seq": "3", "ce:initials": "M.", "@_fa": "true", "ce:surname": "\u00dcrgen", "ce:indexed-name": "Urgen M."}, {"@seq": "4", "ce:initials": "A.", "@_fa": "true", "ce:surname": "Saatchi", "ce:indexed-name": "Saatchi A."}, {"@seq": "5", "ce:initials": "K.", "@_fa": "true", "ce:surname": "Kazmanli", "ce:indexed-name": "Kazmanli K."}]}, "ref-sourcetitle": "Appl. Surf. Sci."}}, {"ref-fulltext": "Shibli, S.M.A., Jabeera, B., Anupama, R.I., Incorporation of nano zinc oxide for improvement of electroless nickel plating. Appl. Surf. Sci. 253 (2006), 1644\u20131648.", "@id": "5", "ref-info": {"ref-publicationyear": {"@first": "2006"}, "ref-title": {"ref-titletext": "Incorporation of nano zinc oxide for improvement of electroless nickel plating"}, "refd-itemidlist": {"itemid": [{"$": "bb0025", "@idtype": "FRAGMENTID"}, {"$": "33750729569", "@idtype": "SGR"}]}, "ref-volisspag": {"voliss": {"@volume": "253"}, "pagerange": {"@first": "1644", "@last": "1648"}}, "ref-authors": {"author": [{"@seq": "1", "ce:initials": "S.M.A.", "@_fa": "true", "ce:surname": "Shibli", "ce:indexed-name": "Shibli S.M.A."}, {"@seq": "2", "ce:initials": "B.", "@_fa": "true", "ce:surname": "Jabeera", "ce:indexed-name": "Jabeera B."}, {"@seq": "3", "ce:initials": "R.I.", "@_fa": "true", "ce:surname": "Anupama", "ce:indexed-name": "Anupama R.I."}]}, "ref-sourcetitle": "Appl. Surf. Sci."}}, {"ref-fulltext": "Georgiza, E., Novakovic, J., Vassiliou, P., Characterization and corrosion resistance of duplex electroless Ni-P composite coatings on magnesium alloy. Surf. Coat. Technol. 232 (2013), 432\u2013439.", "@id": "6", "ref-info": {"ref-publicationyear": {"@first": "2013"}, "ref-title": {"ref-titletext": "Characterization and corrosion resistance of duplex electroless Ni-P composite coatings on magnesium alloy"}, "refd-itemidlist": {"itemid": [{"$": "bb0030", "@idtype": "FRAGMENTID"}, {"$": "84883444969", "@idtype": "SGR"}]}, "ref-volisspag": {"voliss": {"@volume": "232"}, "pagerange": {"@first": "432", "@last": "439"}}, "ref-authors": {"author": [{"@seq": "1", "ce:initials": "E.", "@_fa": "true", "ce:surname": "Georgiza", "ce:indexed-name": "Georgiza E."}, {"@seq": "2", "ce:initials": "J.", "@_fa": "true", "ce:surname": "Novakovic", "ce:indexed-name": "Novakovic J."}, {"@seq": "3", "ce:initials": "P.", "@_fa": "true", "ce:surname": "Vassiliou", "ce:indexed-name": "Vassiliou P."}]}, "ref-sourcetitle": "Surf. Coat. Technol."}}, {"ref-fulltext": "Ashassi-Sorkhabi, H., Es'haghi, M., Corrosion resistance enhancement of electroless Ni\u2013P coating by incorporation of ultrasonically dispersed diamond nanoparticles. Corros. Sci. 77 (2013), 185\u2013193.", "@id": "7", "ref-info": {"ref-publicationyear": {"@first": "2013"}, "ref-title": {"ref-titletext": "Corrosion resistance enhancement of electroless Ni\u2013P coating by incorporation of ultrasonically dispersed diamond nanoparticles"}, "refd-itemidlist": {"itemid": [{"$": "bb0035", "@idtype": "FRAGMENTID"}, {"$": "84885177999", "@idtype": "SGR"}]}, "ref-volisspag": {"voliss": {"@volume": "77"}, "pagerange": {"@first": "185", "@last": "193"}}, "ref-authors": {"author": [{"@seq": "1", "ce:initials": "H.", "@_fa": "true", "ce:surname": "Ashassi-Sorkhabi", "ce:indexed-name": "Ashassi-Sorkhabi H."}, {"@seq": "2", "ce:initials": "M.", "@_fa": "true", "ce:surname": "Es'haghi", "ce:indexed-name": "Es'haghi M."}]}, "ref-sourcetitle": "Corros. Sci."}}, {"ref-fulltext": "Makkar, P., Agarwala, R.C., Agarwala, V., Chemical synthesis of TiO2nanoparticles and their inclusion in Ni\u2013P electroless coatings. Ceram. Int. 39 (2013), 9003\u20139008.", "@id": "8", "ref-info": {"ref-publicationyear": {"@first": "2013"}, "ref-title": {"ref-titletext": "Chemical synthesis of TiO2nanoparticles and their inclusion in Ni\u2013P electroless coatings"}, "refd-itemidlist": {"itemid": [{"$": "bb0040", "@idtype": "FRAGMENTID"}, {"$": "84883760847", "@idtype": "SGR"}]}, "ref-volisspag": {"voliss": {"@volume": "39"}, "pagerange": {"@first": "9003", "@last": "9008"}}, "ref-authors": {"author": [{"@seq": "1", "ce:initials": "P.", "@_fa": "true", "ce:surname": "Makkar", "ce:indexed-name": "Makkar P."}, {"@seq": "2", "ce:initials": "R.C.", "@_fa": "true", "ce:surname": "Agarwala", "ce:indexed-name": "Agarwala R.C."}, {"@seq": "3", "ce:initials": "V.", "@_fa": "true", "ce:surname": "Agarwala", "ce:indexed-name": "Agarwala V."}]}, "ref-sourcetitle": "Ceram. Int."}}, {"ref-fulltext": "Niksefat, V., Ghorbani, M., Mechanical and electrochemical properties of ultrasonic-assisted electroless deposition of Ni\u2013B\u2013TiO2composite coatings. J. Alloys Compd. 633 (2015), 127\u2013136.", "@id": "9", "ref-info": {"ref-publicationyear": {"@first": "2015"}, "ref-title": {"ref-titletext": "Mechanical and electrochemical properties of ultrasonic-assisted electroless deposition of Ni\u2013B\u2013TiO2composite coatings"}, "refd-itemidlist": {"itemid": [{"$": "bb0045", "@idtype": "FRAGMENTID"}, {"$": "84923639453", "@idtype": "SGR"}]}, "ref-volisspag": {"voliss": {"@volume": "633"}, "pagerange": {"@first": "127", "@last": "136"}}, "ref-authors": {"author": [{"@seq": "1", "ce:initials": "V.", "@_fa": "true", "ce:surname": "Niksefat", "ce:indexed-name": "Niksefat V."}, {"@seq": "2", "ce:initials": "M.", "@_fa": "true", "ce:surname": "Ghorbani", "ce:indexed-name": "Ghorbani M."}]}, "ref-sourcetitle": "J. Alloys Compd."}}, {"ref-fulltext": "Tsai, T.-K., Chuang, C.-C., Chao, C.-G., Liu, W.-L., Growth and field emission of carbon nanofibers on electroless Ni-P alloy catalyst. Diam. Relat. Mater. 12 (2003), 1453\u20131459.", "@id": "10", "ref-info": {"ref-publicationyear": {"@first": "2003"}, "ref-title": {"ref-titletext": "Growth and field emission of carbon nanofibers on electroless Ni-P alloy catalyst"}, "refd-itemidlist": {"itemid": [{"$": "bb0050", "@idtype": "FRAGMENTID"}, {"$": "0142216976", "@idtype": "SGR"}]}, "ref-volisspag": {"voliss": {"@volume": "12"}, "pagerange": {"@first": "1453", "@last": "1459"}}, "ref-authors": {"author": [{"@seq": "1", "ce:initials": "T.-K.", "@_fa": "true", "ce:surname": "Tsai", "ce:indexed-name": "Tsai T.-K."}, {"@seq": "2", "ce:initials": "C.-C.", "@_fa": "true", "ce:surname": "Chuang", "ce:indexed-name": "Chuang C.-C."}, {"@seq": "3", "ce:initials": "C.-G.", "@_fa": "true", "ce:surname": "Chao", "ce:indexed-name": "Chao C.-G."}, {"@seq": "4", "ce:initials": "W.-L.", "@_fa": "true", "ce:surname": "Liu", "ce:indexed-name": "Liu W.-L."}]}, "ref-sourcetitle": "Diam. Relat. Mater."}}, {"ref-fulltext": "Li, W., Jin, H., Hao, Y., Chen, T., Dai, J., Wang, Q., The microstructure of Ni layer on single-walled carbon nanotubes prepared by an electroless coating process. J. Nanomater., 2011, 2011, 5.", "@id": "11", "ref-info": {"ref-publicationyear": {"@first": "2011"}, "ref-title": {"ref-titletext": "The microstructure of Ni layer on single-walled carbon nanotubes prepared by an electroless coating process"}, "refd-itemidlist": {"itemid": [{"$": "bb0055", "@idtype": "FRAGMENTID"}, {"$": "78249253082", "@idtype": "SGR"}]}, "ref-volisspag": {"voliss": {"@volume": "2011"}, "pagerange": {"@first": "5"}}, "ref-authors": {"author": [{"@seq": "1", "ce:initials": "W.", "@_fa": "true", "ce:surname": "Li", "ce:indexed-name": "Li W."}, {"@seq": "2", "ce:initials": "H.", "@_fa": "true", "ce:surname": "Jin", "ce:indexed-name": "Jin H."}, {"@seq": "3", "ce:initials": "Y.", "@_fa": "true", "ce:surname": "Hao", "ce:indexed-name": "Hao Y."}, {"@seq": "4", "ce:initials": "T.", "@_fa": "true", "ce:surname": "Chen", "ce:indexed-name": "Chen T."}, {"@seq": "5", "ce:initials": "J.", "@_fa": "true", "ce:surname": "Dai", "ce:indexed-name": "Dai J."}, {"@seq": "6", "ce:initials": "Q.", "@_fa": "true", "ce:surname": "Wang", "ce:indexed-name": "Wang Q."}]}, "ref-sourcetitle": "J. Nanomater."}}, {"ref-fulltext": "Sadhir, M.H., Saranya, M., Aravind, M., Srinivasan, A., Siddharthan, A., Rajendran, N., Comparison of in situ and ex situ reduced graphene oxide reinforced electroless nickel phosphorus nanocomposite coating. Appl. Surf. Sci. 320 (2014), 171\u2013176.", "@id": "12", "ref-info": {"ref-publicationyear": {"@first": "2014"}, "ref-title": {"ref-titletext": "Comparison of in situ and ex situ reduced graphene oxide reinforced electroless nickel phosphorus nanocomposite coating"}, "refd-itemidlist": {"itemid": [{"$": "bb0060", "@idtype": "FRAGMENTID"}, {"$": "84919387648", "@idtype": "SGR"}]}, "ref-volisspag": {"voliss": {"@volume": "320"}, "pagerange": {"@first": "171", "@last": "176"}}, "ref-authors": {"author": [{"@seq": "1", "ce:initials": "M.H.", "@_fa": "true", "ce:surname": "Sadhir", "ce:indexed-name": "Sadhir M.H."}, {"@seq": "2", "ce:initials": "M.", "@_fa": "true", "ce:surname": "Saranya", "ce:indexed-name": "Saranya M."}, {"@seq": "3", "ce:initials": "M.", "@_fa": "true", "ce:surname": "Aravind", "ce:indexed-name": "Aravind M."}, {"@seq": "4", "ce:initials": "A.", "@_fa": "true", "ce:surname": "Srinivasan", "ce:indexed-name": "Srinivasan A."}, {"@seq": "5", "ce:initials": "A.", "@_fa": "true", "ce:surname": "Siddharthan", "ce:indexed-name": "Siddharthan A."}, {"@seq": "6", "ce:initials": "N.", "@_fa": "true", "ce:surname": "Rajendran", "ce:indexed-name": "Rajendran N."}]}, "ref-sourcetitle": "Appl. Surf. Sci."}}, {"ref-fulltext": "Hu, Q.-h., Wang, X.-t., Chen, H., Wang, Z.-f., Synthesis of Ni/graphene sheets by an electroless Ni-plating method. New Carbon Mater. 27 (2012), 35\u201341.", "@id": "13", "ref-info": {"ref-publicationyear": {"@first": "2012"}, "ref-title": {"ref-titletext": "Synthesis of Ni/graphene sheets by an electroless Ni-plating method"}, "refd-itemidlist": {"itemid": [{"$": "bb0065", "@idtype": "FRAGMENTID"}, {"$": "84863384634", "@idtype": "SGR"}]}, "ref-volisspag": {"voliss": {"@volume": "27"}, "pagerange": {"@first": "35", "@last": "41"}}, "ref-authors": {"author": [{"@seq": "1", "ce:initials": "Q.-H.", "@_fa": "true", "ce:surname": "Hu", "ce:indexed-name": "Hu Q.-H."}, {"@seq": "2", "ce:initials": "X.-T.", "@_fa": "true", "ce:surname": "Wang", "ce:indexed-name": "Wang X.-T."}, {"@seq": "3", "ce:initials": "H.", "@_fa": "true", "ce:surname": "Chen", "ce:indexed-name": "Chen H."}, {"@seq": "4", "ce:initials": "Z.-F.", "@_fa": "true", "ce:surname": "Wang", "ce:indexed-name": "Wang Z.-F."}]}, "ref-sourcetitle": "New Carbon Mater."}}, {"ref-fulltext": "Wu, H., Liu, F., Gong, W., Ye, F., Hao, L., Jiang, J., Han, S., Preparation of Ni\u2013P\u2013GO composite coatings and its mechanical properties. Surf. Coat. Technol. 272 (2015), 25\u201332.", "@id": "14", "ref-info": {"ref-publicationyear": {"@first": "2015"}, "ref-title": {"ref-titletext": "Preparation of Ni\u2013P\u2013GO composite coatings and its mechanical properties"}, "refd-itemidlist": {"itemid": [{"$": "bb0070", "@idtype": "FRAGMENTID"}, {"$": "84929130400", "@idtype": "SGR"}]}, "ref-volisspag": {"voliss": {"@volume": "272"}, "pagerange": {"@first": "25", "@last": "32"}}, "ref-authors": {"author": [{"@seq": "1", "ce:initials": "H.", "@_fa": "true", "ce:surname": "Wu", "ce:indexed-name": "Wu H."}, {"@seq": "2", "ce:initials": "F.", "@_fa": "true", "ce:surname": "Liu", "ce:indexed-name": "Liu F."}, {"@seq": "3", "ce:initials": "W.", "@_fa": "true", "ce:surname": "Gong", "ce:indexed-name": "Gong W."}, {"@seq": "4", "ce:initials": "F.", "@_fa": "true", "ce:surname": "Ye", "ce:indexed-name": "Ye F."}, {"@seq": "5", "ce:initials": "L.", "@_fa": "true", "ce:surname": "Hao", "ce:indexed-name": "Hao L."}, {"@seq": "6", "ce:initials": "J.", "@_fa": "true", "ce:surname": "Jiang", "ce:indexed-name": "Jiang J."}, {"@seq": "7", "ce:initials": "S.", "@_fa": "true", "ce:surname": "Han", "ce:indexed-name": "Han S."}]}, "ref-sourcetitle": "Surf. Coat. Technol."}}, {"ref-fulltext": "Ye, X.H., Yu, F., Curioni, M., Lin, Z., Zhang, H.J., Zhu, H.W., Liu, Z., Zhong, M.L., Corrosion resistance of graphene directly and locally grown on bulk nickel substrate by laser irradiation. RSC Adv. 5 (2015), 35384\u201335390.", "@id": "15", "ref-info": {"ref-publicationyear": {"@first": "2015"}, "ref-title": {"ref-titletext": "Corrosion resistance of graphene directly and locally grown on bulk nickel substrate by laser irradiation"}, "refd-itemidlist": {"itemid": [{"$": "bb0075", "@idtype": "FRAGMENTID"}, {"$": "84928740936", "@idtype": "SGR"}]}, "ref-volisspag": {"voliss": {"@volume": "5"}, "pagerange": {"@first": "35384", "@last": "35390"}}, "ref-authors": {"author": [{"@seq": "1", "ce:initials": "X.H.", "@_fa": "true", "ce:surname": "Ye", "ce:indexed-name": "Ye X.H."}, {"@seq": "2", "ce:initials": "F.", "@_fa": "true", "ce:surname": "Yu", "ce:indexed-name": "Yu F."}, {"@seq": "3", "ce:initials": "M.", "@_fa": "true", "ce:surname": "Curioni", "ce:indexed-name": "Curioni M."}, {"@seq": "4", "ce:initials": "Z.", "@_fa": "true", "ce:surname": "Lin", "ce:indexed-name": "Lin Z."}, {"@seq": "5", "ce:initials": "H.J.", "@_fa": "true", "ce:surname": "Zhang", "ce:indexed-name": "Zhang H.J."}, {"@seq": "6", "ce:initials": "H.W.", "@_fa": "true", "ce:surname": "Zhu", "ce:indexed-name": "Zhu H.W."}, {"@seq": "7", "ce:initials": "Z.", "@_fa": "true", "ce:surname": "Liu", "ce:indexed-name": "Liu Z."}, {"@seq": "8", "ce:initials": "M.L.", "@_fa": "true", "ce:surname": "Zhong", "ce:indexed-name": "Zhong M.L."}]}, "ref-sourcetitle": "RSC Adv."}}, {"ref-fulltext": "Makkar, P., Agarwala, R.C., Agarwala, V., Wear characteristics of mechanically milled TiO2nanoparticles incorporated in electroless Ni\u2013P coatings. Adv. Powder Technol. 25 (2014), 1653\u20131660.", "@id": "16", "ref-info": {"ref-publicationyear": {"@first": "2014"}, "ref-title": {"ref-titletext": "Wear characteristics of mechanically milled TiO2nanoparticles incorporated in electroless Ni\u2013P coatings"}, "refd-itemidlist": {"itemid": [{"$": "bb0080", "@idtype": "FRAGMENTID"}, {"$": "84908031407", "@idtype": "SGR"}]}, "ref-volisspag": {"voliss": {"@volume": "25"}, "pagerange": {"@first": "1653", "@last": "1660"}}, "ref-authors": {"author": [{"@seq": "1", "ce:initials": "P.", "@_fa": "true", "ce:surname": "Makkar", "ce:indexed-name": "Makkar P."}, {"@seq": "2", "ce:initials": "R.C.", "@_fa": "true", "ce:surname": "Agarwala", "ce:indexed-name": "Agarwala R.C."}, {"@seq": "3", "ce:initials": "V.", "@_fa": "true", "ce:surname": "Agarwala", "ce:indexed-name": "Agarwala V."}]}, "ref-sourcetitle": "Adv. Powder Technol."}}, {"ref-fulltext": "Zhao, Q., Liu, C., Su, X., Zhang, S., Song, W., Wang, S., Ning, G., Ye, J., Lin, Y., Gong, W., Antibacterial characteristics of electroless plating Ni\u2013P\u2013TiO2coatings. Appl. Surf. Sci. 274 (2013), 101\u2013104.", "@id": "17", "ref-info": {"ref-publicationyear": {"@first": "2013"}, "ref-title": {"ref-titletext": "Antibacterial characteristics of electroless plating Ni\u2013P\u2013TiO2coatings"}, "refd-itemidlist": {"itemid": [{"$": "bb0085", "@idtype": "FRAGMENTID"}, {"$": "84876894042", "@idtype": "SGR"}]}, "ref-volisspag": {"voliss": {"@volume": "274"}, "pagerange": {"@first": "101", "@last": "104"}}, "ref-authors": {"author": [{"@seq": "1", "ce:initials": "Q.", "@_fa": "true", "ce:surname": "Zhao", "ce:indexed-name": "Zhao Q."}, {"@seq": "2", "ce:initials": "C.", "@_fa": "true", "ce:surname": "Liu", "ce:indexed-name": "Liu C."}, {"@seq": "3", "ce:initials": "X.", "@_fa": "true", "ce:surname": "Su", "ce:indexed-name": "Su X."}, {"@seq": "4", "ce:initials": "S.", "@_fa": "true", "ce:surname": "Zhang", "ce:indexed-name": "Zhang S."}, {"@seq": "5", "ce:initials": "W.", "@_fa": "true", "ce:surname": "Song", "ce:indexed-name": "Song W."}, {"@seq": "6", "ce:initials": "S.", "@_fa": "true", "ce:surname": "Wang", "ce:indexed-name": "Wang S."}, {"@seq": "7", "ce:initials": "G.", "@_fa": "true", "ce:surname": "Ning", "ce:indexed-name": "Ning G."}, {"@seq": "8", "ce:initials": "J.", "@_fa": "true", "ce:surname": "Ye", "ce:indexed-name": "Ye J."}, {"@seq": "9", "ce:initials": "Y.", "@_fa": "true", "ce:surname": "Lin", "ce:indexed-name": "Lin Y."}, {"@seq": "10", "ce:initials": "W.", "@_fa": "true", "ce:surname": "Gong", "ce:indexed-name": "Gong W."}]}, "ref-sourcetitle": "Appl. Surf. Sci."}}, {"ref-fulltext": "Xiong, L., Zhang, G.Q., Pan, H.G., Study on the preparation of Ni-P-TiO2coatings by electroless plating and its photocatalytic properties. Adv. Mater. Res. 311-313 (2011), 319\u2013322.", "@id": "18", "ref-info": {"ref-publicationyear": {"@first": "2011"}, "ref-title": {"ref-titletext": "Study on the preparation of Ni-P-TiO2coatings by electroless plating and its photocatalytic properties"}, "refd-itemidlist": {"itemid": [{"$": "bb0090", "@idtype": "FRAGMENTID"}, {"$": "80052983593", "@idtype": "SGR"}]}, "ref-volisspag": {"voliss": {"@volume": "311-313"}, "pagerange": {"@first": "319", "@last": "322"}}, "ref-authors": {"author": [{"@seq": "1", "ce:initials": "L.", "@_fa": "true", "ce:surname": "Xiong", "ce:indexed-name": "Xiong L."}, {"@seq": "2", "ce:initials": "G.Q.", "@_fa": "true", "ce:surname": "Zhang", "ce:indexed-name": "Zhang G.Q."}, {"@seq": "3", "ce:initials": "H.G.", "@_fa": "true", "ce:surname": "Pan", "ce:indexed-name": "Pan H.G."}]}, "ref-sourcetitle": "Adv. Mater. Res."}}, {"ref-fulltext": "Chen, W., Gao, W., He, Y., A novel electroless plating of Ni\u2013P\u2013TiO2nano-composite coatings. Surf. Coat. Technol. 204 (2010), 2493\u20132498.", "@id": "19", "ref-info": {"ref-publicationyear": {"@first": "2010"}, "ref-title": {"ref-titletext": "A novel electroless plating of Ni\u2013P\u2013TiO2nano-composite coatings"}, "refd-itemidlist": {"itemid": [{"$": "bb0095", "@idtype": "FRAGMENTID"}, {"$": "77649183656", "@idtype": "SGR"}]}, "ref-volisspag": {"voliss": {"@volume": "204"}, "pagerange": {"@first": "2493", "@last": "2498"}}, "ref-authors": {"author": [{"@seq": "1", "ce:initials": "W.", "@_fa": "true", "ce:surname": "Chen", "ce:indexed-name": "Chen W."}, {"@seq": "2", "ce:initials": "W.", "@_fa": "true", "ce:surname": "Gao", "ce:indexed-name": "Gao W."}, {"@seq": "3", "ce:initials": "Y.", "@_fa": "true", "ce:surname": "He", "ce:indexed-name": "He Y."}]}, "ref-sourcetitle": "Surf. Coat. Technol."}}, {"ref-fulltext": "Rattanawaleedirojn, P., Saengkiettiyut, K., Boonyongmaneerat, Y., Sangsuk, S., Promphet, N., Rodthongkum, N., TiO2sol-embedded in electroless Ni-P coating: a novel approach for an ultra-sensitive sorbitol sensor. RSC Adv. 6 (2016), 69261\u201369269.", "@id": "20", "ref-info": {"ref-publicationyear": {"@first": "2016"}, "ref-title": {"ref-titletext": "TiO2sol-embedded in electroless Ni-P coating: a novel approach for an ultra-sensitive sorbitol sensor"}, "refd-itemidlist": {"itemid": [{"$": "bb0100", "@idtype": "FRAGMENTID"}, {"$": "84979935440", "@idtype": "SGR"}]}, "ref-volisspag": {"voliss": {"@volume": "6"}, "pagerange": {"@first": "69261", "@last": "69269"}}, "ref-authors": {"author": [{"@seq": "1", "ce:initials": "P.", "@_fa": "true", "ce:surname": "Rattanawaleedirojn", "ce:indexed-name": "Rattanawaleedirojn P."}, {"@seq": "2", "ce:initials": "K.", "@_fa": "true", "ce:surname": "Saengkiettiyut", "ce:indexed-name": "Saengkiettiyut K."}, {"@seq": "3", "ce:initials": "Y.", "@_fa": "true", "ce:surname": "Boonyongmaneerat", "ce:indexed-name": "Boonyongmaneerat Y."}, {"@seq": "4", "ce:initials": "S.", "@_fa": "true", "ce:surname": "Sangsuk", "ce:indexed-name": "Sangsuk S."}, {"@seq": "5", "ce:initials": "N.", "@_fa": "true", "ce:surname": "Promphet", "ce:indexed-name": "Promphet N."}, {"@seq": "6", "ce:initials": "N.", "@_fa": "true", "ce:surname": "Rodthongkum", "ce:indexed-name": "Rodthongkum N."}]}, "ref-sourcetitle": "RSC Adv."}}, {"ref-fulltext": "T., Y., B., S., S., M., Carbon based coating on steel with improved electrical conductivity. Austin J. Nanomed. Nanotechnol., 3, 2015, 1041.", "@id": "21", "ref-info": {"ref-publicationyear": {"@first": "2015"}, "ref-title": {"ref-titletext": "Carbon based coating on steel with improved electrical conductivity"}, "refd-itemidlist": {"itemid": [{"$": "bb0105", "@idtype": "FRAGMENTID"}, {"$": "85022220085", "@idtype": "SGR"}]}, "ref-volisspag": {"voliss": {"@volume": "3"}, "pagerange": {"@first": "1041"}}, "ref-sourcetitle": "Austin J. Nanomed. Nanotechnol."}}, {"ref-fulltext": "Tangwiwat, S., Milne, S.J., Diol-based sol-gel as a novel binder for barium titanate ceramics. J. Sol-Gel Sci. Technol. 34 (2005), 147\u2013154.", "@id": "22", "ref-info": {"ref-publicationyear": {"@first": "2005"}, "ref-title": {"ref-titletext": "Diol-based sol-gel as a novel binder for barium titanate ceramics"}, "refd-itemidlist": {"itemid": [{"$": "bb0110", "@idtype": "FRAGMENTID"}, {"$": "18844438307", "@idtype": "SGR"}]}, "ref-volisspag": {"voliss": {"@volume": "34"}, "pagerange": {"@first": "147", "@last": "154"}}, "ref-authors": {"author": [{"@seq": "1", "ce:initials": "S.", "@_fa": "true", "ce:surname": "Tangwiwat", "ce:indexed-name": "Tangwiwat S."}, {"@seq": "2", "ce:initials": "S.J.", "@_fa": "true", "ce:surname": "Milne", "ce:indexed-name": "Milne S.J."}]}, "ref-sourcetitle": "J. Sol-Gel Sci. Technol."}}, {"ref-fulltext": "Rodthongkum, N., Ruecha, N., Rangkupan, R., Vachet, R.W., Chailapakul, O., Graphene-loaded nanofiber-modified electrodes for the ultrasensitive determination of dopamine. Anal. Chim. Acta 804 (2013), 84\u201391.", "@id": "23", "ref-info": {"ref-publicationyear": {"@first": "2013"}, "ref-title": {"ref-titletext": "Graphene-loaded nanofiber-modified electrodes for the ultrasensitive determination of dopamine"}, "refd-itemidlist": {"itemid": [{"$": "bb0115", "@idtype": "FRAGMENTID"}, {"$": "84888061339", "@idtype": "SGR"}]}, "ref-volisspag": {"voliss": {"@volume": "804"}, "pagerange": {"@first": "84", "@last": "91"}}, "ref-authors": {"author": [{"@seq": "1", "ce:initials": "N.", "@_fa": "true", "ce:surname": "Rodthongkum", "ce:indexed-name": "Rodthongkum N."}, {"@seq": "2", "ce:initials": "N.", "@_fa": "true", "ce:surname": "Ruecha", "ce:indexed-name": "Ruecha N."}, {"@seq": "3", "ce:initials": "R.", "@_fa": "true", "ce:surname": "Rangkupan", "ce:indexed-name": "Rangkupan R."}, {"@seq": "4", "ce:initials": "R.W.", "@_fa": "true", "ce:surname": "Vachet", "ce:indexed-name": "Vachet R.W."}, {"@seq": "5", "ce:initials": "O.", "@_fa": "true", "ce:surname": "Chailapakul", "ce:indexed-name": "Chailapakul O."}]}, "ref-sourcetitle": "Anal. Chim. Acta"}}, {"ref-fulltext": "Wilson, N.R., Pandey, P.A., Beanland, R., Young, R.J., Kinloch, I.A., Gong, L., Liu, Z., Suenaga, K., Rourke, J.P., York, S.J., Sloan, J., Graphene oxide: structural analysis and application as a highly transparent support for electron microscopy. ACS Nano 3 (2009), 2547\u20132556.", "@id": "24", "ref-info": {"ref-publicationyear": {"@first": "2009"}, "ref-title": {"ref-titletext": "Graphene oxide: structural analysis and application as a highly transparent support for electron microscopy"}, "refd-itemidlist": {"itemid": [{"$": "bb0120", "@idtype": "FRAGMENTID"}, {"$": "70349541009", "@idtype": "SGR"}]}, "ref-volisspag": {"voliss": {"@volume": "3"}, "pagerange": {"@first": "2547", "@last": "2556"}}, "ref-authors": {"author": [{"@seq": "1", "ce:initials": "N.R.", "@_fa": "true", "ce:surname": "Wilson", "ce:indexed-name": "Wilson N.R."}, {"@seq": "2", "ce:initials": "P.A.", "@_fa": "true", "ce:surname": "Pandey", "ce:indexed-name": "Pandey P.A."}, {"@seq": "3", "ce:initials": "R.", "@_fa": "true", "ce:surname": "Beanland", "ce:indexed-name": "Beanland R."}, {"@seq": "4", "ce:initials": "R.J.", "@_fa": "true", "ce:surname": "Young", "ce:indexed-name": "Young R.J."}, {"@seq": "5", "ce:initials": "I.A.", "@_fa": "true", "ce:surname": "Kinloch", "ce:indexed-name": "Kinloch I.A."}, {"@seq": "6", "ce:initials": "L.", "@_fa": "true", "ce:surname": "Gong", "ce:indexed-name": "Gong L."}, {"@seq": "7", "ce:initials": "Z.", "@_fa": "true", "ce:surname": "Liu", "ce:indexed-name": "Liu Z."}, {"@seq": "8", "ce:initials": "K.", "@_fa": "true", "ce:surname": "Suenaga", "ce:indexed-name": "Suenaga K."}, {"@seq": "9", "ce:initials": "J.P.", "@_fa": "true", "ce:surname": "Rourke", "ce:indexed-name": "Rourke J.P."}, {"@seq": "10", "ce:initials": "S.J.", "@_fa": "true", "ce:surname": "York", "ce:indexed-name": "York S.J."}, {"@seq": "11", "ce:initials": "J.", "@_fa": "true", "ce:surname": "Sloan", "ce:indexed-name": "Sloan J."}]}, "ref-sourcetitle": "ACS Nano"}}, {"ref-fulltext": "\u0160tengl, V., Bakardjieva, S., Grygar, T.M., Bludsk\u00e1, J., Kormunda, M., TiO2-graphene oxide nanocomposite as advanced photocatalytic materials. Chem. Cent. J. 7 (2013), 1\u201312.", "@id": "25", "ref-info": {"ref-publicationyear": {"@first": "2013"}, "ref-title": {"ref-titletext": "TiO2-graphene oxide nanocomposite as advanced photocatalytic materials"}, "refd-itemidlist": {"itemid": [{"$": "bb0125", "@idtype": "FRAGMENTID"}, {"$": "84874283239", "@idtype": "SGR"}]}, "ref-volisspag": {"voliss": {"@volume": "7"}, "pagerange": {"@first": "1", "@last": "12"}}, "ref-authors": {"author": [{"@seq": "1", "ce:initials": "V.", "@_fa": "true", "ce:surname": "\u0160tengl", "ce:indexed-name": "Stengl V."}, {"@seq": "2", "ce:initials": "S.", "@_fa": "true", "ce:surname": "Bakardjieva", "ce:indexed-name": "Bakardjieva S."}, {"@seq": "3", "ce:initials": "T.M.", "@_fa": "true", "ce:surname": "Grygar", "ce:indexed-name": "Grygar T.M."}, {"@seq": "4", "ce:initials": "J.", "@_fa": "true", "ce:surname": "Bludsk\u00e1", "ce:indexed-name": "Bludska J."}, {"@seq": "5", "ce:initials": "M.", "@_fa": "true", "ce:surname": "Kormunda", "ce:indexed-name": "Kormunda M."}]}, "ref-sourcetitle": "Chem. Cent. J."}}, {"ref-fulltext": "Eluri, R., Paul, B., Microwave assisted greener synthesis of nickel nanoparticles using sodium hypophosphite. Mater. Lett. 76 (2012), 36\u201339.", "@id": "26", "ref-info": {"ref-publicationyear": {"@first": "2012"}, "ref-title": {"ref-titletext": "Microwave assisted greener synthesis of nickel nanoparticles using sodium hypophosphite"}, "refd-itemidlist": {"itemid": [{"$": "bb0130", "@idtype": "FRAGMENTID"}, {"$": "84857765885", "@idtype": "SGR"}]}, "ref-volisspag": {"voliss": {"@volume": "76"}, "pagerange": {"@first": "36", "@last": "39"}}, "ref-authors": {"author": [{"@seq": "1", "ce:initials": "R.", "@_fa": "true", "ce:surname": "Eluri", "ce:indexed-name": "Eluri R."}, {"@seq": "2", "ce:initials": "B.", "@_fa": "true", "ce:surname": "Paul", "ce:indexed-name": "Paul B."}]}, "ref-sourcetitle": "Mater. Lett."}}, {"ref-fulltext": "Singh Raman, R.K., Chakraborty Banerjee, P., Lobo, D.E., Gullapalli, H., Sumandasa, M., Kumar, A., Choudhary, L., Tkacz, R., Ajayan, P.M., Majumder, M., Protecting copper from electrochemical degradation by graphene coating. Carbon 50 (2012), 4040\u20134045.", "@id": "27", "ref-info": {"ref-publicationyear": {"@first": "2012"}, "ref-title": {"ref-titletext": "Protecting copper from electrochemical degradation by graphene coating"}, "refd-itemidlist": {"itemid": [{"$": "bb0135", "@idtype": "FRAGMENTID"}, {"$": "84862759241", "@idtype": "SGR"}]}, "ref-volisspag": {"voliss": {"@volume": "50"}, "pagerange": {"@first": "4040", "@last": "4045"}}, "ref-authors": {"author": [{"@seq": "1", "ce:initials": "R.K.", "@_fa": "true", "ce:surname": "Singh Raman", "ce:indexed-name": "Singh Raman R.K."}, {"@seq": "2", "ce:initials": "P.", "@_fa": "true", "ce:surname": "Chakraborty Banerjee", "ce:indexed-name": "Chakraborty Banerjee P."}, {"@seq": "3", "ce:initials": "D.E.", "@_fa": "true", "ce:surname": "Lobo", "ce:indexed-name": "Lobo D.E."}, {"@seq": "4", "ce:initials": "H.", "@_fa": "true", "ce:surname": "Gullapalli", "ce:indexed-name": "Gullapalli H."}, {"@seq": "5", "ce:initials": "M.", "@_fa": "true", "ce:surname": "Sumandasa", "ce:indexed-name": "Sumandasa M."}, {"@seq": "6", "ce:initials": "A.", "@_fa": "true", "ce:surname": "Kumar", "ce:indexed-name": "Kumar A."}, {"@seq": "7", "ce:initials": "L.", "@_fa": "true", "ce:surname": "Choudhary", "ce:indexed-name": "Choudhary L."}, {"@seq": "8", "ce:initials": "R.", "@_fa": "true", "ce:surname": "Tkacz", "ce:indexed-name": "Tkacz R."}, {"@seq": "9", "ce:initials": "P.M.", "@_fa": "true", "ce:surname": "Ajayan", "ce:indexed-name": "Ajayan P.M."}, {"@seq": "10", "ce:initials": "M.", "@_fa": "true", "ce:surname": "Majumder", "ce:indexed-name": "Majumder M."}]}, "ref-sourcetitle": "Carbon"}}, {"ref-fulltext": "Chang, C.-H., Huang, T.-C., Peng, C.-W., Yeh, T.-C., Lu, H.-I., Hung, W.-I., Weng, C.-J., Yang, T.-I., Yeh, J.-M., Novel anticorrosion coatings prepared from polyaniline/graphene composites. Carbon 50 (2012), 5044\u20135051.", "@id": "28", "ref-info": {"ref-publicationyear": {"@first": "2012"}, "ref-title": {"ref-titletext": "Novel anticorrosion coatings prepared from polyaniline/graphene composites"}, "refd-itemidlist": {"itemid": [{"$": "bb0140", "@idtype": "FRAGMENTID"}, {"$": "84865521218", "@idtype": "SGR"}]}, "ref-volisspag": {"voliss": {"@volume": "50"}, "pagerange": {"@first": "5044", "@last": "5051"}}, "ref-authors": {"author": [{"@seq": "1", "ce:initials": "C.-H.", "@_fa": "true", "ce:surname": "Chang", "ce:indexed-name": "Chang C.-H."}, {"@seq": "2", "ce:initials": "T.-C.", "@_fa": "true", "ce:surname": "Huang", "ce:indexed-name": "Huang T.-C."}, {"@seq": "3", "ce:initials": "C.-W.", "@_fa": "true", "ce:surname": "Peng", "ce:indexed-name": "Peng C.-W."}, {"@seq": "4", "ce:initials": "T.-C.", "@_fa": "true", "ce:surname": "Yeh", "ce:indexed-name": "Yeh T.-C."}, {"@seq": "5", "ce:initials": "H.-I.", "@_fa": "true", "ce:surname": "Lu", "ce:indexed-name": "Lu H.-I."}, {"@seq": "6", "ce:initials": "W.-I.", "@_fa": "true", "ce:surname": "Hung", "ce:indexed-name": "Hung W.-I."}, {"@seq": "7", "ce:initials": "C.-J.", "@_fa": "true", "ce:surname": "Weng", "ce:indexed-name": "Weng C.-J."}, {"@seq": "8", "ce:initials": "T.-I.", "@_fa": "true", "ce:surname": "Yang", "ce:indexed-name": "Yang T.-I."}, {"@seq": "9", "ce:initials": "J.-M.", "@_fa": "true", "ce:surname": "Yeh", "ce:indexed-name": "Yeh J.-M."}]}, "ref-sourcetitle": "Carbon"}}, {"ref-fulltext": "Zhang, W., Li, Y., Zeng, X., Peng, S., Synergetic effect of metal nickel and graphene as a cocatalyst for enhanced photocatalytic hydrogen evolution via dye sensitization. Sci Rep, 5, 2015, 10589.", "@id": "29", "ref-info": {"ref-publicationyear": {"@first": "2015"}, "ref-title": {"ref-titletext": "Synergetic effect of metal nickel and graphene as a cocatalyst for enhanced photocatalytic hydrogen evolution via dye sensitization"}, "refd-itemidlist": {"itemid": [{"$": "bb0145", "@idtype": "FRAGMENTID"}, {"$": "84931281579", "@idtype": "SGR"}]}, "ref-volisspag": {"voliss": {"@volume": "5"}, "pagerange": {"@first": "10589"}}, "ref-authors": {"author": [{"@seq": "1", "ce:initials": "W.", "@_fa": "true", "ce:surname": "Zhang", "ce:indexed-name": "Zhang W."}, {"@seq": "2", "ce:initials": "Y.", "@_fa": "true", "ce:surname": "Li", "ce:indexed-name": "Li Y."}, {"@seq": "3", "ce:initials": "X.", "@_fa": "true", "ce:surname": "Zeng", "ce:indexed-name": "Zeng X."}, {"@seq": "4", "ce:initials": "S.", "@_fa": "true", "ce:surname": "Peng", "ce:indexed-name": "Peng S."}]}, "ref-sourcetitle": "Sci Rep"}}, {"ref-fulltext": "Nine, M.J., Cole, M.A., Johnson, L., Tran, D.N.H., Losic, D., Robust superhydrophobic graphene-based composite coatings with self-cleaning and corrosion barrier properties. ACS Appl. Mater. Interfaces 7 (2015), 28482\u201328493.", "@id": "30", "ref-info": {"ref-publicationyear": {"@first": "2015"}, "ref-title": {"ref-titletext": "Robust superhydrophobic graphene-based composite coatings with self-cleaning and corrosion barrier properties"}, "refd-itemidlist": {"itemid": [{"$": "bb0150", "@idtype": "FRAGMENTID"}, {"$": "84953325840", "@idtype": "SGR"}]}, "ref-volisspag": {"voliss": {"@volume": "7"}, "pagerange": {"@first": "28482", "@last": "28493"}}, "ref-authors": {"author": [{"@seq": "1", "ce:initials": "M.J.", "@_fa": "true", "ce:surname": "Nine", "ce:indexed-name": "Nine M.J."}, {"@seq": "2", "ce:initials": "M.A.", "@_fa": "true", "ce:surname": "Cole", "ce:indexed-name": "Cole M.A."}, {"@seq": "3", "ce:initials": "L.", "@_fa": "true", "ce:surname": "Johnson", "ce:indexed-name": "Johnson L."}, {"@seq": "4", "ce:initials": "D.N.H.", "@_fa": "true", "ce:surname": "Tran", "ce:indexed-name": "Tran D.N.H."}, {"@seq": "5", "ce:initials": "D.", "@_fa": "true", "ce:surname": "Losic", "ce:indexed-name": "Losic D."}]}, "ref-sourcetitle": "ACS Appl. Mater. Interfaces"}}, {"ref-fulltext": "Kuang, D., Xu, L., Liu, L., Hu, W., Wu, Y., Graphene\u2013nickel composites. Appl. Surf. Sci. 273 (2013), 484\u2013490.", "@id": "31", "ref-info": {"ref-publicationyear": {"@first": "2013"}, "ref-title": {"ref-titletext": "Graphene\u2013nickel composites"}, "refd-itemidlist": {"itemid": [{"$": "bb0155", "@idtype": "FRAGMENTID"}, {"$": "84876417721", "@idtype": "SGR"}]}, "ref-volisspag": {"voliss": {"@volume": "273"}, "pagerange": {"@first": "484", "@last": "490"}}, "ref-authors": {"author": [{"@seq": "1", "ce:initials": "D.", "@_fa": "true", "ce:surname": "Kuang", "ce:indexed-name": "Kuang D."}, {"@seq": "2", "ce:initials": "L.", "@_fa": "true", "ce:surname": "Xu", "ce:indexed-name": "Xu L."}, {"@seq": "3", "ce:initials": "L.", "@_fa": "true", "ce:surname": "Liu", "ce:indexed-name": "Liu L."}, {"@seq": "4", "ce:initials": "W.", "@_fa": "true", "ce:surname": "Hu", "ce:indexed-name": "Hu W."}, {"@seq": "5", "ce:initials": "Y.", "@_fa": "true", "ce:surname": "Wu", "ce:indexed-name": "Wu Y."}]}, "ref-sourcetitle": "Appl. Surf. Sci."}}, {"ref-fulltext": "Sahu, S.C., Samantara, A.K., Seth, M., Parwaiz, S., Singh, B.P., Rath, P.C., Jena, B.K., A facile electrochemical approach for development of highly corrosion protective coatings using graphene nanosheets. Electrochem. Commun. 32 (2013), 22\u201326.", "@id": "32", "ref-info": {"ref-publicationyear": {"@first": "2013"}, "ref-title": {"ref-titletext": "A facile electrochemical approach for development of highly corrosion protective coatings using graphene nanosheets"}, "refd-itemidlist": {"itemid": [{"$": "bb0160", "@idtype": "FRAGMENTID"}, {"$": "84877280852", "@idtype": "SGR"}]}, "ref-volisspag": {"voliss": {"@volume": "32"}, "pagerange": {"@first": "22", "@last": "26"}}, "ref-authors": {"author": [{"@seq": "1", "ce:initials": "S.C.", "@_fa": "true", "ce:surname": "Sahu", "ce:indexed-name": "Sahu S.C."}, {"@seq": "2", "ce:initials": "A.K.", "@_fa": "true", "ce:surname": "Samantara", "ce:indexed-name": "Samantara A.K."}, {"@seq": "3", "ce:initials": "M.", "@_fa": "true", "ce:surname": "Seth", "ce:indexed-name": "Seth M."}, {"@seq": "4", "ce:initials": "S.", "@_fa": "true", "ce:surname": "Parwaiz", "ce:indexed-name": "Parwaiz S."}, {"@seq": "5", "ce:initials": "B.P.", "@_fa": "true", "ce:surname": "Singh", "ce:indexed-name": "Singh B.P."}, {"@seq": "6", "ce:initials": "P.C.", "@_fa": "true", "ce:surname": "Rath", "ce:indexed-name": "Rath P.C."}, {"@seq": "7", "ce:initials": "B.K.", "@_fa": "true", "ce:surname": "Jena", "ce:indexed-name": "Jena B.K."}]}, "ref-sourcetitle": "Electrochem. Commun."}}, {"ref-fulltext": "Singh, B.P., Nayak, S., Nanda, K.K., Jena, B.K., Bhattacharjee, S., Besra, L., The production of a corrosion resistant graphene reinforced composite coating on copper by electrophoretic deposition. Carbon 61 (2013), 47\u201356.", "@id": "33", "ref-info": {"ref-publicationyear": {"@first": "2013"}, "ref-title": {"ref-titletext": "The production of a corrosion resistant graphene reinforced composite coating on copper by electrophoretic deposition"}, "refd-itemidlist": {"itemid": [{"$": "bb0165", "@idtype": "FRAGMENTID"}, {"$": "84879684949", "@idtype": "SGR"}]}, "ref-volisspag": {"voliss": {"@volume": "61"}, "pagerange": {"@first": "47", "@last": "56"}}, "ref-authors": {"author": [{"@seq": "1", "ce:initials": "B.P.", "@_fa": "true", "ce:surname": "Singh", "ce:indexed-name": "Singh B.P."}, {"@seq": "2", "ce:initials": "S.", "@_fa": "true", "ce:surname": "Nayak", "ce:indexed-name": "Nayak S."}, {"@seq": "3", "ce:initials": "K.K.", "@_fa": "true", "ce:surname": "Nanda", "ce:indexed-name": "Nanda K.K."}, {"@seq": "4", "ce:initials": "B.K.", "@_fa": "true", "ce:surname": "Jena", "ce:indexed-name": "Jena B.K."}, {"@seq": "5", "ce:initials": "S.", "@_fa": "true", "ce:surname": "Bhattacharjee", "ce:indexed-name": "Bhattacharjee S."}, {"@seq": "6", "ce:initials": "L.", "@_fa": "true", "ce:surname": "Besra", "ce:indexed-name": "Besra L."}]}, "ref-sourcetitle": "Carbon"}}, {"ref-fulltext": "Chang, K.-C., Hsu, M.-H., Lu, H.-I., Lai, M.-C., Liu, P.-J., Hsu, C.-H., Ji, W.-F., Chuang, T.-L., Wei, Y., Yeh, J.-M., Liu, W.-R., Room-temperature cured hydrophobic epoxy/graphene composites as corrosion inhibitor for cold-rolled steel. Carbon 66 (2014), 144\u2013153.", "@id": "34", "ref-info": {"ref-publicationyear": {"@first": "2014"}, "ref-title": {"ref-titletext": "Room-temperature cured hydrophobic epoxy/graphene composites as corrosion inhibitor for cold-rolled steel"}, "refd-itemidlist": {"itemid": [{"$": "bb0170", "@idtype": "FRAGMENTID"}, {"$": "84886787468", "@idtype": "SGR"}]}, "ref-volisspag": {"voliss": {"@volume": "66"}, "pagerange": {"@first": "144", "@last": "153"}}, "ref-authors": {"author": [{"@seq": "1", "ce:initials": "K.-C.", "@_fa": "true", "ce:surname": "Chang", "ce:indexed-name": "Chang K.-C."}, {"@seq": "2", "ce:initials": "M.-H.", "@_fa": "true", "ce:surname": "Hsu", "ce:indexed-name": "Hsu M.-H."}, {"@seq": "3", "ce:initials": "H.-I.", "@_fa": "true", "ce:surname": "Lu", "ce:indexed-name": "Lu H.-I."}, {"@seq": "4", "ce:initials": "M.-C.", "@_fa": "true", "ce:surname": "Lai", "ce:indexed-name": "Lai M.-C."}, {"@seq": "5", "ce:initials": "P.-J.", "@_fa": "true", "ce:surname": "Liu", "ce:indexed-name": "Liu P.-J."}, {"@seq": "6", "ce:initials": "C.-H.", "@_fa": "true", "ce:surname": "Hsu", "ce:indexed-name": "Hsu C.-H."}, {"@seq": "7", "ce:initials": "W.-F.", "@_fa": "true", "ce:surname": "Ji", "ce:indexed-name": "Ji W.-F."}, {"@seq": "8", "ce:initials": "T.-L.", "@_fa": "true", "ce:surname": "Chuang", "ce:indexed-name": "Chuang T.-L."}, {"@seq": "9", "ce:initials": "Y.", "@_fa": "true", "ce:surname": "Wei", "ce:indexed-name": "Wei Y."}, {"@seq": "10", "ce:initials": "J.-M.", "@_fa": "true", "ce:surname": "Yeh", "ce:indexed-name": "Yeh J.-M."}, {"@seq": "11", "ce:initials": "W.-R.", "@_fa": "true", "ce:surname": "Liu", "ce:indexed-name": "Liu W.-R."}]}, "ref-sourcetitle": "Carbon"}}, {"ref-fulltext": "Jensen, J.A.D., B., T., M\u00f8ller, Per, R., R., Mason, Nigel, Hadley, J., Verhoeven, P., Matthewsone, A., Electrochemical deposition of buried contacts in high-efficiency crystalline silicon photovoltaic cells. J. Electrochem. Soc. 150 (2003), G49\u2013G57.", "@id": "35", "ref-info": {"ref-publicationyear": {"@first": "2003"}, "ref-title": {"ref-titletext": "Electrochemical deposition of buried contacts in high-efficiency crystalline silicon photovoltaic cells"}, "refd-itemidlist": {"itemid": [{"$": "bb0175", "@idtype": "FRAGMENTID"}, {"$": "16744362579", "@idtype": "SGR"}]}, "ref-volisspag": {"voliss": {"@volume": "150"}, "pagerange": {"@first": "G49", "@last": "G57"}}, "ref-authors": {"author": [{"@seq": "1", "ce:initials": "J.A.D.", "@_fa": "true", "ce:surname": "Jensen", "ce:indexed-name": "Jensen J.A.D."}, {"ce:given-name": "Per", "@seq": "2", "ce:initials": "P.", "@_fa": "true", "ce:surname": "M\u00f8ller", "ce:indexed-name": "Moller P."}, {"ce:given-name": "Nigel", "@seq": "3", "ce:initials": "N.", "@_fa": "true", "ce:surname": "Mason", "ce:indexed-name": "Mason N."}, {"@seq": "4", "ce:initials": "J.", "@_fa": "true", "ce:surname": "Hadley", "ce:indexed-name": "Hadley J."}, {"@seq": "5", "ce:initials": "P.", "@_fa": "true", "ce:surname": "Verhoeven", "ce:indexed-name": "Verhoeven P."}, {"@seq": "6", "ce:initials": "A.", "@_fa": "true", "ce:surname": "Matthewsone", "ce:indexed-name": "Matthewsone A."}]}, "ref-sourcetitle": "J. Electrochem. Soc."}}]}}}}, "affiliation": [{"affiliation-city": "Bangkok", "@id": "60091507", "affilname": "Metallurgy and Materials Research Institute Chulalongkorn University", "@href": "https://api.elsevier.com/content/affiliation/affiliation_id/60091507", "affiliation-country": "Thailand"}, {"affiliation-city": "Bangkok", "@id": "60028190", "affilname": "Chulalongkorn University", "@href": "https://api.elsevier.com/content/affiliation/affiliation_id/60028190", "affiliation-country": "Thailand"}], "coredata": {"srctype": "j", "eid": "2-s2.0-85022178592", "dc:description": "Nickel phosphorus \u2013 titanium dioxide sol \u2013 reduced graphene oxide (NiP-TiO2 sol-RGO) coating was firstly prepared by using a simple one-pot electroless plating to effectively improve both corrosion resistance and conductivity of steel. Initially, titanium dioxide sol (TiO2 sol) was synthesized via sol-gel method and then used to intercalate between graphene oxide (GO) nanosheets for increased GO dispersion and loading prior to electroless deposition. The parameters controlling the coating appearance and property, (e.g. amount of TiO2 sol, electroless plating time and amount of GO) were systematically optimized. The as prepared NiP-TiO2 sol-RGO and the coated steel surface morphologies were characterized by transmission electron microscopy and scanning electron microscopy. The hydrophobicity, corrosion resistance and conductivity of the coated steel were examined by contact angle measurement, electrochemical testing and four-point probe conductivity measurement, respectively. NiP-TiO2 sol-RGO coated steels show high homogeneity coating with ultra-thin water-repellent RGO layer fully covering on the outer surface leading to significant improved corrosion resistance and electrical conductivity of steel. These promising properties of the coating might be very useful for electronic part applications, which requires both high corrosion resistance and high conductivity with less sensitive to humidity, such as electronic parts and electrode for electrochemical sensors.", "prism:coverDate": "2017-09-25", "prism:aggregationType": "Journal", "prism:url": "https://api.elsevier.com/content/abstract/scopus_id/85022178592", "dc:creator": {"author": [{"ce:given-name": "Nadtinan", "preferred-name": {"ce:given-name": "Nadtinan", "ce:initials": "N.", "ce:surname": "Promphet", "ce:indexed-name": "Promphet N."}, "@seq": "1", "ce:initials": "N.", "@_fa": "true", "affiliation": {"@id": "60028190", "@href": "https://api.elsevier.com/content/affiliation/affiliation_id/60028190"}, "ce:surname": "Promphet", "@auid": "56369676500", "author-url": "https://api.elsevier.com/content/author/author_id/56369676500", "ce:indexed-name": "Promphet N."}]}, "link": [{"@_fa": "true", "@rel": "self", "@href": "https://api.elsevier.com/content/abstract/scopus_id/85022178592"}, {"@_fa": "true", "@rel": "scopus", "@href": "https://www.scopus.com/inward/record.uri?partnerID=HzOxMe3b&scp=85022178592&origin=inward"}, {"@_fa": "true", "@rel": "scopus-citedby", "@href": "https://www.scopus.com/inward/citedby.uri?partnerID=HzOxMe3b&scp=85022178592&origin=inward"}], "source-id": "24537", "pii": "S0257897217307053", "citedby-count": "19", "prism:volume": "325", "subtype": "ar", "dc:title": "Electroless NiP-TiO2 sol-RGO: A smart coating for enhanced corrosion resistance and conductivity of steel", "openaccess": "0", "prism:issn": "02578972", "publishercopyright": "\u00a9 2017 Elsevier B.V.", "subtypeDescription": "Article", "prism:publicationName": "Surface and Coatings Technology", "prism:pageRange": "604-610", "prism:endingPage": "610", "openaccessFlag": "false", "prism:doi": "10.1016/j.surfcoat.2017.07.018", "prism:startingPage": "604", "dc:identifier": "SCOPUS_ID:85022178592", "dc:publisher": "Elsevier B.V."}, "idxterms": {"mainterm": [{"$": "Electrical conductivity", "@weight": "b", "@candidate": "n"}, {"$": "Electrochemical testing", "@weight": "b", "@candidate": "n"}, {"$": "Electroless nickel phosphorus", "@weight": "b", "@candidate": "n"}, {"$": "Four-point probe conductivity measurement", "@weight": "b", "@candidate": "n"}, {"$": "Graphene oxide nanosheet", "@weight": "b", "@candidate": "n"}, {"$": "Reduced graphene oxides", "@weight": "b", "@candidate": "n"}, {"$": "Reduced graphene oxides (RGO)", "@weight": "b", "@candidate": "n"}, {"$": "Titanium dioxide sols", "@weight": "b", "@candidate": "n"}]}, "language": {"@xml:lang": "eng"}, "authkeywords": {"author-keyword": [{"@_fa": "true", "$": "Corrosion resistance"}, {"@_fa": "true", "$": "Electrical conductivity"}, {"@_fa": "true", "$": "Electroless nickel phosphorus (NiP)"}, {"@_fa": "true", "$": "Reduced graphene oxide (RGO)"}, {"@_fa": "true", "$": "Titanium dioxide (TiO2) sol"}]}, "subject-areas": {"subject-area": [{"@_fa": "true", "$": "Chemistry (all)", "@code": "1600", "@abbrev": "CHEM"}, {"@_fa": "true", "$": "Condensed Matter Physics", "@code": "3104", "@abbrev": "PHYS"}, {"@_fa": "true", "$": "Surfaces and Interfaces", "@code": "3110", "@abbrev": "PHYS"}, {"@_fa": "true", "$": "Surfaces, Coatings and Films", "@code": "2508", "@abbrev": "MATE"}, {"@_fa": "true", "$": "Materials Chemistry", "@code": "2505", "@abbrev": "MATE"}]}, "authors": {"author": [{"ce:given-name": "Nadtinan", "preferred-name": {"ce:given-name": "Nadtinan", "ce:initials": "N.", "ce:surname": "Promphet", "ce:indexed-name": "Promphet N."}, "@seq": "1", "ce:initials": "N.", "@_fa": "true", "affiliation": {"@id": "60028190", "@href": "https://api.elsevier.com/content/affiliation/affiliation_id/60028190"}, "ce:surname": "Promphet", "@auid": "56369676500", "author-url": "https://api.elsevier.com/content/author/author_id/56369676500", "ce:indexed-name": "Promphet N."}, {"ce:given-name": "Pranee", "preferred-name": {"ce:given-name": "Pranee", "ce:initials": "P.", "ce:surname": "Rattanawaleedirojn", "ce:indexed-name": "Rattanawaleedirojn P."}, "@seq": "2", "ce:initials": "P.", "@_fa": "true", "affiliation": {"@id": "60091507", "@href": "https://api.elsevier.com/content/affiliation/affiliation_id/60091507"}, "ce:surname": "Rattanawaleedirojn", "@auid": "36487079600", "author-url": "https://api.elsevier.com/content/author/author_id/36487079600", "ce:indexed-name": "Rattanawaleedirojn P."}, {"ce:given-name": "Nadnudda", "preferred-name": {"ce:given-name": "Nadnudda", "ce:initials": "N.", "ce:surname": "Rodthongkum", "ce:indexed-name": "Rodthongkum N."}, "@seq": "3", "ce:initials": "N.", "@_fa": "true", "affiliation": {"@id": "60091507", "@href": "https://api.elsevier.com/content/affiliation/affiliation_id/60091507"}, "ce:surname": "Rodthongkum", "@auid": "26649099800", "author-url": "https://api.elsevier.com/content/author/author_id/26649099800", "ce:indexed-name": "Rodthongkum N."}]}}}