{"abstracts-retrieval-response": {"item": {"ait:process-info": {"ait:status": {"@state": "update", "@type": "core", "@stage": "S300"}, "ait:date-delivered": {"@day": "06", "@year": "2020", "@timestamp": "2020-02-06T05:03:59.000059-05:00", "@month": "02"}, "ait:date-sort": {"@day": "13", "@year": "2017", "@month": "09"}}, "xocs:meta": {"xocs:funding-list": {"@pui-match": "primary", "@has-funding-info": "1", "xocs:funding-addon-generated-timestamp": "2017-11-06T08:24:18.662Z", "xocs:funding-addon-type": "http://vtw.elsevier.com/data/voc/AddOnTypes/50.7/nlp"}}, "bibrecord": {"head": {"author-group": [{"affiliation": {"country": "Thailand", "postal-code": "10330", "@afid": "60028190", "@country": "tha", "city": "Bangkok", "organization": [{"$": "Department of Industrial Engineering"}, {"$": "Faculty of Engineering"}, {"$": "Chulalongkorn University"}], "affiliation-id": {"@afid": "60028190", "@dptid": "113901686"}, "@dptid": "113901686"}, "author": [{"ce:given-name": "Saranya", "preferred-name": {"ce:given-name": "Saranya", "ce:initials": "S.", "ce:surname": "Ramchuankiat", "ce:indexed-name": "Ramchuankiat S."}, "@seq": "1", "ce:initials": "S.", "@_fa": "true", "@type": "auth", "ce:surname": "Ramchuankiat", "@auid": "57196192021", "ce:indexed-name": "Ramchuankiat S."}, {"ce:given-name": "Pisit", "preferred-name": {"ce:given-name": "Pisit", "ce:initials": "P.", "ce:surname": "Jarumaneeroj", "ce:indexed-name": "Jarumaneeroj P."}, "@seq": "2", "ce:initials": "P.", "@_fa": "true", "@type": "auth", "ce:surname": "Jarumaneeroj", "@auid": "57194234407", "ce:indexed-name": "Jarumaneeroj P."}]}, {"affiliation": {"country": "Thailand", "@afid": "60031780", "@country": "tha", "organization": [{"$": "Chulalongkorn Comprehensive Epilepsy Center of Excellence (CCEC)"}, {"$": "Thai Red Cross Society"}], "affiliation-id": {"@afid": "60031780", "@dptid": "119690190"}, "@dptid": "119690190"}, "author": [{"ce:given-name": "Chusak", "preferred-name": {"ce:given-name": "Chusak", "ce:initials": "C.", "ce:surname": "Limotai", "ce:indexed-name": "Limotai C."}, "@seq": "3", "ce:initials": "C.", "@_fa": "true", "@type": "auth", "ce:surname": "Limotai", "@auid": "6504331318", "ce:indexed-name": "Limotai C."}]}, {"affiliation": {"country": "Thailand", "postal-code": "10330", "@afid": "60028190", "@country": "tha", "city": "Bangkok", "organization": [{"$": "Division of Nuclear Medicine"}, {"$": "Department of Radiology"}, {"$": "Faculty of Medicine"}, {"$": "Chulalongkorn University"}], "affiliation-id": {"@afid": "60028190", "@dptid": "113647143"}, "@dptid": "113647143"}, "author": [{"ce:given-name": "Supatporn", "preferred-name": {"ce:given-name": "Supatporn", "ce:initials": "S.", "ce:surname": "Tepmongkol", "ce:indexed-name": "Tepmongkol S."}, "@seq": "4", "ce:initials": "S.", "@date-locked": "2018-05-29T09:17:09.058", "@_fa": "true", "@type": "auth", "ce:surname": "Tepmongkol", "@auid": "6602556986", "ce:indexed-name": "Tepmongkol S."}, {"ce:given-name": "Yothin", "preferred-name": {"ce:given-name": "Yothin", "ce:initials": "Y.", "ce:surname": "Rakvongthai", "ce:indexed-name": "Rakvongthai Y."}, "@seq": "5", "ce:initials": "Y.", "@_fa": "true", "@type": "auth", "ce:surname": "Rakvongthai", "@auid": "24830881200", "ce:indexed-name": "Rakvongthai Y."}]}], "citation-title": "Impact of injection time on migration of SPECT seizure onset in temporal lobe epilepsy", "abstracts": "\u00a9 2017 IEEE.In this work, we investigated an impact of injection time on migration of seizure-onset in ictal/interictal single photon emission computed tomography (SPECT) study for patients with temporal lobe epilepsy. We selected 33 patients with refractory temporal lobe epilepsy who underwent ictal/interictal SPECT studies and had preoperative intracranial EEG result or surgical resection which was used as reference for seizure location. We divided all patients into two groups, which are the fast and the delayed groups; the delayed group comprised patients with injection time more than a cutoff time and vice versa. Using the subtraction ictal-interictal SPECT co-registered with SPECT (SISCOS) with varied Z-threshold (1.0, 1.5, 2.0 and 2.5), a method similar to subtraction ictal SPECT co-registered to magnetic resonance imaging (MRI) (SISCOM), a seizure-onset region in the SISCOS image was localized at the region with maximum sum of Z-scores. For each pair of cutoff time and Z-threshold, we determined the migratory proportion which was defined as the proportion of patients whose seizure-onset location based on SISCOS image was discordant with the reference. At cutoff time of 32-35 seconds and the Z-threshold of 2.0, the migratory proportion values were 7/26 (26.9%) and 5/7 (71.4%) in the fast and the delayed groups, respectively. At the same range of cutoff time with the Z-threshold of 2.5, the migratory proportion was 8/26 (30.8%) in the fast group while the proportion was 5/7 (71.4%) in the delayed group. Using Fisher's exact test, the migratory proportion values at the Z-threshold of 2.0 and 2.5 were significantly different between the fast and the delayed groups (p = 0.0709 and 0.0838, respectively), suggesting that patients with temporal lobe epilepsy who undergo an ictal/interictal SPECT study with injection time longer than 35 seconds tend to have seizure-onset zone migration in the SISCOS analysis with the traditionally-used Z-threshold of 2.0.", "correspondence": {"affiliation": {"country": "Thailand", "postal-code": "10330", "@country": "tha", "city": "Bangkok", "organization": [{"$": "Division of Nuclear Medicine"}, {"$": "Department of Radiology"}, {"$": "Faculty of Medicine"}, {"$": "Chulalongkorn University"}]}, "person": {"ce:given-name": "Yothin", "ce:initials": "Y.", "ce:surname": "Rakvongthai", "ce:indexed-name": "Rakvongthai Y."}}, "citation-info": {"citation-type": {"@code": "cp"}, "citation-language": {"@language": "English", "@xml:lang": "eng"}, "abstract-language": {"@language": "English", "@xml:lang": "eng"}}, "source": {"translated-sourcetitle": {"$": "Proceedings of the Annual International Conference of the IEEE Engineering in Medicine and Biology Society, EMBS", "@xml:lang": "eng"}, "volisspag": {"pagerange": {"@first": "1465", "@last": "1468"}}, "@type": "p", "isbn": {"@level": "volume", "$": "9781509028092", "@type": "electronic", "@length": "13"}, "additional-srcinfo": {"conferenceinfo": {"confpublication": {"procpartno": "1 of 1"}, "confevent": {"confname": "39th Annual International Conference of the IEEE Engineering in Medicine and Biology Society, EMBC 2017", "confsponsors": {"confsponsor": null, "@complete": "n"}, "confnumber": "39", "confcatnumber": "CFP17EMB-ART", "confseriestitle": "International Conference of the IEEE Engineering in Medicine and Biology Society", "conflocation": {"venue": "International Convention Center (ICC)", "@country": "kor", "city": "Jeju Island"}, "confcode": "130871", "confdate": {"enddate": {"@day": "15", "@year": "2017", "@month": "07"}, "startdate": {"@day": "11", "@year": "2017", "@month": "07"}}, "conftheme": "Smarter Technology for a Healthier World"}}}, "sourcetitle": "Proceedings of the Annual International Conference of the IEEE Engineering in Medicine and Biology Society, EMBS", "publicationdate": {"month": "09", "year": "2017", "date-text": {"@xfab-added": "true", "$": "13 September 2017"}, "day": "13"}, "sourcetitle-abbrev": "Proc. Annu. Int. Conf. IEEE Eng. Med. Biol. Soc. EMBS", "@country": "usa", "issuetitle": "2017 39th Annual International Conference of the IEEE Engineering in Medicine and Biology Society: Smarter Technology for a Healthier World, EMBC 2017 - Proceedings", "issn": {"$": "1557170X", "@type": "print"}, "publicationyear": {"@first": "2017"}, "publisher": {"publishername": "Institute of Electrical and Electronics Engineers Inc."}, "article-number": "8037111", "@srcid": "34202"}, "enhancement": {"classificationgroup": {"classifications": [{"@type": "ASJC", "classification": [{"$": "1711"}, {"$": "2204"}, {"$": "1707"}, {"$": "2718"}]}, {"@type": "SUBJABBR", "classification": [{"$": "COMP"}, {"$": "ENGI"}, {"$": "MEDI"}]}]}}}, "item-info": {"copyright": {"$": "Copyright 2017 Elsevier B.V., All rights reserved.", "@type": "Elsevier"}, "dbcollection": [{"$": "CPX"}, {"$": "REAXYSCAR"}, {"$": "SCOPUS"}, {"$": "Scopusbase"}, {"$": "MEDL"}], "history": {"date-created": {"@day": "30", "@year": "2017", "@timestamp": "BST 08:59:08", "@month": "10"}}, "itemidlist": {"itemid": [{"$": "618955206", "@idtype": "PUI"}, {"$": "765401399", "@idtype": "CAR-ID"}, {"$": "20174404318062", "@idtype": "CPX"}, {"$": "20171880926", "@idtype": "REAXYSCAR"}, {"$": "20170788877", "@idtype": "SCOPUS"}, {"$": "85032175991", "@idtype": "SCP"}, {"$": "85032175991", "@idtype": "SGR"}, {"$": "623306638", "@idtype": "PUIsecondary"}, {"$": "29060155", "@idtype": "MEDL"}], "ce:doi": "10.1109/EMBC.2017.8037111"}}, "tail": {"bibliography": {"@refcount": "16", "reference": [{"ref-fulltext": "C. E. Begley, E. Beghi, R. G. Beran, D. Heaney, J. T. Langfitt, C. Pachlatko, H. Silfvenius, M. R. Sperling, and S. Wiebe, ILAE Commission on the Burden of Epilepsy, Subcommission on the Economic Burden of Epilepsy: final report 19982001, Epilepsia, vol. 43, no. 6, pp. 668-673, 2002.", "@id": "1", "ref-info": {"ref-publicationyear": {"@first": "2002"}, "ref-title": {"ref-titletext": "ILAE Commission on the burden of epilepsy"}, "refd-itemidlist": {"itemid": {"$": "0036279981", "@idtype": "SGR"}}, "ref-volisspag": {"voliss": {"@volume": "43", "@issue": "6"}, "pagerange": {"@first": "668", "@last": "673"}}, "ref-authors": {"author": [{"@seq": "1", "ce:initials": "C.E.", "@_fa": "true", "ce:surname": "Begley", "ce:indexed-name": "Begley C.E."}, {"@seq": "2", "ce:initials": "E.", "@_fa": "true", "ce:surname": "Beghi", "ce:indexed-name": "Beghi E."}, {"@seq": "3", "ce:initials": "R.G.", "@_fa": "true", "ce:surname": "Beran", "ce:indexed-name": "Beran R.G."}, {"@seq": "4", "ce:initials": "D.", "@_fa": "true", "ce:surname": "Heaney", "ce:indexed-name": "Heaney D."}, {"@seq": "5", "ce:initials": "J.T.", "@_fa": "true", "ce:surname": "Langfitt", "ce:indexed-name": "Langfitt J.T."}, {"@seq": "6", "ce:initials": "C.", "@_fa": "true", "ce:surname": "Pachlatko", "ce:indexed-name": "Pachlatko C."}, {"@seq": "7", "ce:initials": "H.", "@_fa": "true", "ce:surname": "Silfvenius", "ce:indexed-name": "Silfvenius H."}, {"@seq": "8", "ce:initials": "M.R.", "@_fa": "true", "ce:surname": "Sperling", "ce:indexed-name": "Sperling M.R."}, {"@seq": "9", "ce:initials": "S.", "@_fa": "true", "ce:surname": "Wiebe", "ce:indexed-name": "Wiebe S."}]}, "ref-sourcetitle": "Subcommission on the Economic Burden of Epilepsy: Final Report 19982001, Epilepsia"}}, {"ref-fulltext": "P. Williamson, J. French, V. Thadani, J. Kim, R. Novelly, S. Spencer, D. Spencer, and R. Mattson, Characteristics of medial temporal lobe epilepsy: II. Interictal and ictal scalp electroencephalography, neuropsychological testing, neuroimaging, surgical results, and pathology, Annals of Neurology, vol. 34, no. 6, pp. 781-787, 1993.", "@id": "2", "ref-info": {"ref-publicationyear": {"@first": "1993"}, "ref-title": {"ref-titletext": "Characteristics of medial temporal lobe epilepsy: II. Interictal and ictal scalp electroencephalography, neuropsychological testing, neuroimaging, surgical results, and pathology"}, "refd-itemidlist": {"itemid": {"$": "0027493747", "@idtype": "SGR"}}, "ref-volisspag": {"voliss": {"@volume": "34", "@issue": "6"}, "pagerange": {"@first": "781", "@last": "787"}}, "ref-authors": {"author": [{"@seq": "1", "ce:initials": "P.", "@_fa": "true", "ce:surname": "Williamson", "ce:indexed-name": "Williamson P."}, {"@seq": "2", "ce:initials": "J.", "@_fa": "true", "ce:surname": "French", "ce:indexed-name": "French J."}, {"@seq": "3", "ce:initials": "V.", "@_fa": "true", "ce:surname": "Thadani", "ce:indexed-name": "Thadani V."}, {"@seq": "4", "ce:initials": "J.", "@_fa": "true", "ce:surname": "Kim", "ce:indexed-name": "Kim J."}, {"@seq": "5", "ce:initials": "R.", "@_fa": "true", "ce:surname": "Novelly", "ce:indexed-name": "Novelly R."}, {"@seq": "6", "ce:initials": "S.", "@_fa": "true", "ce:surname": "Spencer", "ce:indexed-name": "Spencer S."}, {"@seq": "7", "ce:initials": "D.", "@_fa": "true", "ce:surname": "Spencer", "ce:indexed-name": "Spencer D."}, {"@seq": "8", "ce:initials": "R.", "@_fa": "true", "ce:surname": "Mattson", "ce:indexed-name": "Mattson R."}]}, "ref-sourcetitle": "Annals of Neurology"}}, {"ref-fulltext": "P. Krsek, B. Maton, P. Jayakar, P. Dean, B. Korman, G. Rey, C. Dunoyer, E. Pacheco-Jacome, G. Morrison, and J. Ragheb, Incomplete resection of focal cortical dysplasia is the main predictor of poor postsurgical outcome, Neurology, vol. 72, no. 3, pp. 217-223, 2009.", "@id": "3", "ref-info": {"ref-publicationyear": {"@first": "2009"}, "ref-title": {"ref-titletext": "Incomplete resection of focal cortical dysplasia is the main predictor of poor postsurgical outcome"}, "refd-itemidlist": {"itemid": {"$": "59649094153", "@idtype": "SGR"}}, "ref-volisspag": {"voliss": {"@volume": "72", "@issue": "3"}, "pagerange": {"@first": "217", "@last": "223"}}, "ref-authors": {"author": [{"@seq": "1", "ce:initials": "P.", "@_fa": "true", "ce:surname": "Krsek", "ce:indexed-name": "Krsek P."}, {"@seq": "2", "ce:initials": "B.", "@_fa": "true", "ce:surname": "Maton", "ce:indexed-name": "Maton B."}, {"@seq": "3", "ce:initials": "P.", "@_fa": "true", "ce:surname": "Jayakar", "ce:indexed-name": "Jayakar P."}, {"@seq": "4", "ce:initials": "P.", "@_fa": "true", "ce:surname": "Dean", "ce:indexed-name": "Dean P."}, {"@seq": "5", "ce:initials": "B.", "@_fa": "true", "ce:surname": "Korman", "ce:indexed-name": "Korman B."}, {"@seq": "6", "ce:initials": "G.", "@_fa": "true", "ce:surname": "Rey", "ce:indexed-name": "Rey G."}, {"@seq": "7", "ce:initials": "C.", "@_fa": "true", "ce:surname": "Dunoyer", "ce:indexed-name": "Dunoyer C."}, {"@seq": "8", "ce:initials": "E.", "@_fa": "true", "ce:surname": "Pacheco-Jacome", "ce:indexed-name": "Pacheco-Jacome E."}, {"@seq": "9", "ce:initials": "G.", "@_fa": "true", "ce:surname": "Morrison", "ce:indexed-name": "Morrison G."}, {"@seq": "10", "ce:initials": "J.", "@_fa": "true", "ce:surname": "Ragheb", "ce:indexed-name": "Ragheb J."}]}, "ref-sourcetitle": "Neurology"}}, {"ref-fulltext": "A. R. Andersen, 99mTc-D, L-hexamethylene-propyleneamine oxime (99mTc-HMPAO): basic kinetic studies of a tracer of cerebral blood flow, Cerebrovascular and Brain Metabolism Reviews, vol. 1, no. 4, pp. 288-318, 1988.", "@id": "4", "ref-info": {"ref-publicationyear": {"@first": "1988"}, "ref-title": {"ref-titletext": "99mTc-D, L-hexamethylene-propyleneamine oxime (99mTc-HMPAO): Basic kinetic studies of a tracer of cerebral blood flow"}, "refd-itemidlist": {"itemid": {"$": "0024835606", "@idtype": "SGR"}}, "ref-volisspag": {"voliss": {"@volume": "1", "@issue": "4"}, "pagerange": {"@first": "288", "@last": "318"}}, "ref-authors": {"author": [{"@seq": "1", "ce:initials": "A.R.", "@_fa": "true", "ce:surname": "Andersen", "ce:indexed-name": "Andersen A.R."}]}, "ref-sourcetitle": "Cerebrovascular and Brain Metabolism Reviews"}}, {"ref-fulltext": "M. V. Spanaki, S. S. Spencer, M. Corsi, and J. MacMullan, Sensitivity and specificity of quantitative difference SPECT analysis in seizure localization, Journal of Nuclear Medicine, vol. 40, no. 5, pp. 730, 1999.", "@id": "5", "ref-info": {"ref-publicationyear": {"@first": "1999"}, "ref-title": {"ref-titletext": "Sensitivity and specificity of quantitative difference SPECT analysis in seizure localization"}, "refd-itemidlist": {"itemid": {"$": "0032924075", "@idtype": "SGR"}}, "ref-volisspag": {"voliss": {"@volume": "40", "@issue": "5"}, "pagerange": {"@first": "730"}}, "ref-authors": {"author": [{"@seq": "1", "ce:initials": "M.V.", "@_fa": "true", "ce:surname": "Spanaki", "ce:indexed-name": "Spanaki M.V."}, {"@seq": "2", "ce:initials": "S.S.", "@_fa": "true", "ce:surname": "Spencer", "ce:indexed-name": "Spencer S.S."}, {"@seq": "3", "ce:initials": "M.", "@_fa": "true", "ce:surname": "Corsi", "ce:indexed-name": "Corsi M."}, {"@seq": "4", "ce:initials": "J.", "@_fa": "true", "ce:surname": "MacMullan", "ce:indexed-name": "MacMullan J."}]}, "ref-sourcetitle": "Journal of Nuclear Medicine"}}, {"ref-fulltext": "J. S. Duncan, Imaging in the surgical treatment of epilepsy, Nature Reviews Neurology, vol. 6, no. 10, pp. 537-550, 2010.", "@id": "6", "ref-info": {"ref-publicationyear": {"@first": "2010"}, "ref-title": {"ref-titletext": "Imaging in the surgical treatment of epilepsy"}, "refd-itemidlist": {"itemid": {"$": "77957917926", "@idtype": "SGR"}}, "ref-volisspag": {"voliss": {"@volume": "6", "@issue": "10"}, "pagerange": {"@first": "537", "@last": "550"}}, "ref-authors": {"author": [{"@seq": "1", "ce:initials": "J.S.", "@_fa": "true", "ce:surname": "Duncan", "ce:indexed-name": "Duncan J.S."}]}, "ref-sourcetitle": "Nature Reviews Neurology"}}, {"ref-fulltext": "M. Cossu, S. Chabards, D. Hoffmann, and R. G. Lo, Presurgical evaluation of intractable epilepsy using stereo-electro-encephalography methodology: principles, technique and morbidity, Neuro-Chirurgie, vol. 54, no. 3, pp. 367-373, 2008.", "@id": "7", "ref-info": {"ref-publicationyear": {"@first": "2008"}, "ref-title": {"ref-titletext": "Presurgical evaluation of intractable epilepsy using stereo-electro-encephalography methodology: Principles, technique and morbidity"}, "refd-itemidlist": {"itemid": {"$": "43649099764", "@idtype": "SGR"}}, "ref-volisspag": {"voliss": {"@volume": "54", "@issue": "3"}, "pagerange": {"@first": "367", "@last": "373"}}, "ref-authors": {"author": [{"@seq": "1", "ce:initials": "M.", "@_fa": "true", "ce:surname": "Cossu", "ce:indexed-name": "Cossu M."}, {"@seq": "2", "ce:initials": "S.", "@_fa": "true", "ce:surname": "Chabards", "ce:indexed-name": "Chabards S."}, {"@seq": "3", "ce:initials": "D.", "@_fa": "true", "ce:surname": "Hoffmann", "ce:indexed-name": "Hoffmann D."}, {"@seq": "4", "ce:initials": "R.G.", "@_fa": "true", "ce:surname": "Lo", "ce:indexed-name": "Lo R.G."}]}, "ref-sourcetitle": "Neuro-Chirurgie"}}, {"ref-fulltext": "T. O'brien, E. So, B. P. Mullan, M. Hauser, B. Brinkmann, N. Bohnen, D. Hanson, G. D. Cascino, C. Jack, and F. Sharbrough, Subtraction ictal SPECT co-registered to MRI improves clinical usefulness of SPECT in localizing the surgical seizure focus, Neurology, vol. 50, no. 2, pp. 445-454, 1998.", "@id": "8", "ref-info": {"ref-publicationyear": {"@first": "1998"}, "ref-title": {"ref-titletext": "Subtraction ictal SPECT co-registered to MRI improves clinical usefulness of SPECT in localizing the surgical seizure focus"}, "refd-itemidlist": {"itemid": {"$": "0031934337", "@idtype": "SGR"}}, "ref-volisspag": {"voliss": {"@volume": "50", "@issue": "2"}, "pagerange": {"@first": "445", "@last": "454"}}, "ref-authors": {"author": [{"@seq": "1", "ce:initials": "T.", "@_fa": "true", "ce:surname": "O'Brien", "ce:indexed-name": "O'Brien T."}, {"@seq": "2", "ce:initials": "E.", "@_fa": "true", "ce:surname": "So", "ce:indexed-name": "So E."}, {"@seq": "3", "ce:initials": "B.P.", "@_fa": "true", "ce:surname": "Mullan", "ce:indexed-name": "Mullan B.P."}, {"@seq": "4", "ce:initials": "M.", "@_fa": "true", "ce:surname": "Hauser", "ce:indexed-name": "Hauser M."}, {"@seq": "5", "ce:initials": "B.", "@_fa": "true", "ce:surname": "Brinkmann", "ce:indexed-name": "Brinkmann B."}, {"@seq": "6", "ce:initials": "N.", "@_fa": "true", "ce:surname": "Bohnen", "ce:indexed-name": "Bohnen N."}, {"@seq": "7", "ce:initials": "D.", "@_fa": "true", "ce:surname": "Hanson", "ce:indexed-name": "Hanson D."}, {"@seq": "8", "ce:initials": "G.D.", "@_fa": "true", "ce:surname": "Cascino", "ce:indexed-name": "Cascino G.D."}, {"@seq": "9", "ce:initials": "C.", "@_fa": "true", "ce:surname": "Jack", "ce:indexed-name": "Jack C."}, {"@seq": "10", "ce:initials": "F.", "@_fa": "true", "ce:surname": "Sharbrough", "ce:indexed-name": "Sharbrough F."}]}, "ref-sourcetitle": "Neurology"}}, {"ref-fulltext": "S. K. Lee, S. H. Lee, S. K. Kim, D. S. Lee, and H. Kim, The clinical usefulness of ictal SPECT in temporal lobe epilepsy: the lateralization of seizure focus and correlation with EEG, Epilepsia, vol. 41, no. 8, pp. 955-962, 2000.", "@id": "9", "ref-info": {"ref-publicationyear": {"@first": "2000"}, "ref-title": {"ref-titletext": "The clinical usefulness of ictal SPECT in temporal lobe epilepsy: The lateralization of seizure focus and correlation with EEG"}, "refd-itemidlist": {"itemid": {"$": "0033891360", "@idtype": "SGR"}}, "ref-volisspag": {"voliss": {"@volume": "41", "@issue": "8"}, "pagerange": {"@first": "955", "@last": "962"}}, "ref-authors": {"author": [{"@seq": "1", "ce:initials": "S.K.", "@_fa": "true", "ce:surname": "Lee", "ce:indexed-name": "Lee S.K."}, {"@seq": "2", "ce:initials": "S.H.", "@_fa": "true", "ce:surname": "Lee", "ce:indexed-name": "Lee S.H."}, {"@seq": "3", "ce:initials": "S.K.", "@_fa": "true", "ce:surname": "Kim", "ce:indexed-name": "Kim S.K."}, {"@seq": "4", "ce:initials": "D.S.", "@_fa": "true", "ce:surname": "Lee", "ce:indexed-name": "Lee D.S."}, {"@seq": "5", "ce:initials": "H.", "@_fa": "true", "ce:surname": "Kim", "ce:indexed-name": "Kim H."}]}, "ref-sourcetitle": "Epilepsia"}}, {"ref-fulltext": "J. Y. Lee, E. Y. Joo, H. S. Park, P. Song, S. Young Byun, D. W. Seo, and S. B. Hong, Repeated ictal SPECT in partial epilepsy patients: SISCOM analysis, Epilepsia, vol. 52, no. 12, pp. 2249-2256, 2011.", "@id": "10", "ref-info": {"ref-publicationyear": {"@first": "2011"}, "ref-title": {"ref-titletext": "Repeated ictal SPECT in partial epilepsy patients: SISCOM analysis"}, "refd-itemidlist": {"itemid": {"$": "82955249290", "@idtype": "SGR"}}, "ref-volisspag": {"voliss": {"@volume": "52", "@issue": "12"}, "pagerange": {"@first": "2249", "@last": "2256"}}, "ref-authors": {"author": [{"@seq": "1", "ce:initials": "J.Y.", "@_fa": "true", "ce:surname": "Lee", "ce:indexed-name": "Lee J.Y."}, {"@seq": "2", "ce:initials": "E.Y.", "@_fa": "true", "ce:surname": "Joo", "ce:indexed-name": "Joo E.Y."}, {"@seq": "3", "ce:initials": "H.S.", "@_fa": "true", "ce:surname": "Park", "ce:indexed-name": "Park H.S."}, {"@seq": "4", "ce:initials": "P.", "@_fa": "true", "ce:surname": "Song", "ce:indexed-name": "Song P."}, {"@seq": "5", "ce:initials": "S.Y.", "@_fa": "true", "ce:surname": "Byun", "ce:indexed-name": "Byun S.Y."}, {"@seq": "6", "ce:initials": "D.W.", "@_fa": "true", "ce:surname": "Seo", "ce:indexed-name": "Seo D.W."}, {"@seq": "7", "ce:initials": "S.B.", "@_fa": "true", "ce:surname": "Hong", "ce:indexed-name": "Hong S.B."}]}, "ref-sourcetitle": "Epilepsia"}}, {"ref-fulltext": "I. L. Koslowsky, S. E. Brake, and S. J. Bitner, Evaluation of the stability of 99mTc-ECD and stabilized 99mTc-HMPAO stored in syringes, Journal of Nuclear Medicine Technology, vol. 29, no. 4, pp. 197-200, 2001.", "@id": "11", "ref-info": {"ref-publicationyear": {"@first": "2001"}, "ref-title": {"ref-titletext": "Evaluation of the stability of 99mTc-ECD and stabilized 99mTc-HMPAO stored in syringes"}, "refd-itemidlist": {"itemid": {"$": "0035674464", "@idtype": "SGR"}}, "ref-volisspag": {"voliss": {"@volume": "29", "@issue": "4"}, "pagerange": {"@first": "197", "@last": "200"}}, "ref-authors": {"author": [{"@seq": "1", "ce:initials": "I.L.", "@_fa": "true", "ce:surname": "Koslowsky", "ce:indexed-name": "Koslowsky I.L."}, {"@seq": "2", "ce:initials": "S.E.", "@_fa": "true", "ce:surname": "Brake", "ce:indexed-name": "Brake S.E."}, {"@seq": "3", "ce:initials": "S.J.", "@_fa": "true", "ce:surname": "Bitner", "ce:indexed-name": "Bitner S.J."}]}, "ref-sourcetitle": "Journal of Nuclear Medicine Technology"}}, {"ref-fulltext": "W. Penny, S. Kiebel, and K. Friston, Variational bayes, Statistical Parametric Mapping: The Analysis of Functional Brain Images, 2006.", "@id": "12", "ref-info": {"ref-publicationyear": {"@first": "2006"}, "refd-itemidlist": {"itemid": {"$": "38049027134", "@idtype": "SGR"}}, "ref-authors": {"author": [{"@seq": "1", "ce:initials": "W.", "@_fa": "true", "ce:surname": "Penny", "ce:indexed-name": "Penny W."}, {"@seq": "2", "ce:initials": "S.", "@_fa": "true", "ce:surname": "Kiebel", "ce:indexed-name": "Kiebel S."}, {"@seq": "3", "ce:initials": "K.", "@_fa": "true", "ce:surname": "Friston", "ce:indexed-name": "Friston K."}, {"@seq": "4", "ce:initials": "V.", "@_fa": "true", "ce:surname": "Bayes", "ce:indexed-name": "Bayes V."}]}, "ref-sourcetitle": "Statistical Parametric Mapping: The Analysis of Functional Brain Images"}}, {"ref-fulltext": "D. Legland, I. Arganda-Carreras, and P. Andrey, MorphoLibJ: integrated library and plugins for mathematical morphology with ImageJ, Bioinformatics, vol. 32, no. 22, pp. 3532-3534, 2016.", "@id": "13", "ref-info": {"ref-publicationyear": {"@first": "2016"}, "ref-title": {"ref-titletext": "MorphoLibJ: Integrated library and plugins for mathematical morphology with ImageJ"}, "refd-itemidlist": {"itemid": {"$": "85002297125", "@idtype": "SGR"}}, "ref-volisspag": {"voliss": {"@volume": "32", "@issue": "22"}, "pagerange": {"@first": "3532", "@last": "3534"}}, "ref-authors": {"author": [{"@seq": "1", "ce:initials": "D.", "@_fa": "true", "ce:surname": "Legland", "ce:indexed-name": "Legland D."}, {"@seq": "2", "ce:initials": "I.", "@_fa": "true", "ce:surname": "Arganda-Carreras", "ce:indexed-name": "Arganda-Carreras I."}, {"@seq": "3", "ce:initials": "P.", "@_fa": "true", "ce:surname": "Andrey", "ce:indexed-name": "Andrey P."}]}, "ref-sourcetitle": "Bioinformatics"}}, {"ref-fulltext": "P. B. Hoffer, Difference Images Calculated from Ictal and Interictal Technetium-. 99m-HMPAO SPECT Scans of Epilepsy, 1995.", "@id": "14", "ref-info": {"ref-publicationyear": {"@first": "1995"}, "ref-title": {"ref-titletext": "Difference Images calculated from ictal and interictal technetium"}, "refd-itemidlist": {"itemid": {"$": "85032204356", "@idtype": "SGR"}}, "ref-authors": {"author": [{"@seq": "1", "ce:initials": "P.B.", "@_fa": "true", "ce:surname": "Hoffer", "ce:indexed-name": "Hoffer P.B."}]}, "ref-sourcetitle": "99m-HMPAO SPECT Scans of Epilepsy"}}, {"ref-fulltext": "C. R. Newey, C. Wong, Z. Irene Wang, X. Chen, G. Wu, and A. V. Alexopoulos, Optimizing SPECT SISCOM analysis to localize seizureonset zone by using varying z scores, Epilepsia, vol. 54, no. 5, pp. 793-800, 2013.", "@id": "15", "ref-info": {"ref-publicationyear": {"@first": "2013"}, "ref-title": {"ref-titletext": "Optimizing SPECT SISCOM analysis to localize seizureonset zone by using varying z scores"}, "refd-itemidlist": {"itemid": {"$": "84876937360", "@idtype": "SGR"}}, "ref-volisspag": {"voliss": {"@volume": "54", "@issue": "5"}, "pagerange": {"@first": "793", "@last": "800"}}, "ref-authors": {"author": [{"@seq": "1", "ce:initials": "C.R.", "@_fa": "true", "ce:surname": "Newey", "ce:indexed-name": "Newey C.R."}, {"@seq": "2", "ce:initials": "C.", "@_fa": "true", "ce:surname": "Wong", "ce:indexed-name": "Wong C."}, {"@seq": "3", "ce:initials": "Z.", "@_fa": "true", "ce:surname": "Irene Wang", "ce:indexed-name": "Irene Wang Z."}, {"@seq": "4", "ce:initials": "X.", "@_fa": "true", "ce:surname": "Chen", "ce:indexed-name": "Chen X."}, {"@seq": "5", "ce:initials": "G.", "@_fa": "true", "ce:surname": "Wu", "ce:indexed-name": "Wu G."}, {"@seq": "6", "ce:initials": "A.V.", "@_fa": "true", "ce:surname": "Alexopoulos", "ce:indexed-name": "Alexopoulos A.V."}]}, "ref-sourcetitle": "Epilepsia"}}, {"ref-fulltext": "K. J. Preacher, and N. E. Briggs, Calculation for Fisher's Exact Test: An interactive calculation tool for Fisher's exact probability test for 2 x 2 tables [Computer software], University of North Carolina, Chapel Hill, NC, and Ohio State University, Columbus, OH, USA, 2001.", "@id": "16", "ref-info": {"ref-publicationyear": {"@first": "2001"}, "refd-itemidlist": {"itemid": {"$": "33748572722", "@idtype": "SGR"}}, "ref-text": "University of North Carolina, Chapel Hill, NC, and Ohio State University, Columbus, OH, USA", "ref-authors": {"author": [{"@seq": "1", "ce:initials": "K.J.", "@_fa": "true", "ce:surname": "Preacher", "ce:indexed-name": "Preacher K.J."}, {"@seq": "2", "ce:initials": "N.E.", "@_fa": "true", "ce:surname": "Briggs", "ce:indexed-name": "Briggs N.E."}]}, "ref-sourcetitle": "Calculation for Fisher's Exact Test: An Interactive Calculation Tool for Fisher's Exact Probability Test for 2 X 2 Tables [Computer Software]"}}]}}}}, "affiliation": [{"affiliation-city": "Bangkok", "@id": "60028190", "affilname": "Chulalongkorn University", "@href": "https://api.elsevier.com/content/affiliation/affiliation_id/60028190", "affiliation-country": "Thailand"}, {"affiliation-city": "Bangkok", "@id": "60031780", "affilname": "Thai Red Cross Agency", "@href": "https://api.elsevier.com/content/affiliation/affiliation_id/60031780", "affiliation-country": "Thailand"}], "coredata": {"srctype": "p", "eid": "2-s2.0-85032175991", "dc:description": "In this work, we investigated an impact of injection time on migration of seizure-onset in ictal/interictal single photon emission computed tomography (SPECT) study for patients with temporal lobe epilepsy. We selected 33 patients with refractory temporal lobe epilepsy who underwent ictal/interictal SPECT studies and had preoperative intracranial EEG result or surgical resection which was used as reference for seizure location. We divided all patients into two groups, which are the fast and the delayed groups; the delayed group comprised patients with injection time more than a cutoff time and vice versa. Using the subtraction ictal-interictal SPECT co-registered with SPECT (SISCOS) with varied Z-threshold (1.0, 1.5, 2.0 and 2.5), a method similar to subtraction ictal SPECT co-registered to magnetic resonance imaging (MRI) (SISCOM), a seizure-onset region in the SISCOS image was localized at the region with maximum sum of Z-scores. For each pair of cutoff time and Z-threshold, we determined the migratory proportion which was defined as the proportion of patients whose seizure-onset location based on SISCOS image was discordant with the reference. At cutoff time of 32-35 seconds and the Z-threshold of 2.0, the migratory proportion values were 7/26 (26.9%) and 5/7 (71.4%) in the fast and the delayed groups, respectively. At the same range of cutoff time with the Z-threshold of 2.5, the migratory proportion was 8/26 (30.8%) in the fast group while the proportion was 5/7 (71.4%) in the delayed group. Using Fisher's exact test, the migratory proportion values at the Z-threshold of 2.0 and 2.5 were significantly different between the fast and the delayed groups (p = 0.0709 and 0.0838, respectively), suggesting that patients with temporal lobe epilepsy who undergo an ictal/interictal SPECT study with injection time longer than 35 seconds tend to have seizure-onset zone migration in the SISCOS analysis with the traditionally-used Z-threshold of 2.0.", "pubmed-id": "29060155", "prism:coverDate": "2017-09-13", "prism:aggregationType": "Conference Proceeding", "prism:url": "https://api.elsevier.com/content/abstract/scopus_id/85032175991", "dc:creator": {"author": [{"ce:given-name": "Saranya", "preferred-name": {"ce:given-name": "Saranya", "ce:initials": "S.", "ce:surname": "Ramchuankiat", "ce:indexed-name": "Ramchuankiat S."}, "@seq": "1", "ce:initials": "S.", "@_fa": "true", "affiliation": {"@id": "60028190", "@href": "https://api.elsevier.com/content/affiliation/affiliation_id/60028190"}, "ce:surname": "Ramchuankiat", "@auid": "57196192021", "author-url": "https://api.elsevier.com/content/author/author_id/57196192021", "ce:indexed-name": "Ramchuankiat S."}]}, "link": [{"@_fa": "true", "@rel": "self", "@href": "https://api.elsevier.com/content/abstract/scopus_id/85032175991"}, {"@_fa": "true", "@rel": "scopus", "@href": "https://www.scopus.com/inward/record.uri?partnerID=HzOxMe3b&scp=85032175991&origin=inward"}, {"@_fa": "true", "@rel": "scopus-citedby", "@href": "https://www.scopus.com/inward/citedby.uri?partnerID=HzOxMe3b&scp=85032175991&origin=inward"}], "prism:isbn": "9781509028092", "source-id": "34202", "citedby-count": "12", "subtype": "cp", "dc:title": "Impact of injection time on migration of SPECT seizure onset in temporal lobe epilepsy", "openaccess": "0", "prism:issn": "1557170X", "publishercopyright": "\u00a9 2017 IEEE.", "article-number": "8037111", "subtypeDescription": "Conference Paper", "prism:publicationName": "Proceedings of the Annual International Conference of the IEEE Engineering in Medicine and Biology Society, EMBS", "prism:pageRange": "1465-1468", "prism:endingPage": "1468", "openaccessFlag": "false", "prism:doi": "10.1109/EMBC.2017.8037111", "prism:startingPage": "1465", "dc:identifier": "SCOPUS_ID:85032175991", "dc:publisher": "Institute of Electrical and Electronics Engineers Inc."}, "idxterms": {"mainterm": [{"$": "Electroencephalography", "@weight": "b", "@candidate": "n"}, {"$": "Epilepsy, Temporal Lobe", "@weight": "b", "@candidate": "n"}, {"$": "Humans", "@weight": "b", "@candidate": "n"}, {"$": "Magnetic Resonance Imaging", "@weight": "b", "@candidate": "n"}, {"$": "Seizures", "@weight": "a", "@candidate": "n"}, {"$": "Tomography, Emission-Computed, Single-Photon", "@weight": "b", "@candidate": "n"}]}, "language": {"@xml:lang": "eng"}, "authkeywords": null, "subject-areas": {"subject-area": [{"@_fa": "true", "$": "Signal Processing", "@code": "1711", "@abbrev": "COMP"}, {"@_fa": "true", "$": "Biomedical Engineering", "@code": "2204", "@abbrev": "ENGI"}, {"@_fa": "true", "$": "Computer Vision and Pattern Recognition", "@code": "1707", "@abbrev": "COMP"}, {"@_fa": "true", "$": "Health Informatics", "@code": "2718", "@abbrev": "MEDI"}]}, "authors": {"author": [{"ce:given-name": "Saranya", "preferred-name": {"ce:given-name": "Saranya", "ce:initials": "S.", "ce:surname": "Ramchuankiat", "ce:indexed-name": "Ramchuankiat S."}, "@seq": "1", "ce:initials": "S.", "@_fa": "true", "affiliation": {"@id": "60028190", "@href": "https://api.elsevier.com/content/affiliation/affiliation_id/60028190"}, "ce:surname": "Ramchuankiat", "@auid": "57196192021", "author-url": "https://api.elsevier.com/content/author/author_id/57196192021", "ce:indexed-name": "Ramchuankiat S."}, {"ce:given-name": "Pisit", "preferred-name": {"ce:given-name": "Pisit", "ce:initials": "P.", "ce:surname": "Jarumaneeroj", "ce:indexed-name": "Jarumaneeroj P."}, "@seq": "2", "ce:initials": "P.", "@_fa": "true", "affiliation": {"@id": "60028190", "@href": "https://api.elsevier.com/content/affiliation/affiliation_id/60028190"}, "ce:surname": "Jarumaneeroj", "@auid": "57194234407", "author-url": "https://api.elsevier.com/content/author/author_id/57194234407", "ce:indexed-name": "Jarumaneeroj P."}, {"ce:given-name": "Chusak", "preferred-name": {"ce:given-name": "Chusak", "ce:initials": "C.", "ce:surname": "Limotai", "ce:indexed-name": "Limotai C."}, "@seq": "3", "ce:initials": "C.", "@_fa": "true", "affiliation": {"@id": "60031780", "@href": "https://api.elsevier.com/content/affiliation/affiliation_id/60031780"}, "ce:surname": "Limotai", "@auid": "6504331318", "author-url": "https://api.elsevier.com/content/author/author_id/6504331318", "ce:indexed-name": "Limotai C."}, {"ce:given-name": "Supatporn", "preferred-name": {"ce:given-name": "Supatporn", "ce:initials": "S.", "ce:surname": "Tepmongkol", "ce:indexed-name": "Tepmongkol S."}, "@seq": "4", "ce:initials": "S.", "@_fa": "true", "affiliation": {"@id": "60028190", "@href": "https://api.elsevier.com/content/affiliation/affiliation_id/60028190"}, "ce:surname": "Tepmongkol", "@auid": "6602556986", "author-url": "https://api.elsevier.com/content/author/author_id/6602556986", "ce:indexed-name": "Tepmongkol S."}, {"ce:given-name": "Yothin", "preferred-name": {"ce:given-name": "Yothin", "ce:initials": "Y.", "ce:surname": "Rakvongthai", "ce:indexed-name": "Rakvongthai Y."}, "@seq": "5", "ce:initials": "Y.", "@_fa": "true", "affiliation": {"@id": "60028190", "@href": "https://api.elsevier.com/content/affiliation/affiliation_id/60028190"}, "ce:surname": "Rakvongthai", "@auid": "24830881200", "author-url": "https://api.elsevier.com/content/author/author_id/24830881200", "ce:indexed-name": "Rakvongthai Y."}]}}}