{"abstracts-retrieval-response": {"item": {"ait:process-info": {"ait:status": {"@state": "update", "@type": "core", "@stage": "S300"}, "ait:date-delivered": {"@day": "05", "@timestamp": "2020-09-05T08:17:22.000022-04:00", "@year": "2020", "@month": "09"}, "ait:date-sort": {"@day": "08", "@year": "2017", "@month": "09"}}, "xocs:meta": {"xocs:funding-list": {"@pui-match": "primary", "@has-funding-info": "1", "xocs:funding": [{"xocs:funding-agency-acronym": "FP7", "xocs:funding-agency": "Seventh Framework Programme", "xocs:funding-id": "283959", "xocs:funding-agency-id": "http://data.elsevier.com/vocabulary/SciValFunders/100011102", "xocs:funding-agency-country": "http://sws.geonames.org/6695072/"}, {"xocs:funding-agency-matched-string": "Leverhulme Trust", "xocs:funding-agency": "Leverhulme Trust", "xocs:funding-agency-id": "http://data.elsevier.com/vocabulary/SciValFunders/501100000275", "xocs:funding-agency-country": "http://sws.geonames.org/2635167/"}, {"xocs:funding-agency-matched-string": "European Research Council", "xocs:funding-agency-acronym": "ERC", "xocs:funding-agency": "European Research Council", "xocs:funding-agency-id": "http://data.elsevier.com/vocabulary/SciValFunders/501100000781", "xocs:funding-agency-country": "http://sws.geonames.org/6695072/"}], "xocs:funding-addon-generated-timestamp": "2021-02-04T16:51:00.491921Z", "xocs:funding-text": "The National Research Council of Thailand permitted LVL, AT, MH, and MG to conduct research in Thailand, and the Thai Department of National Parks, Wildlife, and Plant Conservation gave permission to enter and conduct research in Khao Sam Roi Yot National Park. We thank Chirasak Sutcharit from Chulalongkorn University for the evaluation of the marine snail specimens. We thank Dr Nate Dominy, Nalina Aiempichitkijkarn and four reviewers for helpful comments on the manuscript and our field assistants Lauren O\u2019Boyle and Magdalena Svensson for help with the data collection. This research was funded by European Research Council Starting Grant no.283959 (PRIMARCH) awarded to MH. During writing LVL was funded by a Leverhulme Trust Research Grant.", "xocs:funding-addon-type": "http://vtw.elsevier.com/data/voc/AddOnTypes/50.7/aggregated-refined"}}, "bibrecord": {"head": {"author-group": [{"affiliation": {"country": "United Kingdom", "@afid": "60175816", "@country": "gbr", "city": "Oxford", "organization": [{"$": "Institute for Cognitive and Evolutionary Anthropology"}, {"$": "School of Anthropology and Museum Ethnography"}, {"$": "University of Oxford"}], "affiliation-id": [{"@afid": "60175816", "@dptid": "124943067"}, {"@afid": "60026851"}], "@dptid": "124943067"}, "author": [{"ce:given-name": "Lydia V.", "preferred-name": {"ce:given-name": "Lydia V.", "ce:initials": "L.V.", "ce:surname": "Luncz", "ce:indexed-name": "Luncz L.V."}, "@seq": "1", "ce:initials": "L.V.", "@_fa": "true", "@type": "auth", "ce:surname": "Luncz", "@auid": "26536165700", "@orcid": "0000-0003-2972-4742", "ce:indexed-name": "Luncz L.V."}]}, {"affiliation": {"country": "Singapore", "@afid": "60118480", "@country": "sgp", "city": "Singapore", "organization": [{"$": "Division of Psychology"}, {"$": "School of Humanities and Social Sciences"}, {"$": "Nanyang Technological University"}], "affiliation-id": [{"@afid": "60118480", "@dptid": "123060636"}, {"@afid": "60005510"}], "@dptid": "123060636"}, "author": [{"ce:given-name": "Amanda", "preferred-name": {"ce:given-name": "Amanda", "ce:initials": "A.", "ce:surname": "Tan", "ce:indexed-name": "Tan A."}, "@seq": "2", "ce:initials": "A.", "@_fa": "true", "@type": "auth", "ce:surname": "Tan", "@auid": "56643911800", "ce:indexed-name": "Tan A."}, {"ce:given-name": "Michael", "preferred-name": {"ce:given-name": "Michael", "ce:initials": "M.", "ce:surname": "Gumert", "ce:indexed-name": "Gumert M."}, "@seq": "7", "ce:initials": "M.", "@_fa": "true", "@type": "auth", "ce:surname": "Gumert", "@auid": "23003889200", "ce:indexed-name": "Gumert M."}]}, {"affiliation": {"country": "United Kingdom", "@afid": "60175816", "@date-locked": "2020-09-05T07:59:10.760", "@country": "gbr", "city": "Oxford", "organization": [{"$": "Primate Archaeology Research Group"}, {"$": "School of Archaeology"}, {"$": "University of Oxford"}], "affiliation-id": {"@afid": "60175816", "@dptid": "124944386"}, "@dptid": "124944386"}, "author": [{"ce:given-name": "Michael", "preferred-name": {"ce:given-name": "Michael", "ce:initials": "M.", "ce:surname": "Haslam", "ce:indexed-name": "Haslam M."}, "@seq": "3", "ce:initials": "M.", "@_fa": "true", "@type": "auth", "ce:surname": "Haslam", "@auid": "8779231000", "@orcid": "0000-0001-8234-7806", "ce:indexed-name": "Haslam M."}, {"ce:given-name": "Tomos", "preferred-name": {"ce:given-name": "Tomos", "ce:initials": "T.", "ce:surname": "Proffitt", "ce:indexed-name": "Proffitt T."}, "@seq": "5", "ce:initials": "T.", "@_fa": "true", "@type": "auth", "ce:surname": "Proffitt", "@auid": "55356895900", "ce:indexed-name": "Proffitt T."}, {"ce:given-name": "Michael", "preferred-name": {"ce:given-name": "Michael", "ce:initials": "M.", "ce:surname": "Gumert", "ce:indexed-name": "Gumert M."}, "@seq": "7", "ce:initials": "M.", "@_fa": "true", "@type": "auth", "ce:surname": "Gumert", "@auid": "23003889200", "ce:indexed-name": "Gumert M."}]}, {"affiliation": {"country": "Germany", "@afid": "60005807", "@country": "deu", "city": "Leipzig", "organization": {"$": "Max Planck Institute for Evolutionary Anthropology"}, "affiliation-id": {"@afid": "60005807"}}, "author": [{"ce:given-name": "Lars", "preferred-name": {"ce:given-name": "Lars", "ce:initials": "L.", "ce:surname": "Kulik", "ce:indexed-name": "Kulik L."}, "@seq": "4", "ce:initials": "L.", "@_fa": "true", "@type": "auth", "ce:surname": "Kulik", "@auid": "54895495900", "ce:indexed-name": "Kulik L."}]}, {"affiliation": {"country": "Thailand", "@afid": "60028190", "@country": "tha", "city": "Bangkok", "organization": [{"$": "Department of Biology"}, {"$": "Faculty of Science"}, {"$": "Chulalongkorn University"}], "affiliation-id": {"@afid": "60028190", "@dptid": "104425661"}, "@dptid": "104425661"}, "author": [{"ce:given-name": "Suchinda", "preferred-name": {"ce:given-name": "Suchinda", "ce:initials": "S.", "ce:surname": "Malaivijitnond", "ce:indexed-name": "Malaivijitnond S."}, "@seq": "6", "ce:initials": "S.", "@_fa": "true", "@type": "auth", "ce:surname": "Malaivijitnond", "@auid": "6602229260", "ce:indexed-name": "Malaivijitnond S."}, {"ce:given-name": "Michael", "preferred-name": {"ce:given-name": "Michael", "ce:initials": "M.", "ce:surname": "Gumert", "ce:indexed-name": "Gumert M."}, "@seq": "7", "ce:initials": "M.", "@_fa": "true", "@type": "auth", "ce:surname": "Gumert", "@auid": "23003889200", "ce:indexed-name": "Gumert M."}]}, {"affiliation": {"country": "Thailand", "@afid": "60028190", "@country": "tha", "city": "Saraburi", "organization": [{"$": "National Primate Research Center of Thailand"}, {"$": "Chulalongkorn University"}], "affiliation-id": {"@afid": "60028190", "@dptid": "114707154"}, "@dptid": "114707154"}, "author": [{"ce:given-name": "Suchinda", "preferred-name": {"ce:given-name": "Suchinda", "ce:initials": "S.", "ce:surname": "Malaivijitnond", "ce:indexed-name": "Malaivijitnond S."}, "@seq": "6", "ce:initials": "S.", "@_fa": "true", "@type": "auth", "ce:surname": "Malaivijitnond", "@auid": "6602229260", "ce:indexed-name": "Malaivijitnond S."}]}], "citation-title": "Resource depletion through primate stone technology", "abstracts": "\u00a9 Luncz et al.Tool use has allowed humans to become one of the most successful species. However, tool-assisted foraging has also pushed many of our prey species to extinction or endangerment, a technology-driven process thought to be uniquely human. Here, we demonstrate that tool-assisted foraging on shellfish by long-tailed macaques (Macaca fascicularis) in Khao Sam Roi Yot National Park, Thailand, reduces prey size and prey abundance, with more pronounced effects where the macaque population size is larger. We compared availability, sizes and maturation stages of shellfish between two adjacent islands inhabited by different-sized macaque populations and demonstrate potential effects on the prey reproductive biology. We provide evidence that once technological macaques reach a large enough group size, they enter a feedback loop - driving shellfish prey size down with attendant changes in the tool sizes used by the monkeys. If this pattern continues, prey populations could be reduced to a point where tool-assisted foraging is no longer beneficial to the macaques, which in return may lessen or extinguish the remarkable foraging technology employed by these primates.", "correspondence": {"affiliation": {"country": "United Kingdom", "@country": "gbr", "city": "Oxford", "organization": [{"$": "Institute for Cognitive and Evolutionary Anthropology"}, {"$": "School of Anthropology and Museum Ethnography"}, {"$": "University of Oxford"}]}, "person": {"ce:given-name": "Lydia V.", "ce:initials": "L.V.", "ce:surname": "Luncz", "ce:indexed-name": "Luncz L.V."}}, "citation-info": {"citation-type": {"@code": "ar"}, "citation-language": {"@language": "English", "@xml:lang": "eng"}, "abstract-language": {"@language": "English", "@xml:lang": "eng"}}, "source": {"website": {"ce:e-address": {"$": "https://elifesciences.org/archive", "@type": "email"}}, "translated-sourcetitle": {"$": "eLife", "@xml:lang": "eng"}, "volisspag": {"voliss": {"@volume": "6"}}, "@type": "j", "sourcetitle": "eLife", "publicationdate": {"month": "09", "year": "2017", "date-text": {"@xfab-added": "true", "$": "8 September 2017"}, "day": "08"}, "sourcetitle-abbrev": "eLife", "@country": "gbr", "issn": {"$": "2050084X", "@type": "electronic"}, "publicationyear": {"@first": "2017"}, "publisher": {"publishername": "eLife Sciences Publications Ltd", "ce:e-address": {"$": "staff@elifesciences.org", "@type": "email"}}, "article-number": "e23647", "@srcid": "21100242814"}, "enhancement": {"classificationgroup": {"classifications": [{"@type": "ASJC", "classification": [{"$": "2800"}, {"$": "2400"}, {"$": "1300"}]}, {"@type": "SUBJABBR", "classification": [{"$": "NEUR"}, {"$": "IMMU"}, {"$": "BIOC"}]}]}}, "grantlist": {"@complete": "y", "grant-text": {"$": "European Research Council 283959 Michael Haslam Leverhulme Trust Lydia V Luncz The funders had no role in study design, data collection and interpretation, or the decision to submit the work for publication.", "@xml:lang": "eng"}, "grant": [{"grant-id": "283959", "grant-acronym": "ERC", "grant-agency": {"@iso-code": "bel", "$": "European Research Council"}, "grant-agency-id": "501100000781"}, {"grant-agency": {"@iso-code": "gbr", "$": "Leverhulme Trust"}, "grant-agency-id": "501100000275"}]}}, "item-info": {"copyright": {"$": "Copyright 2017 Elsevier B.V., All rights reserved.", "@type": "Elsevier"}, "dbcollection": [{"$": "EMBASE"}, {"$": "EMBIO"}, {"$": "REAXYSCAR"}, {"$": "RMC"}, {"$": "SCOPUS"}, {"$": "Scopusbase"}, {"$": "MEDL"}], "history": {"date-created": {"@day": "20", "@timestamp": "BST 06:42:20", "@year": "2017", "@month": "09"}}, "itemidlist": {"itemid": [{"$": "618253971", "@idtype": "PUI"}, {"$": "692393499", "@idtype": "CAR-ID"}, {"$": "20170655589", "@idtype": "EMBASE"}, {"$": "2017206758", "@idtype": "EMBIO"}, {"$": "20171644465", "@idtype": "REAXYSCAR"}, {"$": "2017265272", "@idtype": "RMC"}, {"$": "20170461529", "@idtype": "SCOPUS"}, {"$": "85029422056", "@idtype": "SCP"}, {"$": "85029422056", "@idtype": "SGR"}, {"$": "622832197", "@idtype": "PUIsecondary"}, {"$": "28884681", "@idtype": "MEDL"}], "ce:doi": "10.7554/eLife.23647"}}, "tail": {"bibliography": {"@refcount": "40", "reference": [{"ref-fulltext": "Angell CL. 1986. The Biology and Culture of Tropical Oysters. Manila, Philipines: International Center for Living Aquatic Resources Management.", "@id": "1", "ref-info": {"ref-publicationyear": {"@first": "1986"}, "refd-itemidlist": {"itemid": {"$": "0343091895", "@idtype": "SGR"}}, "ref-text": "Manila, Philipines: International Center for Living Aquatic Resources Management", "ref-authors": {"author": [{"@seq": "1", "ce:initials": "C.L.", "@_fa": "true", "ce:surname": "Angell", "ce:indexed-name": "Angell C.L."}]}, "ref-sourcetitle": "The Biology and Culture of Tropical Oysters"}}, {"ref-fulltext": "Baayen RH. 2008. Analyzing Linguistic Data. Cambridge: Cambridge University Press.", "@id": "2", "ref-info": {"ref-publicationyear": {"@first": "2008"}, "refd-itemidlist": {"itemid": {"$": "84924154534", "@idtype": "SGR"}}, "ref-text": "Cambridge: Cambridge University Press", "ref-authors": {"author": [{"@seq": "1", "ce:initials": "R.H.", "@_fa": "true", "ce:surname": "Baayen", "ce:indexed-name": "Baayen R.H."}]}, "ref-sourcetitle": "Analyzing Linguistic Data"}}, {"ref-fulltext": "Barnosky AD, Matzke N, Tomiya S, Wogan GO, Swartz B, Quental TB, Marshall C, McGuire JL, Lindsey EL, Maguire KC, Mersey B, Ferrer EA. 2011. Has the Earth\u2019s sixth mass extinction already arrived? Nature 471:51-57. DOI: https://doi.org/10.1038/nature09678, PMID: 21368823", "@id": "3", "ref-info": {"ref-publicationyear": {"@first": "2011"}, "ref-website": {"ce:e-address": {"$": "https://doi.org/10.1038/nature09678", "@type": "email"}}, "ref-title": {"ref-titletext": "Has the Earth\u2019s sixth mass extinction already arrived?"}, "refd-itemidlist": {"itemid": {"$": "79952259978", "@idtype": "SGR"}}, "ref-volisspag": {"voliss": {"@volume": "471"}, "pagerange": {"@first": "51", "@last": "57"}}, "ref-text": "PMID: 21368823", "ref-authors": {"author": [{"@seq": "1", "ce:initials": "A.D.", "@_fa": "true", "ce:surname": "Barnosky", "ce:indexed-name": "Barnosky A.D."}, {"@seq": "2", "ce:initials": "N.", "@_fa": "true", "ce:surname": "Matzke", "ce:indexed-name": "Matzke N."}, {"@seq": "3", "ce:initials": "S.", "@_fa": "true", "ce:surname": "Tomiya", "ce:indexed-name": "Tomiya S."}, {"@seq": "4", "ce:initials": "G.O.", "@_fa": "true", "ce:surname": "Wogan", "ce:indexed-name": "Wogan G.O."}, {"@seq": "5", "ce:initials": "B.", "@_fa": "true", "ce:surname": "Swartz", "ce:indexed-name": "Swartz B."}, {"@seq": "6", "ce:initials": "T.B.", "@_fa": "true", "ce:surname": "Quental", "ce:indexed-name": "Quental T.B."}, {"@seq": "7", "ce:initials": "C.", "@_fa": "true", "ce:surname": "Marshall", "ce:indexed-name": "Marshall C."}, {"@seq": "8", "ce:initials": "J.L.", "@_fa": "true", "ce:surname": "McGuire", "ce:indexed-name": "McGuire J.L."}, {"@seq": "9", "ce:initials": "E.L.", "@_fa": "true", "ce:surname": "Lindsey", "ce:indexed-name": "Lindsey E.L."}, {"@seq": "10", "ce:initials": "K.C.", "@_fa": "true", "ce:surname": "Maguire", "ce:indexed-name": "Maguire K.C."}, {"@seq": "11", "ce:initials": "B.", "@_fa": "true", "ce:surname": "Mersey", "ce:indexed-name": "Mersey B."}, {"@seq": "12", "ce:initials": "E.A.", "@_fa": "true", "ce:surname": "Ferrer", "ce:indexed-name": "Ferrer E.A."}]}, "ref-sourcetitle": "Nature"}}, {"ref-fulltext": "Barr DJ. 2013. Random effects structure for testing interactions in linear mixed-effects models. Frontiers in Psychology 4:328. DOI: https://doi.org/10.3389/fpsyg.2013.00328, PMID: 23761778", "@id": "4", "ref-info": {"ref-publicationyear": {"@first": "2013"}, "ref-website": {"ce:e-address": {"$": "https://doi.org/10.3389/fpsyg.2013.00328", "@type": "email"}}, "ref-title": {"ref-titletext": "Random effects structure for testing interactions in linear mixed-effects models"}, "refd-itemidlist": {"itemid": {"$": "84894206932", "@idtype": "SGR"}}, "ref-volisspag": {"voliss": {"@volume": "4"}, "pagerange": {"@first": "328"}}, "ref-text": "PMID: 23761778", "ref-authors": {"author": [{"@seq": "1", "ce:initials": "D.J.", "@_fa": "true", "ce:surname": "Barr", "ce:indexed-name": "Barr D.J."}]}, "ref-sourcetitle": "Frontiers in Psychology"}}, {"ref-fulltext": "Bates D, Maechler M. 2010. Lme4: Linear Mixed-Effects Models Using S4 Classes. 0.999375-35. R package.", "@id": "5", "ref-info": {"ref-publicationyear": {"@first": "2010"}, "refd-itemidlist": {"itemid": {"$": "34848812223", "@idtype": "SGR"}}, "ref-text": "0.999375-35. R package", "ref-authors": {"author": [{"@seq": "1", "ce:initials": "D.", "@_fa": "true", "ce:surname": "Bates", "ce:indexed-name": "Bates D."}, {"@seq": "2", "ce:initials": "M.", "@_fa": "true", "ce:surname": "Maechler", "ce:indexed-name": "Maechler M."}]}, "ref-sourcetitle": "Lme4: Linear Mixed-Effects Models Using S4 Classes"}}, {"ref-fulltext": "Blackburn TM, Cassey P, Duncan RP, Evans KL, Gaston KJ. 2004. Avian extinction and mammalian introductions on oceanic islands. Science 305:1955-1958. DOI: https://doi.org/10.1126/science.1101617, PMID: 15448269", "@id": "6", "ref-info": {"ref-publicationyear": {"@first": "2004"}, "ref-website": {"ce:e-address": {"$": "https://doi.org/10.1126/science.1101617", "@type": "email"}}, "ref-title": {"ref-titletext": "Avian extinction and mammalian introductions on oceanic islands"}, "refd-itemidlist": {"itemid": {"$": "4644243339", "@idtype": "SGR"}}, "ref-volisspag": {"voliss": {"@volume": "305"}, "pagerange": {"@first": "1955", "@last": "1958"}}, "ref-text": "PMID: 15448269", "ref-authors": {"author": [{"@seq": "1", "ce:initials": "T.M.", "@_fa": "true", "ce:surname": "Blackburn", "ce:indexed-name": "Blackburn T.M."}, {"@seq": "2", "ce:initials": "P.", "@_fa": "true", "ce:surname": "Cassey", "ce:indexed-name": "Cassey P."}, {"@seq": "3", "ce:initials": "R.P.", "@_fa": "true", "ce:surname": "Duncan", "ce:indexed-name": "Duncan R.P."}, {"@seq": "4", "ce:initials": "K.L.", "@_fa": "true", "ce:surname": "Evans", "ce:indexed-name": "Evans K.L."}, {"@seq": "5", "ce:initials": "K.J.", "@_fa": "true", "ce:surname": "Gaston", "ce:indexed-name": "Gaston K.J."}]}, "ref-sourcetitle": "Science"}}, {"ref-fulltext": "Bolker BM, Brooks ME, Clark CJ, Geange SW, Poulsen JR, Stevens MH, White JS. 2009. Generalized linear mixed models: a practical guide for ecology and evolution. Trends in Ecology & Evolution 24:127-135. DOI: https://doi.org/10.1016/j.tree.2008.10.008, PMID: 19185386", "@id": "7", "ref-info": {"ref-publicationyear": {"@first": "2009"}, "ref-website": {"ce:e-address": {"$": "https://doi.org/10.1016/j.tree.2008.10.008", "@type": "email"}}, "ref-title": {"ref-titletext": "Generalized linear mixed models: A practical guide for ecology and evolution"}, "refd-itemidlist": {"itemid": {"$": "60949108998", "@idtype": "SGR"}}, "ref-volisspag": {"voliss": {"@volume": "24"}, "pagerange": {"@first": "127", "@last": "135"}}, "ref-text": "PMID: 19185386", "ref-authors": {"author": [{"@seq": "1", "ce:initials": "B.M.", "@_fa": "true", "ce:surname": "Bolker", "ce:indexed-name": "Bolker B.M."}, {"@seq": "2", "ce:initials": "M.E.", "@_fa": "true", "ce:surname": "Brooks", "ce:indexed-name": "Brooks M.E."}, {"@seq": "3", "ce:initials": "C.J.", "@_fa": "true", "ce:surname": "Clark", "ce:indexed-name": "Clark C.J."}, {"@seq": "4", "ce:initials": "S.W.", "@_fa": "true", "ce:surname": "Geange", "ce:indexed-name": "Geange S.W."}, {"@seq": "5", "ce:initials": "J.R.", "@_fa": "true", "ce:surname": "Poulsen", "ce:indexed-name": "Poulsen J.R."}, {"@seq": "6", "ce:initials": "M.H.", "@_fa": "true", "ce:surname": "Stevens", "ce:indexed-name": "Stevens M.H."}, {"@seq": "7", "ce:initials": "J.S.", "@_fa": "true", "ce:surname": "White", "ce:indexed-name": "White J.S."}]}, "ref-sourcetitle": "Trends in Ecology & Evolution"}}, {"ref-fulltext": "Branch GM, Odendaal F. 2003. The effects of marine protected areas on the population dynamics of a South African limpet, Cymbula oculus, relative to the influence of wave action. Biological Conservation 114:255-269. DOI: https://doi.org/10.1016/S0006-3207(03)00045-4", "@id": "8", "ref-info": {"ref-publicationyear": {"@first": "2003"}, "ref-website": {"ce:e-address": {"$": "https://doi.org/10.1016/S0006-3207(03)00045-4", "@type": "email"}}, "ref-title": {"ref-titletext": "The effects of marine protected areas on the population dynamics of a South African limpet, Cymbula oculus, relative to the influence of wave action"}, "refd-itemidlist": {"itemid": {"$": "0346936499", "@idtype": "SGR"}}, "ref-volisspag": {"voliss": {"@volume": "114"}, "pagerange": {"@first": "255", "@last": "269"}}, "ref-authors": {"author": [{"@seq": "1", "ce:initials": "G.M.", "@_fa": "true", "ce:surname": "Branch", "ce:indexed-name": "Branch G.M."}, {"@seq": "2", "ce:initials": "F.", "@_fa": "true", "ce:surname": "Odendaal", "ce:indexed-name": "Odendaal F."}]}, "ref-sourcetitle": "Biological Conservation"}}, {"ref-fulltext": "Bunlungsup S, Imai H, Hamada Y, Gumert MD, San AM, Malaivijitnond S. 2016. Morphological characteristics and genetic diversity of burmese long-tailed macaques (Macaca fascicularis aurea): genetic diversity of tool using macaques . American Journal of Primatology 78:441-455. DOI: https://doi.org/10.1002/ajp.22512, PMID: 26670099", "@id": "9", "ref-info": {"ref-publicationyear": {"@first": "2016"}, "ref-website": {"ce:e-address": {"$": "https://doi.org/10.1002/ajp.22512", "@type": "email"}}, "ref-title": {"ref-titletext": "Morphological characteristics and genetic diversity of burmese long-tailed macaques (Macaca fascicularis aurea): Genetic diversity of tool using macaques"}, "refd-itemidlist": {"itemid": {"$": "84950266414", "@idtype": "SGR"}}, "ref-volisspag": {"voliss": {"@volume": "78"}, "pagerange": {"@first": "441", "@last": "455"}}, "ref-text": "PMID: 26670099", "ref-authors": {"author": [{"@seq": "1", "ce:initials": "S.", "@_fa": "true", "ce:surname": "Bunlungsup", "ce:indexed-name": "Bunlungsup S."}, {"@seq": "2", "ce:initials": "H.", "@_fa": "true", "ce:surname": "Imai", "ce:indexed-name": "Imai H."}, {"@seq": "3", "ce:initials": "Y.", "@_fa": "true", "ce:surname": "Hamada", "ce:indexed-name": "Hamada Y."}, {"@seq": "4", "ce:initials": "M.D.", "@_fa": "true", "ce:surname": "Gumert", "ce:indexed-name": "Gumert M.D."}, {"@seq": "5", "ce:initials": "A.M.", "@_fa": "true", "ce:surname": "San", "ce:indexed-name": "San A.M."}, {"@seq": "6", "ce:initials": "S.", "@_fa": "true", "ce:surname": "Malaivijitnond", "ce:indexed-name": "Malaivijitnond S."}]}, "ref-sourcetitle": "American Journal of Primatology"}}, {"ref-fulltext": "Carpenter A. 1887. Monkeys opening Oysters. Nature 36:53. DOI: https://doi.org/10.1038/036053d0", "@id": "10", "ref-info": {"ref-publicationyear": {"@first": "1887"}, "ref-website": {"ce:e-address": {"$": "https://doi.org/10.1038/036053d0", "@type": "email"}}, "ref-title": {"ref-titletext": "Monkeys opening Oysters"}, "refd-itemidlist": {"itemid": {"$": "33846897251", "@idtype": "SGR"}}, "ref-volisspag": {"voliss": {"@volume": "36"}, "pagerange": {"@first": "53"}}, "ref-authors": {"author": [{"@seq": "1", "ce:initials": "A.", "@_fa": "true", "ce:surname": "Carpenter", "ce:indexed-name": "Carpenter A."}]}, "ref-sourcetitle": "Nature"}}, {"ref-fulltext": "Cort\u00e9s-S\u00e1nchez M, Morales-Mu\u00f1iz A, Sim\u00f3n-Vallejo MD, Lozano-Francisco MC, Vera-Pel\u00e1ez JL, Finlayson C, Rodr\u00edguez-Vidal J, Delgado-Huertas A, Jim\u00e9nez-Espejo FJ, Mart\u00ednez-Ruiz F, Mart\u00ednez-Aguirre MA, Pascual-Granged AJ, Bergad\u00e0-Zapata MM, Gibaja-Bao JF, Riquelme-Cantal JA, L\u00f3pez-S\u00e1ez JA, Rodrigo-G\u00e1miz M, Sakai S, Sugisaki S, Finlayson G, et al. 2011. Earliest known use of marine resources by Neanderthals. PLoS ONE 6:e24026. DOI: https://doi.org/10.1371/journal.pone.0024026, PMID: 21935371", "@id": "11", "ref-info": {"ref-publicationyear": {"@first": "2011"}, "ref-website": {"ce:e-address": {"$": "https://doi.org/10.1371/journal.pone.0024026", "@type": "email"}}, "ref-title": {"ref-titletext": "Earliest known use of marine resources by Neanderthals"}, "refd-itemidlist": {"itemid": {"$": "80052842462", "@idtype": "SGR"}}, "ref-volisspag": {"voliss": {"@volume": "6"}, "pagerange": {"@first": "e24026"}}, "ref-text": "PMID: 21935371", "ref-authors": {"author": [{"@seq": "1", "ce:initials": "M.", "@_fa": "true", "ce:surname": "Cort\u00e9s-S\u00e1nchez", "ce:indexed-name": "Cortes-Sanchez M."}, {"@seq": "2", "ce:initials": "A.", "@_fa": "true", "ce:surname": "Morales-Mu\u00f1iz", "ce:indexed-name": "Morales-Muniz A."}, {"@seq": "3", "ce:initials": "M.D.", "@_fa": "true", "ce:surname": "Sim\u00f3n-Vallejo", "ce:indexed-name": "Simon-Vallejo M.D."}, {"@seq": "4", "ce:initials": "M.C.", "@_fa": "true", "ce:surname": "Lozano-Francisco", "ce:indexed-name": "Lozano-Francisco M.C."}, {"@seq": "5", "ce:initials": "J.L.", "@_fa": "true", "ce:surname": "Vera-Pel\u00e1ez", "ce:indexed-name": "Vera-Pelaez J.L."}, {"@seq": "6", "ce:initials": "C.", "@_fa": "true", "ce:surname": "Finlayson", "ce:indexed-name": "Finlayson C."}, {"@seq": "7", "ce:initials": "J.", "@_fa": "true", "ce:surname": "Rodr\u00edguez-Vidal", "ce:indexed-name": "Rodriguez-Vidal J."}, {"@seq": "8", "ce:initials": "A.", "@_fa": "true", "ce:surname": "Delgado-Huertas", "ce:indexed-name": "Delgado-Huertas A."}, {"@seq": "9", "ce:initials": "F.J.", "@_fa": "true", "ce:surname": "Jim\u00e9nez-Espejo", "ce:indexed-name": "Jimenez-Espejo F.J."}, {"@seq": "10", "ce:initials": "F.", "@_fa": "true", "ce:surname": "Mart\u00ednez-Ruiz", "ce:indexed-name": "Martinez-Ruiz F."}, {"@seq": "11", "ce:initials": "M.A.", "@_fa": "true", "ce:surname": "Mart\u00ednez-Aguirre", "ce:indexed-name": "Martinez-Aguirre M.A."}, {"@seq": "12", "ce:initials": "A.J.", "@_fa": "true", "ce:surname": "Pascual-Granged", "ce:indexed-name": "Pascual-Granged A.J."}, {"@seq": "13", "ce:initials": "M.M.", "@_fa": "true", "ce:surname": "Bergad\u00e0-Zapata", "ce:indexed-name": "Bergada-Zapata M.M."}, {"@seq": "14", "ce:initials": "J.F.", "@_fa": "true", "ce:surname": "Gibaja-Bao", "ce:indexed-name": "Gibaja-Bao J.F."}, {"@seq": "15", "ce:initials": "J.A.", "@_fa": "true", "ce:surname": "Riquelme-Cantal", "ce:indexed-name": "Riquelme-Cantal J.A."}, {"@seq": "16", "ce:initials": "J.A.", "@_fa": "true", "ce:surname": "L\u00f3pez-S\u00e1ez", "ce:indexed-name": "Lopez-Saez J.A."}, {"@seq": "17", "ce:initials": "M.", "@_fa": "true", "ce:surname": "Rodrigo-G\u00e1miz", "ce:indexed-name": "Rodrigo-Gamiz M."}, {"@seq": "18", "ce:initials": "S.", "@_fa": "true", "ce:surname": "Sakai", "ce:indexed-name": "Sakai S."}, {"@seq": "19", "ce:initials": "S.", "@_fa": "true", "ce:surname": "Sugisaki", "ce:indexed-name": "Sugisaki S."}, {"@seq": "20", "ce:initials": "G.", "@_fa": "true", "ce:surname": "Finlayson", "ce:indexed-name": "Finlayson G."}], "et-al": null}, "ref-sourcetitle": "PLoS ONE"}}, {"ref-fulltext": "Dobson AJ, Barnett A. 2002. An Introduction to Generalized Linear Models. Florida: Chapman & Hall.", "@id": "12", "ref-info": {"ref-publicationyear": {"@first": "2002"}, "refd-itemidlist": {"itemid": {"$": "0003402804", "@idtype": "SGR"}}, "ref-text": "Florida: Chapman & Hall", "ref-authors": {"author": [{"@seq": "1", "ce:initials": "A.J.", "@_fa": "true", "ce:surname": "Dobson", "ce:indexed-name": "Dobson A.J."}, {"@seq": "2", "ce:initials": "A.", "@_fa": "true", "ce:surname": "Barnett", "ce:indexed-name": "Barnett A."}]}, "ref-sourcetitle": "An Introduction to Generalized Linear Models"}}, {"ref-fulltext": "Erlandson JM, Rick TC, Braje TJ, Steinberg A, Vellanoweth RL. 2008. Human impacts on ancient shellfish: a 10, 000 year record from San Miguel Island, California. Journal of Archaeological Science 35:2144-2152. DOI: https://doi.org/10.1016/j.jas.2008.01.014", "@id": "13", "ref-info": {"ref-publicationyear": {"@first": "2008"}, "ref-website": {"ce:e-address": {"$": "https://doi.org/10.1016/j.jas.2008.01.014", "@type": "email"}}, "ref-title": {"ref-titletext": "Human impacts on ancient shellfish: A 10, 000 year record from San Miguel Island, California"}, "refd-itemidlist": {"itemid": {"$": "44449160292", "@idtype": "SGR"}}, "ref-volisspag": {"voliss": {"@volume": "35"}, "pagerange": {"@first": "2144", "@last": "2152"}}, "ref-authors": {"author": [{"@seq": "1", "ce:initials": "J.M.", "@_fa": "true", "ce:surname": "Erlandson", "ce:indexed-name": "Erlandson J.M."}, {"@seq": "2", "ce:initials": "T.C.", "@_fa": "true", "ce:surname": "Rick", "ce:indexed-name": "Rick T.C."}, {"@seq": "3", "ce:initials": "T.J.", "@_fa": "true", "ce:surname": "Braje", "ce:indexed-name": "Braje T.J."}, {"@seq": "4", "ce:initials": "A.", "@_fa": "true", "ce:surname": "Steinberg", "ce:indexed-name": "Steinberg A."}, {"@seq": "5", "ce:initials": "R.L.", "@_fa": "true", "ce:surname": "Vellanoweth", "ce:indexed-name": "Vellanoweth R.L."}]}, "ref-sourcetitle": "Journal of Archaeological Science"}}, {"ref-fulltext": "Fenberg PB, Roy K. 2008. Ecological and evolutionary consequences of size-selective harvesting: how much do we know? Molecular Ecology 17:209-220. DOI: https://doi.org/10.1111/j.1365-294X.2007.03522.x, PMID: 17868288", "@id": "14", "ref-info": {"ref-publicationyear": {"@first": "2008"}, "ref-website": {"ce:e-address": {"$": "https://doi.org/10.1111/j.1365-294X.2007.03522.x", "@type": "email"}}, "ref-title": {"ref-titletext": "Ecological and evolutionary consequences of size-selective harvesting: How much do we know?"}, "refd-itemidlist": {"itemid": {"$": "37349014567", "@idtype": "SGR"}}, "ref-volisspag": {"voliss": {"@volume": "17"}, "pagerange": {"@first": "209", "@last": "220"}}, "ref-text": "PMID: 17868288", "ref-authors": {"author": [{"@seq": "1", "ce:initials": "P.B.", "@_fa": "true", "ce:surname": "Fenberg", "ce:indexed-name": "Fenberg P.B."}, {"@seq": "2", "ce:initials": "K.", "@_fa": "true", "ce:surname": "Roy", "ce:indexed-name": "Roy K."}]}, "ref-sourcetitle": "Molecular Ecology"}}, {"ref-fulltext": "Fernandes MEB. 1991. Tool use and predation of oysters (Crassostrea rhizophorae) by the tufted capuchin, Cebus apella appella, in brackish water mangrove swamp. Primates 32:529-531. DOI: https://doi.org/10.1007/BF02381944", "@id": "15", "ref-info": {"ref-publicationyear": {"@first": "1991"}, "ref-website": {"ce:e-address": {"$": "https://doi.org/10.1007/BF02381944", "@type": "email"}}, "ref-title": {"ref-titletext": "Tool use and predation of oysters (Crassostrea rhizophorae) by the tufted capuchin, Cebus apella appella, in brackish water mangrove swamp"}, "refd-itemidlist": {"itemid": {"$": "0000951828", "@idtype": "SGR"}}, "ref-volisspag": {"voliss": {"@volume": "32"}, "pagerange": {"@first": "529", "@last": "531"}}, "ref-authors": {"author": [{"@seq": "1", "ce:initials": "M.E.B.", "@_fa": "true", "ce:surname": "Fernandes", "ce:indexed-name": "Fernandes M.E.B."}]}, "ref-sourcetitle": "Primates"}}, {"ref-fulltext": "Gumert M. 2011. Gumert M, Fuentes A, Jones-Engel L (Eds). Monkeys on the Edge: Ecology and Management of Long-Tailed Macaques and Their Interface with Humans. Cambridge, United Kingdom: Cambridge University Press. p. 3-44. DOI: https://doi.org/10.1017/CBO9780511974434", "@id": "16", "ref-info": {"ref-publicationyear": {"@first": "2011"}, "ref-website": {"ce:e-address": {"$": "https://doi.org/10.1017/CBO9780511974434", "@type": "email"}}, "ref-title": {"ref-titletext": "Gumert M, Fuentes A, Jones-Engel L (Eds)"}, "refd-itemidlist": {"itemid": {"$": "84867581904", "@idtype": "SGR"}}, "ref-volisspag": {"pagerange": {"@first": "3", "@last": "44"}}, "ref-text": "Cambridge, United Kingdom: Cambridge University Press", "ref-authors": {"author": [{"@seq": "1", "ce:initials": "M.", "@_fa": "true", "ce:surname": "Gumert", "ce:indexed-name": "Gumert M."}]}, "ref-sourcetitle": "Monkeys on the Edge: Ecology and Management of Long-Tailed Macaques and Their Interface with Humans"}}, {"ref-fulltext": "Gumert MD, Malaivijitnond S. 2012. Marine prey processed with stone tools by Burmese long-tailed macaques (Macaca fascicularis aurea) in intertidal habitats. American Journal of Physical Anthropology 149:447-457. DOI: https://doi.org/10.1002/ajpa.22143, PMID: 23042618", "@id": "17", "ref-info": {"ref-publicationyear": {"@first": "2012"}, "ref-website": {"ce:e-address": {"$": "https://doi.org/10.1002/ajpa.22143", "@type": "email"}}, "ref-title": {"ref-titletext": "Marine prey processed with stone tools by Burmese long-tailed macaques (Macaca fascicularis aurea) in intertidal habitats"}, "refd-itemidlist": {"itemid": {"$": "84867574434", "@idtype": "SGR"}}, "ref-volisspag": {"voliss": {"@volume": "149"}, "pagerange": {"@first": "447", "@last": "457"}}, "ref-text": "PMID: 23042618", "ref-authors": {"author": [{"@seq": "1", "ce:initials": "M.D.", "@_fa": "true", "ce:surname": "Gumert", "ce:indexed-name": "Gumert M.D."}, {"@seq": "2", "ce:initials": "S.", "@_fa": "true", "ce:surname": "Malaivijitnond", "ce:indexed-name": "Malaivijitnond S."}]}, "ref-sourcetitle": "American Journal of Physical Anthropology"}}, {"ref-fulltext": "Gumert MD, Malaivijitnond S. 2013. Long-tailed macaques select mass of stone tools according to food type. Philosophical Transactions of the Royal Society B: Biological Sciences 368:20120413. DOI: https://doi.org/10.1098/rstb.2012.0413", "@id": "18", "ref-info": {"ref-publicationyear": {"@first": "2013"}, "ref-website": {"ce:e-address": {"$": "https://doi.org/10.1098/rstb.2012.0413", "@type": "email"}}, "ref-title": {"ref-titletext": "Long-tailed macaques select mass of stone tools according to food type"}, "refd-itemidlist": {"itemid": {"$": "84885194996", "@idtype": "SGR"}}, "ref-volisspag": {"voliss": {"@volume": "368"}, "pagerange": {"@first": "20120413"}}, "ref-authors": {"author": [{"@seq": "1", "ce:initials": "M.D.", "@_fa": "true", "ce:surname": "Gumert", "ce:indexed-name": "Gumert M.D."}, {"@seq": "2", "ce:initials": "S.", "@_fa": "true", "ce:surname": "Malaivijitnond", "ce:indexed-name": "Malaivijitnond S."}]}, "ref-sourcetitle": "Philosophical Transactions of the Royal Society B: Biological Sciences"}}, {"ref-fulltext": "Hall KRL. 2009. Numerical data, maintenance activities and locomotion in the wild chacma baboon, Papio ursinus. Proceedings of the Zoological Society of London 139:181-220. DOI: https://doi.org/10.1111/j.1469-7998.1962.tb01827.x", "@id": "19", "ref-info": {"ref-publicationyear": {"@first": "2009"}, "ref-website": {"ce:e-address": {"$": "https://doi.org/10.1111/j.1469-7998.1962.tb01827.x", "@type": "email"}}, "ref-title": {"ref-titletext": "Numerical data, maintenance activities and locomotion in the wild chacma baboon, Papio ursinus"}, "refd-itemidlist": {"itemid": {"$": "84984087699", "@idtype": "SGR"}}, "ref-volisspag": {"voliss": {"@volume": "139"}, "pagerange": {"@first": "181", "@last": "220"}}, "ref-authors": {"author": [{"@seq": "1", "ce:initials": "K.R.L.", "@_fa": "true", "ce:surname": "Hall", "ce:indexed-name": "Hall K.R.L."}]}, "ref-sourcetitle": "Proceedings of the Zoological Society of London"}}, {"ref-fulltext": "Haslam M, Luncz L, Pascual-Garrido A, Fal\u00f3tico T, Malaivijitnond S, Gumert M. 2016b. Archaeological excavation of wild macaque stone tools. Journal of Human Evolution 96:134-138. DOI: https://doi.org/10.1016/j.jhevol.2016.05.002, PMID: 27256780", "@id": "20", "ref-info": {"ref-publicationyear": {"@first": "2016"}, "ref-website": {"ce:e-address": {"$": "https://doi.org/10.1016/j.jhevol.2016.05.002", "@type": "email"}}, "ref-title": {"ref-titletext": "Archaeological excavation of wild macaque stone tools"}, "refd-itemidlist": {"itemid": {"$": "84969689181", "@idtype": "SGR"}}, "ref-volisspag": {"voliss": {"@volume": "96"}, "pagerange": {"@first": "134", "@last": "138"}}, "ref-text": "PMID: 27256780", "ref-authors": {"author": [{"@seq": "1", "ce:initials": "M.", "@_fa": "true", "ce:surname": "Haslam", "ce:indexed-name": "Haslam M."}, {"@seq": "2", "ce:initials": "L.", "@_fa": "true", "ce:surname": "Luncz", "ce:indexed-name": "Luncz L."}, {"@seq": "3", "ce:initials": "A.", "@_fa": "true", "ce:surname": "Pascual-Garrido", "ce:indexed-name": "Pascual-Garrido A."}, {"@seq": "4", "ce:initials": "T.", "@_fa": "true", "ce:surname": "Fal\u00f3tico", "ce:indexed-name": "Falotico T."}, {"@seq": "5", "ce:initials": "S.", "@_fa": "true", "ce:surname": "Malaivijitnond", "ce:indexed-name": "Malaivijitnond S."}, {"@seq": "6", "ce:initials": "M.", "@_fa": "true", "ce:surname": "Gumert", "ce:indexed-name": "Gumert M."}]}, "ref-sourcetitle": "Journal of Human Evolution"}}, {"ref-fulltext": "Haslam M, Pascual-Garrido A, Malaivijitnond S, Gumert M. 2016. Stone tool transport by wild Burmese long-tailed macaques ( Macaca fascicularis aurea ). Journal of Archaeological Science: Reports 7:408-413. DOI: https://doi.org/10.1016/j.jasrep.2016.05.040", "@id": "21", "ref-info": {"ref-publicationyear": {"@first": "2016"}, "ref-website": {"ce:e-address": {"$": "https://doi.org/10.1016/j.jasrep.2016.05.040", "@type": "email"}}, "ref-title": {"ref-titletext": "Stone tool transport by wild Burmese long-tailed macaques ( Macaca fascicularis aurea )"}, "refd-itemidlist": {"itemid": {"$": "84969731106", "@idtype": "SGR"}}, "ref-volisspag": {"voliss": {"@volume": "7"}, "pagerange": {"@first": "408", "@last": "413"}}, "ref-authors": {"author": [{"@seq": "1", "ce:initials": "M.", "@_fa": "true", "ce:surname": "Haslam", "ce:indexed-name": "Haslam M."}, {"@seq": "2", "ce:initials": "A.", "@_fa": "true", "ce:surname": "Pascual-Garrido", "ce:indexed-name": "Pascual-Garrido A."}, {"@seq": "3", "ce:initials": "S.", "@_fa": "true", "ce:surname": "Malaivijitnond", "ce:indexed-name": "Malaivijitnond S."}, {"@seq": "4", "ce:initials": "M.", "@_fa": "true", "ce:surname": "Gumert", "ce:indexed-name": "Gumert M."}]}, "ref-sourcetitle": "Journal of Archaeological Science: Reports"}}, {"ref-fulltext": "Jackson JB, Kirby MX, Berger WH, Bjorndal KA, Botsford LW, Bourque BJ, Bradbury RH, Cooke R, Erlandson J, Estes JA, Hughes TP, Kidwell S, Lange CB, Lenihan HS, Pandolfi JM, Peterson CH, Steneck RS, Tegner MJ, Warner RR. 2001. Historical overfishing and the recent collapse of coastal ecosystems. Science 293:629-637. DOI: https://doi.org/10.1126/science.1059199, PMID: 11474098", "@id": "22", "ref-info": {"ref-publicationyear": {"@first": "2001"}, "ref-website": {"ce:e-address": {"$": "https://doi.org/10.1126/science.1059199", "@type": "email"}}, "ref-title": {"ref-titletext": "Historical overfishing and the recent collapse of coastal ecosystems"}, "refd-itemidlist": {"itemid": {"$": "0035958751", "@idtype": "SGR"}}, "ref-volisspag": {"voliss": {"@volume": "293"}, "pagerange": {"@first": "629", "@last": "637"}}, "ref-text": "PMID: 11474098", "ref-authors": {"author": [{"@seq": "1", "ce:initials": "J.B.", "@_fa": "true", "ce:surname": "Jackson", "ce:indexed-name": "Jackson J.B."}, {"@seq": "2", "ce:initials": "M.X.", "@_fa": "true", "ce:surname": "Kirby", "ce:indexed-name": "Kirby M.X."}, {"@seq": "3", "ce:initials": "W.H.", "@_fa": "true", "ce:surname": "Berger", "ce:indexed-name": "Berger W.H."}, {"@seq": "4", "ce:initials": "K.A.", "@_fa": "true", "ce:surname": "Bjorndal", "ce:indexed-name": "Bjorndal K.A."}, {"@seq": "5", "ce:initials": "L.W.", "@_fa": "true", "ce:surname": "Botsford", "ce:indexed-name": "Botsford L.W."}, {"@seq": "6", "ce:initials": "B.J.", "@_fa": "true", "ce:surname": "Bourque", "ce:indexed-name": "Bourque B.J."}, {"@seq": "7", "ce:initials": "R.H.", "@_fa": "true", "ce:surname": "Bradbury", "ce:indexed-name": "Bradbury R.H."}, {"@seq": "8", "ce:initials": "R.", "@_fa": "true", "ce:surname": "Cooke", "ce:indexed-name": "Cooke R."}, {"@seq": "9", "ce:initials": "J.", "@_fa": "true", "ce:surname": "Erlandson", "ce:indexed-name": "Erlandson J."}, {"@seq": "10", "ce:initials": "J.A.", "@_fa": "true", "ce:surname": "Estes", "ce:indexed-name": "Estes J.A."}, {"@seq": "11", "ce:initials": "T.P.", "@_fa": "true", "ce:surname": "Hughes", "ce:indexed-name": "Hughes T.P."}, {"@seq": "12", "ce:initials": "S.", "@_fa": "true", "ce:surname": "Kidwell", "ce:indexed-name": "Kidwell S."}, {"@seq": "13", "ce:initials": "C.B.", "@_fa": "true", "ce:surname": "Lange", "ce:indexed-name": "Lange C.B."}, {"@seq": "14", "ce:initials": "H.S.", "@_fa": "true", "ce:surname": "Lenihan", "ce:indexed-name": "Lenihan H.S."}, {"@seq": "15", "ce:initials": "J.M.", "@_fa": "true", "ce:surname": "Pandolfi", "ce:indexed-name": "Pandolfi J.M."}, {"@seq": "16", "ce:initials": "C.H.", "@_fa": "true", "ce:surname": "Peterson", "ce:indexed-name": "Peterson C.H."}, {"@seq": "17", "ce:initials": "R.S.", "@_fa": "true", "ce:surname": "Steneck", "ce:indexed-name": "Steneck R.S."}, {"@seq": "18", "ce:initials": "M.J.", "@_fa": "true", "ce:surname": "Tegner", "ce:indexed-name": "Tegner M.J."}, {"@seq": "19", "ce:initials": "R.R.", "@_fa": "true", "ce:surname": "Warner", "ce:indexed-name": "Warner R.R."}]}, "ref-sourcetitle": "Science"}}, {"ref-fulltext": "Langejans GHJ, van Niekerk KL, Dusseldorp GL, Thackeray JF. 2012. Middle Stone Age shellfish exploitation: Potential indications for mass collecting and resource intensification at Blombos Cave and Klasies River, South Africa. Quaternary International 270:80-94. DOI: https://doi.org/10.1016/j.quaint.2011.09.003", "@id": "23", "ref-info": {"ref-publicationyear": {"@first": "2012"}, "ref-website": {"ce:e-address": {"$": "https://doi.org/10.1016/j.quaint.2011.09.003", "@type": "email"}}, "ref-title": {"ref-titletext": "Middle Stone Age shellfish exploitation: Potential indications for mass collecting and resource intensification at Blombos Cave and Klasies River, South Africa"}, "refd-itemidlist": {"itemid": {"$": "84864305239", "@idtype": "SGR"}}, "ref-volisspag": {"voliss": {"@volume": "270"}, "pagerange": {"@first": "80", "@last": "94"}}, "ref-authors": {"author": [{"@seq": "1", "ce:initials": "G.H.J.", "@_fa": "true", "ce:surname": "Langejans", "ce:indexed-name": "Langejans G.H.J."}, {"@seq": "2", "ce:initials": "K.L.", "@_fa": "true", "ce:surname": "van Niekerk", "ce:indexed-name": "van Niekerk K.L."}, {"@seq": "3", "ce:initials": "G.L.", "@_fa": "true", "ce:surname": "Dusseldorp", "ce:indexed-name": "Dusseldorp G.L."}, {"@seq": "4", "ce:initials": "J.F.", "@_fa": "true", "ce:surname": "Thackeray", "ce:indexed-name": "Thackeray J.F."}]}, "ref-sourcetitle": "Quaternary International"}}, {"ref-fulltext": "Malaivijitnond S, Lekprayoon C, Tandavanittj N, Panha S, Cheewatham C, Hamada Y. 2007. Stone-tool usage by Thai long-tailed macaques (Macaca fascicularis). American Journal of Primatology 69:227-233. DOI: https://doi.org/10.1002/ajp.20342, PMID: 17146796", "@id": "24", "ref-info": {"ref-publicationyear": {"@first": "2007"}, "ref-website": {"ce:e-address": {"$": "https://doi.org/10.1002/ajp.20342", "@type": "email"}}, "ref-title": {"ref-titletext": "Stone-tool usage by Thai long-tailed macaques (Macaca fascicularis)"}, "refd-itemidlist": {"itemid": {"$": "33846917719", "@idtype": "SGR"}}, "ref-volisspag": {"voliss": {"@volume": "69"}, "pagerange": {"@first": "227", "@last": "233"}}, "ref-text": "PMID: 17146796", "ref-authors": {"author": [{"@seq": "1", "ce:initials": "S.", "@_fa": "true", "ce:surname": "Malaivijitnond", "ce:indexed-name": "Malaivijitnond S."}, {"@seq": "2", "ce:initials": "C.", "@_fa": "true", "ce:surname": "Lekprayoon", "ce:indexed-name": "Lekprayoon C."}, {"@seq": "3", "ce:initials": "N.", "@_fa": "true", "ce:surname": "Tandavanittj", "ce:indexed-name": "Tandavanittj N."}, {"@seq": "4", "ce:initials": "S.", "@_fa": "true", "ce:surname": "Panha", "ce:indexed-name": "Panha S."}, {"@seq": "5", "ce:initials": "C.", "@_fa": "true", "ce:surname": "Cheewatham", "ce:indexed-name": "Cheewatham C."}, {"@seq": "6", "ce:initials": "Y.", "@_fa": "true", "ce:surname": "Hamada", "ce:indexed-name": "Hamada Y."}]}, "ref-sourcetitle": "American Journal of Primatology"}}, {"ref-fulltext": "Mannino MA, Thomas KD. 2002. Depletion of a resource? The impact of prehistoric human foraging on intertidal mollusc communities and its significance for human settlement, mobility and dispersal. World Archaeology 33: 452-474. DOI: https://doi.org/10.1080/00438240120107477", "@id": "25", "ref-info": {"ref-publicationyear": {"@first": "2002"}, "ref-website": {"ce:e-address": {"$": "https://doi.org/10.1080/00438240120107477", "@type": "email"}}, "ref-title": {"ref-titletext": "Depletion of a resource? The impact of prehistoric human foraging on intertidal mollusc communities and its significance for human settlement, mobility and dispersal"}, "refd-itemidlist": {"itemid": {"$": "0036187303", "@idtype": "SGR"}}, "ref-volisspag": {"voliss": {"@volume": "33"}, "pagerange": {"@first": "452", "@last": "474"}}, "ref-authors": {"author": [{"@seq": "1", "ce:initials": "M.A.", "@_fa": "true", "ce:surname": "Mannino", "ce:indexed-name": "Mannino M.A."}, {"@seq": "2", "ce:initials": "K.D.", "@_fa": "true", "ce:surname": "Thomas", "ce:indexed-name": "Thomas K.D."}]}, "ref-sourcetitle": "World Archaeology"}}, {"ref-fulltext": "Marean CW, Bar-Matthews M, Bernatchez J, Fisher E, Goldberg P, Herries AI, Jacobs Z, Jerardino A, Karkanas P, Minichillo T, Nilssen PJ, Thompson E, Watts I, Williams HM. 2007. Early human use of marine resources and pigment in South Africa during the Middle Pleistocene. Nature 449:905-908. DOI: https://doi.org/10.1038/nature06204, PMID: 17943129", "@id": "26", "ref-info": {"ref-publicationyear": {"@first": "2007"}, "ref-website": {"ce:e-address": {"$": "https://doi.org/10.1038/nature06204", "@type": "email"}}, "ref-title": {"ref-titletext": "Early human use of marine resources and pigment in South Africa during the Middle Pleistocene"}, "refd-itemidlist": {"itemid": {"$": "35348998362", "@idtype": "SGR"}}, "ref-volisspag": {"voliss": {"@volume": "449"}, "pagerange": {"@first": "905", "@last": "908"}}, "ref-text": "PMID: 17943129", "ref-authors": {"author": [{"@seq": "1", "ce:initials": "C.W.", "@_fa": "true", "ce:surname": "Marean", "ce:indexed-name": "Marean C.W."}, {"@seq": "2", "ce:initials": "M.", "@_fa": "true", "ce:surname": "Bar-Matthews", "ce:indexed-name": "Bar-Matthews M."}, {"@seq": "3", "ce:initials": "J.", "@_fa": "true", "ce:surname": "Bernatchez", "ce:indexed-name": "Bernatchez J."}, {"@seq": "4", "ce:initials": "E.", "@_fa": "true", "ce:surname": "Fisher", "ce:indexed-name": "Fisher E."}, {"@seq": "5", "ce:initials": "P.", "@_fa": "true", "ce:surname": "Goldberg", "ce:indexed-name": "Goldberg P."}, {"@seq": "6", "ce:initials": "A.I.", "@_fa": "true", "ce:surname": "Herries", "ce:indexed-name": "Herries A.I."}, {"@seq": "7", "ce:initials": "Z.", "@_fa": "true", "ce:surname": "Jacobs", "ce:indexed-name": "Jacobs Z."}, {"@seq": "8", "ce:initials": "A.", "@_fa": "true", "ce:surname": "Jerardino", "ce:indexed-name": "Jerardino A."}, {"@seq": "9", "ce:initials": "P.", "@_fa": "true", "ce:surname": "Karkanas", "ce:indexed-name": "Karkanas P."}, {"@seq": "10", "ce:initials": "T.", "@_fa": "true", "ce:surname": "Minichillo", "ce:indexed-name": "Minichillo T."}, {"@seq": "11", "ce:initials": "P.J.", "@_fa": "true", "ce:surname": "Nilssen", "ce:indexed-name": "Nilssen P.J."}, {"@seq": "12", "ce:initials": "E.", "@_fa": "true", "ce:surname": "Thompson", "ce:indexed-name": "Thompson E."}, {"@seq": "13", "ce:initials": "I.", "@_fa": "true", "ce:surname": "Watts", "ce:indexed-name": "Watts I."}, {"@seq": "14", "ce:initials": "H.M.", "@_fa": "true", "ce:surname": "Williams", "ce:indexed-name": "Williams H.M."}]}, "ref-sourcetitle": "Nature"}}, {"ref-fulltext": "Moore HB. 1937. The biology of littorina littorea. Part I. Growth of the shell and tissues, spawning, length of life and mortality. Journal of the Marine Biological Association of the United Kingdom 21:721-742. DOI: https://doi.org/10.1017/S0025315400053844", "@id": "27", "ref-info": {"ref-publicationyear": {"@first": "1937"}, "ref-website": {"ce:e-address": {"$": "https://doi.org/10.1017/S0025315400053844", "@type": "email"}}, "ref-title": {"ref-titletext": "The biology of littorina littorea. Part I. Growth of the shell and tissues, spawning, length of life and mortality"}, "refd-itemidlist": {"itemid": {"$": "84958735746", "@idtype": "SGR"}}, "ref-volisspag": {"voliss": {"@volume": "21"}, "pagerange": {"@first": "721", "@last": "742"}}, "ref-authors": {"author": [{"@seq": "1", "ce:initials": "H.B.", "@_fa": "true", "ce:surname": "Moore", "ce:indexed-name": "Moore H.B."}]}, "ref-sourcetitle": "Journal of the Marine Biological Association of the United Kingdom"}}, {"ref-fulltext": "Moreira F. 2008. The winter feeding ecology of Avocets Recurvirostra avosetta on intertidal areas. II. Diet and feeding mechanisms. Ibis3 137:99-108. DOI: https://doi.org/10.1111/j.1474-919X.1995.tb03225.x", "@id": "28", "ref-info": {"ref-publicationyear": {"@first": "2008"}, "ref-website": {"ce:e-address": {"$": "https://doi.org/10.1111/j.1474-919X.1995.tb03225.x", "@type": "email"}}, "ref-title": {"ref-titletext": "The winter feeding ecology of Avocets Recurvirostra avosetta on intertidal areas"}, "refd-itemidlist": {"itemid": {"$": "0028976998", "@idtype": "SGR"}}, "ref-volisspag": {"voliss": {"@volume": "137"}, "pagerange": {"@first": "99", "@last": "108"}}, "ref-authors": {"author": [{"@seq": "1", "ce:initials": "F.", "@_fa": "true", "ce:surname": "Moreira", "ce:indexed-name": "Moreira F."}]}, "ref-sourcetitle": "II. Diet and feeding mechanisms. Ibis3"}}, {"ref-fulltext": "Morrison AE, Allen MS. 2017. Agent-based modelling, molluscan population dynamics, and archaeomalacology. Quaternary International 427:170-183. DOI: https://doi.org/10.1016/j.quaint.2015.09.004", "@id": "29", "ref-info": {"ref-publicationyear": {"@first": "2017"}, "ref-website": {"ce:e-address": {"$": "https://doi.org/10.1016/j.quaint.2015.09.004", "@type": "email"}}, "ref-title": {"ref-titletext": "Agent-based modelling, molluscan population dynamics, and archaeomalacology"}, "refd-itemidlist": {"itemid": {"$": "84948799847", "@idtype": "SGR"}}, "ref-volisspag": {"voliss": {"@volume": "427"}, "pagerange": {"@first": "170", "@last": "183"}}, "ref-authors": {"author": [{"@seq": "1", "ce:initials": "A.E.", "@_fa": "true", "ce:surname": "Morrison", "ce:indexed-name": "Morrison A.E."}, {"@seq": "2", "ce:initials": "M.S.", "@_fa": "true", "ce:surname": "Allen", "ce:indexed-name": "Allen M.S."}]}, "ref-sourcetitle": "Quaternary International"}}, {"ref-fulltext": "Morrison AE, Hunt TL. 2007. Human Impacts on the Nearshore Environment: An Archaeological Case Study from Kaua\u2019i, Hawaiian Islands. Pacific Science 61:325-345. DOI: https://doi.org/10.2984/1534-6188(2007)61[325: HIOTNE]2.0.CO;2", "@id": "30", "ref-info": {"ref-publicationyear": {"@first": "2007"}, "ref-website": {"ce:e-address": {"$": "https://doi.org/10.2984/1534-6188(2007)61[325:HIOTNE]2.0.CO;2", "@type": "email"}}, "ref-title": {"ref-titletext": "Human Impacts on the Nearshore Environment: An Archaeological Case Study from Kaua\u2019i, Hawaiian Islands"}, "refd-itemidlist": {"itemid": {"$": "34248640259", "@idtype": "SGR"}}, "ref-volisspag": {"voliss": {"@volume": "61"}, "pagerange": {"@first": "325", "@last": "345"}}, "ref-authors": {"author": [{"@seq": "1", "ce:initials": "A.E.", "@_fa": "true", "ce:surname": "Morrison", "ce:indexed-name": "Morrison A.E."}, {"@seq": "2", "ce:initials": "T.L.", "@_fa": "true", "ce:surname": "Hunt", "ce:indexed-name": "Hunt T.L."}]}, "ref-sourcetitle": "Pacific Science"}}, {"ref-fulltext": "Ohgaki S-I. 1997. Some aspects of the breeding biology of Planaxis sulcatus (Born) (Gastropoda: Planaxidae). Journal of Molluscan Studies 63:49-56. DOI: https://doi.org/10.1093/mollus/63.1.49", "@id": "31", "ref-info": {"ref-publicationyear": {"@first": "1997"}, "ref-website": {"ce:e-address": {"$": "https://doi.org/10.1093/mollus/63.1.49", "@type": "email"}}, "ref-title": {"ref-titletext": "Some aspects of the breeding biology of Planaxis sulcatus (Born) (Gastropoda: Planaxidae)"}, "refd-itemidlist": {"itemid": {"$": "0030950176", "@idtype": "SGR"}}, "ref-volisspag": {"voliss": {"@volume": "63"}, "pagerange": {"@first": "49", "@last": "56"}}, "ref-authors": {"author": [{"@seq": "1", "ce:initials": "S.-I.", "@_fa": "true", "ce:surname": "Ohgaki", "ce:indexed-name": "Ohgaki S.-I."}]}, "ref-sourcetitle": "Journal of Molluscan Studies"}}, {"ref-fulltext": "Parkington JE. 2008., Antczak A, Cirpriani R (Eds). Limpet Sizes in Stone Age Archaeological Contexts at the Cape, South Africa: Changing Environment or Human Impact? Early Human Impact in Megamolluscs. Oxford: Archaeopress. p. 175-184.", "@id": "32", "ref-info": {"ref-publicationyear": {"@first": "2008"}, "refd-itemidlist": {"itemid": {"$": "85029440090", "@idtype": "SGR"}}, "ref-volisspag": {"pagerange": {"@first": "175", "@last": "184"}}, "ref-text": "Antczak A, Cirpriani R (Eds), Oxford: Archaeopress", "ref-authors": {"author": [{"@seq": "1", "ce:initials": "J.E.", "@_fa": "true", "ce:surname": "Parkington", "ce:indexed-name": "Parkington J.E."}]}, "ref-sourcetitle": "Limpet Sizes in Stone Age Archaeological Contexts at the Cape, South Africa: Changing Environment or Human Impact? Early Human Impact in Megamolluscs"}}, {"ref-fulltext": "R Developing Core Team. 2010. R: A language and environment for statistical computing. Vienna, Austria, R Foundation for Statistical Computing.", "@id": "33", "ref-info": {"ref-publicationyear": {"@first": "2010"}, "refd-itemidlist": {"itemid": {"$": "79951480123", "@idtype": "SGR"}}, "ref-text": "Vienna, Austria, R Foundation for Statistical Computing", "ref-authors": {"collaboration": {"@seq": "1", "ce:text": "R Developing Core Team", "ce:indexed-name": "R Developing Core Team"}}, "ref-sourcetitle": "R: A language and environment for statistical computing"}}, {"ref-fulltext": "Rohde K. 1981. Population dynamics of two snail species, Planaxis sulcatus and Cerithium moniliferum, and their trematode species at Heron Island, Great Barrier Reef. Oecologia 49:344-352. DOI: https://doi.org/10.1007/ BF00347596, PMID: 28309994", "@id": "34", "ref-info": {"ref-publicationyear": {"@first": "1981"}, "ref-website": {"ce:e-address": {"$": "https://doi.org/10.1007/BF00347596", "@type": "email"}}, "ref-title": {"ref-titletext": "Population dynamics of two snail species, Planaxis sulcatus and Cerithium moniliferum, and their trematode species at Heron Island, Great Barrier Reef"}, "refd-itemidlist": {"itemid": {"$": "34250244164", "@idtype": "SGR"}}, "ref-volisspag": {"voliss": {"@volume": "49"}, "pagerange": {"@first": "344", "@last": "352"}}, "ref-text": "PMID: 28309994", "ref-authors": {"author": [{"@seq": "1", "ce:initials": "K.", "@_fa": "true", "ce:surname": "Rohde", "ce:indexed-name": "Rohde K."}]}, "ref-sourcetitle": "Oecologia"}}, {"ref-fulltext": "Small C, Nicholls RJ. 2003. A Global Analysis of Human Settlement in Coastal Zones. Journal of coastal research19:584-599. DOI: https://doi.org/10.2307/4299200", "@id": "35", "ref-info": {"ref-publicationyear": {"@first": "2003"}, "ref-website": {"ce:e-address": {"$": "https://doi.org/10.2307/4299200", "@type": "email"}}, "ref-title": {"ref-titletext": "A Global Analysis of Human Settlement in Coastal Zones"}, "refd-itemidlist": {"itemid": {"$": "0042427253", "@idtype": "SGR"}}, "ref-volisspag": {"voliss": {"@volume": "19"}, "pagerange": {"@first": "584", "@last": "599"}}, "ref-authors": {"author": [{"@seq": "1", "ce:initials": "C.", "@_fa": "true", "ce:surname": "Small", "ce:indexed-name": "Small C."}, {"@seq": "2", "ce:initials": "R.J.", "@_fa": "true", "ce:surname": "Nicholls", "ce:indexed-name": "Nicholls R.J."}]}, "ref-sourcetitle": "Journal of coastal research"}}, {"ref-fulltext": "Spennemann DHR. 1987. Availability of shellfish resources on prehistoric Tongatapu, Tonga: effects of human predation and changing environment. Archaeology in Oceania 22:81-96. DOI: https://doi.org/10.1002/j.1834-4453.1987.tb00171.x", "@id": "36", "ref-info": {"ref-publicationyear": {"@first": "1987"}, "ref-website": {"ce:e-address": {"$": "https://doi.org/10.1002/j.1834-4453.1987.tb00171.x", "@type": "email"}}, "ref-title": {"ref-titletext": "Availability of shellfish resources on prehistoric Tongatapu, Tonga: Effects of human predation and changing environment"}, "refd-itemidlist": {"itemid": {"$": "0002018610", "@idtype": "SGR"}}, "ref-volisspag": {"voliss": {"@volume": "22"}, "pagerange": {"@first": "81", "@last": "96"}}, "ref-authors": {"author": [{"@seq": "1", "ce:initials": "D.H.R.", "@_fa": "true", "ce:surname": "Spennemann", "ce:indexed-name": "Spennemann D.H.R."}]}, "ref-sourcetitle": "Archaeology in Oceania"}}, {"ref-fulltext": "Swadling P. 2010. Changes induced by human exploitation in prehistoric shellfish populations. Mankind 10:156-162. DOI: https://doi.org/10.1111/j.1835-9310.1976.tb01146.x", "@id": "37", "ref-info": {"ref-publicationyear": {"@first": "2010"}, "ref-website": {"ce:e-address": {"$": "https://doi.org/10.1111/j.1835-9310.1976.tb01146.x", "@type": "email"}}, "ref-title": {"ref-titletext": "Changes induced by human exploitation in prehistoric shellfish populations"}, "refd-itemidlist": {"itemid": {"$": "0001671951", "@idtype": "SGR"}}, "ref-volisspag": {"voliss": {"@volume": "10"}, "pagerange": {"@first": "156", "@last": "162"}}, "ref-authors": {"author": [{"@seq": "1", "ce:initials": "P.", "@_fa": "true", "ce:surname": "Swadling", "ce:indexed-name": "Swadling P."}]}, "ref-sourcetitle": "Mankind"}}, {"ref-fulltext": "Tan AWY. 2017. From play to proficiency: The ontogeny of stone-tool use in coastal-foraging long-tailed macaques (Macaca fascicularis) from a comparative perception-action perspective. Journal of comparative psychology 131:89-114. DOI: https://doi.org/10.1037/com0000068, PMID: 28318292", "@id": "38", "ref-info": {"ref-publicationyear": {"@first": "2017"}, "ref-website": {"ce:e-address": {"$": "https://doi.org/10.1037/com0000068", "@type": "email"}}, "ref-title": {"ref-titletext": "From play to proficiency: The ontogeny of stone-tool use in coastal-foraging long-tailed macaques (Macaca fascicularis) from a comparative perception-action perspective"}, "refd-itemidlist": {"itemid": {"$": "85015690883", "@idtype": "SGR"}}, "ref-volisspag": {"voliss": {"@volume": "131"}, "pagerange": {"@first": "89", "@last": "114"}}, "ref-text": "PMID: 28318292", "ref-authors": {"author": [{"@seq": "1", "ce:initials": "A.W.Y.", "@_fa": "true", "ce:surname": "Tan", "ce:indexed-name": "Tan A.W.Y."}]}, "ref-sourcetitle": "Journal of comparative psychology"}}, {"ref-fulltext": "Teelen S. 2008. Influence of chimpanzee predation on the red colobus population at Ngogo, Kibale National Park, Uganda. Primates 49:41-49. DOI: https://doi.org/10.1007/s10329-007-0062-1, PMID: 17906844", "@id": "39", "ref-info": {"ref-publicationyear": {"@first": "2008"}, "ref-website": {"ce:e-address": {"$": "https://doi.org/10.1007/s10329-007-0062-1", "@type": "email"}}, "ref-title": {"ref-titletext": "Influence of chimpanzee predation on the red colobus population at Ngogo, Kibale National Park, Uganda"}, "refd-itemidlist": {"itemid": {"$": "37549021861", "@idtype": "SGR"}}, "ref-volisspag": {"voliss": {"@volume": "49"}, "pagerange": {"@first": "41", "@last": "49"}}, "ref-text": "PMID: 17906844", "ref-authors": {"author": [{"@seq": "1", "ce:initials": "S.", "@_fa": "true", "ce:surname": "Teelen", "ce:indexed-name": "Teelen S."}]}, "ref-sourcetitle": "Primates"}}, {"ref-fulltext": "Will M, Kandel AW, Kyriacou K, Conard NJ. 2016. An evolutionary perspective on coastal adaptations by modern humans during the Middle Stone Age of Africa. Quaternary International 404:68-86. DOI: https://doi.org/10.1016/j.quaint.2015.10.02", "@id": "40", "ref-info": {"ref-publicationyear": {"@first": "2016"}, "ref-website": {"ce:e-address": {"$": "https://doi.org/10.1016/j.quaint.2015.10.02", "@type": "email"}}, "ref-title": {"ref-titletext": "An evolutionary perspective on coastal adaptations by modern humans during the Middle Stone Age of Africa"}, "refd-itemidlist": {"itemid": {"$": "84953222175", "@idtype": "SGR"}}, "ref-volisspag": {"voliss": {"@volume": "404"}, "pagerange": {"@first": "68", "@last": "86"}}, "ref-authors": {"author": [{"@seq": "1", "ce:initials": "M.", "@_fa": "true", "ce:surname": "Will", "ce:indexed-name": "Will M."}, {"@seq": "2", "ce:initials": "A.W.", "@_fa": "true", "ce:surname": "Kandel", "ce:indexed-name": "Kandel A.W."}, {"@seq": "3", "ce:initials": "K.", "@_fa": "true", "ce:surname": "Kyriacou", "ce:indexed-name": "Kyriacou K."}, {"@seq": "4", "ce:initials": "N.J.", "@_fa": "true", "ce:surname": "Conard", "ce:indexed-name": "Conard N.J."}]}, "ref-sourcetitle": "Quaternary International"}}]}}}}, "affiliation": [{"affiliation-city": "Oxford", "@id": "60175816", "affilname": "Oxford Social Sciences Division", "@href": "https://api.elsevier.com/content/affiliation/affiliation_id/60175816", "affiliation-country": "United Kingdom"}, {"affiliation-city": "Bangkok", "@id": "60028190", "affilname": "Chulalongkorn University", "@href": "https://api.elsevier.com/content/affiliation/affiliation_id/60028190", "affiliation-country": "Thailand"}, {"affiliation-city": "Singapore City", "@id": "60118480", "affilname": "School of Humanities", "@href": "https://api.elsevier.com/content/affiliation/affiliation_id/60118480", "affiliation-country": "Singapore"}, {"affiliation-city": "Leipzig", "@id": "60005807", "affilname": "Max-Planck-Institut f\u00fcr Evolution\u00e4re Anthropologie", "@href": "https://api.elsevier.com/content/affiliation/affiliation_id/60005807", "affiliation-country": "Germany"}], "coredata": {"srctype": "j", "eid": "2-s2.0-85029422056", "dc:description": "Tool use has allowed humans to become one of the most successful species. However, tool-assisted foraging has also pushed many of our prey species to extinction or endangerment, a technology-driven process thought to be uniquely human. Here, we demonstrate that tool-assisted foraging on shellfish by long-tailed macaques (Macaca fascicularis) in Khao Sam Roi Yot National Park, Thailand, reduces prey size and prey abundance, with more pronounced effects where the macaque population size is larger. We compared availability, sizes and maturation stages of shellfish between two adjacent islands inhabited by different-sized macaque populations and demonstrate potential effects on the prey reproductive biology. We provide evidence that once technological macaques reach a large enough group size, they enter a feedback loop - driving shellfish prey size down with attendant changes in the tool sizes used by the monkeys. If this pattern continues, prey populations could be reduced to a point where tool-assisted foraging is no longer beneficial to the macaques, which in return may lessen or extinguish the remarkable foraging technology employed by these primates.", "pubmed-id": "28884681", "prism:coverDate": "2017-09-08", "prism:aggregationType": "Journal", "prism:url": "https://api.elsevier.com/content/abstract/scopus_id/85029422056", "subtypeDescription": "Article", "dc:creator": {"author": [{"ce:given-name": "Lydia V.", "preferred-name": {"ce:given-name": "Lydia V.", "ce:initials": "L.V.", "ce:surname": "Luncz", "ce:indexed-name": "Luncz L.V."}, "@seq": "1", "ce:initials": "L.V.", "@_fa": "true", "affiliation": {"@id": "60175816", "@href": "https://api.elsevier.com/content/affiliation/affiliation_id/60175816"}, "ce:surname": "Luncz", "@auid": "26536165700", "author-url": "https://api.elsevier.com/content/author/author_id/26536165700", "ce:indexed-name": "Luncz L.V."}]}, "link": [{"@_fa": "true", "@rel": "self", "@href": "https://api.elsevier.com/content/abstract/scopus_id/85029422056"}, {"@_fa": "true", "@rel": "scopus", "@href": "https://www.scopus.com/inward/record.uri?partnerID=HzOxMe3b&scp=85029422056&origin=inward"}, {"@_fa": "true", "@rel": "scopus-citedby", "@href": "https://www.scopus.com/inward/citedby.uri?partnerID=HzOxMe3b&scp=85029422056&origin=inward"}], "prism:publicationName": "eLife", "source-id": "21100242814", "citedby-count": "18", "prism:volume": "6", "subtype": "ar", "dc:title": "Resource depletion through primate stone technology", "openaccess": "1", "openaccessFlag": "true", "prism:doi": "10.7554/eLife.23647", "prism:issn": "2050084X", "publishercopyright": "\u00a9 Luncz et al.", "article-number": "e23647", "dc:identifier": "SCOPUS_ID:85029422056", "dc:publisher": "eLife Sciences Publications Ltdstaff@elifesciences.org"}, "idxterms": {"mainterm": [{"$": "Animals", "@weight": "b", "@candidate": "n"}, {"$": "Choice Behavior", "@weight": "b", "@candidate": "n"}, {"$": "Conservation of Natural Resources", "@weight": "a", "@candidate": "n"}, {"$": "Ecosystem", "@weight": "b", "@candidate": "n"}, {"$": "Feeding Behavior", "@weight": "a", "@candidate": "n"}, {"$": "Female", "@weight": "b", "@candidate": "n"}, {"$": "Macaca fascicularis", "@weight": "b", "@candidate": "n"}, {"$": "Male", "@weight": "b", "@candidate": "n"}, {"$": "Shellfish", "@weight": "b", "@candidate": "n"}, {"$": "Tool Use Behavior", "@weight": "a", "@candidate": "n"}]}, "language": {"@xml:lang": "eng"}, "authkeywords": null, "subject-areas": {"subject-area": [{"@_fa": "true", "$": "Neuroscience (all)", "@code": "2800", "@abbrev": "NEUR"}, {"@_fa": "true", "$": "Immunology and Microbiology (all)", "@code": "2400", "@abbrev": "IMMU"}, {"@_fa": "true", "$": "Biochemistry, Genetics and Molecular Biology (all)", "@code": "1300", "@abbrev": "BIOC"}]}, "authors": {"author": [{"ce:given-name": "Lydia V.", "preferred-name": {"ce:given-name": "Lydia V.", "ce:initials": "L.V.", "ce:surname": "Luncz", "ce:indexed-name": "Luncz L.V."}, "@seq": "1", "ce:initials": "L.V.", "@_fa": "true", "affiliation": {"@id": "60175816", "@href": "https://api.elsevier.com/content/affiliation/affiliation_id/60175816"}, "ce:surname": "Luncz", "@auid": "26536165700", "author-url": "https://api.elsevier.com/content/author/author_id/26536165700", "ce:indexed-name": "Luncz L.V."}, {"ce:given-name": "Amanda", "preferred-name": {"ce:given-name": "Amanda", "ce:initials": "A.", "ce:surname": "Tan", "ce:indexed-name": "Tan A."}, "@seq": "2", "ce:initials": "A.", "@_fa": "true", "affiliation": {"@id": "60118480", "@href": "https://api.elsevier.com/content/affiliation/affiliation_id/60118480"}, "ce:surname": "Tan", "@auid": "56643911800", "author-url": "https://api.elsevier.com/content/author/author_id/56643911800", "ce:indexed-name": "Tan A."}, {"ce:given-name": "Michael", "preferred-name": {"ce:given-name": "Michael", "ce:initials": "M.", "ce:surname": "Haslam", "ce:indexed-name": "Haslam M."}, "@seq": "3", "ce:initials": "M.", "@_fa": "true", "affiliation": {"@id": "60175816", "@href": "https://api.elsevier.com/content/affiliation/affiliation_id/60175816"}, "ce:surname": "Haslam", "@auid": "8779231000", "author-url": "https://api.elsevier.com/content/author/author_id/8779231000", "ce:indexed-name": "Haslam M."}, {"ce:given-name": "Lars", "preferred-name": {"ce:given-name": "Lars", "ce:initials": "L.", "ce:surname": "Kulik", "ce:indexed-name": "Kulik L."}, "@seq": "4", "ce:initials": "L.", "@_fa": "true", "affiliation": {"@id": "60005807", "@href": "https://api.elsevier.com/content/affiliation/affiliation_id/60005807"}, "ce:surname": "Kulik", "@auid": "54895495900", "author-url": "https://api.elsevier.com/content/author/author_id/54895495900", "ce:indexed-name": "Kulik L."}, {"ce:given-name": "Tomos", "preferred-name": {"ce:given-name": "Tomos", "ce:initials": "T.", "ce:surname": "Proffitt", "ce:indexed-name": "Proffitt T."}, "@seq": "5", "ce:initials": "T.", "@_fa": "true", "affiliation": {"@id": "60175816", "@href": "https://api.elsevier.com/content/affiliation/affiliation_id/60175816"}, "ce:surname": "Proffitt", "@auid": "55356895900", "author-url": "https://api.elsevier.com/content/author/author_id/55356895900", "ce:indexed-name": "Proffitt T."}, {"ce:given-name": "Suchinda", "preferred-name": {"ce:given-name": "Suchinda", "ce:initials": "S.", "ce:surname": "Malaivijitnond", "ce:indexed-name": "Malaivijitnond S."}, "@seq": "6", "ce:initials": "S.", "@_fa": "true", "affiliation": [{"@id": "60028190", "@href": "https://api.elsevier.com/content/affiliation/affiliation_id/60028190"}, {"@id": "60028190", "@href": "https://api.elsevier.com/content/affiliation/affiliation_id/60028190"}], "ce:surname": "Malaivijitnond", "@auid": "6602229260", "author-url": "https://api.elsevier.com/content/author/author_id/6602229260", "ce:indexed-name": "Malaivijitnond S."}, {"ce:given-name": "Michael", "preferred-name": {"ce:given-name": "Michael", "ce:initials": "M.", "ce:surname": "Gumert", "ce:indexed-name": "Gumert M."}, "@seq": "7", "ce:initials": "M.", "@_fa": "true", "affiliation": [{"@id": "60118480", "@href": "https://api.elsevier.com/content/affiliation/affiliation_id/60118480"}, {"@id": "60175816", "@href": "https://api.elsevier.com/content/affiliation/affiliation_id/60175816"}, {"@id": "60028190", "@href": "https://api.elsevier.com/content/affiliation/affiliation_id/60028190"}], "ce:surname": "Gumert", "@auid": "23003889200", "author-url": "https://api.elsevier.com/content/author/author_id/23003889200", "ce:indexed-name": "Gumert M."}]}}}